handover_id,batch_id,shipment_id,from_person,to_person,timestamp,location,condition,handover_status,notes
HND-001-1,BTC-SEA-5001,SHP-2026-101,Processing Facility Supervisor,Cold Storage Warehouse Lead,2026-09-09 08:47 UTC,Checkpoint 1 (Boston),"Intact Seal, Cold Chain Maintained",VERIFIED,Automated RFID & Temperature log verification
HND-001-2,BTC-SEA-5001,SHP-2026-101,Cold Storage Warehouse Lead,Refrigerated Truck Transport Specialist,2026-09-09 12:47 UTC,Checkpoint 2 (Boston),"Intact Seal, Cold Chain Maintained",VERIFIED,Automated RFID & Temperature log verification
HND-001-3,BTC-SEA-5001,SHP-2026-101,Refrigerated Truck Transport Specialist,Airport Cargo Ramp Agent,2026-09-09 16:47 UTC,Checkpoint 3 (Boston),"Intact Seal, Cold Chain Maintained",VERIFIED,Automated RFID & Temperature log verification
HND-001-4,BTC-SEA-5001,SHP-2026-101,Airport Cargo Ramp Agent,Customs Export Inspector,2026-09-09 20:47 UTC,Checkpoint 4 (Boston),"Intact Seal, Cold Chain Maintained",VERIFIED,Automated RFID & Temperature log verification
HND-001-5,BTC-SEA-5001,SHP-2026-101,Customs Export Inspector,Airline Cold Chain Specialist,2026-09-10 00:47 UTC,Checkpoint 5 (Boston),"Intact Seal, Cold Chain Maintained",VERIFIED,Automated RFID & Temperature log verification
HND-002-1,BTC-SEA-5002,SHP-2026-102,Processing Facility Supervisor,Cold Storage Warehouse Lead,2026-09-09 10:47 UTC,Checkpoint 1 (Vancouver),"Intact Seal, Cold Chain Maintained",VERIFIED,Automated RFID & Temperature log verification
HND-002-2,BTC-SEA-5002,SHP-2026-102,Cold Storage Warehouse Lead,Refrigerated Truck Transport Specialist,2026-09-09 14:47 UTC,Checkpoint 2 (Vancouver),"Intact Seal, Cold Chain Maintained",VERIFIED,Automated RFID & Temperature log verification
HND-002-3,BTC-SEA-5002,SHP-2026-102,Refrigerated Truck Transport Specialist,Airport Cargo Ramp Agent,2026-09-09 18:47 UTC,Checkpoint 3 (Vancouver),"Intact Seal, Cold Chain Maintained",VERIFIED,Automated RFID & Temperature log verification
HND-002-4,BTC-SEA-5002,SHP-2026-102,Airport Cargo Ramp Agent,Customs Export Inspector,2026-09-09 22:47 UTC,Checkpoint 4 (Vancouver),"Intact Seal, Cold Chain Maintained",VERIFIED,Automated RFID & Temperature log verification
HND-002-5,BTC-SEA-5002,SHP-2026-102,Customs Export Inspector,Airline Cold Chain Specialist,2026-09-10 02:47 UTC,Checkpoint 5 (Vancouver),"Intact Seal, Cold Chain Maintained",VERIFIED,Automated RFID & Temperature log verification
HND-003-1,BTC-SEA-5003,SHP-2026-103,Processing Facility Supervisor,Cold Storage Warehouse Lead,2026-09-09 12:47 UTC,Checkpoint 1 (Vancouver),"Intact Seal, Cold Chain Maintained",VERIFIED,Automated RFID & Temperature log verification
HND-003-2,BTC-SEA-5003,SHP-2026-103,Cold Storage Warehouse Lead,Refrigerated Truck Transport Specialist,2026-09-09 16:47 UTC,Checkpoint 2 (Vancouver),"Intact Seal, Cold Chain Maintained",VERIFIED,Automated RFID & Temperature log verification
HND-003-3,BTC-SEA-5003,SHP-2026-103,Refrigerated Truck Transport Specialist,Airport Cargo Ramp Agent,2026-09-09 20:47 UTC,Checkpoint 3 (Vancouver),"Intact Seal, Cold Chain Maintained",VERIFIED,Automated RFID & Temperature log verification
HND-003-4,BTC-SEA-5003,SHP-2026-103,Airport Cargo Ramp Agent,Customs Export Inspector,2026-09-10 00:47 UTC,Checkpoint 4 (Vancouver),"Intact Seal, Cold Chain Maintained",VERIFIED,Automated RFID & Temperature log verification
HND-003-5,BTC-SEA-5003,SHP-2026-103,Customs Export Inspector,Airline Cold Chain Specialist,2026-09-10 04:47 UTC,Checkpoint 5 (Vancouver),"Intact Seal, Cold Chain Maintained",VERIFIED,Automated RFID & Temperature log verification
HND-004-1,BTC-SEA-5004,SHP-2026-104,Processing Facility Supervisor,Cold Storage Warehouse Lead,2026-09-09 14:47 UTC,Checkpoint 1 (Kodiak),"Intact Seal, Cold Chain Maintained",VERIFIED,Automated RFID & Temperature log verification
HND-004-2,BTC-SEA-5004,SHP-2026-104,Cold Storage Warehouse Lead,Refrigerated Truck Transport Specialist,2026-09-09 18:47 UTC,Checkpoint 2 (Kodiak),"Intact Seal, Cold Chain Maintained",VERIFIED,Automated RFID & Temperature log verification
HND-004-3,BTC-SEA-5004,SHP-2026-104,Refrigerated Truck Transport Specialist,Airport Cargo Ramp Agent,2026-09-09 22:47 UTC,Checkpoint 3 (Kodiak),"Intact Seal, Cold Chain Maintained",VERIFIED,Automated RFID & Temperature log verification
HND-004-4,BTC-SEA-5004,SHP-2026-104,Airport Cargo Ramp Agent,Customs Export Inspector,2026-09-10 02:47 UTC,Checkpoint 4 (Kodiak),"Intact Seal, Cold Chain Maintained",VERIFIED,Automated RFID & Temperature log verification
HND-004-5,BTC-SEA-5004,SHP-2026-104,Customs Export Inspector,Airline Cold Chain Specialist,2026-09-10 06:47 UTC,Checkpoint 5 (Kodiak),"Intact Seal, Cold Chain Maintained",VERIFIED,Automated RFID & Temperature log verification
HND-005-1,BTC-SEA-5005,SHP-2026-105,Processing Facility Supervisor,Cold Storage Warehouse Lead,2026-09-09 16:47 UTC,Checkpoint 1 (Portland),"Intact Seal, Cold Chain Maintained",VERIFIED,Automated RFID & Temperature log verification
HND-005-2,BTC-SEA-5005,SHP-2026-105,Cold Storage Warehouse Lead,Refrigerated Truck Transport Specialist,2026-09-09 20:47 UTC,Checkpoint 2 (Portland),"Intact Seal, Cold Chain Maintained",VERIFIED,Automated RFID & Temperature log verification
HND-005-3,BTC-SEA-5005,SHP-2026-105,Refrigerated Truck Transport Specialist,Airport Cargo Ramp Agent,2026-09-10 00:47 UTC,Checkpoint 3 (Portland),"Intact Seal, Cold Chain Maintained",VERIFIED,Automated RFID & Temperature log verification
HND-005-4,BTC-SEA-5005,SHP-2026-105,Airport Cargo Ramp Agent,Customs Export Inspector,2026-09-10 04:47 UTC,Checkpoint 4 (Portland),"Intact Seal, Cold Chain Maintained",VERIFIED,Automated RFID & Temperature log verification
HND-005-5,BTC-SEA-5005,SHP-2026-105,Customs Export Inspector,Airline Cold Chain Specialist,2026-09-10 08:47 UTC,Checkpoint 5 (Portland),"Intact Seal, Cold Chain Maintained",VERIFIED,Automated RFID & Temperature log verification
HND-006-1,BTC-SEA-5006,SHP-2026-106,Processing Facility Supervisor,Cold Storage Warehouse Lead,2026-09-09 18:47 UTC,Checkpoint 1 (Boston),"Intact Seal, Cold Chain Maintained",VERIFIED,Automated RFID & Temperature log verification
HND-006-2,BTC-SEA-5006,SHP-2026-106,Cold Storage Warehouse Lead,Refrigerated Truck Transport Specialist,2026-09-09 22:47 UTC,Checkpoint 2 (Boston),"Intact Seal, Cold Chain Maintained",VERIFIED,Automated RFID & Temperature log verification
HND-006-3,BTC-SEA-5006,SHP-2026-106,Refrigerated Truck Transport Specialist,Airport Cargo Ramp Agent,2026-09-10 02:47 UTC,Checkpoint 3 (Boston),"Intact Seal, Cold Chain Maintained",VERIFIED,Automated RFID & Temperature log verification
HND-006-4,BTC-SEA-5006,SHP-2026-106,Airport Cargo Ramp Agent,Customs Export Inspector,2026-09-10 06:47 UTC,Checkpoint 4 (Boston),"Intact Seal, Cold Chain Maintained",VERIFIED,Automated RFID & Temperature log verification
HND-006-5,BTC-SEA-5006,SHP-2026-106,Customs Export Inspector,Airline Cold Chain Specialist,2026-09-10 10:47 UTC,Checkpoint 5 (Boston),"Intact Seal, Cold Chain Maintained",VERIFIED,Automated RFID & Temperature log verification
HND-007-1,BTC-SEA-5007,SHP-2026-107,Processing Facility Supervisor,Cold Storage Warehouse Lead,2026-09-09 20:47 UTC,Checkpoint 1 (Portland),"Intact Seal, Cold Chain Maintained",VERIFIED,Automated RFID & Temperature log verification
HND-007-2,BTC-SEA-5007,SHP-2026-107,Cold Storage Warehouse Lead,Refrigerated Truck Transport Specialist,2026-09-10 00:47 UTC,Checkpoint 2 (Portland),"Intact Seal, Cold Chain Maintained",VERIFIED,Automated RFID & Temperature log verification
HND-007-3,BTC-SEA-5007,SHP-2026-107,Refrigerated Truck Transport Specialist,Airport Cargo Ramp Agent,2026-09-10 04:47 UTC,Checkpoint 3 (Portland),"Intact Seal, Cold Chain Maintained",VERIFIED,Automated RFID & Temperature log verification
HND-007-4,BTC-SEA-5007,SHP-2026-107,Airport Cargo Ramp Agent,Customs Export Inspector,2026-09-10 08:47 UTC,Checkpoint 4 (Portland),"Intact Seal, Cold Chain Maintained",VERIFIED,Automated RFID & Temperature log verification
HND-007-5,BTC-SEA-5007,SHP-2026-107,Customs Export Inspector,Airline Cold Chain Specialist,2026-09-10 12:47 UTC,Checkpoint 5 (Portland),"Intact Seal, Cold Chain Maintained",VERIFIED,Automated RFID & Temperature log verification
HND-008-1,BTC-SEA-5008,SHP-2026-108,Processing Facility Supervisor,Cold Storage Warehouse Lead,2026-09-09 22:47 UTC,Checkpoint 1 (Anchorage),"Intact Seal, Cold Chain Maintained",VERIFIED,Automated RFID & Temperature log verification
HND-008-2,BTC-SEA-5008,SHP-2026-108,Cold Storage Warehouse Lead,Refrigerated Truck Transport Specialist,2026-09-10 02:47 UTC,Checkpoint 2 (Anchorage),"Intact Seal, Cold Chain Maintained",VERIFIED,Automated RFID & Temperature log verification
HND-008-3,BTC-SEA-5008,SHP-2026-108,Refrigerated Truck Transport Specialist,Airport Cargo Ramp Agent,2026-09-10 06:47 UTC,Checkpoint 3 (Anchorage),Custody signature delayed,INCOMPLETE_DOCUMENTATION,Automated RFID & Temperature log verification
HND-008-4,BTC-SEA-5008,SHP-2026-108,Airport Cargo Ramp Agent,Customs Export Inspector,2026-09-10 10:47 UTC,Checkpoint 4 (Anchorage),"Intact Seal, Cold Chain Maintained",VERIFIED,Automated RFID & Temperature log verification
HND-008-5,BTC-SEA-5008,SHP-2026-108,Customs Export Inspector,Airline Cold Chain Specialist,2026-09-10 14:47 UTC,Checkpoint 5 (Anchorage),"Intact Seal, Cold Chain Maintained",VERIFIED,Automated RFID & Temperature log verification
HND-009-1,BTC-SEA-5009,SHP-2026-109,Processing Facility Supervisor,Cold Storage Warehouse Lead,2026-09-10 00:47 UTC,Checkpoint 1 (Vancouver),"Intact Seal, Cold Chain Maintained",VERIFIED,Automated RFID & Temperature log verification
HND-009-2,BTC-SEA-5009,SHP-2026-109,Cold Storage Warehouse Lead,Refrigerated Truck Transport Specialist,2026-09-10 04:47 UTC,Checkpoint 2 (Vancouver),"Intact Seal, Cold Chain Maintained",VERIFIED,Automated RFID & Temperature log verification
HND-009-3,BTC-SEA-5009,SHP-2026-109,Refrigerated Truck Transport Specialist,Airport Cargo Ramp Agent,2026-09-10 08:47 UTC,Checkpoint 3 (Vancouver),"Intact Seal, Cold Chain Maintained",VERIFIED,Automated RFID & Temperature log verification
HND-009-4,BTC-SEA-5009,SHP-2026-109,Airport Cargo Ramp Agent,Customs Export Inspector,2026-09-10 12:47 UTC,Checkpoint 4 (Vancouver),"Intact Seal, Cold Chain Maintained",VERIFIED,Automated RFID & Temperature log verification
HND-009-5,BTC-SEA-5009,SHP-2026-109,Customs Export Inspector,Airline Cold Chain Specialist,2026-09-10 16:47 UTC,Checkpoint 5 (Vancouver),"Intact Seal, Cold Chain Maintained",VERIFIED,Automated RFID & Temperature log verification
HND-010-1,BTC-SEA-5010,SHP-2026-110,Processing Facility Supervisor,Cold Storage Warehouse Lead,2026-09-10 02:47 UTC,Checkpoint 1 (Boston),"Intact Seal, Cold Chain Maintained",VERIFIED,Automated RFID & Temperature log verification
HND-010-2,BTC-SEA-5010,SHP-2026-110,Cold Storage Warehouse Lead,Refrigerated Truck Transport Specialist,2026-09-10 06:47 UTC,Checkpoint 2 (Boston),"Intact Seal, Cold Chain Maintained",VERIFIED,Automated RFID & Temperature log verification
HND-010-3,BTC-SEA-5010,SHP-2026-110,Refrigerated Truck Transport Specialist,Airport Cargo Ramp Agent,2026-09-10 10:47 UTC,Checkpoint 3 (Boston),"Intact Seal, Cold Chain Maintained",VERIFIED,Automated RFID & Temperature log verification
HND-010-4,BTC-SEA-5010,SHP-2026-110,Airport Cargo Ramp Agent,Customs Export Inspector,2026-09-10 14:47 UTC,Checkpoint 4 (Boston),"Intact Seal, Cold Chain Maintained",VERIFIED,Automated RFID & Temperature log verification
HND-010-5,BTC-SEA-5010,SHP-2026-110,Customs Export Inspector,Airline Cold Chain Specialist,2026-09-10 18:47 UTC,Checkpoint 5 (Boston),"Intact Seal, Cold Chain Maintained",VERIFIED,Automated RFID & Temperature log verification
HND-011-1,BTC-SEA-5011,SHP-2026-111,Processing Facility Supervisor,Cold Storage Warehouse Lead,2026-09-10 04:47 UTC,Checkpoint 1 (Kodiak),"Intact Seal, Cold Chain Maintained",VERIFIED,Automated RFID & Temperature log verification
HND-011-2,BTC-SEA-5011,SHP-2026-111,Cold Storage Warehouse Lead,Refrigerated Truck Transport Specialist,2026-09-10 08:47 UTC,Checkpoint 2 (Kodiak),"Intact Seal, Cold Chain Maintained",VERIFIED,Automated RFID & Temperature log verification
HND-011-3,BTC-SEA-5011,SHP-2026-111,Refrigerated Truck Transport Specialist,Airport Cargo Ramp Agent,2026-09-10 12:47 UTC,Checkpoint 3 (Kodiak),"Intact Seal, Cold Chain Maintained",VERIFIED,Automated RFID & Temperature log verification
HND-011-4,BTC-SEA-5011,SHP-2026-111,Airport Cargo Ramp Agent,Customs Export Inspector,2026-09-10 16:47 UTC,Checkpoint 4 (Kodiak),"Intact Seal, Cold Chain Maintained",VERIFIED,Automated RFID & Temperature log verification
HND-011-5,BTC-SEA-5011,SHP-2026-111,Customs Export Inspector,Airline Cold Chain Specialist,2026-09-10 20:47 UTC,Checkpoint 5 (Kodiak),"Intact Seal, Cold Chain Maintained",VERIFIED,Automated RFID & Temperature log verification
HND-012-1,BTC-SEA-5012,SHP-2026-112,Processing Facility Supervisor,Cold Storage Warehouse Lead,2026-09-10 06:47 UTC,Checkpoint 1 (Seattle),"Intact Seal, Cold Chain Maintained",VERIFIED,Automated RFID & Temperature log verification
HND-012-2,BTC-SEA-5012,SHP-2026-112,Cold Storage Warehouse Lead,Refrigerated Truck Transport Specialist,2026-09-10 10:47 UTC,Checkpoint 2 (Seattle),"Intact Seal, Cold Chain Maintained",VERIFIED,Automated RFID & Temperature log verification
HND-012-3,BTC-SEA-5012,SHP-2026-112,Refrigerated Truck Transport Specialist,Airport Cargo Ramp Agent,2026-09-10 14:47 UTC,Checkpoint 3 (Seattle),"Intact Seal, Cold Chain Maintained",VERIFIED,Automated RFID & Temperature log verification
HND-012-4,BTC-SEA-5012,SHP-2026-112,Airport Cargo Ramp Agent,Customs Export Inspector,2026-09-10 18:47 UTC,Checkpoint 4 (Seattle),"Intact Seal, Cold Chain Maintained",VERIFIED,Automated RFID & Temperature log verification
HND-012-5,BTC-SEA-5012,SHP-2026-112,Customs Export Inspector,Airline Cold Chain Specialist,2026-09-10 22:47 UTC,Checkpoint 5 (Seattle),"Intact Seal, Cold Chain Maintained",VERIFIED,Automated RFID & Temperature log verification
HND-013-1,BTC-SEA-5013,SHP-2026-113,Processing Facility Supervisor,Cold Storage Warehouse Lead,2026-09-10 08:47 UTC,Checkpoint 1 (Vancouver),"Intact Seal, Cold Chain Maintained",VERIFIED,Automated RFID & Temperature log verification
HND-013-2,BTC-SEA-5013,SHP-2026-113,Cold Storage Warehouse Lead,Refrigerated Truck Transport Specialist,2026-09-10 12:47 UTC,Checkpoint 2 (Vancouver),"Intact Seal, Cold Chain Maintained",VERIFIED,Automated RFID & Temperature log verification
HND-013-3,BTC-SEA-5013,SHP-2026-113,Refrigerated Truck Transport Specialist,Airport Cargo Ramp Agent,2026-09-10 16:47 UTC,Checkpoint 3 (Vancouver),"Intact Seal, Cold Chain Maintained",VERIFIED,Automated RFID & Temperature log verification
HND-013-4,BTC-SEA-5013,SHP-2026-113,Airport Cargo Ramp Agent,Customs Export Inspector,2026-09-10 20:47 UTC,Checkpoint 4 (Vancouver),"Intact Seal, Cold Chain Maintained",VERIFIED,Automated RFID & Temperature log verification
HND-013-5,BTC-SEA-5013,SHP-2026-113,Customs Export Inspector,Airline Cold Chain Specialist,2026-09-11 00:47 UTC,Checkpoint 5 (Vancouver),"Intact Seal, Cold Chain Maintained",VERIFIED,Automated RFID & Temperature log verification
HND-014-1,BTC-SEA-5014,SHP-2026-114,Processing Facility Supervisor,Cold Storage Warehouse Lead,2026-09-10 10:47 UTC,Checkpoint 1 (Boston),"Intact Seal, Cold Chain Maintained",VERIFIED,Automated RFID & Temperature log verification
HND-014-2,BTC-SEA-5014,SHP-2026-114,Cold Storage Warehouse Lead,Refrigerated Truck Transport Specialist,2026-09-10 14:47 UTC,Checkpoint 2 (Boston),"Intact Seal, Cold Chain Maintained",VERIFIED,Automated RFID & Temperature log verification
HND-014-3,BTC-SEA-5014,SHP-2026-114,Refrigerated Truck Transport Specialist,Airport Cargo Ramp Agent,2026-09-10 18:47 UTC,Checkpoint 3 (Boston),"Intact Seal, Cold Chain Maintained",VERIFIED,Automated RFID & Temperature log verification
HND-014-4,BTC-SEA-5014,SHP-2026-114,Airport Cargo Ramp Agent,Customs Export Inspector,2026-09-10 22:47 UTC,Checkpoint 4 (Boston),"Intact Seal, Cold Chain Maintained",VERIFIED,Automated RFID & Temperature log verification
HND-014-5,BTC-SEA-5014,SHP-2026-114,Customs Export Inspector,Airline Cold Chain Specialist,2026-09-11 02:47 UTC,Checkpoint 5 (Boston),"Intact Seal, Cold Chain Maintained",VERIFIED,Automated RFID & Temperature log verification
HND-015-1,BTC-SEA-5015,SHP-2026-115,Processing Facility Supervisor,Cold Storage Warehouse Lead,2026-09-10 12:47 UTC,Checkpoint 1 (Kodiak),"Intact Seal, Cold Chain Maintained",VERIFIED,Automated RFID & Temperature log verification
HND-015-2,BTC-SEA-5015,SHP-2026-115,Cold Storage Warehouse Lead,Refrigerated Truck Transport Specialist,2026-09-10 16:47 UTC,Checkpoint 2 (Kodiak),"Intact Seal, Cold Chain Maintained",VERIFIED,Automated RFID & Temperature log verification
HND-015-3,BTC-SEA-5015,SHP-2026-115,Refrigerated Truck Transport Specialist,Airport Cargo Ramp Agent,2026-09-10 20:47 UTC,Checkpoint 3 (Kodiak),"Intact Seal, Cold Chain Maintained",VERIFIED,Automated RFID & Temperature log verification
HND-015-4,BTC-SEA-5015,SHP-2026-115,Airport Cargo Ramp Agent,Customs Export Inspector,2026-09-11 00:47 UTC,Checkpoint 4 (Kodiak),"Intact Seal, Cold Chain Maintained",VERIFIED,Automated RFID & Temperature log verification
HND-015-5,BTC-SEA-5015,SHP-2026-115,Customs Export Inspector,Airline Cold Chain Specialist,2026-09-11 04:47 UTC,Checkpoint 5 (Kodiak),"Intact Seal, Cold Chain Maintained",VERIFIED,Automated RFID & Temperature log verification
HND-016-1,BTC-SEA-5016,SHP-2026-116,Processing Facility Supervisor,Cold Storage Warehouse Lead,2026-09-10 14:47 UTC,Checkpoint 1 (Boston),"Intact Seal, Cold Chain Maintained",VERIFIED,Automated RFID & Temperature log verification
HND-016-2,BTC-SEA-5016,SHP-2026-116,Cold Storage Warehouse Lead,Refrigerated Truck Transport Specialist,2026-09-10 18:47 UTC,Checkpoint 2 (Boston),"Intact Seal, Cold Chain Maintained",VERIFIED,Automated RFID & Temperature log verification
HND-016-3,BTC-SEA-5016,SHP-2026-116,Refrigerated Truck Transport Specialist,Airport Cargo Ramp Agent,2026-09-10 22:47 UTC,Checkpoint 3 (Boston),"Intact Seal, Cold Chain Maintained",VERIFIED,Automated RFID & Temperature log verification
HND-016-4,BTC-SEA-5016,SHP-2026-116,Airport Cargo Ramp Agent,Customs Export Inspector,2026-09-11 02:47 UTC,Checkpoint 4 (Boston),"Intact Seal, Cold Chain Maintained",VERIFIED,Automated RFID & Temperature log verification
HND-016-5,BTC-SEA-5016,SHP-2026-116,Customs Export Inspector,Airline Cold Chain Specialist,2026-09-11 06:47 UTC,Checkpoint 5 (Boston),"Intact Seal, Cold Chain Maintained",VERIFIED,Automated RFID & Temperature log verification
HND-017-1,BTC-SEA-5017,SHP-2026-117,Processing Facility Supervisor,Cold Storage Warehouse Lead,2026-09-10 16:47 UTC,Checkpoint 1 (Kodiak),"Intact Seal, Cold Chain Maintained",VERIFIED,Automated RFID & Temperature log verification
HND-017-2,BTC-SEA-5017,SHP-2026-117,Cold Storage Warehouse Lead,Refrigerated Truck Transport Specialist,2026-09-10 20:47 UTC,Checkpoint 2 (Kodiak),"Intact Seal, Cold Chain Maintained",VERIFIED,Automated RFID & Temperature log verification
HND-017-3,BTC-SEA-5017,SHP-2026-117,Refrigerated Truck Transport Specialist,Airport Cargo Ramp Agent,2026-09-11 00:47 UTC,Checkpoint 3 (Kodiak),"Intact Seal, Cold Chain Maintained",VERIFIED,Automated RFID & Temperature log verification
HND-017-4,BTC-SEA-5017,SHP-2026-117,Airport Cargo Ramp Agent,Customs Export Inspector,2026-09-11 04:47 UTC,Checkpoint 4 (Kodiak),"Intact Seal, Cold Chain Maintained",VERIFIED,Automated RFID & Temperature log verification
HND-017-5,BTC-SEA-5017,SHP-2026-117,Customs Export Inspector,Airline Cold Chain Specialist,2026-09-11 08:47 UTC,Checkpoint 5 (Kodiak),"Intact Seal, Cold Chain Maintained",VERIFIED,Automated RFID & Temperature log verification
HND-018-1,BTC-SEA-5018,SHP-2026-118,Processing Facility Supervisor,Cold Storage Warehouse Lead,2026-09-10 18:47 UTC,Checkpoint 1 (Vancouver),"Intact Seal, Cold Chain Maintained",VERIFIED,Automated RFID & Temperature log verification
HND-018-2,BTC-SEA-5018,SHP-2026-118,Cold Storage Warehouse Lead,Refrigerated Truck Transport Specialist,2026-09-10 22:47 UTC,Checkpoint 2 (Vancouver),"Intact Seal, Cold Chain Maintained",VERIFIED,Automated RFID & Temperature log verification
HND-018-3,BTC-SEA-5018,SHP-2026-118,Refrigerated Truck Transport Specialist,Airport Cargo Ramp Agent,2026-09-11 02:47 UTC,Checkpoint 3 (Vancouver),"Intact Seal, Cold Chain Maintained",VERIFIED,Automated RFID & Temperature log verification
HND-018-4,BTC-SEA-5018,SHP-2026-118,Airport Cargo Ramp Agent,Customs Export Inspector,2026-09-11 06:47 UTC,Checkpoint 4 (Vancouver),"Intact Seal, Cold Chain Maintained",VERIFIED,Automated RFID & Temperature log verification
HND-018-5,BTC-SEA-5018,SHP-2026-118,Customs Export Inspector,Airline Cold Chain Specialist,2026-09-11 10:47 UTC,Checkpoint 5 (Vancouver),"Intact Seal, Cold Chain Maintained",VERIFIED,Automated RFID & Temperature log verification
HND-019-1,BTC-SEA-5019,SHP-2026-119,Processing Facility Supervisor,Cold Storage Warehouse Lead,2026-09-10 20:47 UTC,Checkpoint 1 (Seattle),"Intact Seal, Cold Chain Maintained",VERIFIED,Automated RFID & Temperature log verification
HND-019-2,BTC-SEA-5019,SHP-2026-119,Cold Storage Warehouse Lead,Refrigerated Truck Transport Specialist,2026-09-11 00:47 UTC,Checkpoint 2 (Seattle),"Intact Seal, Cold Chain Maintained",VERIFIED,Automated RFID & Temperature log verification
HND-019-3,BTC-SEA-5019,SHP-2026-119,Refrigerated Truck Transport Specialist,Airport Cargo Ramp Agent,2026-09-11 04:47 UTC,Checkpoint 3 (Seattle),"Intact Seal, Cold Chain Maintained",VERIFIED,Automated RFID & Temperature log verification
HND-019-4,BTC-SEA-5019,SHP-2026-119,Airport Cargo Ramp Agent,Customs Export Inspector,2026-09-11 08:47 UTC,Checkpoint 4 (Seattle),"Intact Seal, Cold Chain Maintained",VERIFIED,Automated RFID & Temperature log verification
HND-019-5,BTC-SEA-5019,SHP-2026-119,Customs Export Inspector,Airline Cold Chain Specialist,2026-09-11 12:47 UTC,Checkpoint 5 (Seattle),"Intact Seal, Cold Chain Maintained",VERIFIED,Automated RFID & Temperature log verification
HND-020-1,BTC-SEA-5020,SHP-2026-120,Processing Facility Supervisor,Cold Storage Warehouse Lead,2026-09-10 22:47 UTC,Checkpoint 1 (Anchorage),"Intact Seal, Cold Chain Maintained",VERIFIED,Automated RFID & Temperature log verification
HND-020-2,BTC-SEA-5020,SHP-2026-120,Cold Storage Warehouse Lead,Refrigerated Truck Transport Specialist,2026-09-11 02:47 UTC,Checkpoint 2 (Anchorage),"Intact Seal, Cold Chain Maintained",VERIFIED,Automated RFID & Temperature log verification
HND-020-3,BTC-SEA-5020,SHP-2026-120,Refrigerated Truck Transport Specialist,Airport Cargo Ramp Agent,2026-09-11 06:47 UTC,Checkpoint 3 (Anchorage),"Intact Seal, Cold Chain Maintained",VERIFIED,Automated RFID & Temperature log verification
HND-020-4,BTC-SEA-5020,SHP-2026-120,Airport Cargo Ramp Agent,Customs Export Inspector,2026-09-11 10:47 UTC,Checkpoint 4 (Anchorage),"Intact Seal, Cold Chain Maintained",VERIFIED,Automated RFID & Temperature log verification
HND-020-5,BTC-SEA-5020,SHP-2026-120,Customs Export Inspector,Airline Cold Chain Specialist,2026-09-11 14:47 UTC,Checkpoint 5 (Anchorage),"Intact Seal, Cold Chain Maintained",VERIFIED,Automated RFID & Temperature log verification
HND-021-1,BTC-SEA-5021,SHP-2026-121,Processing Facility Supervisor,Cold Storage Warehouse Lead,2026-09-11 00:47 UTC,Checkpoint 1 (Boston),"Intact Seal, Cold Chain Maintained",VERIFIED,Automated RFID & Temperature log verification
HND-021-2,BTC-SEA-5021,SHP-2026-121,Cold Storage Warehouse Lead,Refrigerated Truck Transport Specialist,2026-09-11 04:47 UTC,Checkpoint 2 (Boston),"Intact Seal, Cold Chain Maintained",VERIFIED,Automated RFID & Temperature log verification
HND-021-3,BTC-SEA-5021,SHP-2026-121,Refrigerated Truck Transport Specialist,Airport Cargo Ramp Agent,2026-09-11 08:47 UTC,Checkpoint 3 (Boston),"Intact Seal, Cold Chain Maintained",VERIFIED,Automated RFID & Temperature log verification
HND-021-4,BTC-SEA-5021,SHP-2026-121,Airport Cargo Ramp Agent,Customs Export Inspector,2026-09-11 12:47 UTC,Checkpoint 4 (Boston),"Intact Seal, Cold Chain Maintained",VERIFIED,Automated RFID & Temperature log verification
HND-021-5,BTC-SEA-5021,SHP-2026-121,Customs Export Inspector,Airline Cold Chain Specialist,2026-09-11 16:47 UTC,Checkpoint 5 (Boston),"Intact Seal, Cold Chain Maintained",VERIFIED,Automated RFID & Temperature log verification
HND-022-1,BTC-SEA-5022,SHP-2026-122,Processing Facility Supervisor,Cold Storage Warehouse Lead,2026-09-11 02:47 UTC,Checkpoint 1 (Boston),"Intact Seal, Cold Chain Maintained",VERIFIED,Automated RFID & Temperature log verification
HND-022-2,BTC-SEA-5022,SHP-2026-122,Cold Storage Warehouse Lead,Refrigerated Truck Transport Specialist,2026-09-11 06:47 UTC,Checkpoint 2 (Boston),"Intact Seal, Cold Chain Maintained",VERIFIED,Automated RFID & Temperature log verification
HND-022-3,BTC-SEA-5022,SHP-2026-122,Refrigerated Truck Transport Specialist,Airport Cargo Ramp Agent,2026-09-11 10:47 UTC,Checkpoint 3 (Boston),"Intact Seal, Cold Chain Maintained",VERIFIED,Automated RFID & Temperature log verification
HND-022-4,BTC-SEA-5022,SHP-2026-122,Airport Cargo Ramp Agent,Customs Export Inspector,2026-09-11 14:47 UTC,Checkpoint 4 (Boston),"Intact Seal, Cold Chain Maintained",VERIFIED,Automated RFID & Temperature log verification
HND-022-5,BTC-SEA-5022,SHP-2026-122,Customs Export Inspector,Airline Cold Chain Specialist,2026-09-11 18:47 UTC,Checkpoint 5 (Boston),"Intact Seal, Cold Chain Maintained",VERIFIED,Automated RFID & Temperature log verification
HND-023-1,BTC-SEA-5023,SHP-2026-123,Processing Facility Supervisor,Cold Storage Warehouse Lead,2026-09-11 04:47 UTC,Checkpoint 1 (Anchorage),"Intact Seal, Cold Chain Maintained",VERIFIED,Automated RFID & Temperature log verification
HND-023-2,BTC-SEA-5023,SHP-2026-123,Cold Storage Warehouse Lead,Refrigerated Truck Transport Specialist,2026-09-11 08:47 UTC,Checkpoint 2 (Anchorage),"Intact Seal, Cold Chain Maintained",VERIFIED,Automated RFID & Temperature log verification
HND-023-3,BTC-SEA-5023,SHP-2026-123,Refrigerated Truck Transport Specialist,Airport Cargo Ramp Agent,2026-09-11 12:47 UTC,Checkpoint 3 (Anchorage),"Intact Seal, Cold Chain Maintained",VERIFIED,Automated RFID & Temperature log verification
HND-023-4,BTC-SEA-5023,SHP-2026-123,Airport Cargo Ramp Agent,Customs Export Inspector,2026-09-11 16:47 UTC,Checkpoint 4 (Anchorage),"Intact Seal, Cold Chain Maintained",VERIFIED,Automated RFID & Temperature log verification
HND-023-5,BTC-SEA-5023,SHP-2026-123,Customs Export Inspector,Airline Cold Chain Specialist,2026-09-11 20:47 UTC,Checkpoint 5 (Anchorage),"Intact Seal, Cold Chain Maintained",VERIFIED,Automated RFID & Temperature log verification
HND-024-1,BTC-SEA-5024,SHP-2026-124,Processing Facility Supervisor,Cold Storage Warehouse Lead,2026-09-11 06:47 UTC,Checkpoint 1 (Portland),"Intact Seal, Cold Chain Maintained",VERIFIED,Automated RFID & Temperature log verification
HND-024-2,BTC-SEA-5024,SHP-2026-124,Cold Storage Warehouse Lead,Refrigerated Truck Transport Specialist,2026-09-11 10:47 UTC,Checkpoint 2 (Portland),"Intact Seal, Cold Chain Maintained",VERIFIED,Automated RFID & Temperature log verification
HND-024-3,BTC-SEA-5024,SHP-2026-124,Refrigerated Truck Transport Specialist,Airport Cargo Ramp Agent,2026-09-11 14:47 UTC,Checkpoint 3 (Portland),"Intact Seal, Cold Chain Maintained",VERIFIED,Automated RFID & Temperature log verification
HND-024-4,BTC-SEA-5024,SHP-2026-124,Airport Cargo Ramp Agent,Customs Export Inspector,2026-09-11 18:47 UTC,Checkpoint 4 (Portland),"Intact Seal, Cold Chain Maintained",VERIFIED,Automated RFID & Temperature log verification
HND-024-5,BTC-SEA-5024,SHP-2026-124,Customs Export Inspector,Airline Cold Chain Specialist,2026-09-11 22:47 UTC,Checkpoint 5 (Portland),"Intact Seal, Cold Chain Maintained",VERIFIED,Automated RFID & Temperature log verification
HND-025-1,BTC-SEA-5025,SHP-2026-125,Processing Facility Supervisor,Cold Storage Warehouse Lead,2026-09-11 08:47 UTC,Checkpoint 1 (Portland),"Intact Seal, Cold Chain Maintained",VERIFIED,Automated RFID & Temperature log verification
HND-025-2,BTC-SEA-5025,SHP-2026-125,Cold Storage Warehouse Lead,Refrigerated Truck Transport Specialist,2026-09-11 12:47 UTC,Checkpoint 2 (Portland),"Intact Seal, Cold Chain Maintained",VERIFIED,Automated RFID & Temperature log verification
HND-025-3,BTC-SEA-5025,SHP-2026-125,Refrigerated Truck Transport Specialist,Airport Cargo Ramp Agent,2026-09-11 16:47 UTC,Checkpoint 3 (Portland),"Intact Seal, Cold Chain Maintained",VERIFIED,Automated RFID & Temperature log verification
HND-025-4,BTC-SEA-5025,SHP-2026-125,Airport Cargo Ramp Agent,Customs Export Inspector,2026-09-11 20:47 UTC,Checkpoint 4 (Portland),"Intact Seal, Cold Chain Maintained",VERIFIED,Automated RFID & Temperature log verification
HND-025-5,BTC-SEA-5025,SHP-2026-125,Customs Export Inspector,Airline Cold Chain Specialist,2026-09-12 00:47 UTC,Checkpoint 5 (Portland),"Intact Seal, Cold Chain Maintained",VERIFIED,Automated RFID & Temperature log verification
HND-026-1,BTC-SEA-5026,SHP-2026-126,Processing Facility Supervisor,Cold Storage Warehouse Lead,2026-09-11 10:47 UTC,Checkpoint 1 (Kodiak),"Intact Seal, Cold Chain Maintained",VERIFIED,Automated RFID & Temperature log verification
HND-026-2,BTC-SEA-5026,SHP-2026-126,Cold Storage Warehouse Lead,Refrigerated Truck Transport Specialist,2026-09-11 14:47 UTC,Checkpoint 2 (Kodiak),"Intact Seal, Cold Chain Maintained",VERIFIED,Automated RFID & Temperature log verification
HND-026-3,BTC-SEA-5026,SHP-2026-126,Refrigerated Truck Transport Specialist,Airport Cargo Ramp Agent,2026-09-11 18:47 UTC,Checkpoint 3 (Kodiak),"Intact Seal, Cold Chain Maintained",VERIFIED,Automated RFID & Temperature log verification
HND-026-4,BTC-SEA-5026,SHP-2026-126,Airport Cargo Ramp Agent,Customs Export Inspector,2026-09-11 22:47 UTC,Checkpoint 4 (Kodiak),"Intact Seal, Cold Chain Maintained",VERIFIED,Automated RFID & Temperature log verification
HND-026-5,BTC-SEA-5026,SHP-2026-126,Customs Export Inspector,Airline Cold Chain Specialist,2026-09-12 02:47 UTC,Checkpoint 5 (Kodiak),"Intact Seal, Cold Chain Maintained",VERIFIED,Automated RFID & Temperature log verification
HND-027-1,BTC-SEA-5027,SHP-2026-127,Processing Facility Supervisor,Cold Storage Warehouse Lead,2026-09-11 12:47 UTC,Checkpoint 1 (Portland),"Intact Seal, Cold Chain Maintained",VERIFIED,Automated RFID & Temperature log verification
HND-027-2,BTC-SEA-5027,SHP-2026-127,Cold Storage Warehouse Lead,Refrigerated Truck Transport Specialist,2026-09-11 16:47 UTC,Checkpoint 2 (Portland),"Intact Seal, Cold Chain Maintained",VERIFIED,Automated RFID & Temperature log verification
HND-027-3,BTC-SEA-5027,SHP-2026-127,Refrigerated Truck Transport Specialist,Airport Cargo Ramp Agent,2026-09-11 20:47 UTC,Checkpoint 3 (Portland),"Intact Seal, Cold Chain Maintained",VERIFIED,Automated RFID & Temperature log verification
HND-027-4,BTC-SEA-5027,SHP-2026-127,Airport Cargo Ramp Agent,Customs Export Inspector,2026-09-12 00:47 UTC,Checkpoint 4 (Portland),"Intact Seal, Cold Chain Maintained",VERIFIED,Automated RFID & Temperature log verification
HND-027-5,BTC-SEA-5027,SHP-2026-127,Customs Export Inspector,Airline Cold Chain Specialist,2026-09-12 04:47 UTC,Checkpoint 5 (Portland),"Intact Seal, Cold Chain Maintained",VERIFIED,Automated RFID & Temperature log verification
HND-028-1,BTC-SEA-5028,SHP-2026-128,Processing Facility Supervisor,Cold Storage Warehouse Lead,2026-09-11 14:47 UTC,Checkpoint 1 (Portland),"Intact Seal, Cold Chain Maintained",VERIFIED,Automated RFID & Temperature log verification
HND-028-2,BTC-SEA-5028,SHP-2026-128,Cold Storage Warehouse Lead,Refrigerated Truck Transport Specialist,2026-09-11 18:47 UTC,Checkpoint 2 (Portland),"Intact Seal, Cold Chain Maintained",VERIFIED,Automated RFID & Temperature log verification
HND-028-3,BTC-SEA-5028,SHP-2026-128,Refrigerated Truck Transport Specialist,Airport Cargo Ramp Agent,2026-09-11 22:47 UTC,Checkpoint 3 (Portland),"Intact Seal, Cold Chain Maintained",VERIFIED,Automated RFID & Temperature log verification
HND-028-4,BTC-SEA-5028,SHP-2026-128,Airport Cargo Ramp Agent,Customs Export Inspector,2026-09-12 02:47 UTC,Checkpoint 4 (Portland),"Intact Seal, Cold Chain Maintained",VERIFIED,Automated RFID & Temperature log verification
HND-028-5,BTC-SEA-5028,SHP-2026-128,Customs Export Inspector,Airline Cold Chain Specialist,2026-09-12 06:47 UTC,Checkpoint 5 (Portland),"Intact Seal, Cold Chain Maintained",VERIFIED,Automated RFID & Temperature log verification
HND-029-1,BTC-SEA-5029,SHP-2026-129,Processing Facility Supervisor,Cold Storage Warehouse Lead,2026-09-11 16:47 UTC,Checkpoint 1 (Anchorage),"Intact Seal, Cold Chain Maintained",VERIFIED,Automated RFID & Temperature log verification
HND-029-2,BTC-SEA-5029,SHP-2026-129,Cold Storage Warehouse Lead,Refrigerated Truck Transport Specialist,2026-09-11 20:47 UTC,Checkpoint 2 (Anchorage),"Intact Seal, Cold Chain Maintained",VERIFIED,Automated RFID & Temperature log verification
HND-029-3,BTC-SEA-5029,SHP-2026-129,Refrigerated Truck Transport Specialist,Airport Cargo Ramp Agent,2026-09-12 00:47 UTC,Checkpoint 3 (Anchorage),"Intact Seal, Cold Chain Maintained",VERIFIED,Automated RFID & Temperature log verification
HND-029-4,BTC-SEA-5029,SHP-2026-129,Airport Cargo Ramp Agent,Customs Export Inspector,2026-09-12 04:47 UTC,Checkpoint 4 (Anchorage),"Intact Seal, Cold Chain Maintained",VERIFIED,Automated RFID & Temperature log verification
HND-029-5,BTC-SEA-5029,SHP-2026-129,Customs Export Inspector,Airline Cold Chain Specialist,2026-09-12 08:47 UTC,Checkpoint 5 (Anchorage),"Intact Seal, Cold Chain Maintained",VERIFIED,Automated RFID & Temperature log verification
HND-030-1,BTC-SEA-5030,SHP-2026-130,Processing Facility Supervisor,Cold Storage Warehouse Lead,2026-09-11 18:47 UTC,Checkpoint 1 (Boston),"Intact Seal, Cold Chain Maintained",VERIFIED,Automated RFID & Temperature log verification
HND-030-2,BTC-SEA-5030,SHP-2026-130,Cold Storage Warehouse Lead,Refrigerated Truck Transport Specialist,2026-09-11 22:47 UTC,Checkpoint 2 (Boston),"Intact Seal, Cold Chain Maintained",VERIFIED,Automated RFID & Temperature log verification
HND-030-3,BTC-SEA-5030,SHP-2026-130,Refrigerated Truck Transport Specialist,Airport Cargo Ramp Agent,2026-09-12 02:47 UTC,Checkpoint 3 (Boston),"Intact Seal, Cold Chain Maintained",VERIFIED,Automated RFID & Temperature log verification
HND-030-4,BTC-SEA-5030,SHP-2026-130,Airport Cargo Ramp Agent,Customs Export Inspector,2026-09-12 06:47 UTC,Checkpoint 4 (Boston),"Intact Seal, Cold Chain Maintained",VERIFIED,Automated RFID & Temperature log verification
HND-030-5,BTC-SEA-5030,SHP-2026-130,Customs Export Inspector,Airline Cold Chain Specialist,2026-09-12 10:47 UTC,Checkpoint 5 (Boston),"Intact Seal, Cold Chain Maintained",VERIFIED,Automated RFID & Temperature log verification
HND-031-1,BTC-SEA-5031,SHP-2026-131,Processing Facility Supervisor,Cold Storage Warehouse Lead,2026-09-11 20:47 UTC,Checkpoint 1 (Anchorage),"Intact Seal, Cold Chain Maintained",VERIFIED,Automated RFID & Temperature log verification
HND-031-2,BTC-SEA-5031,SHP-2026-131,Cold Storage Warehouse Lead,Refrigerated Truck Transport Specialist,2026-09-12 00:47 UTC,Checkpoint 2 (Anchorage),"Intact Seal, Cold Chain Maintained",VERIFIED,Automated RFID & Temperature log verification
HND-031-3,BTC-SEA-5031,SHP-2026-131,Refrigerated Truck Transport Specialist,Airport Cargo Ramp Agent,2026-09-12 04:47 UTC,Checkpoint 3 (Anchorage),"Intact Seal, Cold Chain Maintained",VERIFIED,Automated RFID & Temperature log verification
HND-031-4,BTC-SEA-5031,SHP-2026-131,Airport Cargo Ramp Agent,Customs Export Inspector,2026-09-12 08:47 UTC,Checkpoint 4 (Anchorage),"Intact Seal, Cold Chain Maintained",VERIFIED,Automated RFID & Temperature log verification
HND-031-5,BTC-SEA-5031,SHP-2026-131,Customs Export Inspector,Airline Cold Chain Specialist,2026-09-12 12:47 UTC,Checkpoint 5 (Anchorage),"Intact Seal, Cold Chain Maintained",VERIFIED,Automated RFID & Temperature log verification
HND-032-1,BTC-SEA-5032,SHP-2026-132,Processing Facility Supervisor,Cold Storage Warehouse Lead,2026-09-11 22:47 UTC,Checkpoint 1 (Vancouver),"Intact Seal, Cold Chain Maintained",VERIFIED,Automated RFID & Temperature log verification
HND-032-2,BTC-SEA-5032,SHP-2026-132,Cold Storage Warehouse Lead,Refrigerated Truck Transport Specialist,2026-09-12 02:47 UTC,Checkpoint 2 (Vancouver),"Intact Seal, Cold Chain Maintained",VERIFIED,Automated RFID & Temperature log verification
HND-032-3,BTC-SEA-5032,SHP-2026-132,Refrigerated Truck Transport Specialist,Airport Cargo Ramp Agent,2026-09-12 06:47 UTC,Checkpoint 3 (Vancouver),Custody signature delayed,INCOMPLETE_DOCUMENTATION,Automated RFID & Temperature log verification
HND-032-4,BTC-SEA-5032,SHP-2026-132,Airport Cargo Ramp Agent,Customs Export Inspector,2026-09-12 10:47 UTC,Checkpoint 4 (Vancouver),"Intact Seal, Cold Chain Maintained",VERIFIED,Automated RFID & Temperature log verification
HND-032-5,BTC-SEA-5032,SHP-2026-132,Customs Export Inspector,Airline Cold Chain Specialist,2026-09-12 14:47 UTC,Checkpoint 5 (Vancouver),"Intact Seal, Cold Chain Maintained",VERIFIED,Automated RFID & Temperature log verification
HND-033-1,BTC-SEA-5033,SHP-2026-133,Processing Facility Supervisor,Cold Storage Warehouse Lead,2026-09-12 00:47 UTC,Checkpoint 1 (Kodiak),"Intact Seal, Cold Chain Maintained",VERIFIED,Automated RFID & Temperature log verification
HND-033-2,BTC-SEA-5033,SHP-2026-133,Cold Storage Warehouse Lead,Refrigerated Truck Transport Specialist,2026-09-12 04:47 UTC,Checkpoint 2 (Kodiak),"Intact Seal, Cold Chain Maintained",VERIFIED,Automated RFID & Temperature log verification
HND-033-3,BTC-SEA-5033,SHP-2026-133,Refrigerated Truck Transport Specialist,Airport Cargo Ramp Agent,2026-09-12 08:47 UTC,Checkpoint 3 (Kodiak),"Intact Seal, Cold Chain Maintained",VERIFIED,Automated RFID & Temperature log verification
HND-033-4,BTC-SEA-5033,SHP-2026-133,Airport Cargo Ramp Agent,Customs Export Inspector,2026-09-12 12:47 UTC,Checkpoint 4 (Kodiak),"Intact Seal, Cold Chain Maintained",VERIFIED,Automated RFID & Temperature log verification
HND-033-5,BTC-SEA-5033,SHP-2026-133,Customs Export Inspector,Airline Cold Chain Specialist,2026-09-12 16:47 UTC,Checkpoint 5 (Kodiak),"Intact Seal, Cold Chain Maintained",VERIFIED,Automated RFID & Temperature log verification
HND-034-1,BTC-SEA-5034,SHP-2026-134,Processing Facility Supervisor,Cold Storage Warehouse Lead,2026-09-12 02:47 UTC,Checkpoint 1 (Anchorage),"Intact Seal, Cold Chain Maintained",VERIFIED,Automated RFID & Temperature log verification
HND-034-2,BTC-SEA-5034,SHP-2026-134,Cold Storage Warehouse Lead,Refrigerated Truck Transport Specialist,2026-09-12 06:47 UTC,Checkpoint 2 (Anchorage),"Intact Seal, Cold Chain Maintained",VERIFIED,Automated RFID & Temperature log verification
HND-034-3,BTC-SEA-5034,SHP-2026-134,Refrigerated Truck Transport Specialist,Airport Cargo Ramp Agent,2026-09-12 10:47 UTC,Checkpoint 3 (Anchorage),"Intact Seal, Cold Chain Maintained",VERIFIED,Automated RFID & Temperature log verification
HND-034-4,BTC-SEA-5034,SHP-2026-134,Airport Cargo Ramp Agent,Customs Export Inspector,2026-09-12 14:47 UTC,Checkpoint 4 (Anchorage),"Intact Seal, Cold Chain Maintained",VERIFIED,Automated RFID & Temperature log verification
HND-034-5,BTC-SEA-5034,SHP-2026-134,Customs Export Inspector,Airline Cold Chain Specialist,2026-09-12 18:47 UTC,Checkpoint 5 (Anchorage),"Intact Seal, Cold Chain Maintained",VERIFIED,Automated RFID & Temperature log verification
HND-035-1,BTC-SEA-5035,SHP-2026-135,Processing Facility Supervisor,Cold Storage Warehouse Lead,2026-09-12 04:47 UTC,Checkpoint 1 (Boston),"Intact Seal, Cold Chain Maintained",VERIFIED,Automated RFID & Temperature log verification
HND-035-2,BTC-SEA-5035,SHP-2026-135,Cold Storage Warehouse Lead,Refrigerated Truck Transport Specialist,2026-09-12 08:47 UTC,Checkpoint 2 (Boston),"Intact Seal, Cold Chain Maintained",VERIFIED,Automated RFID & Temperature log verification
HND-035-3,BTC-SEA-5035,SHP-2026-135,Refrigerated Truck Transport Specialist,Airport Cargo Ramp Agent,2026-09-12 12:47 UTC,Checkpoint 3 (Boston),"Intact Seal, Cold Chain Maintained",VERIFIED,Automated RFID & Temperature log verification
HND-035-4,BTC-SEA-5035,SHP-2026-135,Airport Cargo Ramp Agent,Customs Export Inspector,2026-09-12 16:47 UTC,Checkpoint 4 (Boston),"Intact Seal, Cold Chain Maintained",VERIFIED,Automated RFID & Temperature log verification
HND-035-5,BTC-SEA-5035,SHP-2026-135,Customs Export Inspector,Airline Cold Chain Specialist,2026-09-12 20:47 UTC,Checkpoint 5 (Boston),"Intact Seal, Cold Chain Maintained",VERIFIED,Automated RFID & Temperature log verification
HND-036-1,BTC-SEA-5036,SHP-2026-136,Processing Facility Supervisor,Cold Storage Warehouse Lead,2026-09-12 06:47 UTC,Checkpoint 1 (Kodiak),"Intact Seal, Cold Chain Maintained",VERIFIED,Automated RFID & Temperature log verification
HND-036-2,BTC-SEA-5036,SHP-2026-136,Cold Storage Warehouse Lead,Refrigerated Truck Transport Specialist,2026-09-12 10:47 UTC,Checkpoint 2 (Kodiak),"Intact Seal, Cold Chain Maintained",VERIFIED,Automated RFID & Temperature log verification
HND-036-3,BTC-SEA-5036,SHP-2026-136,Refrigerated Truck Transport Specialist,Airport Cargo Ramp Agent,2026-09-12 14:47 UTC,Checkpoint 3 (Kodiak),"Intact Seal, Cold Chain Maintained",VERIFIED,Automated RFID & Temperature log verification
HND-036-4,BTC-SEA-5036,SHP-2026-136,Airport Cargo Ramp Agent,Customs Export Inspector,2026-09-12 18:47 UTC,Checkpoint 4 (Kodiak),"Intact Seal, Cold Chain Maintained",VERIFIED,Automated RFID & Temperature log verification
HND-036-5,BTC-SEA-5036,SHP-2026-136,Customs Export Inspector,Airline Cold Chain Specialist,2026-09-12 22:47 UTC,Checkpoint 5 (Kodiak),"Intact Seal, Cold Chain Maintained",VERIFIED,Automated RFID & Temperature log verification
HND-037-1,BTC-SEA-5037,SHP-2026-137,Processing Facility Supervisor,Cold Storage Warehouse Lead,2026-09-12 08:47 UTC,Checkpoint 1 (Vancouver),"Intact Seal, Cold Chain Maintained",VERIFIED,Automated RFID & Temperature log verification
HND-037-2,BTC-SEA-5037,SHP-2026-137,Cold Storage Warehouse Lead,Refrigerated Truck Transport Specialist,2026-09-12 12:47 UTC,Checkpoint 2 (Vancouver),"Intact Seal, Cold Chain Maintained",VERIFIED,Automated RFID & Temperature log verification
HND-037-3,BTC-SEA-5037,SHP-2026-137,Refrigerated Truck Transport Specialist,Airport Cargo Ramp Agent,2026-09-12 16:47 UTC,Checkpoint 3 (Vancouver),"Intact Seal, Cold Chain Maintained",VERIFIED,Automated RFID & Temperature log verification
HND-037-4,BTC-SEA-5037,SHP-2026-137,Airport Cargo Ramp Agent,Customs Export Inspector,2026-09-12 20:47 UTC,Checkpoint 4 (Vancouver),"Intact Seal, Cold Chain Maintained",VERIFIED,Automated RFID & Temperature log verification
HND-037-5,BTC-SEA-5037,SHP-2026-137,Customs Export Inspector,Airline Cold Chain Specialist,2026-09-13 00:47 UTC,Checkpoint 5 (Vancouver),"Intact Seal, Cold Chain Maintained",VERIFIED,Automated RFID & Temperature log verification
HND-038-1,BTC-SEA-5038,SHP-2026-138,Processing Facility Supervisor,Cold Storage Warehouse Lead,2026-09-12 10:47 UTC,Checkpoint 1 (Seattle),"Intact Seal, Cold Chain Maintained",VERIFIED,Automated RFID & Temperature log verification
HND-038-2,BTC-SEA-5038,SHP-2026-138,Cold Storage Warehouse Lead,Refrigerated Truck Transport Specialist,2026-09-12 14:47 UTC,Checkpoint 2 (Seattle),"Intact Seal, Cold Chain Maintained",VERIFIED,Automated RFID & Temperature log verification
HND-038-3,BTC-SEA-5038,SHP-2026-138,Refrigerated Truck Transport Specialist,Airport Cargo Ramp Agent,2026-09-12 18:47 UTC,Checkpoint 3 (Seattle),"Intact Seal, Cold Chain Maintained",VERIFIED,Automated RFID & Temperature log verification
HND-038-4,BTC-SEA-5038,SHP-2026-138,Airport Cargo Ramp Agent,Customs Export Inspector,2026-09-12 22:47 UTC,Checkpoint 4 (Seattle),"Intact Seal, Cold Chain Maintained",VERIFIED,Automated RFID & Temperature log verification
HND-038-5,BTC-SEA-5038,SHP-2026-138,Customs Export Inspector,Airline Cold Chain Specialist,2026-09-13 02:47 UTC,Checkpoint 5 (Seattle),"Intact Seal, Cold Chain Maintained",VERIFIED,Automated RFID & Temperature log verification
HND-039-1,BTC-SEA-5039,SHP-2026-139,Processing Facility Supervisor,Cold Storage Warehouse Lead,2026-09-12 12:47 UTC,Checkpoint 1 (Vancouver),"Intact Seal, Cold Chain Maintained",VERIFIED,Automated RFID & Temperature log verification
HND-039-2,BTC-SEA-5039,SHP-2026-139,Cold Storage Warehouse Lead,Refrigerated Truck Transport Specialist,2026-09-12 16:47 UTC,Checkpoint 2 (Vancouver),"Intact Seal, Cold Chain Maintained",VERIFIED,Automated RFID & Temperature log verification
HND-039-3,BTC-SEA-5039,SHP-2026-139,Refrigerated Truck Transport Specialist,Airport Cargo Ramp Agent,2026-09-12 20:47 UTC,Checkpoint 3 (Vancouver),"Intact Seal, Cold Chain Maintained",VERIFIED,Automated RFID & Temperature log verification
HND-039-4,BTC-SEA-5039,SHP-2026-139,Airport Cargo Ramp Agent,Customs Export Inspector,2026-09-13 00:47 UTC,Checkpoint 4 (Vancouver),"Intact Seal, Cold Chain Maintained",VERIFIED,Automated RFID & Temperature log verification
HND-039-5,BTC-SEA-5039,SHP-2026-139,Customs Export Inspector,Airline Cold Chain Specialist,2026-09-13 04:47 UTC,Checkpoint 5 (Vancouver),"Intact Seal, Cold Chain Maintained",VERIFIED,Automated RFID & Temperature log verification
HND-040-1,BTC-SEA-5040,SHP-2026-140,Processing Facility Supervisor,Cold Storage Warehouse Lead,2026-09-12 14:47 UTC,Checkpoint 1 (Anchorage),"Intact Seal, Cold Chain Maintained",VERIFIED,Automated RFID & Temperature log verification
HND-040-2,BTC-SEA-5040,SHP-2026-140,Cold Storage Warehouse Lead,Refrigerated Truck Transport Specialist,2026-09-12 18:47 UTC,Checkpoint 2 (Anchorage),"Intact Seal, Cold Chain Maintained",VERIFIED,Automated RFID & Temperature log verification
HND-040-3,BTC-SEA-5040,SHP-2026-140,Refrigerated Truck Transport Specialist,Airport Cargo Ramp Agent,2026-09-12 22:47 UTC,Checkpoint 3 (Anchorage),"Intact Seal, Cold Chain Maintained",VERIFIED,Automated RFID & Temperature log verification
HND-040-4,BTC-SEA-5040,SHP-2026-140,Airport Cargo Ramp Agent,Customs Export Inspector,2026-09-13 02:47 UTC,Checkpoint 4 (Anchorage),"Intact Seal, Cold Chain Maintained",VERIFIED,Automated RFID & Temperature log verification
HND-040-5,BTC-SEA-5040,SHP-2026-140,Customs Export Inspector,Airline Cold Chain Specialist,2026-09-13 06:47 UTC,Checkpoint 5 (Anchorage),"Intact Seal, Cold Chain Maintained",VERIFIED,Automated RFID & Temperature log verification
HND-041-1,BTC-SEA-5041,SHP-2026-141,Processing Facility Supervisor,Cold Storage Warehouse Lead,2026-09-12 16:47 UTC,Checkpoint 1 (Kodiak),"Intact Seal, Cold Chain Maintained",VERIFIED,Automated RFID & Temperature log verification
HND-041-2,BTC-SEA-5041,SHP-2026-141,Cold Storage Warehouse Lead,Refrigerated Truck Transport Specialist,2026-09-12 20:47 UTC,Checkpoint 2 (Kodiak),"Intact Seal, Cold Chain Maintained",VERIFIED,Automated RFID & Temperature log verification
HND-041-3,BTC-SEA-5041,SHP-2026-141,Refrigerated Truck Transport Specialist,Airport Cargo Ramp Agent,2026-09-13 00:47 UTC,Checkpoint 3 (Kodiak),"Intact Seal, Cold Chain Maintained",VERIFIED,Automated RFID & Temperature log verification
HND-041-4,BTC-SEA-5041,SHP-2026-141,Airport Cargo Ramp Agent,Customs Export Inspector,2026-09-13 04:47 UTC,Checkpoint 4 (Kodiak),"Intact Seal, Cold Chain Maintained",VERIFIED,Automated RFID & Temperature log verification
HND-041-5,BTC-SEA-5041,SHP-2026-141,Customs Export Inspector,Airline Cold Chain Specialist,2026-09-13 08:47 UTC,Checkpoint 5 (Kodiak),"Intact Seal, Cold Chain Maintained",VERIFIED,Automated RFID & Temperature log verification
HND-042-1,BTC-SEA-5042,SHP-2026-142,Processing Facility Supervisor,Cold Storage Warehouse Lead,2026-09-12 18:47 UTC,Checkpoint 1 (Seattle),"Intact Seal, Cold Chain Maintained",VERIFIED,Automated RFID & Temperature log verification
HND-042-2,BTC-SEA-5042,SHP-2026-142,Cold Storage Warehouse Lead,Refrigerated Truck Transport Specialist,2026-09-12 22:47 UTC,Checkpoint 2 (Seattle),"Intact Seal, Cold Chain Maintained",VERIFIED,Automated RFID & Temperature log verification
HND-042-3,BTC-SEA-5042,SHP-2026-142,Refrigerated Truck Transport Specialist,Airport Cargo Ramp Agent,2026-09-13 02:47 UTC,Checkpoint 3 (Seattle),Custody signature delayed,INCOMPLETE_DOCUMENTATION,Automated RFID & Temperature log verification
HND-042-4,BTC-SEA-5042,SHP-2026-142,Airport Cargo Ramp Agent,Customs Export Inspector,2026-09-13 06:47 UTC,Checkpoint 4 (Seattle),"Intact Seal, Cold Chain Maintained",VERIFIED,Automated RFID & Temperature log verification
HND-042-5,BTC-SEA-5042,SHP-2026-142,Customs Export Inspector,Airline Cold Chain Specialist,2026-09-13 10:47 UTC,Checkpoint 5 (Seattle),"Intact Seal, Cold Chain Maintained",VERIFIED,Automated RFID & Temperature log verification
HND-043-1,BTC-SEA-5043,SHP-2026-143,Processing Facility Supervisor,Cold Storage Warehouse Lead,2026-09-12 20:47 UTC,Checkpoint 1 (Kodiak),"Intact Seal, Cold Chain Maintained",VERIFIED,Automated RFID & Temperature log verification
HND-043-2,BTC-SEA-5043,SHP-2026-143,Cold Storage Warehouse Lead,Refrigerated Truck Transport Specialist,2026-09-13 00:47 UTC,Checkpoint 2 (Kodiak),"Intact Seal, Cold Chain Maintained",VERIFIED,Automated RFID & Temperature log verification
HND-043-3,BTC-SEA-5043,SHP-2026-143,Refrigerated Truck Transport Specialist,Airport Cargo Ramp Agent,2026-09-13 04:47 UTC,Checkpoint 3 (Kodiak),"Intact Seal, Cold Chain Maintained",VERIFIED,Automated RFID & Temperature log verification
HND-043-4,BTC-SEA-5043,SHP-2026-143,Airport Cargo Ramp Agent,Customs Export Inspector,2026-09-13 08:47 UTC,Checkpoint 4 (Kodiak),"Intact Seal, Cold Chain Maintained",VERIFIED,Automated RFID & Temperature log verification
HND-043-5,BTC-SEA-5043,SHP-2026-143,Customs Export Inspector,Airline Cold Chain Specialist,2026-09-13 12:47 UTC,Checkpoint 5 (Kodiak),"Intact Seal, Cold Chain Maintained",VERIFIED,Automated RFID & Temperature log verification
HND-044-1,BTC-SEA-5044,SHP-2026-144,Processing Facility Supervisor,Cold Storage Warehouse Lead,2026-09-12 22:47 UTC,Checkpoint 1 (Anchorage),"Intact Seal, Cold Chain Maintained",VERIFIED,Automated RFID & Temperature log verification
HND-044-2,BTC-SEA-5044,SHP-2026-144,Cold Storage Warehouse Lead,Refrigerated Truck Transport Specialist,2026-09-13 02:47 UTC,Checkpoint 2 (Anchorage),"Intact Seal, Cold Chain Maintained",VERIFIED,Automated RFID & Temperature log verification
HND-044-3,BTC-SEA-5044,SHP-2026-144,Refrigerated Truck Transport Specialist,Airport Cargo Ramp Agent,2026-09-13 06:47 UTC,Checkpoint 3 (Anchorage),"Intact Seal, Cold Chain Maintained",VERIFIED,Automated RFID & Temperature log verification
HND-044-4,BTC-SEA-5044,SHP-2026-144,Airport Cargo Ramp Agent,Customs Export Inspector,2026-09-13 10:47 UTC,Checkpoint 4 (Anchorage),"Intact Seal, Cold Chain Maintained",VERIFIED,Automated RFID & Temperature log verification
HND-044-5,BTC-SEA-5044,SHP-2026-144,Customs Export Inspector,Airline Cold Chain Specialist,2026-09-13 14:47 UTC,Checkpoint 5 (Anchorage),"Intact Seal, Cold Chain Maintained",VERIFIED,Automated RFID & Temperature log verification
HND-045-1,BTC-SEA-5045,SHP-2026-145,Processing Facility Supervisor,Cold Storage Warehouse Lead,2026-09-13 00:47 UTC,Checkpoint 1 (Portland),"Intact Seal, Cold Chain Maintained",VERIFIED,Automated RFID & Temperature log verification
HND-045-2,BTC-SEA-5045,SHP-2026-145,Cold Storage Warehouse Lead,Refrigerated Truck Transport Specialist,2026-09-13 04:47 UTC,Checkpoint 2 (Portland),"Intact Seal, Cold Chain Maintained",VERIFIED,Automated RFID & Temperature log verification
HND-045-3,BTC-SEA-5045,SHP-2026-145,Refrigerated Truck Transport Specialist,Airport Cargo Ramp Agent,2026-09-13 08:47 UTC,Checkpoint 3 (Portland),"Intact Seal, Cold Chain Maintained",VERIFIED,Automated RFID & Temperature log verification
HND-045-4,BTC-SEA-5045,SHP-2026-145,Airport Cargo Ramp Agent,Customs Export Inspector,2026-09-13 12:47 UTC,Checkpoint 4 (Portland),"Intact Seal, Cold Chain Maintained",VERIFIED,Automated RFID & Temperature log verification
HND-045-5,BTC-SEA-5045,SHP-2026-145,Customs Export Inspector,Airline Cold Chain Specialist,2026-09-13 16:47 UTC,Checkpoint 5 (Portland),"Intact Seal, Cold Chain Maintained",VERIFIED,Automated RFID & Temperature log verification
HND-046-1,BTC-SEA-5046,SHP-2026-146,Processing Facility Supervisor,Cold Storage Warehouse Lead,2026-09-13 02:47 UTC,Checkpoint 1 (Vancouver),"Intact Seal, Cold Chain Maintained",VERIFIED,Automated RFID & Temperature log verification
HND-046-2,BTC-SEA-5046,SHP-2026-146,Cold Storage Warehouse Lead,Refrigerated Truck Transport Specialist,2026-09-13 06:47 UTC,Checkpoint 2 (Vancouver),"Intact Seal, Cold Chain Maintained",VERIFIED,Automated RFID & Temperature log verification
HND-046-3,BTC-SEA-5046,SHP-2026-146,Refrigerated Truck Transport Specialist,Airport Cargo Ramp Agent,2026-09-13 10:47 UTC,Checkpoint 3 (Vancouver),"Intact Seal, Cold Chain Maintained",VERIFIED,Automated RFID & Temperature log verification
HND-046-4,BTC-SEA-5046,SHP-2026-146,Airport Cargo Ramp Agent,Customs Export Inspector,2026-09-13 14:47 UTC,Checkpoint 4 (Vancouver),"Intact Seal, Cold Chain Maintained",VERIFIED,Automated RFID & Temperature log verification
HND-046-5,BTC-SEA-5046,SHP-2026-146,Customs Export Inspector,Airline Cold Chain Specialist,2026-09-13 18:47 UTC,Checkpoint 5 (Vancouver),"Intact Seal, Cold Chain Maintained",VERIFIED,Automated RFID & Temperature log verification
HND-047-1,BTC-SEA-5047,SHP-2026-147,Processing Facility Supervisor,Cold Storage Warehouse Lead,2026-09-13 04:47 UTC,Checkpoint 1 (Boston),"Intact Seal, Cold Chain Maintained",VERIFIED,Automated RFID & Temperature log verification
HND-047-2,BTC-SEA-5047,SHP-2026-147,Cold Storage Warehouse Lead,Refrigerated Truck Transport Specialist,2026-09-13 08:47 UTC,Checkpoint 2 (Boston),"Intact Seal, Cold Chain Maintained",VERIFIED,Automated RFID & Temperature log verification
HND-047-3,BTC-SEA-5047,SHP-2026-147,Refrigerated Truck Transport Specialist,Airport Cargo Ramp Agent,2026-09-13 12:47 UTC,Checkpoint 3 (Boston),"Intact Seal, Cold Chain Maintained",VERIFIED,Automated RFID & Temperature log verification
HND-047-4,BTC-SEA-5047,SHP-2026-147,Airport Cargo Ramp Agent,Customs Export Inspector,2026-09-13 16:47 UTC,Checkpoint 4 (Boston),"Intact Seal, Cold Chain Maintained",VERIFIED,Automated RFID & Temperature log verification
HND-047-5,BTC-SEA-5047,SHP-2026-147,Customs Export Inspector,Airline Cold Chain Specialist,2026-09-13 20:47 UTC,Checkpoint 5 (Boston),"Intact Seal, Cold Chain Maintained",VERIFIED,Automated RFID & Temperature log verification
HND-048-1,BTC-SEA-5048,SHP-2026-148,Processing Facility Supervisor,Cold Storage Warehouse Lead,2026-09-13 06:47 UTC,Checkpoint 1 (Kodiak),"Intact Seal, Cold Chain Maintained",VERIFIED,Automated RFID & Temperature log verification
HND-048-2,BTC-SEA-5048,SHP-2026-148,Cold Storage Warehouse Lead,Refrigerated Truck Transport Specialist,2026-09-13 10:47 UTC,Checkpoint 2 (Kodiak),"Intact Seal, Cold Chain Maintained",VERIFIED,Automated RFID & Temperature log verification
HND-048-3,BTC-SEA-5048,SHP-2026-148,Refrigerated Truck Transport Specialist,Airport Cargo Ramp Agent,2026-09-13 14:47 UTC,Checkpoint 3 (Kodiak),"Intact Seal, Cold Chain Maintained",VERIFIED,Automated RFID & Temperature log verification
HND-048-4,BTC-SEA-5048,SHP-2026-148,Airport Cargo Ramp Agent,Customs Export Inspector,2026-09-13 18:47 UTC,Checkpoint 4 (Kodiak),"Intact Seal, Cold Chain Maintained",VERIFIED,Automated RFID & Temperature log verification
HND-048-5,BTC-SEA-5048,SHP-2026-148,Customs Export Inspector,Airline Cold Chain Specialist,2026-09-13 22:47 UTC,Checkpoint 5 (Kodiak),"Intact Seal, Cold Chain Maintained",VERIFIED,Automated RFID & Temperature log verification
HND-049-1,BTC-SEA-5049,SHP-2026-149,Processing Facility Supervisor,Cold Storage Warehouse Lead,2026-09-13 08:47 UTC,Checkpoint 1 (Kodiak),"Intact Seal, Cold Chain Maintained",VERIFIED,Automated RFID & Temperature log verification
HND-049-2,BTC-SEA-5049,SHP-2026-149,Cold Storage Warehouse Lead,Refrigerated Truck Transport Specialist,2026-09-13 12:47 UTC,Checkpoint 2 (Kodiak),"Intact Seal, Cold Chain Maintained",VERIFIED,Automated RFID & Temperature log verification
HND-049-3,BTC-SEA-5049,SHP-2026-149,Refrigerated Truck Transport Specialist,Airport Cargo Ramp Agent,2026-09-13 16:47 UTC,Checkpoint 3 (Kodiak),"Intact Seal, Cold Chain Maintained",VERIFIED,Automated RFID & Temperature log verification
HND-049-4,BTC-SEA-5049,SHP-2026-149,Airport Cargo Ramp Agent,Customs Export Inspector,2026-09-13 20:47 UTC,Checkpoint 4 (Kodiak),"Intact Seal, Cold Chain Maintained",VERIFIED,Automated RFID & Temperature log verification
HND-049-5,BTC-SEA-5049,SHP-2026-149,Customs Export Inspector,Airline Cold Chain Specialist,2026-09-14 00:47 UTC,Checkpoint 5 (Kodiak),"Intact Seal, Cold Chain Maintained",VERIFIED,Automated RFID & Temperature log verification
HND-050-1,BTC-SEA-5050,SHP-2026-150,Processing Facility Supervisor,Cold Storage Warehouse Lead,2026-09-13 10:47 UTC,Checkpoint 1 (Seattle),"Intact Seal, Cold Chain Maintained",VERIFIED,Automated RFID & Temperature log verification
HND-050-2,BTC-SEA-5050,SHP-2026-150,Cold Storage Warehouse Lead,Refrigerated Truck Transport Specialist,2026-09-13 14:47 UTC,Checkpoint 2 (Seattle),"Intact Seal, Cold Chain Maintained",VERIFIED,Automated RFID & Temperature log verification
HND-050-3,BTC-SEA-5050,SHP-2026-150,Refrigerated Truck Transport Specialist,Airport Cargo Ramp Agent,2026-09-13 18:47 UTC,Checkpoint 3 (Seattle),"Intact Seal, Cold Chain Maintained",VERIFIED,Automated RFID & Temperature log verification
HND-050-4,BTC-SEA-5050,SHP-2026-150,Airport Cargo Ramp Agent,Customs Export Inspector,2026-09-13 22:47 UTC,Checkpoint 4 (Seattle),"Intact Seal, Cold Chain Maintained",VERIFIED,Automated RFID & Temperature log verification
HND-050-5,BTC-SEA-5050,SHP-2026-150,Customs Export Inspector,Airline Cold Chain Specialist,2026-09-14 02:47 UTC,Checkpoint 5 (Seattle),"Intact Seal, Cold Chain Maintained",VERIFIED,Automated RFID & Temperature log verification
HND-051-1,BTC-SEA-5051,SHP-2026-151,Processing Facility Supervisor,Cold Storage Warehouse Lead,2026-09-13 12:47 UTC,Checkpoint 1 (Portland),"Intact Seal, Cold Chain Maintained",VERIFIED,Automated RFID & Temperature log verification
HND-051-2,BTC-SEA-5051,SHP-2026-151,Cold Storage Warehouse Lead,Refrigerated Truck Transport Specialist,2026-09-13 16:47 UTC,Checkpoint 2 (Portland),"Intact Seal, Cold Chain Maintained",VERIFIED,Automated RFID & Temperature log verification
HND-051-3,BTC-SEA-5051,SHP-2026-151,Refrigerated Truck Transport Specialist,Airport Cargo Ramp Agent,2026-09-13 20:47 UTC,Checkpoint 3 (Portland),"Intact Seal, Cold Chain Maintained",VERIFIED,Automated RFID & Temperature log verification
HND-051-4,BTC-SEA-5051,SHP-2026-151,Airport Cargo Ramp Agent,Customs Export Inspector,2026-09-14 00:47 UTC,Checkpoint 4 (Portland),"Intact Seal, Cold Chain Maintained",VERIFIED,Automated RFID & Temperature log verification
HND-051-5,BTC-SEA-5051,SHP-2026-151,Customs Export Inspector,Airline Cold Chain Specialist,2026-09-14 04:47 UTC,Checkpoint 5 (Portland),"Intact Seal, Cold Chain Maintained",VERIFIED,Automated RFID & Temperature log verification
HND-052-1,BTC-SEA-5052,SHP-2026-152,Processing Facility Supervisor,Cold Storage Warehouse Lead,2026-09-13 14:47 UTC,Checkpoint 1 (Seattle),"Intact Seal, Cold Chain Maintained",VERIFIED,Automated RFID & Temperature log verification
HND-052-2,BTC-SEA-5052,SHP-2026-152,Cold Storage Warehouse Lead,Refrigerated Truck Transport Specialist,2026-09-13 18:47 UTC,Checkpoint 2 (Seattle),"Intact Seal, Cold Chain Maintained",VERIFIED,Automated RFID & Temperature log verification
HND-052-3,BTC-SEA-5052,SHP-2026-152,Refrigerated Truck Transport Specialist,Airport Cargo Ramp Agent,2026-09-13 22:47 UTC,Checkpoint 3 (Seattle),"Intact Seal, Cold Chain Maintained",VERIFIED,Automated RFID & Temperature log verification
HND-052-4,BTC-SEA-5052,SHP-2026-152,Airport Cargo Ramp Agent,Customs Export Inspector,2026-09-14 02:47 UTC,Checkpoint 4 (Seattle),"Intact Seal, Cold Chain Maintained",VERIFIED,Automated RFID & Temperature log verification
HND-052-5,BTC-SEA-5052,SHP-2026-152,Customs Export Inspector,Airline Cold Chain Specialist,2026-09-14 06:47 UTC,Checkpoint 5 (Seattle),"Intact Seal, Cold Chain Maintained",VERIFIED,Automated RFID & Temperature log verification
HND-053-1,BTC-SEA-5053,SHP-2026-153,Processing Facility Supervisor,Cold Storage Warehouse Lead,2026-09-13 16:47 UTC,Checkpoint 1 (Portland),"Intact Seal, Cold Chain Maintained",VERIFIED,Automated RFID & Temperature log verification
HND-053-2,BTC-SEA-5053,SHP-2026-153,Cold Storage Warehouse Lead,Refrigerated Truck Transport Specialist,2026-09-13 20:47 UTC,Checkpoint 2 (Portland),"Intact Seal, Cold Chain Maintained",VERIFIED,Automated RFID & Temperature log verification
HND-053-3,BTC-SEA-5053,SHP-2026-153,Refrigerated Truck Transport Specialist,Airport Cargo Ramp Agent,2026-09-14 00:47 UTC,Checkpoint 3 (Portland),"Intact Seal, Cold Chain Maintained",VERIFIED,Automated RFID & Temperature log verification
HND-053-4,BTC-SEA-5053,SHP-2026-153,Airport Cargo Ramp Agent,Customs Export Inspector,2026-09-14 04:47 UTC,Checkpoint 4 (Portland),"Intact Seal, Cold Chain Maintained",VERIFIED,Automated RFID & Temperature log verification
HND-053-5,BTC-SEA-5053,SHP-2026-153,Customs Export Inspector,Airline Cold Chain Specialist,2026-09-14 08:47 UTC,Checkpoint 5 (Portland),"Intact Seal, Cold Chain Maintained",VERIFIED,Automated RFID & Temperature log verification
HND-054-1,BTC-SEA-5054,SHP-2026-154,Processing Facility Supervisor,Cold Storage Warehouse Lead,2026-09-13 18:47 UTC,Checkpoint 1 (Anchorage),"Intact Seal, Cold Chain Maintained",VERIFIED,Automated RFID & Temperature log verification
HND-054-2,BTC-SEA-5054,SHP-2026-154,Cold Storage Warehouse Lead,Refrigerated Truck Transport Specialist,2026-09-13 22:47 UTC,Checkpoint 2 (Anchorage),"Intact Seal, Cold Chain Maintained",VERIFIED,Automated RFID & Temperature log verification
HND-054-3,BTC-SEA-5054,SHP-2026-154,Refrigerated Truck Transport Specialist,Airport Cargo Ramp Agent,2026-09-14 02:47 UTC,Checkpoint 3 (Anchorage),"Intact Seal, Cold Chain Maintained",VERIFIED,Automated RFID & Temperature log verification
HND-054-4,BTC-SEA-5054,SHP-2026-154,Airport Cargo Ramp Agent,Customs Export Inspector,2026-09-14 06:47 UTC,Checkpoint 4 (Anchorage),"Intact Seal, Cold Chain Maintained",VERIFIED,Automated RFID & Temperature log verification
HND-054-5,BTC-SEA-5054,SHP-2026-154,Customs Export Inspector,Airline Cold Chain Specialist,2026-09-14 10:47 UTC,Checkpoint 5 (Anchorage),"Intact Seal, Cold Chain Maintained",VERIFIED,Automated RFID & Temperature log verification
HND-055-1,BTC-SEA-5055,SHP-2026-155,Processing Facility Supervisor,Cold Storage Warehouse Lead,2026-09-13 20:47 UTC,Checkpoint 1 (Kodiak),"Intact Seal, Cold Chain Maintained",VERIFIED,Automated RFID & Temperature log verification
HND-055-2,BTC-SEA-5055,SHP-2026-155,Cold Storage Warehouse Lead,Refrigerated Truck Transport Specialist,2026-09-14 00:47 UTC,Checkpoint 2 (Kodiak),"Intact Seal, Cold Chain Maintained",VERIFIED,Automated RFID & Temperature log verification
HND-055-3,BTC-SEA-5055,SHP-2026-155,Refrigerated Truck Transport Specialist,Airport Cargo Ramp Agent,2026-09-14 04:47 UTC,Checkpoint 3 (Kodiak),"Intact Seal, Cold Chain Maintained",VERIFIED,Automated RFID & Temperature log verification
HND-055-4,BTC-SEA-5055,SHP-2026-155,Airport Cargo Ramp Agent,Customs Export Inspector,2026-09-14 08:47 UTC,Checkpoint 4 (Kodiak),"Intact Seal, Cold Chain Maintained",VERIFIED,Automated RFID & Temperature log verification
HND-055-5,BTC-SEA-5055,SHP-2026-155,Customs Export Inspector,Airline Cold Chain Specialist,2026-09-14 12:47 UTC,Checkpoint 5 (Kodiak),"Intact Seal, Cold Chain Maintained",VERIFIED,Automated RFID & Temperature log verification
HND-056-1,BTC-SEA-5056,SHP-2026-156,Processing Facility Supervisor,Cold Storage Warehouse Lead,2026-09-13 22:47 UTC,Checkpoint 1 (Boston),"Intact Seal, Cold Chain Maintained",VERIFIED,Automated RFID & Temperature log verification
HND-056-2,BTC-SEA-5056,SHP-2026-156,Cold Storage Warehouse Lead,Refrigerated Truck Transport Specialist,2026-09-14 02:47 UTC,Checkpoint 2 (Boston),"Intact Seal, Cold Chain Maintained",VERIFIED,Automated RFID & Temperature log verification
HND-056-3,BTC-SEA-5056,SHP-2026-156,Refrigerated Truck Transport Specialist,Airport Cargo Ramp Agent,2026-09-14 06:47 UTC,Checkpoint 3 (Boston),"Intact Seal, Cold Chain Maintained",VERIFIED,Automated RFID & Temperature log verification
HND-056-4,BTC-SEA-5056,SHP-2026-156,Airport Cargo Ramp Agent,Customs Export Inspector,2026-09-14 10:47 UTC,Checkpoint 4 (Boston),"Intact Seal, Cold Chain Maintained",VERIFIED,Automated RFID & Temperature log verification
HND-056-5,BTC-SEA-5056,SHP-2026-156,Customs Export Inspector,Airline Cold Chain Specialist,2026-09-14 14:47 UTC,Checkpoint 5 (Boston),"Intact Seal, Cold Chain Maintained",VERIFIED,Automated RFID & Temperature log verification
HND-057-1,BTC-SEA-5057,SHP-2026-157,Processing Facility Supervisor,Cold Storage Warehouse Lead,2026-09-14 00:47 UTC,Checkpoint 1 (Seattle),"Intact Seal, Cold Chain Maintained",VERIFIED,Automated RFID & Temperature log verification
HND-057-2,BTC-SEA-5057,SHP-2026-157,Cold Storage Warehouse Lead,Refrigerated Truck Transport Specialist,2026-09-14 04:47 UTC,Checkpoint 2 (Seattle),"Intact Seal, Cold Chain Maintained",VERIFIED,Automated RFID & Temperature log verification
HND-057-3,BTC-SEA-5057,SHP-2026-157,Refrigerated Truck Transport Specialist,Airport Cargo Ramp Agent,2026-09-14 08:47 UTC,Checkpoint 3 (Seattle),"Intact Seal, Cold Chain Maintained",VERIFIED,Automated RFID & Temperature log verification
HND-057-4,BTC-SEA-5057,SHP-2026-157,Airport Cargo Ramp Agent,Customs Export Inspector,2026-09-14 12:47 UTC,Checkpoint 4 (Seattle),"Intact Seal, Cold Chain Maintained",VERIFIED,Automated RFID & Temperature log verification
HND-057-5,BTC-SEA-5057,SHP-2026-157,Customs Export Inspector,Airline Cold Chain Specialist,2026-09-14 16:47 UTC,Checkpoint 5 (Seattle),"Intact Seal, Cold Chain Maintained",VERIFIED,Automated RFID & Temperature log verification
HND-058-1,BTC-SEA-5058,SHP-2026-158,Processing Facility Supervisor,Cold Storage Warehouse Lead,2026-09-14 02:47 UTC,Checkpoint 1 (Kodiak),"Intact Seal, Cold Chain Maintained",VERIFIED,Automated RFID & Temperature log verification
HND-058-2,BTC-SEA-5058,SHP-2026-158,Cold Storage Warehouse Lead,Refrigerated Truck Transport Specialist,2026-09-14 06:47 UTC,Checkpoint 2 (Kodiak),"Intact Seal, Cold Chain Maintained",VERIFIED,Automated RFID & Temperature log verification
HND-058-3,BTC-SEA-5058,SHP-2026-158,Refrigerated Truck Transport Specialist,Airport Cargo Ramp Agent,2026-09-14 10:47 UTC,Checkpoint 3 (Kodiak),"Intact Seal, Cold Chain Maintained",VERIFIED,Automated RFID & Temperature log verification
HND-058-4,BTC-SEA-5058,SHP-2026-158,Airport Cargo Ramp Agent,Customs Export Inspector,2026-09-14 14:47 UTC,Checkpoint 4 (Kodiak),"Intact Seal, Cold Chain Maintained",VERIFIED,Automated RFID & Temperature log verification
HND-058-5,BTC-SEA-5058,SHP-2026-158,Customs Export Inspector,Airline Cold Chain Specialist,2026-09-14 18:47 UTC,Checkpoint 5 (Kodiak),"Intact Seal, Cold Chain Maintained",VERIFIED,Automated RFID & Temperature log verification
HND-059-1,BTC-SEA-5059,SHP-2026-159,Processing Facility Supervisor,Cold Storage Warehouse Lead,2026-09-14 04:47 UTC,Checkpoint 1 (Portland),"Intact Seal, Cold Chain Maintained",VERIFIED,Automated RFID & Temperature log verification
HND-059-2,BTC-SEA-5059,SHP-2026-159,Cold Storage Warehouse Lead,Refrigerated Truck Transport Specialist,2026-09-14 08:47 UTC,Checkpoint 2 (Portland),"Intact Seal, Cold Chain Maintained",VERIFIED,Automated RFID & Temperature log verification
HND-059-3,BTC-SEA-5059,SHP-2026-159,Refrigerated Truck Transport Specialist,Airport Cargo Ramp Agent,2026-09-14 12:47 UTC,Checkpoint 3 (Portland),Custody signature delayed,INCOMPLETE_DOCUMENTATION,Automated RFID & Temperature log verification
HND-059-4,BTC-SEA-5059,SHP-2026-159,Airport Cargo Ramp Agent,Customs Export Inspector,2026-09-14 16:47 UTC,Checkpoint 4 (Portland),"Intact Seal, Cold Chain Maintained",VERIFIED,Automated RFID & Temperature log verification
HND-059-5,BTC-SEA-5059,SHP-2026-159,Customs Export Inspector,Airline Cold Chain Specialist,2026-09-14 20:47 UTC,Checkpoint 5 (Portland),"Intact Seal, Cold Chain Maintained",VERIFIED,Automated RFID & Temperature log verification
HND-060-1,BTC-SEA-5060,SHP-2026-160,Processing Facility Supervisor,Cold Storage Warehouse Lead,2026-09-14 06:47 UTC,Checkpoint 1 (Seattle),"Intact Seal, Cold Chain Maintained",VERIFIED,Automated RFID & Temperature log verification
HND-060-2,BTC-SEA-5060,SHP-2026-160,Cold Storage Warehouse Lead,Refrigerated Truck Transport Specialist,2026-09-14 10:47 UTC,Checkpoint 2 (Seattle),"Intact Seal, Cold Chain Maintained",VERIFIED,Automated RFID & Temperature log verification
HND-060-3,BTC-SEA-5060,SHP-2026-160,Refrigerated Truck Transport Specialist,Airport Cargo Ramp Agent,2026-09-14 14:47 UTC,Checkpoint 3 (Seattle),"Intact Seal, Cold Chain Maintained",VERIFIED,Automated RFID & Temperature log verification
HND-060-4,BTC-SEA-5060,SHP-2026-160,Airport Cargo Ramp Agent,Customs Export Inspector,2026-09-14 18:47 UTC,Checkpoint 4 (Seattle),"Intact Seal, Cold Chain Maintained",VERIFIED,Automated RFID & Temperature log verification
HND-060-5,BTC-SEA-5060,SHP-2026-160,Customs Export Inspector,Airline Cold Chain Specialist,2026-09-14 22:47 UTC,Checkpoint 5 (Seattle),"Intact Seal, Cold Chain Maintained",VERIFIED,Automated RFID & Temperature log verification
HND-061-1,BTC-SEA-5061,SHP-2026-161,Processing Facility Supervisor,Cold Storage Warehouse Lead,2026-09-14 08:47 UTC,Checkpoint 1 (Portland),"Intact Seal, Cold Chain Maintained",VERIFIED,Automated RFID & Temperature log verification
HND-061-2,BTC-SEA-5061,SHP-2026-161,Cold Storage Warehouse Lead,Refrigerated Truck Transport Specialist,2026-09-14 12:47 UTC,Checkpoint 2 (Portland),"Intact Seal, Cold Chain Maintained",VERIFIED,Automated RFID & Temperature log verification
HND-061-3,BTC-SEA-5061,SHP-2026-161,Refrigerated Truck Transport Specialist,Airport Cargo Ramp Agent,2026-09-14 16:47 UTC,Checkpoint 3 (Portland),"Intact Seal, Cold Chain Maintained",VERIFIED,Automated RFID & Temperature log verification
HND-061-4,BTC-SEA-5061,SHP-2026-161,Airport Cargo Ramp Agent,Customs Export Inspector,2026-09-14 20:47 UTC,Checkpoint 4 (Portland),"Intact Seal, Cold Chain Maintained",VERIFIED,Automated RFID & Temperature log verification
HND-061-5,BTC-SEA-5061,SHP-2026-161,Customs Export Inspector,Airline Cold Chain Specialist,2026-09-15 00:47 UTC,Checkpoint 5 (Portland),"Intact Seal, Cold Chain Maintained",VERIFIED,Automated RFID & Temperature log verification
HND-062-1,BTC-SEA-5062,SHP-2026-162,Processing Facility Supervisor,Cold Storage Warehouse Lead,2026-09-14 10:47 UTC,Checkpoint 1 (Vancouver),"Intact Seal, Cold Chain Maintained",VERIFIED,Automated RFID & Temperature log verification
HND-062-2,BTC-SEA-5062,SHP-2026-162,Cold Storage Warehouse Lead,Refrigerated Truck Transport Specialist,2026-09-14 14:47 UTC,Checkpoint 2 (Vancouver),"Intact Seal, Cold Chain Maintained",VERIFIED,Automated RFID & Temperature log verification
HND-062-3,BTC-SEA-5062,SHP-2026-162,Refrigerated Truck Transport Specialist,Airport Cargo Ramp Agent,2026-09-14 18:47 UTC,Checkpoint 3 (Vancouver),"Intact Seal, Cold Chain Maintained",VERIFIED,Automated RFID & Temperature log verification
HND-062-4,BTC-SEA-5062,SHP-2026-162,Airport Cargo Ramp Agent,Customs Export Inspector,2026-09-14 22:47 UTC,Checkpoint 4 (Vancouver),"Intact Seal, Cold Chain Maintained",VERIFIED,Automated RFID & Temperature log verification
HND-062-5,BTC-SEA-5062,SHP-2026-162,Customs Export Inspector,Airline Cold Chain Specialist,2026-09-15 02:47 UTC,Checkpoint 5 (Vancouver),"Intact Seal, Cold Chain Maintained",VERIFIED,Automated RFID & Temperature log verification
HND-063-1,BTC-SEA-5063,SHP-2026-163,Processing Facility Supervisor,Cold Storage Warehouse Lead,2026-09-14 12:47 UTC,Checkpoint 1 (Boston),"Intact Seal, Cold Chain Maintained",VERIFIED,Automated RFID & Temperature log verification
HND-063-2,BTC-SEA-5063,SHP-2026-163,Cold Storage Warehouse Lead,Refrigerated Truck Transport Specialist,2026-09-14 16:47 UTC,Checkpoint 2 (Boston),"Intact Seal, Cold Chain Maintained",VERIFIED,Automated RFID & Temperature log verification
HND-063-3,BTC-SEA-5063,SHP-2026-163,Refrigerated Truck Transport Specialist,Airport Cargo Ramp Agent,2026-09-14 20:47 UTC,Checkpoint 3 (Boston),"Intact Seal, Cold Chain Maintained",VERIFIED,Automated RFID & Temperature log verification
HND-063-4,BTC-SEA-5063,SHP-2026-163,Airport Cargo Ramp Agent,Customs Export Inspector,2026-09-15 00:47 UTC,Checkpoint 4 (Boston),"Intact Seal, Cold Chain Maintained",VERIFIED,Automated RFID & Temperature log verification
HND-063-5,BTC-SEA-5063,SHP-2026-163,Customs Export Inspector,Airline Cold Chain Specialist,2026-09-15 04:47 UTC,Checkpoint 5 (Boston),"Intact Seal, Cold Chain Maintained",VERIFIED,Automated RFID & Temperature log verification
HND-064-1,BTC-SEA-5064,SHP-2026-164,Processing Facility Supervisor,Cold Storage Warehouse Lead,2026-09-14 14:47 UTC,Checkpoint 1 (Boston),"Intact Seal, Cold Chain Maintained",VERIFIED,Automated RFID & Temperature log verification
HND-064-2,BTC-SEA-5064,SHP-2026-164,Cold Storage Warehouse Lead,Refrigerated Truck Transport Specialist,2026-09-14 18:47 UTC,Checkpoint 2 (Boston),"Intact Seal, Cold Chain Maintained",VERIFIED,Automated RFID & Temperature log verification
HND-064-3,BTC-SEA-5064,SHP-2026-164,Refrigerated Truck Transport Specialist,Airport Cargo Ramp Agent,2026-09-14 22:47 UTC,Checkpoint 3 (Boston),"Intact Seal, Cold Chain Maintained",VERIFIED,Automated RFID & Temperature log verification
HND-064-4,BTC-SEA-5064,SHP-2026-164,Airport Cargo Ramp Agent,Customs Export Inspector,2026-09-15 02:47 UTC,Checkpoint 4 (Boston),"Intact Seal, Cold Chain Maintained",VERIFIED,Automated RFID & Temperature log verification
HND-064-5,BTC-SEA-5064,SHP-2026-164,Customs Export Inspector,Airline Cold Chain Specialist,2026-09-15 06:47 UTC,Checkpoint 5 (Boston),"Intact Seal, Cold Chain Maintained",VERIFIED,Automated RFID & Temperature log verification
HND-065-1,BTC-SEA-5065,SHP-2026-165,Processing Facility Supervisor,Cold Storage Warehouse Lead,2026-09-14 16:47 UTC,Checkpoint 1 (Boston),"Intact Seal, Cold Chain Maintained",VERIFIED,Automated RFID & Temperature log verification
HND-065-2,BTC-SEA-5065,SHP-2026-165,Cold Storage Warehouse Lead,Refrigerated Truck Transport Specialist,2026-09-14 20:47 UTC,Checkpoint 2 (Boston),"Intact Seal, Cold Chain Maintained",VERIFIED,Automated RFID & Temperature log verification
HND-065-3,BTC-SEA-5065,SHP-2026-165,Refrigerated Truck Transport Specialist,Airport Cargo Ramp Agent,2026-09-15 00:47 UTC,Checkpoint 3 (Boston),"Intact Seal, Cold Chain Maintained",VERIFIED,Automated RFID & Temperature log verification
HND-065-4,BTC-SEA-5065,SHP-2026-165,Airport Cargo Ramp Agent,Customs Export Inspector,2026-09-15 04:47 UTC,Checkpoint 4 (Boston),"Intact Seal, Cold Chain Maintained",VERIFIED,Automated RFID & Temperature log verification
HND-065-5,BTC-SEA-5065,SHP-2026-165,Customs Export Inspector,Airline Cold Chain Specialist,2026-09-15 08:47 UTC,Checkpoint 5 (Boston),"Intact Seal, Cold Chain Maintained",VERIFIED,Automated RFID & Temperature log verification
HND-066-1,BTC-SEA-5066,SHP-2026-166,Processing Facility Supervisor,Cold Storage Warehouse Lead,2026-09-14 18:47 UTC,Checkpoint 1 (Portland),"Intact Seal, Cold Chain Maintained",VERIFIED,Automated RFID & Temperature log verification
HND-066-2,BTC-SEA-5066,SHP-2026-166,Cold Storage Warehouse Lead,Refrigerated Truck Transport Specialist,2026-09-14 22:47 UTC,Checkpoint 2 (Portland),"Intact Seal, Cold Chain Maintained",VERIFIED,Automated RFID & Temperature log verification
HND-066-3,BTC-SEA-5066,SHP-2026-166,Refrigerated Truck Transport Specialist,Airport Cargo Ramp Agent,2026-09-15 02:47 UTC,Checkpoint 3 (Portland),"Intact Seal, Cold Chain Maintained",VERIFIED,Automated RFID & Temperature log verification
HND-066-4,BTC-SEA-5066,SHP-2026-166,Airport Cargo Ramp Agent,Customs Export Inspector,2026-09-15 06:47 UTC,Checkpoint 4 (Portland),"Intact Seal, Cold Chain Maintained",VERIFIED,Automated RFID & Temperature log verification
HND-066-5,BTC-SEA-5066,SHP-2026-166,Customs Export Inspector,Airline Cold Chain Specialist,2026-09-15 10:47 UTC,Checkpoint 5 (Portland),"Intact Seal, Cold Chain Maintained",VERIFIED,Automated RFID & Temperature log verification
HND-067-1,BTC-SEA-5067,SHP-2026-167,Processing Facility Supervisor,Cold Storage Warehouse Lead,2026-09-14 20:47 UTC,Checkpoint 1 (Seattle),"Intact Seal, Cold Chain Maintained",VERIFIED,Automated RFID & Temperature log verification
HND-067-2,BTC-SEA-5067,SHP-2026-167,Cold Storage Warehouse Lead,Refrigerated Truck Transport Specialist,2026-09-15 00:47 UTC,Checkpoint 2 (Seattle),"Intact Seal, Cold Chain Maintained",VERIFIED,Automated RFID & Temperature log verification
HND-067-3,BTC-SEA-5067,SHP-2026-167,Refrigerated Truck Transport Specialist,Airport Cargo Ramp Agent,2026-09-15 04:47 UTC,Checkpoint 3 (Seattle),"Intact Seal, Cold Chain Maintained",VERIFIED,Automated RFID & Temperature log verification
HND-067-4,BTC-SEA-5067,SHP-2026-167,Airport Cargo Ramp Agent,Customs Export Inspector,2026-09-15 08:47 UTC,Checkpoint 4 (Seattle),"Intact Seal, Cold Chain Maintained",VERIFIED,Automated RFID & Temperature log verification
HND-067-5,BTC-SEA-5067,SHP-2026-167,Customs Export Inspector,Airline Cold Chain Specialist,2026-09-15 12:47 UTC,Checkpoint 5 (Seattle),"Intact Seal, Cold Chain Maintained",VERIFIED,Automated RFID & Temperature log verification
HND-068-1,BTC-SEA-5068,SHP-2026-168,Processing Facility Supervisor,Cold Storage Warehouse Lead,2026-09-14 22:47 UTC,Checkpoint 1 (Boston),"Intact Seal, Cold Chain Maintained",VERIFIED,Automated RFID & Temperature log verification
HND-068-2,BTC-SEA-5068,SHP-2026-168,Cold Storage Warehouse Lead,Refrigerated Truck Transport Specialist,2026-09-15 02:47 UTC,Checkpoint 2 (Boston),"Intact Seal, Cold Chain Maintained",VERIFIED,Automated RFID & Temperature log verification
HND-068-3,BTC-SEA-5068,SHP-2026-168,Refrigerated Truck Transport Specialist,Airport Cargo Ramp Agent,2026-09-15 06:47 UTC,Checkpoint 3 (Boston),"Intact Seal, Cold Chain Maintained",VERIFIED,Automated RFID & Temperature log verification
HND-068-4,BTC-SEA-5068,SHP-2026-168,Airport Cargo Ramp Agent,Customs Export Inspector,2026-09-15 10:47 UTC,Checkpoint 4 (Boston),"Intact Seal, Cold Chain Maintained",VERIFIED,Automated RFID & Temperature log verification
HND-068-5,BTC-SEA-5068,SHP-2026-168,Customs Export Inspector,Airline Cold Chain Specialist,2026-09-15 14:47 UTC,Checkpoint 5 (Boston),"Intact Seal, Cold Chain Maintained",VERIFIED,Automated RFID & Temperature log verification
HND-069-1,BTC-SEA-5069,SHP-2026-169,Processing Facility Supervisor,Cold Storage Warehouse Lead,2026-09-15 00:47 UTC,Checkpoint 1 (Boston),"Intact Seal, Cold Chain Maintained",VERIFIED,Automated RFID & Temperature log verification
HND-069-2,BTC-SEA-5069,SHP-2026-169,Cold Storage Warehouse Lead,Refrigerated Truck Transport Specialist,2026-09-15 04:47 UTC,Checkpoint 2 (Boston),"Intact Seal, Cold Chain Maintained",VERIFIED,Automated RFID & Temperature log verification
HND-069-3,BTC-SEA-5069,SHP-2026-169,Refrigerated Truck Transport Specialist,Airport Cargo Ramp Agent,2026-09-15 08:47 UTC,Checkpoint 3 (Boston),"Intact Seal, Cold Chain Maintained",VERIFIED,Automated RFID & Temperature log verification
HND-069-4,BTC-SEA-5069,SHP-2026-169,Airport Cargo Ramp Agent,Customs Export Inspector,2026-09-15 12:47 UTC,Checkpoint 4 (Boston),"Intact Seal, Cold Chain Maintained",VERIFIED,Automated RFID & Temperature log verification
HND-069-5,BTC-SEA-5069,SHP-2026-169,Customs Export Inspector,Airline Cold Chain Specialist,2026-09-15 16:47 UTC,Checkpoint 5 (Boston),"Intact Seal, Cold Chain Maintained",VERIFIED,Automated RFID & Temperature log verification
HND-070-1,BTC-SEA-5070,SHP-2026-170,Processing Facility Supervisor,Cold Storage Warehouse Lead,2026-09-15 02:47 UTC,Checkpoint 1 (Portland),"Intact Seal, Cold Chain Maintained",VERIFIED,Automated RFID & Temperature log verification
HND-070-2,BTC-SEA-5070,SHP-2026-170,Cold Storage Warehouse Lead,Refrigerated Truck Transport Specialist,2026-09-15 06:47 UTC,Checkpoint 2 (Portland),"Intact Seal, Cold Chain Maintained",VERIFIED,Automated RFID & Temperature log verification
HND-070-3,BTC-SEA-5070,SHP-2026-170,Refrigerated Truck Transport Specialist,Airport Cargo Ramp Agent,2026-09-15 10:47 UTC,Checkpoint 3 (Portland),"Intact Seal, Cold Chain Maintained",VERIFIED,Automated RFID & Temperature log verification
HND-070-4,BTC-SEA-5070,SHP-2026-170,Airport Cargo Ramp Agent,Customs Export Inspector,2026-09-15 14:47 UTC,Checkpoint 4 (Portland),"Intact Seal, Cold Chain Maintained",VERIFIED,Automated RFID & Temperature log verification
HND-070-5,BTC-SEA-5070,SHP-2026-170,Customs Export Inspector,Airline Cold Chain Specialist,2026-09-15 18:47 UTC,Checkpoint 5 (Portland),"Intact Seal, Cold Chain Maintained",VERIFIED,Automated RFID & Temperature log verification
HND-071-1,BTC-SEA-5071,SHP-2026-171,Processing Facility Supervisor,Cold Storage Warehouse Lead,2026-09-15 04:47 UTC,Checkpoint 1 (Boston),"Intact Seal, Cold Chain Maintained",VERIFIED,Automated RFID & Temperature log verification
HND-071-2,BTC-SEA-5071,SHP-2026-171,Cold Storage Warehouse Lead,Refrigerated Truck Transport Specialist,2026-09-15 08:47 UTC,Checkpoint 2 (Boston),"Intact Seal, Cold Chain Maintained",VERIFIED,Automated RFID & Temperature log verification
HND-071-3,BTC-SEA-5071,SHP-2026-171,Refrigerated Truck Transport Specialist,Airport Cargo Ramp Agent,2026-09-15 12:47 UTC,Checkpoint 3 (Boston),"Intact Seal, Cold Chain Maintained",VERIFIED,Automated RFID & Temperature log verification
HND-071-4,BTC-SEA-5071,SHP-2026-171,Airport Cargo Ramp Agent,Customs Export Inspector,2026-09-15 16:47 UTC,Checkpoint 4 (Boston),"Intact Seal, Cold Chain Maintained",VERIFIED,Automated RFID & Temperature log verification
HND-071-5,BTC-SEA-5071,SHP-2026-171,Customs Export Inspector,Airline Cold Chain Specialist,2026-09-15 20:47 UTC,Checkpoint 5 (Boston),"Intact Seal, Cold Chain Maintained",VERIFIED,Automated RFID & Temperature log verification
HND-072-1,BTC-SEA-5072,SHP-2026-172,Processing Facility Supervisor,Cold Storage Warehouse Lead,2026-09-15 06:47 UTC,Checkpoint 1 (Boston),"Intact Seal, Cold Chain Maintained",VERIFIED,Automated RFID & Temperature log verification
HND-072-2,BTC-SEA-5072,SHP-2026-172,Cold Storage Warehouse Lead,Refrigerated Truck Transport Specialist,2026-09-15 10:47 UTC,Checkpoint 2 (Boston),"Intact Seal, Cold Chain Maintained",VERIFIED,Automated RFID & Temperature log verification
HND-072-3,BTC-SEA-5072,SHP-2026-172,Refrigerated Truck Transport Specialist,Airport Cargo Ramp Agent,2026-09-15 14:47 UTC,Checkpoint 3 (Boston),"Intact Seal, Cold Chain Maintained",VERIFIED,Automated RFID & Temperature log verification
HND-072-4,BTC-SEA-5072,SHP-2026-172,Airport Cargo Ramp Agent,Customs Export Inspector,2026-09-15 18:47 UTC,Checkpoint 4 (Boston),"Intact Seal, Cold Chain Maintained",VERIFIED,Automated RFID & Temperature log verification
HND-072-5,BTC-SEA-5072,SHP-2026-172,Customs Export Inspector,Airline Cold Chain Specialist,2026-09-15 22:47 UTC,Checkpoint 5 (Boston),"Intact Seal, Cold Chain Maintained",VERIFIED,Automated RFID & Temperature log verification
HND-073-1,BTC-SEA-5073,SHP-2026-173,Processing Facility Supervisor,Cold Storage Warehouse Lead,2026-09-15 08:47 UTC,Checkpoint 1 (Kodiak),"Intact Seal, Cold Chain Maintained",VERIFIED,Automated RFID & Temperature log verification
HND-073-2,BTC-SEA-5073,SHP-2026-173,Cold Storage Warehouse Lead,Refrigerated Truck Transport Specialist,2026-09-15 12:47 UTC,Checkpoint 2 (Kodiak),"Intact Seal, Cold Chain Maintained",VERIFIED,Automated RFID & Temperature log verification
HND-073-3,BTC-SEA-5073,SHP-2026-173,Refrigerated Truck Transport Specialist,Airport Cargo Ramp Agent,2026-09-15 16:47 UTC,Checkpoint 3 (Kodiak),"Intact Seal, Cold Chain Maintained",VERIFIED,Automated RFID & Temperature log verification
HND-073-4,BTC-SEA-5073,SHP-2026-173,Airport Cargo Ramp Agent,Customs Export Inspector,2026-09-15 20:47 UTC,Checkpoint 4 (Kodiak),"Intact Seal, Cold Chain Maintained",VERIFIED,Automated RFID & Temperature log verification
HND-073-5,BTC-SEA-5073,SHP-2026-173,Customs Export Inspector,Airline Cold Chain Specialist,2026-09-16 00:47 UTC,Checkpoint 5 (Kodiak),"Intact Seal, Cold Chain Maintained",VERIFIED,Automated RFID & Temperature log verification
HND-074-1,BTC-SEA-5074,SHP-2026-174,Processing Facility Supervisor,Cold Storage Warehouse Lead,2026-09-15 10:47 UTC,Checkpoint 1 (Portland),"Intact Seal, Cold Chain Maintained",VERIFIED,Automated RFID & Temperature log verification
HND-074-2,BTC-SEA-5074,SHP-2026-174,Cold Storage Warehouse Lead,Refrigerated Truck Transport Specialist,2026-09-15 14:47 UTC,Checkpoint 2 (Portland),"Intact Seal, Cold Chain Maintained",VERIFIED,Automated RFID & Temperature log verification
HND-074-3,BTC-SEA-5074,SHP-2026-174,Refrigerated Truck Transport Specialist,Airport Cargo Ramp Agent,2026-09-15 18:47 UTC,Checkpoint 3 (Portland),"Intact Seal, Cold Chain Maintained",VERIFIED,Automated RFID & Temperature log verification
HND-074-4,BTC-SEA-5074,SHP-2026-174,Airport Cargo Ramp Agent,Customs Export Inspector,2026-09-15 22:47 UTC,Checkpoint 4 (Portland),"Intact Seal, Cold Chain Maintained",VERIFIED,Automated RFID & Temperature log verification
HND-074-5,BTC-SEA-5074,SHP-2026-174,Customs Export Inspector,Airline Cold Chain Specialist,2026-09-16 02:47 UTC,Checkpoint 5 (Portland),"Intact Seal, Cold Chain Maintained",VERIFIED,Automated RFID & Temperature log verification
HND-075-1,BTC-SEA-5075,SHP-2026-175,Processing Facility Supervisor,Cold Storage Warehouse Lead,2026-09-15 12:47 UTC,Checkpoint 1 (Seattle),"Intact Seal, Cold Chain Maintained",VERIFIED,Automated RFID & Temperature log verification
HND-075-2,BTC-SEA-5075,SHP-2026-175,Cold Storage Warehouse Lead,Refrigerated Truck Transport Specialist,2026-09-15 16:47 UTC,Checkpoint 2 (Seattle),"Intact Seal, Cold Chain Maintained",VERIFIED,Automated RFID & Temperature log verification
HND-075-3,BTC-SEA-5075,SHP-2026-175,Refrigerated Truck Transport Specialist,Airport Cargo Ramp Agent,2026-09-15 20:47 UTC,Checkpoint 3 (Seattle),"Intact Seal, Cold Chain Maintained",VERIFIED,Automated RFID & Temperature log verification
HND-075-4,BTC-SEA-5075,SHP-2026-175,Airport Cargo Ramp Agent,Customs Export Inspector,2026-09-16 00:47 UTC,Checkpoint 4 (Seattle),"Intact Seal, Cold Chain Maintained",VERIFIED,Automated RFID & Temperature log verification
HND-075-5,BTC-SEA-5075,SHP-2026-175,Customs Export Inspector,Airline Cold Chain Specialist,2026-09-16 04:47 UTC,Checkpoint 5 (Seattle),"Intact Seal, Cold Chain Maintained",VERIFIED,Automated RFID & Temperature log verification
HND-076-1,BTC-SEA-5076,SHP-2026-176,Processing Facility Supervisor,Cold Storage Warehouse Lead,2026-09-15 14:47 UTC,Checkpoint 1 (Portland),"Intact Seal, Cold Chain Maintained",VERIFIED,Automated RFID & Temperature log verification
HND-076-2,BTC-SEA-5076,SHP-2026-176,Cold Storage Warehouse Lead,Refrigerated Truck Transport Specialist,2026-09-15 18:47 UTC,Checkpoint 2 (Portland),"Intact Seal, Cold Chain Maintained",VERIFIED,Automated RFID & Temperature log verification
HND-076-3,BTC-SEA-5076,SHP-2026-176,Refrigerated Truck Transport Specialist,Airport Cargo Ramp Agent,2026-09-15 22:47 UTC,Checkpoint 3 (Portland),"Intact Seal, Cold Chain Maintained",VERIFIED,Automated RFID & Temperature log verification
HND-076-4,BTC-SEA-5076,SHP-2026-176,Airport Cargo Ramp Agent,Customs Export Inspector,2026-09-16 02:47 UTC,Checkpoint 4 (Portland),"Intact Seal, Cold Chain Maintained",VERIFIED,Automated RFID & Temperature log verification
HND-076-5,BTC-SEA-5076,SHP-2026-176,Customs Export Inspector,Airline Cold Chain Specialist,2026-09-16 06:47 UTC,Checkpoint 5 (Portland),"Intact Seal, Cold Chain Maintained",VERIFIED,Automated RFID & Temperature log verification
HND-077-1,BTC-SEA-5077,SHP-2026-177,Processing Facility Supervisor,Cold Storage Warehouse Lead,2026-09-15 16:47 UTC,Checkpoint 1 (Seattle),"Intact Seal, Cold Chain Maintained",VERIFIED,Automated RFID & Temperature log verification
HND-077-2,BTC-SEA-5077,SHP-2026-177,Cold Storage Warehouse Lead,Refrigerated Truck Transport Specialist,2026-09-15 20:47 UTC,Checkpoint 2 (Seattle),"Intact Seal, Cold Chain Maintained",VERIFIED,Automated RFID & Temperature log verification
HND-077-3,BTC-SEA-5077,SHP-2026-177,Refrigerated Truck Transport Specialist,Airport Cargo Ramp Agent,2026-09-16 00:47 UTC,Checkpoint 3 (Seattle),"Intact Seal, Cold Chain Maintained",VERIFIED,Automated RFID & Temperature log verification
HND-077-4,BTC-SEA-5077,SHP-2026-177,Airport Cargo Ramp Agent,Customs Export Inspector,2026-09-16 04:47 UTC,Checkpoint 4 (Seattle),"Intact Seal, Cold Chain Maintained",VERIFIED,Automated RFID & Temperature log verification
HND-077-5,BTC-SEA-5077,SHP-2026-177,Customs Export Inspector,Airline Cold Chain Specialist,2026-09-16 08:47 UTC,Checkpoint 5 (Seattle),"Intact Seal, Cold Chain Maintained",VERIFIED,Automated RFID & Temperature log verification
HND-078-1,BTC-SEA-5078,SHP-2026-178,Processing Facility Supervisor,Cold Storage Warehouse Lead,2026-09-15 18:47 UTC,Checkpoint 1 (Portland),"Intact Seal, Cold Chain Maintained",VERIFIED,Automated RFID & Temperature log verification
HND-078-2,BTC-SEA-5078,SHP-2026-178,Cold Storage Warehouse Lead,Refrigerated Truck Transport Specialist,2026-09-15 22:47 UTC,Checkpoint 2 (Portland),"Intact Seal, Cold Chain Maintained",VERIFIED,Automated RFID & Temperature log verification
HND-078-3,BTC-SEA-5078,SHP-2026-178,Refrigerated Truck Transport Specialist,Airport Cargo Ramp Agent,2026-09-16 02:47 UTC,Checkpoint 3 (Portland),"Intact Seal, Cold Chain Maintained",VERIFIED,Automated RFID & Temperature log verification
HND-078-4,BTC-SEA-5078,SHP-2026-178,Airport Cargo Ramp Agent,Customs Export Inspector,2026-09-16 06:47 UTC,Checkpoint 4 (Portland),"Intact Seal, Cold Chain Maintained",VERIFIED,Automated RFID & Temperature log verification
HND-078-5,BTC-SEA-5078,SHP-2026-178,Customs Export Inspector,Airline Cold Chain Specialist,2026-09-16 10:47 UTC,Checkpoint 5 (Portland),"Intact Seal, Cold Chain Maintained",VERIFIED,Automated RFID & Temperature log verification
HND-079-1,BTC-SEA-5079,SHP-2026-179,Processing Facility Supervisor,Cold Storage Warehouse Lead,2026-09-15 20:47 UTC,Checkpoint 1 (Boston),"Intact Seal, Cold Chain Maintained",VERIFIED,Automated RFID & Temperature log verification
HND-079-2,BTC-SEA-5079,SHP-2026-179,Cold Storage Warehouse Lead,Refrigerated Truck Transport Specialist,2026-09-16 00:47 UTC,Checkpoint 2 (Boston),"Intact Seal, Cold Chain Maintained",VERIFIED,Automated RFID & Temperature log verification
HND-079-3,BTC-SEA-5079,SHP-2026-179,Refrigerated Truck Transport Specialist,Airport Cargo Ramp Agent,2026-09-16 04:47 UTC,Checkpoint 3 (Boston),"Intact Seal, Cold Chain Maintained",VERIFIED,Automated RFID & Temperature log verification
HND-079-4,BTC-SEA-5079,SHP-2026-179,Airport Cargo Ramp Agent,Customs Export Inspector,2026-09-16 08:47 UTC,Checkpoint 4 (Boston),"Intact Seal, Cold Chain Maintained",VERIFIED,Automated RFID & Temperature log verification
HND-079-5,BTC-SEA-5079,SHP-2026-179,Customs Export Inspector,Airline Cold Chain Specialist,2026-09-16 12:47 UTC,Checkpoint 5 (Boston),"Intact Seal, Cold Chain Maintained",VERIFIED,Automated RFID & Temperature log verification
HND-080-1,BTC-SEA-5080,SHP-2026-180,Processing Facility Supervisor,Cold Storage Warehouse Lead,2026-09-15 22:47 UTC,Checkpoint 1 (Seattle),"Intact Seal, Cold Chain Maintained",VERIFIED,Automated RFID & Temperature log verification
HND-080-2,BTC-SEA-5080,SHP-2026-180,Cold Storage Warehouse Lead,Refrigerated Truck Transport Specialist,2026-09-16 02:47 UTC,Checkpoint 2 (Seattle),"Intact Seal, Cold Chain Maintained",VERIFIED,Automated RFID & Temperature log verification
HND-080-3,BTC-SEA-5080,SHP-2026-180,Refrigerated Truck Transport Specialist,Airport Cargo Ramp Agent,2026-09-16 06:47 UTC,Checkpoint 3 (Seattle),"Intact Seal, Cold Chain Maintained",VERIFIED,Automated RFID & Temperature log verification
HND-080-4,BTC-SEA-5080,SHP-2026-180,Airport Cargo Ramp Agent,Customs Export Inspector,2026-09-16 10:47 UTC,Checkpoint 4 (Seattle),"Intact Seal, Cold Chain Maintained",VERIFIED,Automated RFID & Temperature log verification
HND-080-5,BTC-SEA-5080,SHP-2026-180,Customs Export Inspector,Airline Cold Chain Specialist,2026-09-16 14:47 UTC,Checkpoint 5 (Seattle),"Intact Seal, Cold Chain Maintained",VERIFIED,Automated RFID & Temperature log verification
HND-081-1,BTC-SEA-5081,SHP-2026-181,Processing Facility Supervisor,Cold Storage Warehouse Lead,2026-09-16 00:47 UTC,Checkpoint 1 (Boston),"Intact Seal, Cold Chain Maintained",VERIFIED,Automated RFID & Temperature log verification
HND-081-2,BTC-SEA-5081,SHP-2026-181,Cold Storage Warehouse Lead,Refrigerated Truck Transport Specialist,2026-09-16 04:47 UTC,Checkpoint 2 (Boston),"Intact Seal, Cold Chain Maintained",VERIFIED,Automated RFID & Temperature log verification
HND-081-3,BTC-SEA-5081,SHP-2026-181,Refrigerated Truck Transport Specialist,Airport Cargo Ramp Agent,2026-09-16 08:47 UTC,Checkpoint 3 (Boston),"Intact Seal, Cold Chain Maintained",VERIFIED,Automated RFID & Temperature log verification
HND-081-4,BTC-SEA-5081,SHP-2026-181,Airport Cargo Ramp Agent,Customs Export Inspector,2026-09-16 12:47 UTC,Checkpoint 4 (Boston),"Intact Seal, Cold Chain Maintained",VERIFIED,Automated RFID & Temperature log verification
HND-081-5,BTC-SEA-5081,SHP-2026-181,Customs Export Inspector,Airline Cold Chain Specialist,2026-09-16 16:47 UTC,Checkpoint 5 (Boston),"Intact Seal, Cold Chain Maintained",VERIFIED,Automated RFID & Temperature log verification
HND-082-1,BTC-SEA-5082,SHP-2026-182,Processing Facility Supervisor,Cold Storage Warehouse Lead,2026-09-16 02:47 UTC,Checkpoint 1 (Boston),"Intact Seal, Cold Chain Maintained",VERIFIED,Automated RFID & Temperature log verification
HND-082-2,BTC-SEA-5082,SHP-2026-182,Cold Storage Warehouse Lead,Refrigerated Truck Transport Specialist,2026-09-16 06:47 UTC,Checkpoint 2 (Boston),"Intact Seal, Cold Chain Maintained",VERIFIED,Automated RFID & Temperature log verification
HND-082-3,BTC-SEA-5082,SHP-2026-182,Refrigerated Truck Transport Specialist,Airport Cargo Ramp Agent,2026-09-16 10:47 UTC,Checkpoint 3 (Boston),"Intact Seal, Cold Chain Maintained",VERIFIED,Automated RFID & Temperature log verification
HND-082-4,BTC-SEA-5082,SHP-2026-182,Airport Cargo Ramp Agent,Customs Export Inspector,2026-09-16 14:47 UTC,Checkpoint 4 (Boston),"Intact Seal, Cold Chain Maintained",VERIFIED,Automated RFID & Temperature log verification
HND-082-5,BTC-SEA-5082,SHP-2026-182,Customs Export Inspector,Airline Cold Chain Specialist,2026-09-16 18:47 UTC,Checkpoint 5 (Boston),"Intact Seal, Cold Chain Maintained",VERIFIED,Automated RFID & Temperature log verification
HND-083-1,BTC-SEA-5083,SHP-2026-183,Processing Facility Supervisor,Cold Storage Warehouse Lead,2026-09-16 04:47 UTC,Checkpoint 1 (Portland),"Intact Seal, Cold Chain Maintained",VERIFIED,Automated RFID & Temperature log verification
HND-083-2,BTC-SEA-5083,SHP-2026-183,Cold Storage Warehouse Lead,Refrigerated Truck Transport Specialist,2026-09-16 08:47 UTC,Checkpoint 2 (Portland),"Intact Seal, Cold Chain Maintained",VERIFIED,Automated RFID & Temperature log verification
HND-083-3,BTC-SEA-5083,SHP-2026-183,Refrigerated Truck Transport Specialist,Airport Cargo Ramp Agent,2026-09-16 12:47 UTC,Checkpoint 3 (Portland),"Intact Seal, Cold Chain Maintained",VERIFIED,Automated RFID & Temperature log verification
HND-083-4,BTC-SEA-5083,SHP-2026-183,Airport Cargo Ramp Agent,Customs Export Inspector,2026-09-16 16:47 UTC,Checkpoint 4 (Portland),"Intact Seal, Cold Chain Maintained",VERIFIED,Automated RFID & Temperature log verification
HND-083-5,BTC-SEA-5083,SHP-2026-183,Customs Export Inspector,Airline Cold Chain Specialist,2026-09-16 20:47 UTC,Checkpoint 5 (Portland),"Intact Seal, Cold Chain Maintained",VERIFIED,Automated RFID & Temperature log verification
HND-084-1,BTC-SEA-5084,SHP-2026-184,Processing Facility Supervisor,Cold Storage Warehouse Lead,2026-09-16 06:47 UTC,Checkpoint 1 (Vancouver),"Intact Seal, Cold Chain Maintained",VERIFIED,Automated RFID & Temperature log verification
HND-084-2,BTC-SEA-5084,SHP-2026-184,Cold Storage Warehouse Lead,Refrigerated Truck Transport Specialist,2026-09-16 10:47 UTC,Checkpoint 2 (Vancouver),"Intact Seal, Cold Chain Maintained",VERIFIED,Automated RFID & Temperature log verification
HND-084-3,BTC-SEA-5084,SHP-2026-184,Refrigerated Truck Transport Specialist,Airport Cargo Ramp Agent,2026-09-16 14:47 UTC,Checkpoint 3 (Vancouver),"Intact Seal, Cold Chain Maintained",VERIFIED,Automated RFID & Temperature log verification
HND-084-4,BTC-SEA-5084,SHP-2026-184,Airport Cargo Ramp Agent,Customs Export Inspector,2026-09-16 18:47 UTC,Checkpoint 4 (Vancouver),"Intact Seal, Cold Chain Maintained",VERIFIED,Automated RFID & Temperature log verification
HND-084-5,BTC-SEA-5084,SHP-2026-184,Customs Export Inspector,Airline Cold Chain Specialist,2026-09-16 22:47 UTC,Checkpoint 5 (Vancouver),"Intact Seal, Cold Chain Maintained",VERIFIED,Automated RFID & Temperature log verification
HND-085-1,BTC-SEA-5085,SHP-2026-185,Processing Facility Supervisor,Cold Storage Warehouse Lead,2026-09-16 08:47 UTC,Checkpoint 1 (Vancouver),"Intact Seal, Cold Chain Maintained",VERIFIED,Automated RFID & Temperature log verification
HND-085-2,BTC-SEA-5085,SHP-2026-185,Cold Storage Warehouse Lead,Refrigerated Truck Transport Specialist,2026-09-16 12:47 UTC,Checkpoint 2 (Vancouver),"Intact Seal, Cold Chain Maintained",VERIFIED,Automated RFID & Temperature log verification
HND-085-3,BTC-SEA-5085,SHP-2026-185,Refrigerated Truck Transport Specialist,Airport Cargo Ramp Agent,2026-09-16 16:47 UTC,Checkpoint 3 (Vancouver),"Intact Seal, Cold Chain Maintained",VERIFIED,Automated RFID & Temperature log verification
HND-085-4,BTC-SEA-5085,SHP-2026-185,Airport Cargo Ramp Agent,Customs Export Inspector,2026-09-16 20:47 UTC,Checkpoint 4 (Vancouver),"Intact Seal, Cold Chain Maintained",VERIFIED,Automated RFID & Temperature log verification
HND-085-5,BTC-SEA-5085,SHP-2026-185,Customs Export Inspector,Airline Cold Chain Specialist,2026-09-17 00:47 UTC,Checkpoint 5 (Vancouver),"Intact Seal, Cold Chain Maintained",VERIFIED,Automated RFID & Temperature log verification
HND-086-1,BTC-SEA-5086,SHP-2026-186,Processing Facility Supervisor,Cold Storage Warehouse Lead,2026-09-16 10:47 UTC,Checkpoint 1 (Anchorage),"Intact Seal, Cold Chain Maintained",VERIFIED,Automated RFID & Temperature log verification
HND-086-2,BTC-SEA-5086,SHP-2026-186,Cold Storage Warehouse Lead,Refrigerated Truck Transport Specialist,2026-09-16 14:47 UTC,Checkpoint 2 (Anchorage),"Intact Seal, Cold Chain Maintained",VERIFIED,Automated RFID & Temperature log verification
HND-086-3,BTC-SEA-5086,SHP-2026-186,Refrigerated Truck Transport Specialist,Airport Cargo Ramp Agent,2026-09-16 18:47 UTC,Checkpoint 3 (Anchorage),"Intact Seal, Cold Chain Maintained",VERIFIED,Automated RFID & Temperature log verification
HND-086-4,BTC-SEA-5086,SHP-2026-186,Airport Cargo Ramp Agent,Customs Export Inspector,2026-09-16 22:47 UTC,Checkpoint 4 (Anchorage),"Intact Seal, Cold Chain Maintained",VERIFIED,Automated RFID & Temperature log verification
HND-086-5,BTC-SEA-5086,SHP-2026-186,Customs Export Inspector,Airline Cold Chain Specialist,2026-09-17 02:47 UTC,Checkpoint 5 (Anchorage),"Intact Seal, Cold Chain Maintained",VERIFIED,Automated RFID & Temperature log verification
HND-087-1,BTC-SEA-5087,SHP-2026-187,Processing Facility Supervisor,Cold Storage Warehouse Lead,2026-09-16 12:47 UTC,Checkpoint 1 (Vancouver),"Intact Seal, Cold Chain Maintained",VERIFIED,Automated RFID & Temperature log verification
HND-087-2,BTC-SEA-5087,SHP-2026-187,Cold Storage Warehouse Lead,Refrigerated Truck Transport Specialist,2026-09-16 16:47 UTC,Checkpoint 2 (Vancouver),"Intact Seal, Cold Chain Maintained",VERIFIED,Automated RFID & Temperature log verification
HND-087-3,BTC-SEA-5087,SHP-2026-187,Refrigerated Truck Transport Specialist,Airport Cargo Ramp Agent,2026-09-16 20:47 UTC,Checkpoint 3 (Vancouver),"Intact Seal, Cold Chain Maintained",VERIFIED,Automated RFID & Temperature log verification
HND-087-4,BTC-SEA-5087,SHP-2026-187,Airport Cargo Ramp Agent,Customs Export Inspector,2026-09-17 00:47 UTC,Checkpoint 4 (Vancouver),"Intact Seal, Cold Chain Maintained",VERIFIED,Automated RFID & Temperature log verification
HND-087-5,BTC-SEA-5087,SHP-2026-187,Customs Export Inspector,Airline Cold Chain Specialist,2026-09-17 04:47 UTC,Checkpoint 5 (Vancouver),"Intact Seal, Cold Chain Maintained",VERIFIED,Automated RFID & Temperature log verification
HND-088-1,BTC-SEA-5088,SHP-2026-188,Processing Facility Supervisor,Cold Storage Warehouse Lead,2026-09-16 14:47 UTC,Checkpoint 1 (Seattle),"Intact Seal, Cold Chain Maintained",VERIFIED,Automated RFID & Temperature log verification
HND-088-2,BTC-SEA-5088,SHP-2026-188,Cold Storage Warehouse Lead,Refrigerated Truck Transport Specialist,2026-09-16 18:47 UTC,Checkpoint 2 (Seattle),"Intact Seal, Cold Chain Maintained",VERIFIED,Automated RFID & Temperature log verification
HND-088-3,BTC-SEA-5088,SHP-2026-188,Refrigerated Truck Transport Specialist,Airport Cargo Ramp Agent,2026-09-16 22:47 UTC,Checkpoint 3 (Seattle),"Intact Seal, Cold Chain Maintained",VERIFIED,Automated RFID & Temperature log verification
HND-088-4,BTC-SEA-5088,SHP-2026-188,Airport Cargo Ramp Agent,Customs Export Inspector,2026-09-17 02:47 UTC,Checkpoint 4 (Seattle),"Intact Seal, Cold Chain Maintained",VERIFIED,Automated RFID & Temperature log verification
HND-088-5,BTC-SEA-5088,SHP-2026-188,Customs Export Inspector,Airline Cold Chain Specialist,2026-09-17 06:47 UTC,Checkpoint 5 (Seattle),"Intact Seal, Cold Chain Maintained",VERIFIED,Automated RFID & Temperature log verification
HND-089-1,BTC-SEA-5089,SHP-2026-189,Processing Facility Supervisor,Cold Storage Warehouse Lead,2026-09-16 16:47 UTC,Checkpoint 1 (Boston),"Intact Seal, Cold Chain Maintained",VERIFIED,Automated RFID & Temperature log verification
HND-089-2,BTC-SEA-5089,SHP-2026-189,Cold Storage Warehouse Lead,Refrigerated Truck Transport Specialist,2026-09-16 20:47 UTC,Checkpoint 2 (Boston),"Intact Seal, Cold Chain Maintained",VERIFIED,Automated RFID & Temperature log verification
HND-089-3,BTC-SEA-5089,SHP-2026-189,Refrigerated Truck Transport Specialist,Airport Cargo Ramp Agent,2026-09-17 00:47 UTC,Checkpoint 3 (Boston),"Intact Seal, Cold Chain Maintained",VERIFIED,Automated RFID & Temperature log verification
HND-089-4,BTC-SEA-5089,SHP-2026-189,Airport Cargo Ramp Agent,Customs Export Inspector,2026-09-17 04:47 UTC,Checkpoint 4 (Boston),"Intact Seal, Cold Chain Maintained",VERIFIED,Automated RFID & Temperature log verification
HND-089-5,BTC-SEA-5089,SHP-2026-189,Customs Export Inspector,Airline Cold Chain Specialist,2026-09-17 08:47 UTC,Checkpoint 5 (Boston),"Intact Seal, Cold Chain Maintained",VERIFIED,Automated RFID & Temperature log verification
HND-090-1,BTC-SEA-5090,SHP-2026-190,Processing Facility Supervisor,Cold Storage Warehouse Lead,2026-09-16 18:47 UTC,Checkpoint 1 (Vancouver),"Intact Seal, Cold Chain Maintained",VERIFIED,Automated RFID & Temperature log verification
HND-090-2,BTC-SEA-5090,SHP-2026-190,Cold Storage Warehouse Lead,Refrigerated Truck Transport Specialist,2026-09-16 22:47 UTC,Checkpoint 2 (Vancouver),"Intact Seal, Cold Chain Maintained",VERIFIED,Automated RFID & Temperature log verification
HND-090-3,BTC-SEA-5090,SHP-2026-190,Refrigerated Truck Transport Specialist,Airport Cargo Ramp Agent,2026-09-17 02:47 UTC,Checkpoint 3 (Vancouver),"Intact Seal, Cold Chain Maintained",VERIFIED,Automated RFID & Temperature log verification
HND-090-4,BTC-SEA-5090,SHP-2026-190,Airport Cargo Ramp Agent,Customs Export Inspector,2026-09-17 06:47 UTC,Checkpoint 4 (Vancouver),"Intact Seal, Cold Chain Maintained",VERIFIED,Automated RFID & Temperature log verification
HND-090-5,BTC-SEA-5090,SHP-2026-190,Customs Export Inspector,Airline Cold Chain Specialist,2026-09-17 10:47 UTC,Checkpoint 5 (Vancouver),"Intact Seal, Cold Chain Maintained",VERIFIED,Automated RFID & Temperature log verification
HND-091-1,BTC-SEA-5091,SHP-2026-191,Processing Facility Supervisor,Cold Storage Warehouse Lead,2026-09-16 20:47 UTC,Checkpoint 1 (Portland),"Intact Seal, Cold Chain Maintained",VERIFIED,Automated RFID & Temperature log verification
HND-091-2,BTC-SEA-5091,SHP-2026-191,Cold Storage Warehouse Lead,Refrigerated Truck Transport Specialist,2026-09-17 00:47 UTC,Checkpoint 2 (Portland),"Intact Seal, Cold Chain Maintained",VERIFIED,Automated RFID & Temperature log verification
HND-091-3,BTC-SEA-5091,SHP-2026-191,Refrigerated Truck Transport Specialist,Airport Cargo Ramp Agent,2026-09-17 04:47 UTC,Checkpoint 3 (Portland),"Intact Seal, Cold Chain Maintained",VERIFIED,Automated RFID & Temperature log verification
HND-091-4,BTC-SEA-5091,SHP-2026-191,Airport Cargo Ramp Agent,Customs Export Inspector,2026-09-17 08:47 UTC,Checkpoint 4 (Portland),"Intact Seal, Cold Chain Maintained",VERIFIED,Automated RFID & Temperature log verification
HND-091-5,BTC-SEA-5091,SHP-2026-191,Customs Export Inspector,Airline Cold Chain Specialist,2026-09-17 12:47 UTC,Checkpoint 5 (Portland),"Intact Seal, Cold Chain Maintained",VERIFIED,Automated RFID & Temperature log verification
HND-092-1,BTC-SEA-5092,SHP-2026-192,Processing Facility Supervisor,Cold Storage Warehouse Lead,2026-09-16 22:47 UTC,Checkpoint 1 (Vancouver),"Intact Seal, Cold Chain Maintained",VERIFIED,Automated RFID & Temperature log verification
HND-092-2,BTC-SEA-5092,SHP-2026-192,Cold Storage Warehouse Lead,Refrigerated Truck Transport Specialist,2026-09-17 02:47 UTC,Checkpoint 2 (Vancouver),"Intact Seal, Cold Chain Maintained",VERIFIED,Automated RFID & Temperature log verification
HND-092-3,BTC-SEA-5092,SHP-2026-192,Refrigerated Truck Transport Specialist,Airport Cargo Ramp Agent,2026-09-17 06:47 UTC,Checkpoint 3 (Vancouver),"Intact Seal, Cold Chain Maintained",VERIFIED,Automated RFID & Temperature log verification
HND-092-4,BTC-SEA-5092,SHP-2026-192,Airport Cargo Ramp Agent,Customs Export Inspector,2026-09-17 10:47 UTC,Checkpoint 4 (Vancouver),"Intact Seal, Cold Chain Maintained",VERIFIED,Automated RFID & Temperature log verification
HND-092-5,BTC-SEA-5092,SHP-2026-192,Customs Export Inspector,Airline Cold Chain Specialist,2026-09-17 14:47 UTC,Checkpoint 5 (Vancouver),"Intact Seal, Cold Chain Maintained",VERIFIED,Automated RFID & Temperature log verification
HND-093-1,BTC-SEA-5093,SHP-2026-193,Processing Facility Supervisor,Cold Storage Warehouse Lead,2026-09-17 00:47 UTC,Checkpoint 1 (Vancouver),"Intact Seal, Cold Chain Maintained",VERIFIED,Automated RFID & Temperature log verification
HND-093-2,BTC-SEA-5093,SHP-2026-193,Cold Storage Warehouse Lead,Refrigerated Truck Transport Specialist,2026-09-17 04:47 UTC,Checkpoint 2 (Vancouver),"Intact Seal, Cold Chain Maintained",VERIFIED,Automated RFID & Temperature log verification
HND-093-3,BTC-SEA-5093,SHP-2026-193,Refrigerated Truck Transport Specialist,Airport Cargo Ramp Agent,2026-09-17 08:47 UTC,Checkpoint 3 (Vancouver),"Intact Seal, Cold Chain Maintained",VERIFIED,Automated RFID & Temperature log verification
HND-093-4,BTC-SEA-5093,SHP-2026-193,Airport Cargo Ramp Agent,Customs Export Inspector,2026-09-17 12:47 UTC,Checkpoint 4 (Vancouver),"Intact Seal, Cold Chain Maintained",VERIFIED,Automated RFID & Temperature log verification
HND-093-5,BTC-SEA-5093,SHP-2026-193,Customs Export Inspector,Airline Cold Chain Specialist,2026-09-17 16:47 UTC,Checkpoint 5 (Vancouver),"Intact Seal, Cold Chain Maintained",VERIFIED,Automated RFID & Temperature log verification
HND-094-1,BTC-SEA-5094,SHP-2026-194,Processing Facility Supervisor,Cold Storage Warehouse Lead,2026-09-17 02:47 UTC,Checkpoint 1 (Vancouver),"Intact Seal, Cold Chain Maintained",VERIFIED,Automated RFID & Temperature log verification
HND-094-2,BTC-SEA-5094,SHP-2026-194,Cold Storage Warehouse Lead,Refrigerated Truck Transport Specialist,2026-09-17 06:47 UTC,Checkpoint 2 (Vancouver),"Intact Seal, Cold Chain Maintained",VERIFIED,Automated RFID & Temperature log verification
HND-094-3,BTC-SEA-5094,SHP-2026-194,Refrigerated Truck Transport Specialist,Airport Cargo Ramp Agent,2026-09-17 10:47 UTC,Checkpoint 3 (Vancouver),"Intact Seal, Cold Chain Maintained",VERIFIED,Automated RFID & Temperature log verification
HND-094-4,BTC-SEA-5094,SHP-2026-194,Airport Cargo Ramp Agent,Customs Export Inspector,2026-09-17 14:47 UTC,Checkpoint 4 (Vancouver),"Intact Seal, Cold Chain Maintained",VERIFIED,Automated RFID & Temperature log verification
HND-094-5,BTC-SEA-5094,SHP-2026-194,Customs Export Inspector,Airline Cold Chain Specialist,2026-09-17 18:47 UTC,Checkpoint 5 (Vancouver),"Intact Seal, Cold Chain Maintained",VERIFIED,Automated RFID & Temperature log verification
HND-095-1,BTC-SEA-5095,SHP-2026-195,Processing Facility Supervisor,Cold Storage Warehouse Lead,2026-09-17 04:47 UTC,Checkpoint 1 (Vancouver),"Intact Seal, Cold Chain Maintained",VERIFIED,Automated RFID & Temperature log verification
HND-095-2,BTC-SEA-5095,SHP-2026-195,Cold Storage Warehouse Lead,Refrigerated Truck Transport Specialist,2026-09-17 08:47 UTC,Checkpoint 2 (Vancouver),"Intact Seal, Cold Chain Maintained",VERIFIED,Automated RFID & Temperature log verification
HND-095-3,BTC-SEA-5095,SHP-2026-195,Refrigerated Truck Transport Specialist,Airport Cargo Ramp Agent,2026-09-17 12:47 UTC,Checkpoint 3 (Vancouver),"Intact Seal, Cold Chain Maintained",VERIFIED,Automated RFID & Temperature log verification
HND-095-4,BTC-SEA-5095,SHP-2026-195,Airport Cargo Ramp Agent,Customs Export Inspector,2026-09-17 16:47 UTC,Checkpoint 4 (Vancouver),"Intact Seal, Cold Chain Maintained",VERIFIED,Automated RFID & Temperature log verification
HND-095-5,BTC-SEA-5095,SHP-2026-195,Customs Export Inspector,Airline Cold Chain Specialist,2026-09-17 20:47 UTC,Checkpoint 5 (Vancouver),"Intact Seal, Cold Chain Maintained",VERIFIED,Automated RFID & Temperature log verification
HND-096-1,BTC-SEA-5096,SHP-2026-196,Processing Facility Supervisor,Cold Storage Warehouse Lead,2026-09-17 06:47 UTC,Checkpoint 1 (Seattle),"Intact Seal, Cold Chain Maintained",VERIFIED,Automated RFID & Temperature log verification
HND-096-2,BTC-SEA-5096,SHP-2026-196,Cold Storage Warehouse Lead,Refrigerated Truck Transport Specialist,2026-09-17 10:47 UTC,Checkpoint 2 (Seattle),"Intact Seal, Cold Chain Maintained",VERIFIED,Automated RFID & Temperature log verification
HND-096-3,BTC-SEA-5096,SHP-2026-196,Refrigerated Truck Transport Specialist,Airport Cargo Ramp Agent,2026-09-17 14:47 UTC,Checkpoint 3 (Seattle),"Intact Seal, Cold Chain Maintained",VERIFIED,Automated RFID & Temperature log verification
HND-096-4,BTC-SEA-5096,SHP-2026-196,Airport Cargo Ramp Agent,Customs Export Inspector,2026-09-17 18:47 UTC,Checkpoint 4 (Seattle),"Intact Seal, Cold Chain Maintained",VERIFIED,Automated RFID & Temperature log verification
HND-096-5,BTC-SEA-5096,SHP-2026-196,Customs Export Inspector,Airline Cold Chain Specialist,2026-09-17 22:47 UTC,Checkpoint 5 (Seattle),"Intact Seal, Cold Chain Maintained",VERIFIED,Automated RFID & Temperature log verification
HND-097-1,BTC-SEA-5097,SHP-2026-197,Processing Facility Supervisor,Cold Storage Warehouse Lead,2026-09-17 08:47 UTC,Checkpoint 1 (Vancouver),"Intact Seal, Cold Chain Maintained",VERIFIED,Automated RFID & Temperature log verification
HND-097-2,BTC-SEA-5097,SHP-2026-197,Cold Storage Warehouse Lead,Refrigerated Truck Transport Specialist,2026-09-17 12:47 UTC,Checkpoint 2 (Vancouver),"Intact Seal, Cold Chain Maintained",VERIFIED,Automated RFID & Temperature log verification
HND-097-3,BTC-SEA-5097,SHP-2026-197,Refrigerated Truck Transport Specialist,Airport Cargo Ramp Agent,2026-09-17 16:47 UTC,Checkpoint 3 (Vancouver),"Intact Seal, Cold Chain Maintained",VERIFIED,Automated RFID & Temperature log verification
HND-097-4,BTC-SEA-5097,SHP-2026-197,Airport Cargo Ramp Agent,Customs Export Inspector,2026-09-17 20:47 UTC,Checkpoint 4 (Vancouver),"Intact Seal, Cold Chain Maintained",VERIFIED,Automated RFID & Temperature log verification
HND-097-5,BTC-SEA-5097,SHP-2026-197,Customs Export Inspector,Airline Cold Chain Specialist,2026-09-18 00:47 UTC,Checkpoint 5 (Vancouver),"Intact Seal, Cold Chain Maintained",VERIFIED,Automated RFID & Temperature log verification
HND-098-1,BTC-SEA-5098,SHP-2026-198,Processing Facility Supervisor,Cold Storage Warehouse Lead,2026-09-17 10:47 UTC,Checkpoint 1 (Seattle),"Intact Seal, Cold Chain Maintained",VERIFIED,Automated RFID & Temperature log verification
HND-098-2,BTC-SEA-5098,SHP-2026-198,Cold Storage Warehouse Lead,Refrigerated Truck Transport Specialist,2026-09-17 14:47 UTC,Checkpoint 2 (Seattle),"Intact Seal, Cold Chain Maintained",VERIFIED,Automated RFID & Temperature log verification
HND-098-3,BTC-SEA-5098,SHP-2026-198,Refrigerated Truck Transport Specialist,Airport Cargo Ramp Agent,2026-09-17 18:47 UTC,Checkpoint 3 (Seattle),"Intact Seal, Cold Chain Maintained",VERIFIED,Automated RFID & Temperature log verification
HND-098-4,BTC-SEA-5098,SHP-2026-198,Airport Cargo Ramp Agent,Customs Export Inspector,2026-09-17 22:47 UTC,Checkpoint 4 (Seattle),"Intact Seal, Cold Chain Maintained",VERIFIED,Automated RFID & Temperature log verification
HND-098-5,BTC-SEA-5098,SHP-2026-198,Customs Export Inspector,Airline Cold Chain Specialist,2026-09-18 02:47 UTC,Checkpoint 5 (Seattle),"Intact Seal, Cold Chain Maintained",VERIFIED,Automated RFID & Temperature log verification
HND-099-1,BTC-SEA-5099,SHP-2026-199,Processing Facility Supervisor,Cold Storage Warehouse Lead,2026-09-17 12:47 UTC,Checkpoint 1 (Kodiak),"Intact Seal, Cold Chain Maintained",VERIFIED,Automated RFID & Temperature log verification
HND-099-2,BTC-SEA-5099,SHP-2026-199,Cold Storage Warehouse Lead,Refrigerated Truck Transport Specialist,2026-09-17 16:47 UTC,Checkpoint 2 (Kodiak),"Intact Seal, Cold Chain Maintained",VERIFIED,Automated RFID & Temperature log verification
HND-099-3,BTC-SEA-5099,SHP-2026-199,Refrigerated Truck Transport Specialist,Airport Cargo Ramp Agent,2026-09-17 20:47 UTC,Checkpoint 3 (Kodiak),"Intact Seal, Cold Chain Maintained",VERIFIED,Automated RFID & Temperature log verification
HND-099-4,BTC-SEA-5099,SHP-2026-199,Airport Cargo Ramp Agent,Customs Export Inspector,2026-09-18 00:47 UTC,Checkpoint 4 (Kodiak),"Intact Seal, Cold Chain Maintained",VERIFIED,Automated RFID & Temperature log verification
HND-099-5,BTC-SEA-5099,SHP-2026-199,Customs Export Inspector,Airline Cold Chain Specialist,2026-09-18 04:47 UTC,Checkpoint 5 (Kodiak),"Intact Seal, Cold Chain Maintained",VERIFIED,Automated RFID & Temperature log verification
HND-100-1,BTC-SEA-5100,SHP-2026-200,Processing Facility Supervisor,Cold Storage Warehouse Lead,2026-09-17 14:47 UTC,Checkpoint 1 (Seattle),"Intact Seal, Cold Chain Maintained",VERIFIED,Automated RFID & Temperature log verification
HND-100-2,BTC-SEA-5100,SHP-2026-200,Cold Storage Warehouse Lead,Refrigerated Truck Transport Specialist,2026-09-17 18:47 UTC,Checkpoint 2 (Seattle),"Intact Seal, Cold Chain Maintained",VERIFIED,Automated RFID & Temperature log verification
HND-100-3,BTC-SEA-5100,SHP-2026-200,Refrigerated Truck Transport Specialist,Airport Cargo Ramp Agent,2026-09-17 22:47 UTC,Checkpoint 3 (Seattle),"Intact Seal, Cold Chain Maintained",VERIFIED,Automated RFID & Temperature log verification
HND-100-4,BTC-SEA-5100,SHP-2026-200,Airport Cargo Ramp Agent,Customs Export Inspector,2026-09-18 02:47 UTC,Checkpoint 4 (Seattle),"Intact Seal, Cold Chain Maintained",VERIFIED,Automated RFID & Temperature log verification
HND-100-5,BTC-SEA-5100,SHP-2026-200,Customs Export Inspector,Airline Cold Chain Specialist,2026-09-18 06:47 UTC,Checkpoint 5 (Seattle),"Intact Seal, Cold Chain Maintained",VERIFIED,Automated RFID & Temperature log verification
