buffer_id,payload_type,payload_data,created_at,synced,payload_hash,sync_status,retry_count,error_message
559,OFFLINE_SENSOR_TELEMETRY,"{""sensor_id"": ""SNS-101"", ""temp"": -19.2, ""status"": ""BUFFERED""}",2026-09-28 08:21:41 UTC,1,eaf0fd13f73b7f16e22ec021ba0df359305b28efb043fd18a0f66647e13b03f5,SYNCED,0,
560,sensor_log,"{""sensor_id"": ""SENS-0"", ""temp"": 2.0, ""test"": true}",2026-09-28 08:24:41 UTC,1,9474b5b4a8109ec4101a961da9877dd15b7fae34db2eae00bd17056220127b47,SYNCED,0,
561,sensor_log,"{""sensor_id"": ""SENS-1"", ""temp"": 3.0, ""test"": true}",2026-09-28 08:24:41 UTC,1,c6b265e5e5a28fcdf7a5ad3f196fd5c0864da61b4c1d518597b1a029f5d5435b,SYNCED,0,
562,sensor_log,"{""sensor_id"": ""SENS-2"", ""temp"": 4.0, ""test"": true}",2026-09-28 08:24:41 UTC,1,41abf27e1f62dbe2825ac79ca11b66f073c08dc3b1264f8d40508189991e9d1c,SYNCED,0,
563,sensor_log,"{""sensor_id"": ""SENS-3"", ""temp"": 5.0, ""test"": true}",2026-09-28 08:24:41 UTC,1,3f8c8485d89a1aa546018e43ba132e29ed50902228d61041427795af8beb0ae3,SYNCED,0,
564,sensor_log,"{""sensor_id"": ""SENS-4"", ""temp"": 6.0, ""test"": true}",2026-09-28 08:24:41 UTC,1,e957c8fdced6d4805e24818fe34969bf834dc6d3707f2bf254a649f07421190c,SYNCED,0,
565,SENSOR_LOG,"{""sensor_id"": ""SNS-MH-1000"", ""batch_id"": ""BTC-SEA-5001"", ""shipment_id"": ""SHP-2026-101"", ""timestamp"": ""2026-09-28 07:24:41 UTC"", ""temperature"": -18.23, ""humidity"": 88.6, ""location"": ""GPS: 45.0000 N, -120.0000 W"", ""battery_status"": 95}",2026-09-28 08:24:41 UTC,1,dc32ea0aea5cfdbfd944a253864ba39861adda6f732a80a9aefd08135fabfe1e,SYNCED,0,
566,SENSOR_LOG,"{""sensor_id"": ""SNS-MH-1000"", ""batch_id"": ""BTC-SEA-5001"", ""shipment_id"": ""SHP-2026-101"", ""timestamp"": ""2026-09-28 07:39:41 UTC"", ""temperature"": -21.52, ""humidity"": 91.7, ""location"": ""GPS: 45.0000 N, -120.0100 W"", ""battery_status"": 95}",2026-09-28 08:24:41 UTC,1,c2a6a76d5ffe741ba14c42ed0319b834d999bdf90a1afbe4fd9f1990128b888f,SYNCED,0,
567,SENSOR_LOG,"{""sensor_id"": ""SNS-MH-1000"", ""batch_id"": ""BTC-SEA-5001"", ""shipment_id"": ""SHP-2026-101"", ""timestamp"": ""2026-09-28 07:54:41 UTC"", ""temperature"": -18.51, ""humidity"": 86.7, ""location"": ""GPS: 45.0000 N, -120.0200 W"", ""battery_status"": 95}",2026-09-28 08:24:41 UTC,1,d4ab1abcb9fc68735f4fd09b31ae338dfc886197ac9db291db7970054445ddc5,SYNCED,0,
568,SENSOR_LOG,"{""sensor_id"": ""SNS-MH-1000"", ""batch_id"": ""BTC-SEA-5001"", ""shipment_id"": ""SHP-2026-101"", ""timestamp"": ""2026-09-28 08:09:41 UTC"", ""temperature"": -21.0, ""humidity"": 85.8, ""location"": ""GPS: 45.0000 N, -120.0300 W"", ""battery_status"": 95}",2026-09-28 08:24:41 UTC,1,c17d7028af233a4d172a176f9913e968cf27d2b1b65e7256b04e710d56fae25e,SYNCED,0,
569,SENSOR_LOG,"{""sensor_id"": ""SNS-MH-1001"", ""batch_id"": ""BTC-SEA-5002"", ""shipment_id"": ""SHP-2026-102"", ""timestamp"": ""2026-09-28 07:24:41 UTC"", ""temperature"": -20.84, ""humidity"": 90.1, ""location"": ""GPS: 45.0100 N, -120.0000 W"", ""battery_status"": 95}",2026-09-28 08:24:41 UTC,1,be6e4e59e1396f11d3e00a3c74774c37a3773c15490290c3fb50febdd0f7ccaa,SYNCED,0,
570,SENSOR_LOG,"{""sensor_id"": ""SNS-MH-1001"", ""batch_id"": ""BTC-SEA-5002"", ""shipment_id"": ""SHP-2026-102"", ""timestamp"": ""2026-09-28 07:39:41 UTC"", ""temperature"": -18.96, ""humidity"": 86.5, ""location"": ""GPS: 45.0100 N, -120.0100 W"", ""battery_status"": 95}",2026-09-28 08:24:41 UTC,1,66e5efc62ec2b6c3fa63faf4883e1a83bcaaa31a4765338242984272fc3510f2,SYNCED,0,
571,SENSOR_LOG,"{""sensor_id"": ""SNS-MH-1001"", ""batch_id"": ""BTC-SEA-5002"", ""shipment_id"": ""SHP-2026-102"", ""timestamp"": ""2026-09-28 07:54:41 UTC"", ""temperature"": -20.81, ""humidity"": 88.1, ""location"": ""GPS: 45.0100 N, -120.0200 W"", ""battery_status"": 95}",2026-09-28 08:24:41 UTC,1,90070aee62f35fc5806e2219a17122cfb39c03c1bab68bb526783fd76fa5f0ec,SYNCED,0,
572,SENSOR_LOG,"{""sensor_id"": ""SNS-MH-1001"", ""batch_id"": ""BTC-SEA-5002"", ""shipment_id"": ""SHP-2026-102"", ""timestamp"": ""2026-09-28 08:09:41 UTC"", ""temperature"": -21.09, ""humidity"": 90.2, ""location"": ""GPS: 45.0100 N, -120.0300 W"", ""battery_status"": 95}",2026-09-28 08:24:41 UTC,1,43388e81b8026d97b74177aa4e44167e088333005dae5370ef3100fdaa5ac165,SYNCED,0,
573,SENSOR_LOG,"{""sensor_id"": ""SNS-MH-1002"", ""batch_id"": ""BTC-SEA-5003"", ""shipment_id"": ""SHP-2026-103"", ""timestamp"": ""2026-09-28 07:24:41 UTC"", ""temperature"": -19.02, ""humidity"": 85.5, ""location"": ""GPS: 45.0200 N, -120.0000 W"", ""battery_status"": 95}",2026-09-28 08:24:41 UTC,1,ed19d97d6338f4a2b94509a04462113cd8c3b92f71cbe960d4f7d9ca239b3dfb,SYNCED,0,
574,SENSOR_LOG,"{""sensor_id"": ""SNS-MH-1002"", ""batch_id"": ""BTC-SEA-5003"", ""shipment_id"": ""SHP-2026-103"", ""timestamp"": ""2026-09-28 07:39:41 UTC"", ""temperature"": -21.72, ""humidity"": 92.5, ""location"": ""GPS: 45.0200 N, -120.0100 W"", ""battery_status"": 95}",2026-09-28 08:24:41 UTC,1,ae9b75d26c860e73b08d9f5b401eee94ac13b6b398490fe85653eaa671a0bed6,SYNCED,0,
575,SENSOR_LOG,"{""sensor_id"": ""SNS-MH-1002"", ""batch_id"": ""BTC-SEA-5003"", ""shipment_id"": ""SHP-2026-103"", ""timestamp"": ""2026-09-28 07:54:41 UTC"", ""temperature"": -18.01, ""humidity"": 87.3, ""location"": ""GPS: 45.0200 N, -120.0200 W"", ""battery_status"": 95}",2026-09-28 08:24:41 UTC,1,06eee666070ab7fa4a64abb41173fcfca7ee64cdc7db4af275990eed712c9986,SYNCED,0,
576,SENSOR_LOG,"{""sensor_id"": ""SNS-MH-1002"", ""batch_id"": ""BTC-SEA-5003"", ""shipment_id"": ""SHP-2026-103"", ""timestamp"": ""2026-09-28 08:09:41 UTC"", ""temperature"": -20.48, ""humidity"": 94.8, ""location"": ""GPS: 45.0200 N, -120.0300 W"", ""battery_status"": 95}",2026-09-28 08:24:41 UTC,1,0f1b566b61cfa6f051754b0f45d7f4d2bf6bdf8944217eb09e30d764541816ad,SYNCED,0,
577,SENSOR_LOG,"{""sensor_id"": ""SNS-MH-1003"", ""batch_id"": ""BTC-SEA-5004"", ""shipment_id"": ""SHP-2026-104"", ""timestamp"": ""2026-09-28 07:24:41 UTC"", ""temperature"": -20.25, ""humidity"": 93.7, ""location"": ""GPS: 45.0300 N, -120.0000 W"", ""battery_status"": 95}",2026-09-28 08:24:41 UTC,1,c39deabf76fd724a35e965339902b67192d10c079c463e9dbbdd16ec25749728,SYNCED,0,
578,SENSOR_LOG,"{""sensor_id"": ""SNS-MH-1003"", ""batch_id"": ""BTC-SEA-5004"", ""shipment_id"": ""SHP-2026-104"", ""timestamp"": ""2026-09-28 07:39:41 UTC"", ""temperature"": -18.25, ""humidity"": 87.3, ""location"": ""GPS: 45.0300 N, -120.0100 W"", ""battery_status"": 95}",2026-09-28 08:24:41 UTC,1,28e5f7c4e2e14d8d7ad63e2688c04c57c1f4d828030ba874d9efa81ad8fcd1c2,SYNCED,0,
579,SENSOR_LOG,"{""sensor_id"": ""SNS-MH-1003"", ""batch_id"": ""BTC-SEA-5004"", ""shipment_id"": ""SHP-2026-104"", ""timestamp"": ""2026-09-28 07:54:41 UTC"", ""temperature"": -20.05, ""humidity"": 92.1, ""location"": ""GPS: 45.0300 N, -120.0200 W"", ""battery_status"": 95}",2026-09-28 08:24:41 UTC,1,262f9e2a612cc86620436bae142750b7ef62dd7651ed097ff6c563816db66eaf,SYNCED,0,
580,SENSOR_LOG,"{""sensor_id"": ""SNS-MH-1003"", ""batch_id"": ""BTC-SEA-5004"", ""shipment_id"": ""SHP-2026-104"", ""timestamp"": ""2026-09-28 08:09:41 UTC"", ""temperature"": -19.55, ""humidity"": 94.6, ""location"": ""GPS: 45.0300 N, -120.0300 W"", ""battery_status"": 95}",2026-09-28 08:24:41 UTC,1,ef82d6a1bfb53b23ea98f5241bdfe52b13afae46d4b6042db4be6d7b8ba582ef,SYNCED,0,
581,SENSOR_LOG,"{""sensor_id"": ""SNS-MH-1004"", ""batch_id"": ""BTC-SEA-5005"", ""shipment_id"": ""SHP-2026-105"", ""timestamp"": ""2026-09-28 07:24:41 UTC"", ""temperature"": -21.31, ""humidity"": 89.0, ""location"": ""GPS: 45.0400 N, -120.0000 W"", ""battery_status"": 95}",2026-09-28 08:24:41 UTC,1,a7b62933749e7c2f918b653ce4ca5035fa76a85de8c2189d2dc56de92ca56503,SYNCED,0,
582,SENSOR_LOG,"{""sensor_id"": ""SNS-MH-1004"", ""batch_id"": ""BTC-SEA-5005"", ""shipment_id"": ""SHP-2026-105"", ""timestamp"": ""2026-09-28 07:39:41 UTC"", ""temperature"": -21.94, ""humidity"": 90.4, ""location"": ""GPS: 45.0400 N, -120.0100 W"", ""battery_status"": 95}",2026-09-28 08:24:41 UTC,1,3ce15fe8ff83e61acb573bcb23ba078f580cedd3cae59ec755bd5d852714c559,SYNCED,0,
583,SENSOR_LOG,"{""sensor_id"": ""SNS-MH-1004"", ""batch_id"": ""BTC-SEA-5005"", ""shipment_id"": ""SHP-2026-105"", ""timestamp"": ""2026-09-28 07:54:41 UTC"", ""temperature"": -20.36, ""humidity"": 91.6, ""location"": ""GPS: 45.0400 N, -120.0200 W"", ""battery_status"": 95}",2026-09-28 08:24:41 UTC,1,bb74ee838a81241a87e51c7bae6d0b3d2ab88d4563e35bab0b85be7eca3b5349,SYNCED,0,
584,SENSOR_LOG,"{""sensor_id"": ""SNS-MH-1004"", ""batch_id"": ""BTC-SEA-5005"", ""shipment_id"": ""SHP-2026-105"", ""timestamp"": ""2026-09-28 08:09:41 UTC"", ""temperature"": -18.61, ""humidity"": 92.4, ""location"": ""GPS: 45.0400 N, -120.0300 W"", ""battery_status"": 95}",2026-09-28 08:24:41 UTC,1,b6e8c8c67b9b2dd261049342ab93a8b7722ae2de2748d94bf035bc2b726b8213,SYNCED,0,
585,SENSOR_LOG,"{""sensor_id"": ""SNS-MH-1005"", ""batch_id"": ""BTC-SEA-5001"", ""shipment_id"": ""SHP-2026-101"", ""timestamp"": ""2026-09-28 07:24:41 UTC"", ""temperature"": -20.39, ""humidity"": 91.4, ""location"": ""GPS: 45.0500 N, -120.0000 W"", ""battery_status"": 95}",2026-09-28 08:24:41 UTC,1,ee8ce405931785e6185d2da8cd5b13a5d7388861c7a87a0fafdcec8254ccdb3b,SYNCED,0,
586,SENSOR_LOG,"{""sensor_id"": ""SNS-MH-1005"", ""batch_id"": ""BTC-SEA-5001"", ""shipment_id"": ""SHP-2026-101"", ""timestamp"": ""2026-09-28 07:39:41 UTC"", ""temperature"": -19.06, ""humidity"": 87.9, ""location"": ""GPS: 45.0500 N, -120.0100 W"", ""battery_status"": 95}",2026-09-28 08:24:41 UTC,1,46b16cccaf8eb56766f90361335817dcbed6a18a60b29032dfe9eb36e439cd9d,SYNCED,0,
587,SENSOR_LOG,"{""sensor_id"": ""SNS-MH-1005"", ""batch_id"": ""BTC-SEA-5001"", ""shipment_id"": ""SHP-2026-101"", ""timestamp"": ""2026-09-28 07:54:41 UTC"", ""temperature"": -18.75, ""humidity"": 89.4, ""location"": ""GPS: 45.0500 N, -120.0200 W"", ""battery_status"": 95}",2026-09-28 08:24:41 UTC,1,8966704688954a9648f04a5dba18a648a9ac99a7c1044175a74c1cc7265d7ce9,SYNCED,0,
588,SENSOR_LOG,"{""sensor_id"": ""SNS-MH-1005"", ""batch_id"": ""BTC-SEA-5001"", ""shipment_id"": ""SHP-2026-101"", ""timestamp"": ""2026-09-28 08:09:41 UTC"", ""temperature"": -20.81, ""humidity"": 91.0, ""location"": ""GPS: 45.0500 N, -120.0300 W"", ""battery_status"": 95}",2026-09-28 08:24:41 UTC,1,c2328e76b2938dc3ac0d058a5e90a8fe86a6bdd8e46ad0f7ff4f2e8bd543ca92,SYNCED,0,
589,SENSOR_LOG,"{""sensor_id"": ""SNS-MH-1006"", ""batch_id"": ""BTC-SEA-5002"", ""shipment_id"": ""SHP-2026-102"", ""timestamp"": ""2026-09-28 07:24:41 UTC"", ""temperature"": -20.74, ""humidity"": 86.2, ""location"": ""GPS: 45.0600 N, -120.0000 W"", ""battery_status"": 95}",2026-09-28 08:24:41 UTC,1,2bc06cdd3f32496a0d0ee0ff4b65e28ca48c67af0ff004ec8fce4ac5eaf2b3be,SYNCED,0,
590,SENSOR_LOG,"{""sensor_id"": ""SNS-MH-1006"", ""batch_id"": ""BTC-SEA-5002"", ""shipment_id"": ""SHP-2026-102"", ""timestamp"": ""2026-09-28 07:39:41 UTC"", ""temperature"": -20.33, ""humidity"": 87.3, ""location"": ""GPS: 45.0600 N, -120.0100 W"", ""battery_status"": 95}",2026-09-28 08:24:41 UTC,1,d855a82787e72194f26fee5fe9d9f2ccaef46776f76fd7076a583df3008e0b7e,SYNCED,0,
591,SENSOR_LOG,"{""sensor_id"": ""SNS-MH-1006"", ""batch_id"": ""BTC-SEA-5002"", ""shipment_id"": ""SHP-2026-102"", ""timestamp"": ""2026-09-28 07:54:41 UTC"", ""temperature"": -18.61, ""humidity"": 90.9, ""location"": ""GPS: 45.0600 N, -120.0200 W"", ""battery_status"": 95}",2026-09-28 08:24:41 UTC,1,dfac1f069bbe1d6551553a0a62378319198a8ed3c336419c4857d90eca3159dc,SYNCED,0,
592,SENSOR_LOG,"{""sensor_id"": ""SNS-MH-1006"", ""batch_id"": ""BTC-SEA-5002"", ""shipment_id"": ""SHP-2026-102"", ""timestamp"": ""2026-09-28 08:09:41 UTC"", ""temperature"": -21.12, ""humidity"": 88.9, ""location"": ""GPS: 45.0600 N, -120.0300 W"", ""battery_status"": 95}",2026-09-28 08:24:41 UTC,1,24e5fca2a6eee91d4478daac6f14bf726e81aa64f1c68b0b7ac517ffb7dd0609,SYNCED,0,
593,SENSOR_LOG,"{""sensor_id"": ""SNS-MH-1007"", ""batch_id"": ""BTC-SEA-5003"", ""shipment_id"": ""SHP-2026-103"", ""timestamp"": ""2026-09-28 07:24:41 UTC"", ""temperature"": -20.07, ""humidity"": 88.0, ""location"": ""GPS: 45.0700 N, -120.0000 W"", ""battery_status"": 95}",2026-09-28 08:24:41 UTC,1,09426982aafc084ca4cea56b17847312f971717ca55a25c1f0f2b970bbfbe637,SYNCED,0,
594,SENSOR_LOG,"{""sensor_id"": ""SNS-MH-1007"", ""batch_id"": ""BTC-SEA-5003"", ""shipment_id"": ""SHP-2026-103"", ""timestamp"": ""2026-09-28 07:39:41 UTC"", ""temperature"": -18.97, ""humidity"": 85.2, ""location"": ""GPS: 45.0700 N, -120.0100 W"", ""battery_status"": 95}",2026-09-28 08:24:41 UTC,1,612d9d85b0c0573a764cf0b4a091e59edad4eed1ef74d146de1533e0bd72053c,SYNCED,0,
595,SENSOR_LOG,"{""sensor_id"": ""SNS-MH-1007"", ""batch_id"": ""BTC-SEA-5003"", ""shipment_id"": ""SHP-2026-103"", ""timestamp"": ""2026-09-28 07:54:41 UTC"", ""temperature"": -19.65, ""humidity"": 88.0, ""location"": ""GPS: 45.0700 N, -120.0200 W"", ""battery_status"": 95}",2026-09-28 08:24:41 UTC,1,595708694d040bed7e5e748874e85b4a757b7f7c21a183ed9ea09aba88108e05,SYNCED,0,
596,SENSOR_LOG,"{""sensor_id"": ""SNS-MH-1007"", ""batch_id"": ""BTC-SEA-5003"", ""shipment_id"": ""SHP-2026-103"", ""timestamp"": ""2026-09-28 08:09:41 UTC"", ""temperature"": -21.37, ""humidity"": 94.3, ""location"": ""GPS: 45.0700 N, -120.0300 W"", ""battery_status"": 95}",2026-09-28 08:24:41 UTC,1,5cdd1803abce3fe459892f4c255fc5a616fabd18adaa467defbd81b76c047cdd,SYNCED,0,
597,SENSOR_LOG,"{""sensor_id"": ""SNS-MH-1008"", ""batch_id"": ""BTC-SEA-5004"", ""shipment_id"": ""SHP-2026-104"", ""timestamp"": ""2026-09-28 07:24:41 UTC"", ""temperature"": -18.58, ""humidity"": 88.0, ""location"": ""GPS: 45.0800 N, -120.0000 W"", ""battery_status"": 95}",2026-09-28 08:24:41 UTC,1,f04065d07985bb1eae66bfc6d3bb8cf4ecf8b9f8445b5f89df76c79b695565e6,SYNCED,0,
598,SENSOR_LOG,"{""sensor_id"": ""SNS-MH-1008"", ""batch_id"": ""BTC-SEA-5004"", ""shipment_id"": ""SHP-2026-104"", ""timestamp"": ""2026-09-28 07:39:41 UTC"", ""temperature"": -20.69, ""humidity"": 86.2, ""location"": ""GPS: 45.0800 N, -120.0100 W"", ""battery_status"": 95}",2026-09-28 08:24:41 UTC,1,ab50c9b9d23717d44ea2f36305e790d292110799d7a62e16d711be0352f697cd,SYNCED,0,
599,SENSOR_LOG,"{""sensor_id"": ""SNS-MH-1008"", ""batch_id"": ""BTC-SEA-5004"", ""shipment_id"": ""SHP-2026-104"", ""timestamp"": ""2026-09-28 07:54:41 UTC"", ""temperature"": -18.17, ""humidity"": 85.7, ""location"": ""GPS: 45.0800 N, -120.0200 W"", ""battery_status"": 95}",2026-09-28 08:24:41 UTC,1,57aab64c7d87fa0c06f02d4da7b19f15a4353c6078d9452c98a166291aed144d,SYNCED,0,
600,SENSOR_LOG,"{""sensor_id"": ""SNS-MH-1008"", ""batch_id"": ""BTC-SEA-5004"", ""shipment_id"": ""SHP-2026-104"", ""timestamp"": ""2026-09-28 08:09:41 UTC"", ""temperature"": -19.55, ""humidity"": 94.9, ""location"": ""GPS: 45.0800 N, -120.0300 W"", ""battery_status"": 95}",2026-09-28 08:24:41 UTC,1,cc155c3326941287f79902de4de087df339a6bdbf4dbaad3168ccd89598df291,SYNCED,0,
601,SENSOR_LOG,"{""sensor_id"": ""SNS-MH-1009"", ""batch_id"": ""BTC-SEA-5005"", ""shipment_id"": ""SHP-2026-105"", ""timestamp"": ""2026-09-28 07:24:41 UTC"", ""temperature"": -18.73, ""humidity"": 93.2, ""location"": ""GPS: 45.0900 N, -120.0000 W"", ""battery_status"": 95}",2026-09-28 08:24:41 UTC,1,c7e25e89c8a85fdcc43163466b2c574d54642c72a71fb9abf87fcd86430b6987,SYNCED,0,
602,SENSOR_LOG,"{""sensor_id"": ""SNS-MH-1009"", ""batch_id"": ""BTC-SEA-5005"", ""shipment_id"": ""SHP-2026-105"", ""timestamp"": ""2026-09-28 07:39:41 UTC"", ""temperature"": -20.28, ""humidity"": 93.7, ""location"": ""GPS: 45.0900 N, -120.0100 W"", ""battery_status"": 95}",2026-09-28 08:24:41 UTC,1,078c8e15e173519926d66282d4615f9c67e4b6ad45cde9ce47faf17328da639c,SYNCED,0,
603,SENSOR_LOG,"{""sensor_id"": ""SNS-MH-1009"", ""batch_id"": ""BTC-SEA-5005"", ""shipment_id"": ""SHP-2026-105"", ""timestamp"": ""2026-09-28 07:54:41 UTC"", ""temperature"": -18.99, ""humidity"": 86.1, ""location"": ""GPS: 45.0900 N, -120.0200 W"", ""battery_status"": 95}",2026-09-28 08:24:41 UTC,1,1d7bf213e634fc639bfe5ca54a7437331b74518453ed344422a99f780a63c8ea,SYNCED,0,
604,SENSOR_LOG,"{""sensor_id"": ""SNS-MH-1009"", ""batch_id"": ""BTC-SEA-5005"", ""shipment_id"": ""SHP-2026-105"", ""timestamp"": ""2026-09-28 08:09:41 UTC"", ""temperature"": -21.38, ""humidity"": 92.1, ""location"": ""GPS: 45.0900 N, -120.0300 W"", ""battery_status"": 95}",2026-09-28 08:24:41 UTC,1,c9cba833ccacda2b726b94b72d125b018a30e9ff75c7251af8b51e8bd665bbb5,SYNCED,0,
605,SENSOR_LOG,"{""sensor_id"": ""SNS-MH-1000"", ""batch_id"": ""BTC-SEA-5001"", ""shipment_id"": ""SHP-2026-101"", ""timestamp"": ""2026-09-28 06:24:41 UTC"", ""temperature"": -18.44, ""humidity"": 85.9, ""location"": ""GPS: 45.0000 N, -120.0000 W"", ""battery_status"": 95}",2026-09-28 08:24:41 UTC,1,3cbfcdd7484643e3a17459812d9781cdc6297b9081f7ac0cdabd104f4c357270,SYNCED,0,
606,SENSOR_LOG,"{""sensor_id"": ""SNS-MH-1000"", ""batch_id"": ""BTC-SEA-5001"", ""shipment_id"": ""SHP-2026-101"", ""timestamp"": ""2026-09-28 06:39:41 UTC"", ""temperature"": -21.39, ""humidity"": 92.5, ""location"": ""GPS: 45.0000 N, -120.0100 W"", ""battery_status"": 95}",2026-09-28 08:24:41 UTC,1,05fcf410b2f91b23cc99530eda92e50ae86b7779e2ee6258054d4d963481aae9,SYNCED,0,
607,SENSOR_LOG,"{""sensor_id"": ""SNS-MH-1000"", ""batch_id"": ""BTC-SEA-5001"", ""shipment_id"": ""SHP-2026-101"", ""timestamp"": ""2026-09-28 06:54:41 UTC"", ""temperature"": -21.1, ""humidity"": 93.9, ""location"": ""GPS: 45.0000 N, -120.0200 W"", ""battery_status"": 95}",2026-09-28 08:24:41 UTC,1,ff000e7f951de9fa95484036f6724b2306a453e55b0c8a1d110bbe2f3ac073bb,SYNCED,0,
608,SENSOR_LOG,"{""sensor_id"": ""SNS-MH-1000"", ""batch_id"": ""BTC-SEA-5001"", ""shipment_id"": ""SHP-2026-101"", ""timestamp"": ""2026-09-28 07:09:41 UTC"", ""temperature"": -19.84, ""humidity"": 93.8, ""location"": ""GPS: 45.0000 N, -120.0300 W"", ""battery_status"": 95}",2026-09-28 08:24:41 UTC,1,78d96021c066201b1015bee63a5efc00892fdbf5536fbcd8d36adbe65e623dad,SYNCED,0,
609,SENSOR_LOG,"{""sensor_id"": ""SNS-MH-1000"", ""batch_id"": ""BTC-SEA-5001"", ""shipment_id"": ""SHP-2026-101"", ""timestamp"": ""2026-09-28 07:24:41 UTC"", ""temperature"": -21.31, ""humidity"": 93.2, ""location"": ""GPS: 45.0000 N, -120.0400 W"", ""battery_status"": 95}",2026-09-28 08:24:41 UTC,1,cde25a779cfd3dad2f5a45986d4ffcd857ba1db1ed39539136f2150389cfb832,SYNCED,0,
610,SENSOR_LOG,"{""sensor_id"": ""SNS-MH-1000"", ""batch_id"": ""BTC-SEA-5001"", ""shipment_id"": ""SHP-2026-101"", ""timestamp"": ""2026-09-28 07:39:41 UTC"", ""temperature"": -21.74, ""humidity"": 90.4, ""location"": ""GPS: 45.0000 N, -120.0500 W"", ""battery_status"": 95}",2026-09-28 08:24:41 UTC,1,7f085096f4667d24987b92b514d798ca690b2a47bae70a4c1445e8e9d833bb09,SYNCED,0,
611,SENSOR_LOG,"{""sensor_id"": ""SNS-MH-1000"", ""batch_id"": ""BTC-SEA-5001"", ""shipment_id"": ""SHP-2026-101"", ""timestamp"": ""2026-09-28 07:54:41 UTC"", ""temperature"": -21.9, ""humidity"": 90.9, ""location"": ""GPS: 45.0000 N, -120.0600 W"", ""battery_status"": 95}",2026-09-28 08:24:41 UTC,1,ed242776983617c3d694f0507fbbc70b7a1251f8db6d1b0131f959ea39d364a4,SYNCED,0,
612,SENSOR_LOG,"{""sensor_id"": ""SNS-MH-1000"", ""batch_id"": ""BTC-SEA-5001"", ""shipment_id"": ""SHP-2026-101"", ""timestamp"": ""2026-09-28 08:09:41 UTC"", ""temperature"": -20.48, ""humidity"": 86.4, ""location"": ""GPS: 45.0000 N, -120.0700 W"", ""battery_status"": 95}",2026-09-28 08:24:41 UTC,1,fa5206774c2e94a75ad57b612e7f28297e804235af22662738e914627b660d0d,SYNCED,0,
613,SENSOR_LOG,"{""sensor_id"": ""SNS-MH-1001"", ""batch_id"": ""BTC-SEA-5002"", ""shipment_id"": ""SHP-2026-102"", ""timestamp"": ""2026-09-28 06:24:41 UTC"", ""temperature"": -18.24, ""humidity"": 86.4, ""location"": ""GPS: 45.0100 N, -120.0000 W"", ""battery_status"": 95}",2026-09-28 08:24:41 UTC,1,3edd13e743fd0bf8985f17bf876af682e8bf435b5456c660027ad721e0975bfc,SYNCED,0,
614,SENSOR_LOG,"{""sensor_id"": ""SNS-MH-1001"", ""batch_id"": ""BTC-SEA-5002"", ""shipment_id"": ""SHP-2026-102"", ""timestamp"": ""2026-09-28 06:39:41 UTC"", ""temperature"": -18.56, ""humidity"": 88.0, ""location"": ""GPS: 45.0100 N, -120.0100 W"", ""battery_status"": 95}",2026-09-28 08:24:41 UTC,1,05ecc5fcc4d97cb28ddbc250ac2b2f2efa0892c324ae4b5921a0e8294b08fbc1,SYNCED,0,
615,SENSOR_LOG,"{""sensor_id"": ""SNS-MH-1001"", ""batch_id"": ""BTC-SEA-5002"", ""shipment_id"": ""SHP-2026-102"", ""timestamp"": ""2026-09-28 06:54:41 UTC"", ""temperature"": -19.44, ""humidity"": 89.2, ""location"": ""GPS: 45.0100 N, -120.0200 W"", ""battery_status"": 95}",2026-09-28 08:24:41 UTC,1,cb1e9fde170bb34df45af0a93133f28a7002020317032d068ae2e3cdc896555a,SYNCED,0,
616,SENSOR_LOG,"{""sensor_id"": ""SNS-MH-1001"", ""batch_id"": ""BTC-SEA-5002"", ""shipment_id"": ""SHP-2026-102"", ""timestamp"": ""2026-09-28 07:09:41 UTC"", ""temperature"": -19.8, ""humidity"": 86.1, ""location"": ""GPS: 45.0100 N, -120.0300 W"", ""battery_status"": 95}",2026-09-28 08:24:41 UTC,1,39ae4410c455092a5b85a8948e22d7f288072565ef61c4f560ab0cc16ed17455,SYNCED,0,
617,SENSOR_LOG,"{""sensor_id"": ""SNS-MH-1001"", ""batch_id"": ""BTC-SEA-5002"", ""shipment_id"": ""SHP-2026-102"", ""timestamp"": ""2026-09-28 07:24:41 UTC"", ""temperature"": -18.2, ""humidity"": 92.3, ""location"": ""GPS: 45.0100 N, -120.0400 W"", ""battery_status"": 95}",2026-09-28 08:24:41 UTC,1,2190f10eb2f3c7fddbd17cfbd585261e0c334232932e3a1f78f3d3646fc9f6fa,SYNCED,0,
618,SENSOR_LOG,"{""sensor_id"": ""SNS-MH-1001"", ""batch_id"": ""BTC-SEA-5002"", ""shipment_id"": ""SHP-2026-102"", ""timestamp"": ""2026-09-28 07:39:41 UTC"", ""temperature"": -18.65, ""humidity"": 90.0, ""location"": ""GPS: 45.0100 N, -120.0500 W"", ""battery_status"": 95}",2026-09-28 08:24:41 UTC,1,8a987cc188fae47c56757cfb18bdda2845a30ce5b4ddfdedd498c173d1f91e4c,SYNCED,0,
619,SENSOR_LOG,"{""sensor_id"": ""SNS-MH-1001"", ""batch_id"": ""BTC-SEA-5002"", ""shipment_id"": ""SHP-2026-102"", ""timestamp"": ""2026-09-28 07:54:41 UTC"", ""temperature"": -20.46, ""humidity"": 85.7, ""location"": ""GPS: 45.0100 N, -120.0600 W"", ""battery_status"": 95}",2026-09-28 08:24:41 UTC,1,acea3fd0aa15dfb6fa5dd9a4795d2105a76184423c4745d82abb2503fc52939b,SYNCED,0,
620,SENSOR_LOG,"{""sensor_id"": ""SNS-MH-1001"", ""batch_id"": ""BTC-SEA-5002"", ""shipment_id"": ""SHP-2026-102"", ""timestamp"": ""2026-09-28 08:09:41 UTC"", ""temperature"": -18.23, ""humidity"": 93.2, ""location"": ""GPS: 45.0100 N, -120.0700 W"", ""battery_status"": 95}",2026-09-28 08:24:41 UTC,1,6d12e37fa8afbaf17366d7e003855a48c63de4da58a8a40703800c421638d2a1,SYNCED,0,
621,SENSOR_LOG,"{""sensor_id"": ""SNS-MH-1002"", ""batch_id"": ""BTC-SEA-5003"", ""shipment_id"": ""SHP-2026-103"", ""timestamp"": ""2026-09-28 06:24:41 UTC"", ""temperature"": -21.22, ""humidity"": 94.1, ""location"": ""GPS: 45.0200 N, -120.0000 W"", ""battery_status"": 95}",2026-09-28 08:24:41 UTC,1,7dc5064e0cb18e888b68e2e034767465500e3ffb2758122849936b0ec97db9ef,SYNCED,0,
622,SENSOR_LOG,"{""sensor_id"": ""SNS-MH-1002"", ""batch_id"": ""BTC-SEA-5003"", ""shipment_id"": ""SHP-2026-103"", ""timestamp"": ""2026-09-28 06:39:41 UTC"", ""temperature"": -21.6, ""humidity"": 89.5, ""location"": ""GPS: 45.0200 N, -120.0100 W"", ""battery_status"": 95}",2026-09-28 08:24:41 UTC,1,82920b1816d67f9f8de5fd4c096c8f60a416fc5b614fef9441ebcdf999230e08,SYNCED,0,
623,SENSOR_LOG,"{""sensor_id"": ""SNS-MH-1002"", ""batch_id"": ""BTC-SEA-5003"", ""shipment_id"": ""SHP-2026-103"", ""timestamp"": ""2026-09-28 06:54:41 UTC"", ""temperature"": -21.97, ""humidity"": 87.0, ""location"": ""GPS: 45.0200 N, -120.0200 W"", ""battery_status"": 95}",2026-09-28 08:24:41 UTC,1,a2108a01c643c6c9aa60a6d24deb504dc16d71025a6c711e92f101075effea0c,SYNCED,0,
624,SENSOR_LOG,"{""sensor_id"": ""SNS-MH-1002"", ""batch_id"": ""BTC-SEA-5003"", ""shipment_id"": ""SHP-2026-103"", ""timestamp"": ""2026-09-28 07:09:41 UTC"", ""temperature"": -21.02, ""humidity"": 90.2, ""location"": ""GPS: 45.0200 N, -120.0300 W"", ""battery_status"": 95}",2026-09-28 08:24:41 UTC,1,d38cc13680bc99d508ee62c3f1b7aa923484495fe73b7c0dcf8ec33e1094f7ad,SYNCED,0,
625,SENSOR_LOG,"{""sensor_id"": ""SNS-MH-1002"", ""batch_id"": ""BTC-SEA-5003"", ""shipment_id"": ""SHP-2026-103"", ""timestamp"": ""2026-09-28 07:24:41 UTC"", ""temperature"": -20.01, ""humidity"": 91.3, ""location"": ""GPS: 45.0200 N, -120.0400 W"", ""battery_status"": 95}",2026-09-28 08:24:41 UTC,1,2dbdec4ac4d20bfa28a09f7a406aea5fa22d05f38ae3c78175bd645ba74fd860,SYNCED,0,
626,SENSOR_LOG,"{""sensor_id"": ""SNS-MH-1002"", ""batch_id"": ""BTC-SEA-5003"", ""shipment_id"": ""SHP-2026-103"", ""timestamp"": ""2026-09-28 07:39:41 UTC"", ""temperature"": -20.18, ""humidity"": 89.0, ""location"": ""GPS: 45.0200 N, -120.0500 W"", ""battery_status"": 95}",2026-09-28 08:24:41 UTC,1,7723e9858a3f4611605caf6e87d86fcfb5b9741e4dd24c7e6d141a7e7ce2cdc5,SYNCED,0,
627,SENSOR_LOG,"{""sensor_id"": ""SNS-MH-1002"", ""batch_id"": ""BTC-SEA-5003"", ""shipment_id"": ""SHP-2026-103"", ""timestamp"": ""2026-09-28 07:54:41 UTC"", ""temperature"": -18.32, ""humidity"": 93.1, ""location"": ""GPS: 45.0200 N, -120.0600 W"", ""battery_status"": 95}",2026-09-28 08:24:41 UTC,1,0ab81ee725e9ed2660784b32d91554079b41fb66b4be690d8a6fcf6076007eff,SYNCED,0,
628,SENSOR_LOG,"{""sensor_id"": ""SNS-MH-1002"", ""batch_id"": ""BTC-SEA-5003"", ""shipment_id"": ""SHP-2026-103"", ""timestamp"": ""2026-09-28 08:09:41 UTC"", ""temperature"": -19.19, ""humidity"": 90.2, ""location"": ""GPS: 45.0200 N, -120.0700 W"", ""battery_status"": 95}",2026-09-28 08:24:41 UTC,1,db3ab16bc903f20d816bc186eee1361cab4195537a95c023d8acf3e58b85302c,SYNCED,0,
629,SENSOR_LOG,"{""sensor_id"": ""SNS-MH-1003"", ""batch_id"": ""BTC-SEA-5004"", ""shipment_id"": ""SHP-2026-104"", ""timestamp"": ""2026-09-28 06:24:41 UTC"", ""temperature"": -18.02, ""humidity"": 92.1, ""location"": ""GPS: 45.0300 N, -120.0000 W"", ""battery_status"": 95}",2026-09-28 08:24:41 UTC,1,62ec290274cb6c22cedd984d4ba5a589529b29f8601f053b0bebbe1bdf3a7724,SYNCED,0,
630,SENSOR_LOG,"{""sensor_id"": ""SNS-MH-1003"", ""batch_id"": ""BTC-SEA-5004"", ""shipment_id"": ""SHP-2026-104"", ""timestamp"": ""2026-09-28 06:39:41 UTC"", ""temperature"": -19.27, ""humidity"": 86.8, ""location"": ""GPS: 45.0300 N, -120.0100 W"", ""battery_status"": 95}",2026-09-28 08:24:41 UTC,1,2ce6afc3c5efc25dd88b62a4db4dd4ec8487035732cafefc32db94a8d2565a50,SYNCED,0,
631,SENSOR_LOG,"{""sensor_id"": ""SNS-MH-1003"", ""batch_id"": ""BTC-SEA-5004"", ""shipment_id"": ""SHP-2026-104"", ""timestamp"": ""2026-09-28 06:54:41 UTC"", ""temperature"": -21.61, ""humidity"": 92.7, ""location"": ""GPS: 45.0300 N, -120.0200 W"", ""battery_status"": 95}",2026-09-28 08:24:41 UTC,1,f338e1d3ee059065a8791f74b0bcb7ea04c9014af4b46a2f5ddf9a58031b050f,SYNCED,0,
632,SENSOR_LOG,"{""sensor_id"": ""SNS-MH-1003"", ""batch_id"": ""BTC-SEA-5004"", ""shipment_id"": ""SHP-2026-104"", ""timestamp"": ""2026-09-28 07:09:41 UTC"", ""temperature"": -18.24, ""humidity"": 94.1, ""location"": ""GPS: 45.0300 N, -120.0300 W"", ""battery_status"": 95}",2026-09-28 08:24:41 UTC,1,e23f1bcc34503473f39e4e5c2ad61eac964daca00aa3dcf755160fff762673e2,SYNCED,0,
633,SENSOR_LOG,"{""sensor_id"": ""SNS-MH-1003"", ""batch_id"": ""BTC-SEA-5004"", ""shipment_id"": ""SHP-2026-104"", ""timestamp"": ""2026-09-28 07:24:41 UTC"", ""temperature"": -21.06, ""humidity"": 88.4, ""location"": ""GPS: 45.0300 N, -120.0400 W"", ""battery_status"": 95}",2026-09-28 08:24:41 UTC,1,a56d38279e0fc5f2c0761e8270f5ac62c49e1a4bd5dd394144e8e29275e86fd0,SYNCED,0,
634,SENSOR_LOG,"{""sensor_id"": ""SNS-MH-1003"", ""batch_id"": ""BTC-SEA-5004"", ""shipment_id"": ""SHP-2026-104"", ""timestamp"": ""2026-09-28 07:39:41 UTC"", ""temperature"": -19.19, ""humidity"": 90.5, ""location"": ""GPS: 45.0300 N, -120.0500 W"", ""battery_status"": 95}",2026-09-28 08:24:41 UTC,1,649cae429bc6d8d9dc50c8b7c3d442c750f5ee0ac4a46dc701f414967f12054f,SYNCED,0,
635,SENSOR_LOG,"{""sensor_id"": ""SNS-MH-1003"", ""batch_id"": ""BTC-SEA-5004"", ""shipment_id"": ""SHP-2026-104"", ""timestamp"": ""2026-09-28 07:54:41 UTC"", ""temperature"": -19.2, ""humidity"": 87.0, ""location"": ""GPS: 45.0300 N, -120.0600 W"", ""battery_status"": 95}",2026-09-28 08:24:41 UTC,1,f3291d20af6a9f4507a99fe12556faf7773b4d1ee7b0299fee95ee2eb0fad6bf,SYNCED,0,
636,SENSOR_LOG,"{""sensor_id"": ""SNS-MH-1003"", ""batch_id"": ""BTC-SEA-5004"", ""shipment_id"": ""SHP-2026-104"", ""timestamp"": ""2026-09-28 08:09:41 UTC"", ""temperature"": -18.91, ""humidity"": 87.7, ""location"": ""GPS: 45.0300 N, -120.0700 W"", ""battery_status"": 95}",2026-09-28 08:24:41 UTC,1,1d9b428fda064c2e740014560be64233e31b17c688bfd4205c839d4ce1283f36,SYNCED,0,
637,SENSOR_LOG,"{""sensor_id"": ""SNS-MH-1004"", ""batch_id"": ""BTC-SEA-5005"", ""shipment_id"": ""SHP-2026-105"", ""timestamp"": ""2026-09-28 06:24:41 UTC"", ""temperature"": -20.23, ""humidity"": 90.9, ""location"": ""GPS: 45.0400 N, -120.0000 W"", ""battery_status"": 95}",2026-09-28 08:24:41 UTC,1,310a4b2726169795b0e8b4a7ad5f418c069635628b1c5766b7731fbab4b3a535,SYNCED,0,
638,SENSOR_LOG,"{""sensor_id"": ""SNS-MH-1004"", ""batch_id"": ""BTC-SEA-5005"", ""shipment_id"": ""SHP-2026-105"", ""timestamp"": ""2026-09-28 06:39:41 UTC"", ""temperature"": -21.74, ""humidity"": 88.6, ""location"": ""GPS: 45.0400 N, -120.0100 W"", ""battery_status"": 95}",2026-09-28 08:24:41 UTC,1,aecd64f759c679d556135223ac6d2e826b7fd1e88c601207ad38aaeaefa60201,SYNCED,0,
639,SENSOR_LOG,"{""sensor_id"": ""SNS-MH-1004"", ""batch_id"": ""BTC-SEA-5005"", ""shipment_id"": ""SHP-2026-105"", ""timestamp"": ""2026-09-28 06:54:41 UTC"", ""temperature"": -19.2, ""humidity"": 92.3, ""location"": ""GPS: 45.0400 N, -120.0200 W"", ""battery_status"": 95}",2026-09-28 08:24:41 UTC,1,6d28270202fd1c807671742d11a20998755dc54d0793a65788f2226e019f718f,SYNCED,0,
640,SENSOR_LOG,"{""sensor_id"": ""SNS-MH-1004"", ""batch_id"": ""BTC-SEA-5005"", ""shipment_id"": ""SHP-2026-105"", ""timestamp"": ""2026-09-28 07:09:41 UTC"", ""temperature"": -21.72, ""humidity"": 90.5, ""location"": ""GPS: 45.0400 N, -120.0300 W"", ""battery_status"": 95}",2026-09-28 08:24:41 UTC,1,369fda6e161f635ecf8c8d06945c0c7b26a8d27a595203e08b2727fe9f0e56ee,SYNCED,0,
641,SENSOR_LOG,"{""sensor_id"": ""SNS-MH-1004"", ""batch_id"": ""BTC-SEA-5005"", ""shipment_id"": ""SHP-2026-105"", ""timestamp"": ""2026-09-28 07:24:41 UTC"", ""temperature"": -18.01, ""humidity"": 94.2, ""location"": ""GPS: 45.0400 N, -120.0400 W"", ""battery_status"": 95}",2026-09-28 08:24:41 UTC,1,cf0c662949e56b423ac3a54365ed5559cad6bc57d3a9e10a00025a53fcc130a6,SYNCED,0,
642,SENSOR_LOG,"{""sensor_id"": ""SNS-MH-1004"", ""batch_id"": ""BTC-SEA-5005"", ""shipment_id"": ""SHP-2026-105"", ""timestamp"": ""2026-09-28 07:39:41 UTC"", ""temperature"": -18.61, ""humidity"": 87.4, ""location"": ""GPS: 45.0400 N, -120.0500 W"", ""battery_status"": 95}",2026-09-28 08:24:42 UTC,1,2e7e3da075822e3eb97cb29fe5822866a388da4db2efb84baf9cfb9d5d56607d,SYNCED,0,
643,SENSOR_LOG,"{""sensor_id"": ""SNS-MH-1004"", ""batch_id"": ""BTC-SEA-5005"", ""shipment_id"": ""SHP-2026-105"", ""timestamp"": ""2026-09-28 07:54:41 UTC"", ""temperature"": -19.19, ""humidity"": 90.3, ""location"": ""GPS: 45.0400 N, -120.0600 W"", ""battery_status"": 95}",2026-09-28 08:24:42 UTC,1,12e61a819e803455166e31afbe20baa2437d7ad9f153d0aa05a54c99fda0cf58,SYNCED,0,
644,SENSOR_LOG,"{""sensor_id"": ""SNS-MH-1004"", ""batch_id"": ""BTC-SEA-5005"", ""shipment_id"": ""SHP-2026-105"", ""timestamp"": ""2026-09-28 08:09:41 UTC"", ""temperature"": -21.09, ""humidity"": 93.1, ""location"": ""GPS: 45.0400 N, -120.0700 W"", ""battery_status"": 95}",2026-09-28 08:24:42 UTC,1,6f019f468f6ef955bb0a608f5d9f96a2c480644f5c8eeab05ba248c20600fd26,SYNCED,0,
645,SENSOR_LOG,"{""sensor_id"": ""SNS-MH-1005"", ""batch_id"": ""BTC-SEA-5001"", ""shipment_id"": ""SHP-2026-101"", ""timestamp"": ""2026-09-28 06:24:41 UTC"", ""temperature"": -21.71, ""humidity"": 91.4, ""location"": ""GPS: 45.0500 N, -120.0000 W"", ""battery_status"": 95}",2026-09-28 08:24:42 UTC,1,943268c24d836d3a8b602fb9777b176858fcc5e136569fdab1f235b336e42506,SYNCED,0,
646,SENSOR_LOG,"{""sensor_id"": ""SNS-MH-1005"", ""batch_id"": ""BTC-SEA-5001"", ""shipment_id"": ""SHP-2026-101"", ""timestamp"": ""2026-09-28 06:39:41 UTC"", ""temperature"": -19.76, ""humidity"": 91.8, ""location"": ""GPS: 45.0500 N, -120.0100 W"", ""battery_status"": 95}",2026-09-28 08:24:42 UTC,1,009a3385c3ef31aff52848908c58ab55cd9b62c5b2142c63f6ab1d4877800f05,SYNCED,0,
647,SENSOR_LOG,"{""sensor_id"": ""SNS-MH-1005"", ""batch_id"": ""BTC-SEA-5001"", ""shipment_id"": ""SHP-2026-101"", ""timestamp"": ""2026-09-28 06:54:41 UTC"", ""temperature"": -19.18, ""humidity"": 94.2, ""location"": ""GPS: 45.0500 N, -120.0200 W"", ""battery_status"": 95}",2026-09-28 08:24:42 UTC,1,25622e0aeb075d2921e1405789cfbd7acdff2ba6d92155c308245ee060477ea6,SYNCED,0,
648,SENSOR_LOG,"{""sensor_id"": ""SNS-MH-1005"", ""batch_id"": ""BTC-SEA-5001"", ""shipment_id"": ""SHP-2026-101"", ""timestamp"": ""2026-09-28 07:09:41 UTC"", ""temperature"": -19.47, ""humidity"": 89.3, ""location"": ""GPS: 45.0500 N, -120.0300 W"", ""battery_status"": 95}",2026-09-28 08:24:42 UTC,1,abdea529872f5a3e633e501163cf12b4ca5d2866d12b515366842c9cca5c5038,SYNCED,0,
649,SENSOR_LOG,"{""sensor_id"": ""SNS-MH-1005"", ""batch_id"": ""BTC-SEA-5001"", ""shipment_id"": ""SHP-2026-101"", ""timestamp"": ""2026-09-28 07:24:41 UTC"", ""temperature"": -18.43, ""humidity"": 93.9, ""location"": ""GPS: 45.0500 N, -120.0400 W"", ""battery_status"": 95}",2026-09-28 08:24:42 UTC,1,b5b4ed5e3ce9a18615910fd9120fe7851de18b603448be63876baeab82485c56,SYNCED,0,
650,SENSOR_LOG,"{""sensor_id"": ""SNS-MH-1005"", ""batch_id"": ""BTC-SEA-5001"", ""shipment_id"": ""SHP-2026-101"", ""timestamp"": ""2026-09-28 07:39:41 UTC"", ""temperature"": -18.06, ""humidity"": 90.9, ""location"": ""GPS: 45.0500 N, -120.0500 W"", ""battery_status"": 95}",2026-09-28 08:24:42 UTC,1,336a425f64bbbaa1407a0f8fb4d7469daad7928534ad8906f4b68bdba0c04baa,SYNCED,0,
651,SENSOR_LOG,"{""sensor_id"": ""SNS-MH-1005"", ""batch_id"": ""BTC-SEA-5001"", ""shipment_id"": ""SHP-2026-101"", ""timestamp"": ""2026-09-28 07:54:41 UTC"", ""temperature"": -20.46, ""humidity"": 87.7, ""location"": ""GPS: 45.0500 N, -120.0600 W"", ""battery_status"": 95}",2026-09-28 08:24:42 UTC,1,2018264bc08bcc8c32dd8e8c4b220a395ecca675f7ba0eb6c07ef53b2a5646b0,SYNCED,0,
652,SENSOR_LOG,"{""sensor_id"": ""SNS-MH-1005"", ""batch_id"": ""BTC-SEA-5001"", ""shipment_id"": ""SHP-2026-101"", ""timestamp"": ""2026-09-28 08:09:41 UTC"", ""temperature"": -18.79, ""humidity"": 92.3, ""location"": ""GPS: 45.0500 N, -120.0700 W"", ""battery_status"": 95}",2026-09-28 08:24:42 UTC,1,d8c54c699c9fb1cc83bf1f5039bd119d6c9bbb0be684d97fa2874699bdaf13c2,SYNCED,0,
653,SENSOR_LOG,"{""sensor_id"": ""SNS-MH-1006"", ""batch_id"": ""BTC-SEA-5002"", ""shipment_id"": ""SHP-2026-102"", ""timestamp"": ""2026-09-28 06:24:41 UTC"", ""temperature"": -18.01, ""humidity"": 92.1, ""location"": ""GPS: 45.0600 N, -120.0000 W"", ""battery_status"": 95}",2026-09-28 08:24:42 UTC,1,bc01f43f3115719f87a483d703a4cd9dbb8a6c16eef3c486c7fbc79d6acec8fd,SYNCED,0,
654,SENSOR_LOG,"{""sensor_id"": ""SNS-MH-1006"", ""batch_id"": ""BTC-SEA-5002"", ""shipment_id"": ""SHP-2026-102"", ""timestamp"": ""2026-09-28 06:39:41 UTC"", ""temperature"": -20.6, ""humidity"": 92.8, ""location"": ""GPS: 45.0600 N, -120.0100 W"", ""battery_status"": 95}",2026-09-28 08:24:42 UTC,1,2e70db0d74f0f7ffaae87ae1a5b405f07389516c54aa41de05951b285a13a0a8,SYNCED,0,
655,SENSOR_LOG,"{""sensor_id"": ""SNS-MH-1006"", ""batch_id"": ""BTC-SEA-5002"", ""shipment_id"": ""SHP-2026-102"", ""timestamp"": ""2026-09-28 06:54:41 UTC"", ""temperature"": -21.34, ""humidity"": 93.5, ""location"": ""GPS: 45.0600 N, -120.0200 W"", ""battery_status"": 95}",2026-09-28 08:24:42 UTC,1,c95d9e487fa5bb6d01967e8da0a81d2984277947490f3803928a41e65beadff0,SYNCED,0,
656,SENSOR_LOG,"{""sensor_id"": ""SNS-MH-1006"", ""batch_id"": ""BTC-SEA-5002"", ""shipment_id"": ""SHP-2026-102"", ""timestamp"": ""2026-09-28 07:09:41 UTC"", ""temperature"": -20.87, ""humidity"": 93.2, ""location"": ""GPS: 45.0600 N, -120.0300 W"", ""battery_status"": 95}",2026-09-28 08:24:42 UTC,1,196ef3201bb76135346fbf8c809b92696db727739de7f2630a2f3f04ef6bc5ac,SYNCED,0,
657,SENSOR_LOG,"{""sensor_id"": ""SNS-MH-1006"", ""batch_id"": ""BTC-SEA-5002"", ""shipment_id"": ""SHP-2026-102"", ""timestamp"": ""2026-09-28 07:24:41 UTC"", ""temperature"": -21.74, ""humidity"": 87.9, ""location"": ""GPS: 45.0600 N, -120.0400 W"", ""battery_status"": 95}",2026-09-28 08:24:42 UTC,1,5eaeccad72d784d85035e8ce6c604c63d8c7ea03903f9d9d8596b999e5a728cf,SYNCED,0,
658,SENSOR_LOG,"{""sensor_id"": ""SNS-MH-1006"", ""batch_id"": ""BTC-SEA-5002"", ""shipment_id"": ""SHP-2026-102"", ""timestamp"": ""2026-09-28 07:39:41 UTC"", ""temperature"": -18.28, ""humidity"": 94.3, ""location"": ""GPS: 45.0600 N, -120.0500 W"", ""battery_status"": 95}",2026-09-28 08:24:42 UTC,1,4628012e9a8a4d3f3d25ff8192affde4f2281b254c5d370bbe06103be1f4fbd5,SYNCED,0,
659,SENSOR_LOG,"{""sensor_id"": ""SNS-MH-1006"", ""batch_id"": ""BTC-SEA-5002"", ""shipment_id"": ""SHP-2026-102"", ""timestamp"": ""2026-09-28 07:54:41 UTC"", ""temperature"": -20.11, ""humidity"": 90.1, ""location"": ""GPS: 45.0600 N, -120.0600 W"", ""battery_status"": 95}",2026-09-28 08:24:42 UTC,1,f7c4be6ffa6748e0ab817410346620e41b515a3d55df1ad3622f63ac1dd28197,SYNCED,0,
660,SENSOR_LOG,"{""sensor_id"": ""SNS-MH-1006"", ""batch_id"": ""BTC-SEA-5002"", ""shipment_id"": ""SHP-2026-102"", ""timestamp"": ""2026-09-28 08:09:41 UTC"", ""temperature"": -19.84, ""humidity"": 86.5, ""location"": ""GPS: 45.0600 N, -120.0700 W"", ""battery_status"": 95}",2026-09-28 08:24:42 UTC,1,fa3cb8007a9eeadaeb9e622c12a39b292d67ca66820508a2ac8f19fdeaf9ca40,SYNCED,0,
661,SENSOR_LOG,"{""sensor_id"": ""SNS-MH-1007"", ""batch_id"": ""BTC-SEA-5003"", ""shipment_id"": ""SHP-2026-103"", ""timestamp"": ""2026-09-28 06:24:41 UTC"", ""temperature"": -18.12, ""humidity"": 86.4, ""location"": ""GPS: 45.0700 N, -120.0000 W"", ""battery_status"": 95}",2026-09-28 08:24:42 UTC,1,3a68721fb01b42085395c689b7b38882f1cf5e6584beb2a36dcea766fb32209f,SYNCED,0,
662,SENSOR_LOG,"{""sensor_id"": ""SNS-MH-1007"", ""batch_id"": ""BTC-SEA-5003"", ""shipment_id"": ""SHP-2026-103"", ""timestamp"": ""2026-09-28 06:39:41 UTC"", ""temperature"": -21.98, ""humidity"": 89.7, ""location"": ""GPS: 45.0700 N, -120.0100 W"", ""battery_status"": 95}",2026-09-28 08:24:42 UTC,1,d40c7b81fb3bff28599418d686ed836e4e091df24b8e064a843e09eb7d4b3589,SYNCED,0,
663,SENSOR_LOG,"{""sensor_id"": ""SNS-MH-1007"", ""batch_id"": ""BTC-SEA-5003"", ""shipment_id"": ""SHP-2026-103"", ""timestamp"": ""2026-09-28 06:54:41 UTC"", ""temperature"": -20.94, ""humidity"": 91.8, ""location"": ""GPS: 45.0700 N, -120.0200 W"", ""battery_status"": 95}",2026-09-28 08:24:42 UTC,1,d88a0ae283bc5ea10ff71c15af37ded5f795d89a586a27c296be7c0d6f078881,SYNCED,0,
664,SENSOR_LOG,"{""sensor_id"": ""SNS-MH-1007"", ""batch_id"": ""BTC-SEA-5003"", ""shipment_id"": ""SHP-2026-103"", ""timestamp"": ""2026-09-28 07:09:41 UTC"", ""temperature"": -18.58, ""humidity"": 88.7, ""location"": ""GPS: 45.0700 N, -120.0300 W"", ""battery_status"": 95}",2026-09-28 08:24:42 UTC,1,2d3390497087a564ebda6c1863d7fe7fffaac535967d65e6f8a57c62d8896639,SYNCED,0,
665,SENSOR_LOG,"{""sensor_id"": ""SNS-MH-1007"", ""batch_id"": ""BTC-SEA-5003"", ""shipment_id"": ""SHP-2026-103"", ""timestamp"": ""2026-09-28 07:24:41 UTC"", ""temperature"": -20.94, ""humidity"": 87.6, ""location"": ""GPS: 45.0700 N, -120.0400 W"", ""battery_status"": 95}",2026-09-28 08:24:42 UTC,1,e04d1f0a910a5442cd04d13448d18e33998fb9732b4a4a731863d90dbdb100eb,SYNCED,0,
666,SENSOR_LOG,"{""sensor_id"": ""SNS-MH-1007"", ""batch_id"": ""BTC-SEA-5003"", ""shipment_id"": ""SHP-2026-103"", ""timestamp"": ""2026-09-28 07:39:41 UTC"", ""temperature"": -18.67, ""humidity"": 94.5, ""location"": ""GPS: 45.0700 N, -120.0500 W"", ""battery_status"": 95}",2026-09-28 08:24:42 UTC,1,eb05c59a9853cc5e5c8ae5b794617745d5098ffa1961ed0ee693b78ab9f3f4d7,SYNCED,0,
667,SENSOR_LOG,"{""sensor_id"": ""SNS-MH-1007"", ""batch_id"": ""BTC-SEA-5003"", ""shipment_id"": ""SHP-2026-103"", ""timestamp"": ""2026-09-28 07:54:41 UTC"", ""temperature"": -18.1, ""humidity"": 94.1, ""location"": ""GPS: 45.0700 N, -120.0600 W"", ""battery_status"": 95}",2026-09-28 08:24:42 UTC,1,fff9cb27410f7b25b241ac445ae349c55c0a017f529b603d75b67b84320798db,SYNCED,0,
668,SENSOR_LOG,"{""sensor_id"": ""SNS-MH-1007"", ""batch_id"": ""BTC-SEA-5003"", ""shipment_id"": ""SHP-2026-103"", ""timestamp"": ""2026-09-28 08:09:41 UTC"", ""temperature"": -18.66, ""humidity"": 93.9, ""location"": ""GPS: 45.0700 N, -120.0700 W"", ""battery_status"": 95}",2026-09-28 08:24:42 UTC,1,6cbed5b7eb51d62bb944fdd87b1757fbfad7f65eede3338c4b2372e184a1052b,SYNCED,0,
669,SENSOR_LOG,"{""sensor_id"": ""SNS-MH-1008"", ""batch_id"": ""BTC-SEA-5004"", ""shipment_id"": ""SHP-2026-104"", ""timestamp"": ""2026-09-28 06:24:41 UTC"", ""temperature"": -20.92, ""humidity"": 86.2, ""location"": ""GPS: 45.0800 N, -120.0000 W"", ""battery_status"": 95}",2026-09-28 08:24:42 UTC,1,e53020bd5a7ec064e1baaac93d093b600d0932ce99a0c6304ac1a83b310f7858,SYNCED,0,
670,SENSOR_LOG,"{""sensor_id"": ""SNS-MH-1008"", ""batch_id"": ""BTC-SEA-5004"", ""shipment_id"": ""SHP-2026-104"", ""timestamp"": ""2026-09-28 06:39:41 UTC"", ""temperature"": -21.4, ""humidity"": 90.8, ""location"": ""GPS: 45.0800 N, -120.0100 W"", ""battery_status"": 95}",2026-09-28 08:24:42 UTC,1,5bde77f6d920d384ba9573d53ce79f7bbe2844f45ffd49aaec506e7829ad2380,SYNCED,0,
671,SENSOR_LOG,"{""sensor_id"": ""SNS-MH-1008"", ""batch_id"": ""BTC-SEA-5004"", ""shipment_id"": ""SHP-2026-104"", ""timestamp"": ""2026-09-28 06:54:41 UTC"", ""temperature"": -19.21, ""humidity"": 87.0, ""location"": ""GPS: 45.0800 N, -120.0200 W"", ""battery_status"": 95}",2026-09-28 08:24:42 UTC,1,781fcbc031b274d45422cd09eaa5fabed97fba0abeb1a161181b88516e93d7f0,SYNCED,0,
672,SENSOR_LOG,"{""sensor_id"": ""SNS-MH-1008"", ""batch_id"": ""BTC-SEA-5004"", ""shipment_id"": ""SHP-2026-104"", ""timestamp"": ""2026-09-28 07:09:41 UTC"", ""temperature"": -19.48, ""humidity"": 86.0, ""location"": ""GPS: 45.0800 N, -120.0300 W"", ""battery_status"": 95}",2026-09-28 08:24:42 UTC,1,f8dfef2aef9f53e695f63643482e2d03c409fb63dc09820f00009ccf1deb5266,SYNCED,0,
673,SENSOR_LOG,"{""sensor_id"": ""SNS-MH-1008"", ""batch_id"": ""BTC-SEA-5004"", ""shipment_id"": ""SHP-2026-104"", ""timestamp"": ""2026-09-28 07:24:41 UTC"", ""temperature"": -18.76, ""humidity"": 90.5, ""location"": ""GPS: 45.0800 N, -120.0400 W"", ""battery_status"": 95}",2026-09-28 08:24:42 UTC,1,ee02a710caf2ca4a8652ec8096e0e323bcc08cdb865cfaf945ab490ebf2ddbc5,SYNCED,0,
674,SENSOR_LOG,"{""sensor_id"": ""SNS-MH-1008"", ""batch_id"": ""BTC-SEA-5004"", ""shipment_id"": ""SHP-2026-104"", ""timestamp"": ""2026-09-28 07:39:41 UTC"", ""temperature"": -18.25, ""humidity"": 87.5, ""location"": ""GPS: 45.0800 N, -120.0500 W"", ""battery_status"": 95}",2026-09-28 08:24:42 UTC,1,22d2f7b2f9e3e36bcad9280f82dab73fc96f931c7eb9059af6c3b98a8e2e27fd,SYNCED,0,
675,SENSOR_LOG,"{""sensor_id"": ""SNS-MH-1008"", ""batch_id"": ""BTC-SEA-5004"", ""shipment_id"": ""SHP-2026-104"", ""timestamp"": ""2026-09-28 07:54:41 UTC"", ""temperature"": -18.34, ""humidity"": 93.0, ""location"": ""GPS: 45.0800 N, -120.0600 W"", ""battery_status"": 95}",2026-09-28 08:24:42 UTC,1,46bf3e2d4044347de3df610f1363f319d50d327e19ec3e8b5e1f6bcd0abf04b0,SYNCED,0,
676,SENSOR_LOG,"{""sensor_id"": ""SNS-MH-1008"", ""batch_id"": ""BTC-SEA-5004"", ""shipment_id"": ""SHP-2026-104"", ""timestamp"": ""2026-09-28 08:09:41 UTC"", ""temperature"": -19.23, ""humidity"": 88.6, ""location"": ""GPS: 45.0800 N, -120.0700 W"", ""battery_status"": 95}",2026-09-28 08:24:42 UTC,1,59c7acd985ba38a9aac84fd8cd10b18e9fc2f919226246ca2eb2a30ed20eebac,SYNCED,0,
677,SENSOR_LOG,"{""sensor_id"": ""SNS-MH-1009"", ""batch_id"": ""BTC-SEA-5005"", ""shipment_id"": ""SHP-2026-105"", ""timestamp"": ""2026-09-28 06:24:41 UTC"", ""temperature"": -19.66, ""humidity"": 94.3, ""location"": ""GPS: 45.0900 N, -120.0000 W"", ""battery_status"": 95}",2026-09-28 08:24:42 UTC,1,a1a41dfba5947ca227b35bc42301ecac1aa7c0106c4da9387e24db6ae218bcf8,SYNCED,0,
678,SENSOR_LOG,"{""sensor_id"": ""SNS-MH-1009"", ""batch_id"": ""BTC-SEA-5005"", ""shipment_id"": ""SHP-2026-105"", ""timestamp"": ""2026-09-28 06:39:41 UTC"", ""temperature"": -18.48, ""humidity"": 93.1, ""location"": ""GPS: 45.0900 N, -120.0100 W"", ""battery_status"": 95}",2026-09-28 08:24:42 UTC,1,51b74369651deaddc87be09ddeb01f17fecaf184df1f637d6bbf9353ca31e41a,SYNCED,0,
679,SENSOR_LOG,"{""sensor_id"": ""SNS-MH-1009"", ""batch_id"": ""BTC-SEA-5005"", ""shipment_id"": ""SHP-2026-105"", ""timestamp"": ""2026-09-28 06:54:41 UTC"", ""temperature"": -21.77, ""humidity"": 92.5, ""location"": ""GPS: 45.0900 N, -120.0200 W"", ""battery_status"": 95}",2026-09-28 08:24:42 UTC,1,c7ccfa9ae30440f97ac14ad5e647ce47bd49999fdd39520d4c56c9a8c2303025,SYNCED,0,
680,SENSOR_LOG,"{""sensor_id"": ""SNS-MH-1009"", ""batch_id"": ""BTC-SEA-5005"", ""shipment_id"": ""SHP-2026-105"", ""timestamp"": ""2026-09-28 07:09:41 UTC"", ""temperature"": -18.03, ""humidity"": 89.6, ""location"": ""GPS: 45.0900 N, -120.0300 W"", ""battery_status"": 95}",2026-09-28 08:24:42 UTC,1,b979404bf895023fd577d4bcf562be36fc4b7c825a76a71f0135cbc05463c222,SYNCED,0,
681,SENSOR_LOG,"{""sensor_id"": ""SNS-MH-1009"", ""batch_id"": ""BTC-SEA-5005"", ""shipment_id"": ""SHP-2026-105"", ""timestamp"": ""2026-09-28 07:24:41 UTC"", ""temperature"": -20.46, ""humidity"": 85.4, ""location"": ""GPS: 45.0900 N, -120.0400 W"", ""battery_status"": 95}",2026-09-28 08:24:42 UTC,1,8d25ae51298bd319e6738147c9e47f9ec43ef600b3d7d426e0ecd89d3d34d846,SYNCED,0,
682,SENSOR_LOG,"{""sensor_id"": ""SNS-MH-1009"", ""batch_id"": ""BTC-SEA-5005"", ""shipment_id"": ""SHP-2026-105"", ""timestamp"": ""2026-09-28 07:39:41 UTC"", ""temperature"": -20.23, ""humidity"": 89.0, ""location"": ""GPS: 45.0900 N, -120.0500 W"", ""battery_status"": 95}",2026-09-28 08:24:42 UTC,1,25408dd4ce46c08cea325d2b8d3054f5b9965ca868725a0996c8231a2ac69881,SYNCED,0,
683,SENSOR_LOG,"{""sensor_id"": ""SNS-MH-1009"", ""batch_id"": ""BTC-SEA-5005"", ""shipment_id"": ""SHP-2026-105"", ""timestamp"": ""2026-09-28 07:54:41 UTC"", ""temperature"": -18.48, ""humidity"": 88.7, ""location"": ""GPS: 45.0900 N, -120.0600 W"", ""battery_status"": 95}",2026-09-28 08:24:42 UTC,1,eb840c7ddb684f31a09dc517ab02c59b404cba1a893a42546107e171e977a762,SYNCED,0,
684,SENSOR_LOG,"{""sensor_id"": ""SNS-MH-1009"", ""batch_id"": ""BTC-SEA-5005"", ""shipment_id"": ""SHP-2026-105"", ""timestamp"": ""2026-09-28 08:09:41 UTC"", ""temperature"": -18.82, ""humidity"": 94.8, ""location"": ""GPS: 45.0900 N, -120.0700 W"", ""battery_status"": 95}",2026-09-28 08:24:42 UTC,1,6c779e5ab436836c6c0992914f00b05898613b41c747513eda8b8ff5ef21bc1f,SYNCED,0,
685,SENSOR_LOG,"{""sensor_id"": ""SNS-MH-1010"", ""batch_id"": ""BTC-SEA-5001"", ""shipment_id"": ""SHP-2026-101"", ""timestamp"": ""2026-09-28 06:24:41 UTC"", ""temperature"": -18.31, ""humidity"": 88.4, ""location"": ""GPS: 45.1000 N, -120.0000 W"", ""battery_status"": 95}",2026-09-28 08:24:42 UTC,1,4fa1093444df1a1f72bd2bbb476f074527e73e5f35cfb69a9ba05a0bb4e34dbe,SYNCED,0,
686,SENSOR_LOG,"{""sensor_id"": ""SNS-MH-1010"", ""batch_id"": ""BTC-SEA-5001"", ""shipment_id"": ""SHP-2026-101"", ""timestamp"": ""2026-09-28 06:39:41 UTC"", ""temperature"": -21.91, ""humidity"": 93.4, ""location"": ""GPS: 45.1000 N, -120.0100 W"", ""battery_status"": 95}",2026-09-28 08:24:42 UTC,1,1b110741dd064a82608b93ba30cd74ae539c7b783d290cacf0a6727a8f060954,SYNCED,0,
687,SENSOR_LOG,"{""sensor_id"": ""SNS-MH-1010"", ""batch_id"": ""BTC-SEA-5001"", ""shipment_id"": ""SHP-2026-101"", ""timestamp"": ""2026-09-28 06:54:41 UTC"", ""temperature"": -20.89, ""humidity"": 91.2, ""location"": ""GPS: 45.1000 N, -120.0200 W"", ""battery_status"": 95}",2026-09-28 08:24:42 UTC,1,ca6e03009a43ba2a09235252705b66e7d8486b5db8a9c57eafbb65278232d73f,SYNCED,0,
688,SENSOR_LOG,"{""sensor_id"": ""SNS-MH-1010"", ""batch_id"": ""BTC-SEA-5001"", ""shipment_id"": ""SHP-2026-101"", ""timestamp"": ""2026-09-28 07:09:41 UTC"", ""temperature"": -19.4, ""humidity"": 92.4, ""location"": ""GPS: 45.1000 N, -120.0300 W"", ""battery_status"": 95}",2026-09-28 08:24:42 UTC,1,09f40c7099b8171bf64241c04694944818d8ffc8fdc24e5407a670e933c8054d,SYNCED,0,
689,SENSOR_LOG,"{""sensor_id"": ""SNS-MH-1010"", ""batch_id"": ""BTC-SEA-5001"", ""shipment_id"": ""SHP-2026-101"", ""timestamp"": ""2026-09-28 07:24:41 UTC"", ""temperature"": -18.26, ""humidity"": 88.0, ""location"": ""GPS: 45.1000 N, -120.0400 W"", ""battery_status"": 95}",2026-09-28 08:24:42 UTC,1,9da36ae43836858a36baad742fa429e7aeefb54941dbe74509e8bbc751bdb8a4,SYNCED,0,
690,SENSOR_LOG,"{""sensor_id"": ""SNS-MH-1010"", ""batch_id"": ""BTC-SEA-5001"", ""shipment_id"": ""SHP-2026-101"", ""timestamp"": ""2026-09-28 07:39:41 UTC"", ""temperature"": -20.16, ""humidity"": 91.7, ""location"": ""GPS: 45.1000 N, -120.0500 W"", ""battery_status"": 95}",2026-09-28 08:24:42 UTC,1,4d381fa1318aec509a20e68a7e1269a0652d880fa06f249af7148eb3c1f897d1,SYNCED,0,
691,SENSOR_LOG,"{""sensor_id"": ""SNS-MH-1010"", ""batch_id"": ""BTC-SEA-5001"", ""shipment_id"": ""SHP-2026-101"", ""timestamp"": ""2026-09-28 07:54:41 UTC"", ""temperature"": -19.48, ""humidity"": 88.7, ""location"": ""GPS: 45.1000 N, -120.0600 W"", ""battery_status"": 95}",2026-09-28 08:24:42 UTC,1,f171580b689489d97917eeb05dc071fb5b9222ca8fb12c14ac4bd79cf92f7a7d,SYNCED,0,
692,SENSOR_LOG,"{""sensor_id"": ""SNS-MH-1010"", ""batch_id"": ""BTC-SEA-5001"", ""shipment_id"": ""SHP-2026-101"", ""timestamp"": ""2026-09-28 08:09:41 UTC"", ""temperature"": -20.31, ""humidity"": 89.5, ""location"": ""GPS: 45.1000 N, -120.0700 W"", ""battery_status"": 95}",2026-09-28 08:24:42 UTC,1,51ca221d5d6dfa5be397c07c1bd3af65b434fd10f59bf2fea6405538a89d59b8,SYNCED,0,
693,SENSOR_LOG,"{""sensor_id"": ""SNS-MH-1011"", ""batch_id"": ""BTC-SEA-5002"", ""shipment_id"": ""SHP-2026-102"", ""timestamp"": ""2026-09-28 06:24:41 UTC"", ""temperature"": -18.97, ""humidity"": 87.2, ""location"": ""GPS: 45.1100 N, -120.0000 W"", ""battery_status"": 95}",2026-09-28 08:24:42 UTC,1,b817eff129900087eeaddc5c39e3404494b1df2c2aaaa0fe36bd7b46c71542f6,SYNCED,0,
694,SENSOR_LOG,"{""sensor_id"": ""SNS-MH-1011"", ""batch_id"": ""BTC-SEA-5002"", ""shipment_id"": ""SHP-2026-102"", ""timestamp"": ""2026-09-28 06:39:41 UTC"", ""temperature"": -18.88, ""humidity"": 90.7, ""location"": ""GPS: 45.1100 N, -120.0100 W"", ""battery_status"": 95}",2026-09-28 08:24:42 UTC,1,e493b34629c27017062ab68458b5f124beb2dc0750780c2546cd26a1cf922663,SYNCED,0,
695,SENSOR_LOG,"{""sensor_id"": ""SNS-MH-1011"", ""batch_id"": ""BTC-SEA-5002"", ""shipment_id"": ""SHP-2026-102"", ""timestamp"": ""2026-09-28 06:54:41 UTC"", ""temperature"": -18.57, ""humidity"": 89.5, ""location"": ""GPS: 45.1100 N, -120.0200 W"", ""battery_status"": 95}",2026-09-28 08:24:42 UTC,1,4ff679172799cffda6705ac0fd60f83835bc952f40b751be5fb8ea1f8d484e4a,SYNCED,0,
696,SENSOR_LOG,"{""sensor_id"": ""SNS-MH-1011"", ""batch_id"": ""BTC-SEA-5002"", ""shipment_id"": ""SHP-2026-102"", ""timestamp"": ""2026-09-28 07:09:41 UTC"", ""temperature"": -18.36, ""humidity"": 93.8, ""location"": ""GPS: 45.1100 N, -120.0300 W"", ""battery_status"": 95}",2026-09-28 08:24:42 UTC,1,454172de79b5a88a5edcec2c7a400617ee9def87a7ec371ad67b6d4a29d57afe,SYNCED,0,
697,SENSOR_LOG,"{""sensor_id"": ""SNS-MH-1011"", ""batch_id"": ""BTC-SEA-5002"", ""shipment_id"": ""SHP-2026-102"", ""timestamp"": ""2026-09-28 07:24:41 UTC"", ""temperature"": -20.55, ""humidity"": 93.6, ""location"": ""GPS: 45.1100 N, -120.0400 W"", ""battery_status"": 95}",2026-09-28 08:24:42 UTC,1,9f4f9eb1196d285a4134ba83b54ad7b49941ed16b7033e85c39a57e15812e0a2,SYNCED,0,
698,SENSOR_LOG,"{""sensor_id"": ""SNS-MH-1011"", ""batch_id"": ""BTC-SEA-5002"", ""shipment_id"": ""SHP-2026-102"", ""timestamp"": ""2026-09-28 07:39:41 UTC"", ""temperature"": -19.96, ""humidity"": 85.4, ""location"": ""GPS: 45.1100 N, -120.0500 W"", ""battery_status"": 95}",2026-09-28 08:24:42 UTC,1,f454e3f2a8e0992209ee1c7f94dd02c6b3a24f2f13de4779dfe767a528ef2fcf,SYNCED,0,
699,SENSOR_LOG,"{""sensor_id"": ""SNS-MH-1011"", ""batch_id"": ""BTC-SEA-5002"", ""shipment_id"": ""SHP-2026-102"", ""timestamp"": ""2026-09-28 07:54:41 UTC"", ""temperature"": -20.66, ""humidity"": 92.5, ""location"": ""GPS: 45.1100 N, -120.0600 W"", ""battery_status"": 95}",2026-09-28 08:24:42 UTC,1,37ad38c3a932328e7cb1a665632b8e4a4d1d291775267b043360333e034a54e3,SYNCED,0,
700,SENSOR_LOG,"{""sensor_id"": ""SNS-MH-1011"", ""batch_id"": ""BTC-SEA-5002"", ""shipment_id"": ""SHP-2026-102"", ""timestamp"": ""2026-09-28 08:09:41 UTC"", ""temperature"": -21.84, ""humidity"": 89.9, ""location"": ""GPS: 45.1100 N, -120.0700 W"", ""battery_status"": 95}",2026-09-28 08:24:42 UTC,1,3affdc021027c399d518c59b77f1e8594992d05db21f2a05c5feea5ffdec20c6,SYNCED,0,
701,SENSOR_LOG,"{""sensor_id"": ""SNS-MH-1012"", ""batch_id"": ""BTC-SEA-5003"", ""shipment_id"": ""SHP-2026-103"", ""timestamp"": ""2026-09-28 06:24:41 UTC"", ""temperature"": -20.35, ""humidity"": 93.4, ""location"": ""GPS: 45.1200 N, -120.0000 W"", ""battery_status"": 95}",2026-09-28 08:24:42 UTC,1,b83c548e6dd6f89f664fd6bde89b37745f4901e2a7bb99324c5eab8d940d19b3,SYNCED,0,
702,SENSOR_LOG,"{""sensor_id"": ""SNS-MH-1012"", ""batch_id"": ""BTC-SEA-5003"", ""shipment_id"": ""SHP-2026-103"", ""timestamp"": ""2026-09-28 06:39:41 UTC"", ""temperature"": -19.95, ""humidity"": 92.2, ""location"": ""GPS: 45.1200 N, -120.0100 W"", ""battery_status"": 95}",2026-09-28 08:24:42 UTC,1,29248d1146578b328ec816bd870c611fc9639866bf48d2f989a0de0c33591881,SYNCED,0,
703,SENSOR_LOG,"{""sensor_id"": ""SNS-MH-1012"", ""batch_id"": ""BTC-SEA-5003"", ""shipment_id"": ""SHP-2026-103"", ""timestamp"": ""2026-09-28 06:54:41 UTC"", ""temperature"": -18.67, ""humidity"": 93.4, ""location"": ""GPS: 45.1200 N, -120.0200 W"", ""battery_status"": 95}",2026-09-28 08:24:42 UTC,1,4aae1a86beea4a9f62a73d3a3f808da0db81eba202cad77c8cbb01b9daac14c0,SYNCED,0,
704,SENSOR_LOG,"{""sensor_id"": ""SNS-MH-1012"", ""batch_id"": ""BTC-SEA-5003"", ""shipment_id"": ""SHP-2026-103"", ""timestamp"": ""2026-09-28 07:09:41 UTC"", ""temperature"": -20.2, ""humidity"": 88.4, ""location"": ""GPS: 45.1200 N, -120.0300 W"", ""battery_status"": 95}",2026-09-28 08:24:42 UTC,1,85ac7a8552085733c969ade739e9f7b96269747812bff0dde12d531baa46e0a3,SYNCED,0,
705,SENSOR_LOG,"{""sensor_id"": ""SNS-MH-1012"", ""batch_id"": ""BTC-SEA-5003"", ""shipment_id"": ""SHP-2026-103"", ""timestamp"": ""2026-09-28 07:24:41 UTC"", ""temperature"": -20.09, ""humidity"": 88.5, ""location"": ""GPS: 45.1200 N, -120.0400 W"", ""battery_status"": 95}",2026-09-28 08:24:42 UTC,1,79e407d25be3a7afa85022089ed59a1ffa58ec7fa91f15e7876e9bbe90592be7,SYNCED,0,
706,SENSOR_LOG,"{""sensor_id"": ""SNS-MH-1012"", ""batch_id"": ""BTC-SEA-5003"", ""shipment_id"": ""SHP-2026-103"", ""timestamp"": ""2026-09-28 07:39:41 UTC"", ""temperature"": -20.28, ""humidity"": 86.8, ""location"": ""GPS: 45.1200 N, -120.0500 W"", ""battery_status"": 95}",2026-09-28 08:24:42 UTC,1,ec1a4a6152cc5f2d04d0456d78241af963623e137e3bb670a03e3e6a916aa0c8,SYNCED,0,
707,SENSOR_LOG,"{""sensor_id"": ""SNS-MH-1012"", ""batch_id"": ""BTC-SEA-5003"", ""shipment_id"": ""SHP-2026-103"", ""timestamp"": ""2026-09-28 07:54:41 UTC"", ""temperature"": -18.41, ""humidity"": 93.3, ""location"": ""GPS: 45.1200 N, -120.0600 W"", ""battery_status"": 95}",2026-09-28 08:24:42 UTC,1,b3be546e09022ed1b01124811386e6f6175e8dd5fb1a7b6335dd178609cd0154,SYNCED,0,
708,SENSOR_LOG,"{""sensor_id"": ""SNS-MH-1012"", ""batch_id"": ""BTC-SEA-5003"", ""shipment_id"": ""SHP-2026-103"", ""timestamp"": ""2026-09-28 08:09:41 UTC"", ""temperature"": -20.65, ""humidity"": 93.9, ""location"": ""GPS: 45.1200 N, -120.0700 W"", ""battery_status"": 95}",2026-09-28 08:24:42 UTC,1,030644cee26696d799712de0aabaa24fcd78addaacf57d13bdfd4bd4f4a2c917,SYNCED,0,
709,SENSOR_LOG,"{""sensor_id"": ""SNS-MH-1013"", ""batch_id"": ""BTC-SEA-5004"", ""shipment_id"": ""SHP-2026-104"", ""timestamp"": ""2026-09-28 06:24:41 UTC"", ""temperature"": -19.36, ""humidity"": 89.3, ""location"": ""GPS: 45.1300 N, -120.0000 W"", ""battery_status"": 95}",2026-09-28 08:24:42 UTC,1,e9d290e8505e32e24e5c5d8c7d15623afd6ba2b5ab47f1b69868c3ee0528ae8b,SYNCED,0,
710,SENSOR_LOG,"{""sensor_id"": ""SNS-MH-1013"", ""batch_id"": ""BTC-SEA-5004"", ""shipment_id"": ""SHP-2026-104"", ""timestamp"": ""2026-09-28 06:39:41 UTC"", ""temperature"": -21.84, ""humidity"": 89.0, ""location"": ""GPS: 45.1300 N, -120.0100 W"", ""battery_status"": 95}",2026-09-28 08:24:42 UTC,1,a3ec66e1cea1633a5a479508531e78fcf9857b354a771cdd8cb9fb87a2f27e9b,SYNCED,0,
711,SENSOR_LOG,"{""sensor_id"": ""SNS-MH-1013"", ""batch_id"": ""BTC-SEA-5004"", ""shipment_id"": ""SHP-2026-104"", ""timestamp"": ""2026-09-28 06:54:41 UTC"", ""temperature"": -21.47, ""humidity"": 89.4, ""location"": ""GPS: 45.1300 N, -120.0200 W"", ""battery_status"": 95}",2026-09-28 08:24:42 UTC,1,853d5eb512f74ceea21d397ef5289ed8be2d2d7f433909c776a9353d0f958780,SYNCED,0,
712,SENSOR_LOG,"{""sensor_id"": ""SNS-MH-1013"", ""batch_id"": ""BTC-SEA-5004"", ""shipment_id"": ""SHP-2026-104"", ""timestamp"": ""2026-09-28 07:09:41 UTC"", ""temperature"": -18.33, ""humidity"": 86.7, ""location"": ""GPS: 45.1300 N, -120.0300 W"", ""battery_status"": 95}",2026-09-28 08:24:42 UTC,1,9c1b44f901ec479639c6cc2e372c24a374508e33252cc3feae3ae9a69133c43a,SYNCED,0,
713,SENSOR_LOG,"{""sensor_id"": ""SNS-MH-1013"", ""batch_id"": ""BTC-SEA-5004"", ""shipment_id"": ""SHP-2026-104"", ""timestamp"": ""2026-09-28 07:24:41 UTC"", ""temperature"": -19.24, ""humidity"": 93.7, ""location"": ""GPS: 45.1300 N, -120.0400 W"", ""battery_status"": 95}",2026-09-28 08:24:42 UTC,1,8a67065a0506640c6f7d26b0dd671480ad06874d92c64b2389f41434b3eb54a9,SYNCED,0,
714,SENSOR_LOG,"{""sensor_id"": ""SNS-MH-1013"", ""batch_id"": ""BTC-SEA-5004"", ""shipment_id"": ""SHP-2026-104"", ""timestamp"": ""2026-09-28 07:39:41 UTC"", ""temperature"": -21.62, ""humidity"": 94.4, ""location"": ""GPS: 45.1300 N, -120.0500 W"", ""battery_status"": 95}",2026-09-28 08:24:42 UTC,1,c6457462b4e7fa44f745d0d8f0dd937ede5be055c129db9144374c076790c951,SYNCED,0,
715,SENSOR_LOG,"{""sensor_id"": ""SNS-MH-1013"", ""batch_id"": ""BTC-SEA-5004"", ""shipment_id"": ""SHP-2026-104"", ""timestamp"": ""2026-09-28 07:54:41 UTC"", ""temperature"": -21.81, ""humidity"": 89.2, ""location"": ""GPS: 45.1300 N, -120.0600 W"", ""battery_status"": 95}",2026-09-28 08:24:42 UTC,1,581d501f4d7a6d6db56f42092d674de41fabace5894eeca7a1907d98dae99414,SYNCED,0,
716,SENSOR_LOG,"{""sensor_id"": ""SNS-MH-1013"", ""batch_id"": ""BTC-SEA-5004"", ""shipment_id"": ""SHP-2026-104"", ""timestamp"": ""2026-09-28 08:09:41 UTC"", ""temperature"": -20.64, ""humidity"": 92.9, ""location"": ""GPS: 45.1300 N, -120.0700 W"", ""battery_status"": 95}",2026-09-28 08:24:42 UTC,1,1192c85e5f4da9572bfaccf9373b5db1839f53765a031ff81d9df6584b88df12,SYNCED,0,
717,SENSOR_LOG,"{""sensor_id"": ""SNS-MH-1014"", ""batch_id"": ""BTC-SEA-5005"", ""shipment_id"": ""SHP-2026-105"", ""timestamp"": ""2026-09-28 06:24:41 UTC"", ""temperature"": -19.9, ""humidity"": 85.4, ""location"": ""GPS: 45.1400 N, -120.0000 W"", ""battery_status"": 95}",2026-09-28 08:24:42 UTC,1,baff93e11d954bf6ef21d6b4623a8a46b92d6a7157d193a981064c4f6d22b7e0,SYNCED,0,
718,SENSOR_LOG,"{""sensor_id"": ""SNS-MH-1014"", ""batch_id"": ""BTC-SEA-5005"", ""shipment_id"": ""SHP-2026-105"", ""timestamp"": ""2026-09-28 06:39:41 UTC"", ""temperature"": -21.77, ""humidity"": 85.8, ""location"": ""GPS: 45.1400 N, -120.0100 W"", ""battery_status"": 95}",2026-09-28 08:24:42 UTC,1,fd8bcf177b9270e0a0e6ac9ef05086a2c41a98c50b10e749e6a185638b02a4e7,SYNCED,0,
719,SENSOR_LOG,"{""sensor_id"": ""SNS-MH-1014"", ""batch_id"": ""BTC-SEA-5005"", ""shipment_id"": ""SHP-2026-105"", ""timestamp"": ""2026-09-28 06:54:41 UTC"", ""temperature"": -18.56, ""humidity"": 87.9, ""location"": ""GPS: 45.1400 N, -120.0200 W"", ""battery_status"": 95}",2026-09-28 08:24:42 UTC,1,f08b560366a87b5810b27f9e119b65ab1cce6c9e4bac81dccf28776eedf2cc72,SYNCED,0,
720,SENSOR_LOG,"{""sensor_id"": ""SNS-MH-1014"", ""batch_id"": ""BTC-SEA-5005"", ""shipment_id"": ""SHP-2026-105"", ""timestamp"": ""2026-09-28 07:09:41 UTC"", ""temperature"": -19.71, ""humidity"": 89.8, ""location"": ""GPS: 45.1400 N, -120.0300 W"", ""battery_status"": 95}",2026-09-28 08:24:42 UTC,1,4550cb315c5307508f4e24ab139793f58257ba1908c1dbb846fbc69853d3d82a,SYNCED,0,
721,SENSOR_LOG,"{""sensor_id"": ""SNS-MH-1014"", ""batch_id"": ""BTC-SEA-5005"", ""shipment_id"": ""SHP-2026-105"", ""timestamp"": ""2026-09-28 07:24:41 UTC"", ""temperature"": -18.94, ""humidity"": 88.6, ""location"": ""GPS: 45.1400 N, -120.0400 W"", ""battery_status"": 95}",2026-09-28 08:24:42 UTC,1,00b263ed69bc4b99f705591d6427b8931dd7280e3476f4c7ad506d27d9e6c6b0,SYNCED,0,
722,SENSOR_LOG,"{""sensor_id"": ""SNS-MH-1014"", ""batch_id"": ""BTC-SEA-5005"", ""shipment_id"": ""SHP-2026-105"", ""timestamp"": ""2026-09-28 07:39:41 UTC"", ""temperature"": -19.51, ""humidity"": 94.8, ""location"": ""GPS: 45.1400 N, -120.0500 W"", ""battery_status"": 95}",2026-09-28 08:24:42 UTC,1,62c71922e0d3062b118e5f921d7aafa9a865a8316fddf3477f834eeed279681f,SYNCED,0,
723,SENSOR_LOG,"{""sensor_id"": ""SNS-MH-1014"", ""batch_id"": ""BTC-SEA-5005"", ""shipment_id"": ""SHP-2026-105"", ""timestamp"": ""2026-09-28 07:54:41 UTC"", ""temperature"": -18.71, ""humidity"": 85.8, ""location"": ""GPS: 45.1400 N, -120.0600 W"", ""battery_status"": 95}",2026-09-28 08:24:42 UTC,1,a10ebac6a7af6b8414ab2f0f6199d5082783a932b30c145a500debf33138f1cf,SYNCED,0,
724,SENSOR_LOG,"{""sensor_id"": ""SNS-MH-1014"", ""batch_id"": ""BTC-SEA-5005"", ""shipment_id"": ""SHP-2026-105"", ""timestamp"": ""2026-09-28 08:09:41 UTC"", ""temperature"": -18.11, ""humidity"": 86.1, ""location"": ""GPS: 45.1400 N, -120.0700 W"", ""battery_status"": 95}",2026-09-28 08:24:42 UTC,1,8957b7b131a4f8e63f0d76d1bac33a953b71b4f243a5262aac2e50dd68e0f16c,SYNCED,0,
725,SENSOR_LOG,"{""sensor_id"": ""SNS-MH-1015"", ""batch_id"": ""BTC-SEA-5001"", ""shipment_id"": ""SHP-2026-101"", ""timestamp"": ""2026-09-28 06:24:41 UTC"", ""temperature"": -18.11, ""humidity"": 94.1, ""location"": ""GPS: 45.1500 N, -120.0000 W"", ""battery_status"": 95}",2026-09-28 08:24:42 UTC,1,55946ed31cae09938af37f54e4ad77fc1f6a65a260191e1db2ae49a891948a2f,SYNCED,0,
726,SENSOR_LOG,"{""sensor_id"": ""SNS-MH-1015"", ""batch_id"": ""BTC-SEA-5001"", ""shipment_id"": ""SHP-2026-101"", ""timestamp"": ""2026-09-28 06:39:41 UTC"", ""temperature"": -19.68, ""humidity"": 88.7, ""location"": ""GPS: 45.1500 N, -120.0100 W"", ""battery_status"": 95}",2026-09-28 08:24:42 UTC,1,9c024a6e4b2dfe2ce609b5da7da5d2aa4ffed367eca5bfb02f923422ea6a3a1e,SYNCED,0,
727,SENSOR_LOG,"{""sensor_id"": ""SNS-MH-1015"", ""batch_id"": ""BTC-SEA-5001"", ""shipment_id"": ""SHP-2026-101"", ""timestamp"": ""2026-09-28 06:54:41 UTC"", ""temperature"": -20.92, ""humidity"": 86.4, ""location"": ""GPS: 45.1500 N, -120.0200 W"", ""battery_status"": 95}",2026-09-28 08:24:42 UTC,1,e561406145a8b27f798a453b8faad9b925a173edb7d5d8dc69bb1e6098cc5858,SYNCED,0,
728,SENSOR_LOG,"{""sensor_id"": ""SNS-MH-1015"", ""batch_id"": ""BTC-SEA-5001"", ""shipment_id"": ""SHP-2026-101"", ""timestamp"": ""2026-09-28 07:09:41 UTC"", ""temperature"": -20.19, ""humidity"": 90.5, ""location"": ""GPS: 45.1500 N, -120.0300 W"", ""battery_status"": 95}",2026-09-28 08:24:42 UTC,1,ad14c5396325d6c0f063d8659aa9a577e17f975127aba07de6c0d1c4e68b3c3d,SYNCED,0,
729,SENSOR_LOG,"{""sensor_id"": ""SNS-MH-1015"", ""batch_id"": ""BTC-SEA-5001"", ""shipment_id"": ""SHP-2026-101"", ""timestamp"": ""2026-09-28 07:24:41 UTC"", ""temperature"": -20.83, ""humidity"": 89.2, ""location"": ""GPS: 45.1500 N, -120.0400 W"", ""battery_status"": 95}",2026-09-28 08:24:42 UTC,1,8de81d07b7750499f06ab484be4f58bae8fa9ec1562925930223658ee26a29f1,SYNCED,0,
730,SENSOR_LOG,"{""sensor_id"": ""SNS-MH-1015"", ""batch_id"": ""BTC-SEA-5001"", ""shipment_id"": ""SHP-2026-101"", ""timestamp"": ""2026-09-28 07:39:41 UTC"", ""temperature"": -18.72, ""humidity"": 86.2, ""location"": ""GPS: 45.1500 N, -120.0500 W"", ""battery_status"": 95}",2026-09-28 08:24:42 UTC,1,10e847a8b7fdbb7c646903743dbfeb84830231999478af790e7a7031c06e2472,SYNCED,0,
731,SENSOR_LOG,"{""sensor_id"": ""SNS-MH-1015"", ""batch_id"": ""BTC-SEA-5001"", ""shipment_id"": ""SHP-2026-101"", ""timestamp"": ""2026-09-28 07:54:41 UTC"", ""temperature"": -19.83, ""humidity"": 91.9, ""location"": ""GPS: 45.1500 N, -120.0600 W"", ""battery_status"": 95}",2026-09-28 08:24:42 UTC,1,5bca8274427e23445caae7a750a0e58c41acdb5668de39a57cf3ce97cb2c216b,SYNCED,0,
732,SENSOR_LOG,"{""sensor_id"": ""SNS-MH-1015"", ""batch_id"": ""BTC-SEA-5001"", ""shipment_id"": ""SHP-2026-101"", ""timestamp"": ""2026-09-28 08:09:41 UTC"", ""temperature"": -18.41, ""humidity"": 85.5, ""location"": ""GPS: 45.1500 N, -120.0700 W"", ""battery_status"": 95}",2026-09-28 08:24:42 UTC,1,7a59126982feb0aee51f320640b60db9ad5857142c869cc877d8544348686d7e,SYNCED,0,
733,SENSOR_LOG,"{""sensor_id"": ""SNS-MH-1016"", ""batch_id"": ""BTC-SEA-5002"", ""shipment_id"": ""SHP-2026-102"", ""timestamp"": ""2026-09-28 06:24:41 UTC"", ""temperature"": -21.88, ""humidity"": 90.3, ""location"": ""GPS: 45.1600 N, -120.0000 W"", ""battery_status"": 95}",2026-09-28 08:24:42 UTC,1,4afa1a1748c96582137dfefa5eef16a7d813a6af5a32e4a03da61ba2646deda3,SYNCED,0,
734,SENSOR_LOG,"{""sensor_id"": ""SNS-MH-1016"", ""batch_id"": ""BTC-SEA-5002"", ""shipment_id"": ""SHP-2026-102"", ""timestamp"": ""2026-09-28 06:39:41 UTC"", ""temperature"": -20.11, ""humidity"": 91.2, ""location"": ""GPS: 45.1600 N, -120.0100 W"", ""battery_status"": 95}",2026-09-28 08:24:42 UTC,1,db59be8b6d6d2f40642d82b1d2f703c8ff29bc70634e4372c3353968a937c0a9,SYNCED,0,
735,SENSOR_LOG,"{""sensor_id"": ""SNS-MH-1016"", ""batch_id"": ""BTC-SEA-5002"", ""shipment_id"": ""SHP-2026-102"", ""timestamp"": ""2026-09-28 06:54:41 UTC"", ""temperature"": -20.18, ""humidity"": 88.4, ""location"": ""GPS: 45.1600 N, -120.0200 W"", ""battery_status"": 95}",2026-09-28 08:24:42 UTC,1,dc87232717735e317d537148523ae210a110239c0e3d68d3c2b84ab3751fa8dc,SYNCED,0,
736,SENSOR_LOG,"{""sensor_id"": ""SNS-MH-1016"", ""batch_id"": ""BTC-SEA-5002"", ""shipment_id"": ""SHP-2026-102"", ""timestamp"": ""2026-09-28 07:09:41 UTC"", ""temperature"": -19.5, ""humidity"": 95.0, ""location"": ""GPS: 45.1600 N, -120.0300 W"", ""battery_status"": 95}",2026-09-28 08:24:42 UTC,1,6bdd9f59a845a226971e00901831f6758fb84e87bcbb3354a227694e7edd28ee,SYNCED,0,
737,SENSOR_LOG,"{""sensor_id"": ""SNS-MH-1016"", ""batch_id"": ""BTC-SEA-5002"", ""shipment_id"": ""SHP-2026-102"", ""timestamp"": ""2026-09-28 07:24:41 UTC"", ""temperature"": -21.85, ""humidity"": 87.9, ""location"": ""GPS: 45.1600 N, -120.0400 W"", ""battery_status"": 95}",2026-09-28 08:24:42 UTC,1,e65615ded8e42990030116441e87b6c5d5cda99e688ed27ad3b313f022777dbb,SYNCED,0,
738,SENSOR_LOG,"{""sensor_id"": ""SNS-MH-1016"", ""batch_id"": ""BTC-SEA-5002"", ""shipment_id"": ""SHP-2026-102"", ""timestamp"": ""2026-09-28 07:39:41 UTC"", ""temperature"": -18.58, ""humidity"": 86.1, ""location"": ""GPS: 45.1600 N, -120.0500 W"", ""battery_status"": 95}",2026-09-28 08:24:42 UTC,1,e85f8f9dc1672ab0841599a1b3a07b6919f7c051f593eeb60d83b854299bd727,SYNCED,0,
739,SENSOR_LOG,"{""sensor_id"": ""SNS-MH-1016"", ""batch_id"": ""BTC-SEA-5002"", ""shipment_id"": ""SHP-2026-102"", ""timestamp"": ""2026-09-28 07:54:41 UTC"", ""temperature"": -21.56, ""humidity"": 92.5, ""location"": ""GPS: 45.1600 N, -120.0600 W"", ""battery_status"": 95}",2026-09-28 08:24:42 UTC,1,29cd931e6d167257972a660d91dca5d66000701fbaaad08b030b7ffac2cc8ced,SYNCED,0,
740,SENSOR_LOG,"{""sensor_id"": ""SNS-MH-1016"", ""batch_id"": ""BTC-SEA-5002"", ""shipment_id"": ""SHP-2026-102"", ""timestamp"": ""2026-09-28 08:09:41 UTC"", ""temperature"": -21.0, ""humidity"": 87.2, ""location"": ""GPS: 45.1600 N, -120.0700 W"", ""battery_status"": 95}",2026-09-28 08:24:42 UTC,1,28e056fce662b4e763e80aae654ef9a46d80ca370afbf8505ec60de3efa3d484,SYNCED,0,
741,SENSOR_LOG,"{""sensor_id"": ""SNS-MH-1017"", ""batch_id"": ""BTC-SEA-5003"", ""shipment_id"": ""SHP-2026-103"", ""timestamp"": ""2026-09-28 06:24:41 UTC"", ""temperature"": -20.2, ""humidity"": 92.6, ""location"": ""GPS: 45.1700 N, -120.0000 W"", ""battery_status"": 95}",2026-09-28 08:24:42 UTC,1,4f77f17b9ecd4a0adb5c2ecf95d4f6b8af9d18bdb84c54956782ff8cab300045,SYNCED,0,
742,SENSOR_LOG,"{""sensor_id"": ""SNS-MH-1017"", ""batch_id"": ""BTC-SEA-5003"", ""shipment_id"": ""SHP-2026-103"", ""timestamp"": ""2026-09-28 06:39:41 UTC"", ""temperature"": -20.48, ""humidity"": 93.7, ""location"": ""GPS: 45.1700 N, -120.0100 W"", ""battery_status"": 95}",2026-09-28 08:24:42 UTC,1,4af341ed9f79f9a1d5de0afdf8f43c0bcb66a7bd426db4f955031fff824dbf5a,SYNCED,0,
743,SENSOR_LOG,"{""sensor_id"": ""SNS-MH-1017"", ""batch_id"": ""BTC-SEA-5003"", ""shipment_id"": ""SHP-2026-103"", ""timestamp"": ""2026-09-28 06:54:41 UTC"", ""temperature"": -19.51, ""humidity"": 88.1, ""location"": ""GPS: 45.1700 N, -120.0200 W"", ""battery_status"": 95}",2026-09-28 08:24:42 UTC,1,42b52ad1f3a3d449a3a687d2f5d7a07bdf7d37c2f469b4ee98ab90d5db1ec861,SYNCED,0,
744,SENSOR_LOG,"{""sensor_id"": ""SNS-MH-1017"", ""batch_id"": ""BTC-SEA-5003"", ""shipment_id"": ""SHP-2026-103"", ""timestamp"": ""2026-09-28 07:09:41 UTC"", ""temperature"": -21.6, ""humidity"": 85.1, ""location"": ""GPS: 45.1700 N, -120.0300 W"", ""battery_status"": 95}",2026-09-28 08:24:42 UTC,1,0224aed8573f94df6d858dc8b50dd61b3a82f603d060e4664020f912d165dcff,SYNCED,0,
745,SENSOR_LOG,"{""sensor_id"": ""SNS-MH-1017"", ""batch_id"": ""BTC-SEA-5003"", ""shipment_id"": ""SHP-2026-103"", ""timestamp"": ""2026-09-28 07:24:41 UTC"", ""temperature"": -21.81, ""humidity"": 87.5, ""location"": ""GPS: 45.1700 N, -120.0400 W"", ""battery_status"": 95}",2026-09-28 08:24:42 UTC,1,89e017d21563705df80bd1dc01bec92599123e1be7792d5f684d530634f8dee4,SYNCED,0,
746,SENSOR_LOG,"{""sensor_id"": ""SNS-MH-1017"", ""batch_id"": ""BTC-SEA-5003"", ""shipment_id"": ""SHP-2026-103"", ""timestamp"": ""2026-09-28 07:39:41 UTC"", ""temperature"": -21.01, ""humidity"": 90.1, ""location"": ""GPS: 45.1700 N, -120.0500 W"", ""battery_status"": 95}",2026-09-28 08:24:42 UTC,1,cde46725a1cf36b46b5968aad2ec852b8c15cad2138aa98ce99d302be82c9ac2,SYNCED,0,
747,SENSOR_LOG,"{""sensor_id"": ""SNS-MH-1017"", ""batch_id"": ""BTC-SEA-5003"", ""shipment_id"": ""SHP-2026-103"", ""timestamp"": ""2026-09-28 07:54:41 UTC"", ""temperature"": -18.48, ""humidity"": 85.5, ""location"": ""GPS: 45.1700 N, -120.0600 W"", ""battery_status"": 95}",2026-09-28 08:24:42 UTC,1,0c0ea0ebea46a86373f0b9c2a12193a750c26a5676e1fe24aab7f0ede68fb6cb,SYNCED,0,
748,SENSOR_LOG,"{""sensor_id"": ""SNS-MH-1017"", ""batch_id"": ""BTC-SEA-5003"", ""shipment_id"": ""SHP-2026-103"", ""timestamp"": ""2026-09-28 08:09:41 UTC"", ""temperature"": -19.55, ""humidity"": 89.8, ""location"": ""GPS: 45.1700 N, -120.0700 W"", ""battery_status"": 95}",2026-09-28 08:24:42 UTC,1,86d95a338f43b8634096273537a7793b57389ac425cfe3e23da7308b7137d400,SYNCED,0,
749,SENSOR_LOG,"{""sensor_id"": ""SNS-MH-1018"", ""batch_id"": ""BTC-SEA-5004"", ""shipment_id"": ""SHP-2026-104"", ""timestamp"": ""2026-09-28 06:24:41 UTC"", ""temperature"": -18.1, ""humidity"": 94.7, ""location"": ""GPS: 45.1800 N, -120.0000 W"", ""battery_status"": 95}",2026-09-28 08:24:42 UTC,1,2e020c17dbe4569ebb63b34c0420c169400eaa18faf823fccce1146956cdbebe,SYNCED,0,
750,SENSOR_LOG,"{""sensor_id"": ""SNS-MH-1018"", ""batch_id"": ""BTC-SEA-5004"", ""shipment_id"": ""SHP-2026-104"", ""timestamp"": ""2026-09-28 06:39:41 UTC"", ""temperature"": -19.56, ""humidity"": 88.2, ""location"": ""GPS: 45.1800 N, -120.0100 W"", ""battery_status"": 95}",2026-09-28 08:24:42 UTC,1,438b3ebff7aa026464aa3985040a2348a957d8eecbda8525dfe1e15d60aadb17,SYNCED,0,
751,SENSOR_LOG,"{""sensor_id"": ""SNS-MH-1018"", ""batch_id"": ""BTC-SEA-5004"", ""shipment_id"": ""SHP-2026-104"", ""timestamp"": ""2026-09-28 06:54:41 UTC"", ""temperature"": -18.9, ""humidity"": 92.9, ""location"": ""GPS: 45.1800 N, -120.0200 W"", ""battery_status"": 95}",2026-09-28 08:24:42 UTC,1,36de5ec972b947451821db50269f4427d7c040b0e149b88389830ad82ff19b9f,SYNCED,0,
752,SENSOR_LOG,"{""sensor_id"": ""SNS-MH-1018"", ""batch_id"": ""BTC-SEA-5004"", ""shipment_id"": ""SHP-2026-104"", ""timestamp"": ""2026-09-28 07:09:41 UTC"", ""temperature"": -18.51, ""humidity"": 87.4, ""location"": ""GPS: 45.1800 N, -120.0300 W"", ""battery_status"": 95}",2026-09-28 08:24:42 UTC,1,6a14ed94e00ba0e3d3a72e8ea96dec119155cf49b4ecc2ede5eeec18aa4cf4bc,SYNCED,0,
753,SENSOR_LOG,"{""sensor_id"": ""SNS-MH-1018"", ""batch_id"": ""BTC-SEA-5004"", ""shipment_id"": ""SHP-2026-104"", ""timestamp"": ""2026-09-28 07:24:41 UTC"", ""temperature"": -20.17, ""humidity"": 94.1, ""location"": ""GPS: 45.1800 N, -120.0400 W"", ""battery_status"": 95}",2026-09-28 08:24:42 UTC,1,b11a9c6d23ed503786651d69246e8af7015f2aed9d8218d324e8e3e43eea303d,SYNCED,0,
754,SENSOR_LOG,"{""sensor_id"": ""SNS-MH-1018"", ""batch_id"": ""BTC-SEA-5004"", ""shipment_id"": ""SHP-2026-104"", ""timestamp"": ""2026-09-28 07:39:41 UTC"", ""temperature"": -19.87, ""humidity"": 93.9, ""location"": ""GPS: 45.1800 N, -120.0500 W"", ""battery_status"": 95}",2026-09-28 08:24:42 UTC,1,1a760fa6ed70be6213f4339e814e079ec35016360fc17dc14df524a7d8b0b4e7,SYNCED,0,
755,SENSOR_LOG,"{""sensor_id"": ""SNS-MH-1018"", ""batch_id"": ""BTC-SEA-5004"", ""shipment_id"": ""SHP-2026-104"", ""timestamp"": ""2026-09-28 07:54:41 UTC"", ""temperature"": -19.24, ""humidity"": 93.1, ""location"": ""GPS: 45.1800 N, -120.0600 W"", ""battery_status"": 95}",2026-09-28 08:24:42 UTC,1,0cb41cf55d90e062a74162dd231833ab6ac9437eb3881ea81af71f398130c973,SYNCED,0,
756,SENSOR_LOG,"{""sensor_id"": ""SNS-MH-1018"", ""batch_id"": ""BTC-SEA-5004"", ""shipment_id"": ""SHP-2026-104"", ""timestamp"": ""2026-09-28 08:09:41 UTC"", ""temperature"": -20.57, ""humidity"": 86.2, ""location"": ""GPS: 45.1800 N, -120.0700 W"", ""battery_status"": 95}",2026-09-28 08:24:42 UTC,1,405e5f6a1309f4d5a3d52308d43295a7129f7475e2496a7daab70decad928153,SYNCED,0,
757,SENSOR_LOG,"{""sensor_id"": ""SNS-MH-1019"", ""batch_id"": ""BTC-SEA-5005"", ""shipment_id"": ""SHP-2026-105"", ""timestamp"": ""2026-09-28 06:24:41 UTC"", ""temperature"": -18.96, ""humidity"": 85.1, ""location"": ""GPS: 45.1900 N, -120.0000 W"", ""battery_status"": 95}",2026-09-28 08:24:42 UTC,1,5b1f3df6d2d5788feeb1c61773b3dcb9d44feefbffe58bb8895170480d1de426,SYNCED,0,
758,SENSOR_LOG,"{""sensor_id"": ""SNS-MH-1019"", ""batch_id"": ""BTC-SEA-5005"", ""shipment_id"": ""SHP-2026-105"", ""timestamp"": ""2026-09-28 06:39:41 UTC"", ""temperature"": -20.28, ""humidity"": 91.6, ""location"": ""GPS: 45.1900 N, -120.0100 W"", ""battery_status"": 95}",2026-09-28 08:24:42 UTC,1,7ccb16094a8f68d4c038b17d3dab05da59a18beec2e7ac6075a2e19d6125648f,SYNCED,0,
759,SENSOR_LOG,"{""sensor_id"": ""SNS-MH-1019"", ""batch_id"": ""BTC-SEA-5005"", ""shipment_id"": ""SHP-2026-105"", ""timestamp"": ""2026-09-28 06:54:41 UTC"", ""temperature"": -19.45, ""humidity"": 85.3, ""location"": ""GPS: 45.1900 N, -120.0200 W"", ""battery_status"": 95}",2026-09-28 08:24:42 UTC,1,bd91d26ccdaf11291d3ed618aaba03eab37a4c27abe61a212a0dda226ec5692a,SYNCED,0,
760,SENSOR_LOG,"{""sensor_id"": ""SNS-MH-1019"", ""batch_id"": ""BTC-SEA-5005"", ""shipment_id"": ""SHP-2026-105"", ""timestamp"": ""2026-09-28 07:09:41 UTC"", ""temperature"": -18.46, ""humidity"": 88.8, ""location"": ""GPS: 45.1900 N, -120.0300 W"", ""battery_status"": 95}",2026-09-28 08:24:42 UTC,1,f05400c9bfd3a4cff04fca5ba43d4cdaab7f486c20d9e53742609f2a1b83fee9,SYNCED,0,
761,SENSOR_LOG,"{""sensor_id"": ""SNS-MH-1019"", ""batch_id"": ""BTC-SEA-5005"", ""shipment_id"": ""SHP-2026-105"", ""timestamp"": ""2026-09-28 07:24:41 UTC"", ""temperature"": -20.43, ""humidity"": 94.0, ""location"": ""GPS: 45.1900 N, -120.0400 W"", ""battery_status"": 95}",2026-09-28 08:24:42 UTC,1,adc9d7b7b3defbf85f304056942d71e1f3292e497ee1db213ed93593f9f48eb4,SYNCED,0,
762,SENSOR_LOG,"{""sensor_id"": ""SNS-MH-1019"", ""batch_id"": ""BTC-SEA-5005"", ""shipment_id"": ""SHP-2026-105"", ""timestamp"": ""2026-09-28 07:39:41 UTC"", ""temperature"": -20.5, ""humidity"": 92.1, ""location"": ""GPS: 45.1900 N, -120.0500 W"", ""battery_status"": 95}",2026-09-28 08:24:42 UTC,1,78242324ca4061ca81952ca057c32ed2189589f648f3fe2be304fd68f91138d1,SYNCED,0,
763,SENSOR_LOG,"{""sensor_id"": ""SNS-MH-1019"", ""batch_id"": ""BTC-SEA-5005"", ""shipment_id"": ""SHP-2026-105"", ""timestamp"": ""2026-09-28 07:54:41 UTC"", ""temperature"": -21.65, ""humidity"": 92.4, ""location"": ""GPS: 45.1900 N, -120.0600 W"", ""battery_status"": 95}",2026-09-28 08:24:42 UTC,1,4516a7309da2cab5f4eda72f35a05fe255536348a52df6c4705e7d8085741372,SYNCED,0,
764,SENSOR_LOG,"{""sensor_id"": ""SNS-MH-1019"", ""batch_id"": ""BTC-SEA-5005"", ""shipment_id"": ""SHP-2026-105"", ""timestamp"": ""2026-09-28 08:09:41 UTC"", ""temperature"": -19.84, ""humidity"": 85.9, ""location"": ""GPS: 45.1900 N, -120.0700 W"", ""battery_status"": 95}",2026-09-28 08:24:42 UTC,1,aa30fd200e08dcbe55613f54d0ae9dfb298fd31e27b04aa69eb043b9b3008f83,SYNCED,0,
765,SENSOR_LOG,"{""sensor_id"": ""SNS-MH-1000"", ""batch_id"": ""BTC-SEA-5001"", ""shipment_id"": ""SHP-2026-101"", ""timestamp"": ""2026-09-28 04:24:43 UTC"", ""temperature"": -19.58, ""humidity"": 90.7, ""location"": ""GPS: 45.0000 N, -120.0000 W"", ""battery_status"": 95}",2026-09-28 08:24:43 UTC,1,64e32dffce53b75c72b1c67a43ca1b99bd412723c51b17f22380941d63365f08,SYNCED,0,
766,SENSOR_LOG,"{""sensor_id"": ""SNS-MH-1000"", ""batch_id"": ""BTC-SEA-5001"", ""shipment_id"": ""SHP-2026-101"", ""timestamp"": ""2026-09-28 04:39:43 UTC"", ""temperature"": -21.96, ""humidity"": 87.6, ""location"": ""GPS: 45.0000 N, -120.0100 W"", ""battery_status"": 95}",2026-09-28 08:24:43 UTC,1,5ebdd75391007631c1bb4f8f71869efb8dc9dc609facc28c5f71defca7775881,SYNCED,0,
767,SENSOR_LOG,"{""sensor_id"": ""SNS-MH-1000"", ""batch_id"": ""BTC-SEA-5001"", ""shipment_id"": ""SHP-2026-101"", ""timestamp"": ""2026-09-28 04:54:43 UTC"", ""temperature"": -18.75, ""humidity"": 92.7, ""location"": ""GPS: 45.0000 N, -120.0200 W"", ""battery_status"": 95}",2026-09-28 08:24:43 UTC,1,c827129f6186b611c776f147887be57c991403a6836b6552e09731b57bcf036b,SYNCED,0,
768,SENSOR_LOG,"{""sensor_id"": ""SNS-MH-1000"", ""batch_id"": ""BTC-SEA-5001"", ""shipment_id"": ""SHP-2026-101"", ""timestamp"": ""2026-09-28 05:09:43 UTC"", ""temperature"": -21.6, ""humidity"": 85.6, ""location"": ""GPS: 45.0000 N, -120.0300 W"", ""battery_status"": 95}",2026-09-28 08:24:43 UTC,1,71e7ae3f6497ac162ecd1d362e930cd6b580dd17a72c4d9af23543d60cc43c32,SYNCED,0,
769,SENSOR_LOG,"{""sensor_id"": ""SNS-MH-1000"", ""batch_id"": ""BTC-SEA-5001"", ""shipment_id"": ""SHP-2026-101"", ""timestamp"": ""2026-09-28 05:24:43 UTC"", ""temperature"": -21.37, ""humidity"": 90.6, ""location"": ""GPS: 45.0000 N, -120.0400 W"", ""battery_status"": 95}",2026-09-28 08:24:43 UTC,1,446fb4316df0aaf812b9ef7b32c5bc7f1862f005cc7e17fc503c7d6a3d00ad26,SYNCED,0,
770,SENSOR_LOG,"{""sensor_id"": ""SNS-MH-1000"", ""batch_id"": ""BTC-SEA-5001"", ""shipment_id"": ""SHP-2026-101"", ""timestamp"": ""2026-09-28 05:39:43 UTC"", ""temperature"": -18.66, ""humidity"": 91.7, ""location"": ""GPS: 45.0000 N, -120.0500 W"", ""battery_status"": 95}",2026-09-28 08:24:43 UTC,1,3f86fb27e5dacb9c31b60167767e9ae1c9b1747769c3c38348a4e0803fe2f880,SYNCED,0,
771,SENSOR_LOG,"{""sensor_id"": ""SNS-MH-1000"", ""batch_id"": ""BTC-SEA-5001"", ""shipment_id"": ""SHP-2026-101"", ""timestamp"": ""2026-09-28 05:54:43 UTC"", ""temperature"": -21.14, ""humidity"": 87.1, ""location"": ""GPS: 45.0000 N, -120.0600 W"", ""battery_status"": 95}",2026-09-28 08:24:43 UTC,1,30329a637be563320285ac8e9adcb1ba111d09121e02801258e49bf8f7650088,SYNCED,0,
772,SENSOR_LOG,"{""sensor_id"": ""SNS-MH-1000"", ""batch_id"": ""BTC-SEA-5001"", ""shipment_id"": ""SHP-2026-101"", ""timestamp"": ""2026-09-28 06:09:43 UTC"", ""temperature"": -19.04, ""humidity"": 88.0, ""location"": ""GPS: 45.0000 N, -120.0700 W"", ""battery_status"": 95}",2026-09-28 08:24:43 UTC,1,a54822093e041cc5d44f1a5ea307e56715b611f45ae8c18f744fe7ba2798fdf2,SYNCED,0,
773,SENSOR_LOG,"{""sensor_id"": ""SNS-MH-1000"", ""batch_id"": ""BTC-SEA-5001"", ""shipment_id"": ""SHP-2026-101"", ""timestamp"": ""2026-09-28 06:24:43 UTC"", ""temperature"": -20.69, ""humidity"": 90.2, ""location"": ""GPS: 45.0000 N, -120.0800 W"", ""battery_status"": 95}",2026-09-28 08:24:43 UTC,1,04f05f86648615388f9abd18fec665943042dc88c078aa7ed75992f5a044c0cb,SYNCED,0,
774,SENSOR_LOG,"{""sensor_id"": ""SNS-MH-1000"", ""batch_id"": ""BTC-SEA-5001"", ""shipment_id"": ""SHP-2026-101"", ""timestamp"": ""2026-09-28 06:39:43 UTC"", ""temperature"": -18.06, ""humidity"": 94.0, ""location"": ""GPS: 45.0000 N, -120.0900 W"", ""battery_status"": 95}",2026-09-28 08:24:43 UTC,1,b303d87b6bec11c47a21d33c4017a1d0ee2ac966e74611f4192960865dd36303,SYNCED,0,
775,SENSOR_LOG,"{""sensor_id"": ""SNS-MH-1000"", ""batch_id"": ""BTC-SEA-5001"", ""shipment_id"": ""SHP-2026-101"", ""timestamp"": ""2026-09-28 06:54:43 UTC"", ""temperature"": -20.54, ""humidity"": 94.7, ""location"": ""GPS: 45.0000 N, -120.1000 W"", ""battery_status"": 95}",2026-09-28 08:24:43 UTC,1,967e3236165cc481d3d562130249b202de6ce7ef419b9104ab2055dd732139a9,SYNCED,0,
776,SENSOR_LOG,"{""sensor_id"": ""SNS-MH-1000"", ""batch_id"": ""BTC-SEA-5001"", ""shipment_id"": ""SHP-2026-101"", ""timestamp"": ""2026-09-28 07:09:43 UTC"", ""temperature"": -18.48, ""humidity"": 92.8, ""location"": ""GPS: 45.0000 N, -120.1100 W"", ""battery_status"": 95}",2026-09-28 08:24:43 UTC,1,09b70182bee24721386b6f0b9bb5acb4afcfb8a423e32154c0a029720e7ea7c1,SYNCED,0,
777,SENSOR_LOG,"{""sensor_id"": ""SNS-MH-1000"", ""batch_id"": ""BTC-SEA-5001"", ""shipment_id"": ""SHP-2026-101"", ""timestamp"": ""2026-09-28 07:24:43 UTC"", ""temperature"": -18.5, ""humidity"": 85.6, ""location"": ""GPS: 45.0000 N, -120.1200 W"", ""battery_status"": 95}",2026-09-28 08:24:43 UTC,1,7e5715a925e3503ff641c148b5396f9fbb11c8a8b72df7180372a4c7b0fcf1ed,SYNCED,0,
778,SENSOR_LOG,"{""sensor_id"": ""SNS-MH-1000"", ""batch_id"": ""BTC-SEA-5001"", ""shipment_id"": ""SHP-2026-101"", ""timestamp"": ""2026-09-28 07:39:43 UTC"", ""temperature"": -18.59, ""humidity"": 87.8, ""location"": ""GPS: 45.0000 N, -120.1300 W"", ""battery_status"": 95}",2026-09-28 08:24:43 UTC,1,c9b72385a96b1963faa774d5afd0cf0eab923d1c83a335cf7cfdfefd011718c6,SYNCED,0,
779,SENSOR_LOG,"{""sensor_id"": ""SNS-MH-1000"", ""batch_id"": ""BTC-SEA-5001"", ""shipment_id"": ""SHP-2026-101"", ""timestamp"": ""2026-09-28 07:54:43 UTC"", ""temperature"": -18.22, ""humidity"": 92.5, ""location"": ""GPS: 45.0000 N, -120.1400 W"", ""battery_status"": 95}",2026-09-28 08:24:43 UTC,1,9f5bef8e33f87fc5a48ce636ae8a6c4a1991923764c9db707c0e2ebfbbaa35c9,SYNCED,0,
780,SENSOR_LOG,"{""sensor_id"": ""SNS-MH-1000"", ""batch_id"": ""BTC-SEA-5001"", ""shipment_id"": ""SHP-2026-101"", ""timestamp"": ""2026-09-28 08:09:43 UTC"", ""temperature"": -19.44, ""humidity"": 92.5, ""location"": ""GPS: 45.0000 N, -120.1500 W"", ""battery_status"": 95}",2026-09-28 08:24:43 UTC,1,cf5610d97dab710bd5677ac50c94e41ec843b0d19735585c3840bb1a6cbda026,SYNCED,0,
781,SENSOR_LOG,"{""sensor_id"": ""SNS-MH-1001"", ""batch_id"": ""BTC-SEA-5002"", ""shipment_id"": ""SHP-2026-102"", ""timestamp"": ""2026-09-28 04:24:43 UTC"", ""temperature"": -19.52, ""humidity"": 87.0, ""location"": ""GPS: 45.0100 N, -120.0000 W"", ""battery_status"": 95}",2026-09-28 08:24:43 UTC,1,8e3117d5c6e27714dc803e27a6af1c1a0d37c900942a8701ab193a56bd0a7ea9,SYNCED,0,
782,SENSOR_LOG,"{""sensor_id"": ""SNS-MH-1001"", ""batch_id"": ""BTC-SEA-5002"", ""shipment_id"": ""SHP-2026-102"", ""timestamp"": ""2026-09-28 04:39:43 UTC"", ""temperature"": -18.03, ""humidity"": 87.3, ""location"": ""GPS: 45.0100 N, -120.0100 W"", ""battery_status"": 95}",2026-09-28 08:24:43 UTC,1,5e6af5c004380aca77d6d180dd4ba1d2aead036fa914bf8a991318ee5f19f640,SYNCED,0,
783,SENSOR_LOG,"{""sensor_id"": ""SNS-MH-1001"", ""batch_id"": ""BTC-SEA-5002"", ""shipment_id"": ""SHP-2026-102"", ""timestamp"": ""2026-09-28 04:54:43 UTC"", ""temperature"": -18.53, ""humidity"": 85.4, ""location"": ""GPS: 45.0100 N, -120.0200 W"", ""battery_status"": 95}",2026-09-28 08:24:43 UTC,1,c3e88068ce6a4eee5783ea5a6f8ca595d165f8bda96c5cc85b5b11a57a8147fa,SYNCED,0,
784,SENSOR_LOG,"{""sensor_id"": ""SNS-MH-1001"", ""batch_id"": ""BTC-SEA-5002"", ""shipment_id"": ""SHP-2026-102"", ""timestamp"": ""2026-09-28 05:09:43 UTC"", ""temperature"": -20.57, ""humidity"": 92.5, ""location"": ""GPS: 45.0100 N, -120.0300 W"", ""battery_status"": 95}",2026-09-28 08:24:43 UTC,1,7e50270cd50a218354795824e143464516b51a0d5b78e0784c0fa58f815f90ed,SYNCED,0,
785,SENSOR_LOG,"{""sensor_id"": ""SNS-MH-1001"", ""batch_id"": ""BTC-SEA-5002"", ""shipment_id"": ""SHP-2026-102"", ""timestamp"": ""2026-09-28 05:24:43 UTC"", ""temperature"": -21.1, ""humidity"": 92.6, ""location"": ""GPS: 45.0100 N, -120.0400 W"", ""battery_status"": 95}",2026-09-28 08:24:43 UTC,1,c7918c134f537b03e36a4ce3f0d05b3831a1443adbf76e99a1a5427f46d6172d,SYNCED,0,
786,SENSOR_LOG,"{""sensor_id"": ""SNS-MH-1001"", ""batch_id"": ""BTC-SEA-5002"", ""shipment_id"": ""SHP-2026-102"", ""timestamp"": ""2026-09-28 05:39:43 UTC"", ""temperature"": -19.38, ""humidity"": 94.1, ""location"": ""GPS: 45.0100 N, -120.0500 W"", ""battery_status"": 95}",2026-09-28 08:24:43 UTC,1,6548436b9434d9005e4cf4f483e7d15097b3927daa919c14724e9a8b8a0d3f08,SYNCED,0,
787,SENSOR_LOG,"{""sensor_id"": ""SNS-MH-1001"", ""batch_id"": ""BTC-SEA-5002"", ""shipment_id"": ""SHP-2026-102"", ""timestamp"": ""2026-09-28 05:54:43 UTC"", ""temperature"": -20.58, ""humidity"": 94.0, ""location"": ""GPS: 45.0100 N, -120.0600 W"", ""battery_status"": 95}",2026-09-28 08:24:43 UTC,1,be029ec8672ae2a2d04a67300c9ef9439238206b03ded42bb82a15677fdfb760,SYNCED,0,
788,SENSOR_LOG,"{""sensor_id"": ""SNS-MH-1001"", ""batch_id"": ""BTC-SEA-5002"", ""shipment_id"": ""SHP-2026-102"", ""timestamp"": ""2026-09-28 06:09:43 UTC"", ""temperature"": -19.71, ""humidity"": 86.6, ""location"": ""GPS: 45.0100 N, -120.0700 W"", ""battery_status"": 95}",2026-09-28 08:24:43 UTC,1,ea12ac767b6d2fcbfa8690a3f5041eeaa226f660377d1b68c046027195ce61bd,SYNCED,0,
789,SENSOR_LOG,"{""sensor_id"": ""SNS-MH-1001"", ""batch_id"": ""BTC-SEA-5002"", ""shipment_id"": ""SHP-2026-102"", ""timestamp"": ""2026-09-28 06:24:43 UTC"", ""temperature"": -21.74, ""humidity"": 87.3, ""location"": ""GPS: 45.0100 N, -120.0800 W"", ""battery_status"": 95}",2026-09-28 08:24:43 UTC,1,cd3323e1edba477910dda4cedaf4e4bb95a2fda73b8a00a6d5041a3a95f165e1,SYNCED,0,
790,SENSOR_LOG,"{""sensor_id"": ""SNS-MH-1001"", ""batch_id"": ""BTC-SEA-5002"", ""shipment_id"": ""SHP-2026-102"", ""timestamp"": ""2026-09-28 06:39:43 UTC"", ""temperature"": -21.72, ""humidity"": 88.5, ""location"": ""GPS: 45.0100 N, -120.0900 W"", ""battery_status"": 95}",2026-09-28 08:24:43 UTC,1,4bce6a15d6cc89940c06185797e7045a8917abaddca9823615b4705fe2235610,SYNCED,0,
791,SENSOR_LOG,"{""sensor_id"": ""SNS-MH-1001"", ""batch_id"": ""BTC-SEA-5002"", ""shipment_id"": ""SHP-2026-102"", ""timestamp"": ""2026-09-28 06:54:43 UTC"", ""temperature"": -20.25, ""humidity"": 87.5, ""location"": ""GPS: 45.0100 N, -120.1000 W"", ""battery_status"": 95}",2026-09-28 08:24:43 UTC,1,2278fc00b83332d1a92a3bb3d4789bfd8e444f9e6a24e6a6f0d08315678c364c,SYNCED,0,
792,SENSOR_LOG,"{""sensor_id"": ""SNS-MH-1001"", ""batch_id"": ""BTC-SEA-5002"", ""shipment_id"": ""SHP-2026-102"", ""timestamp"": ""2026-09-28 07:09:43 UTC"", ""temperature"": -21.05, ""humidity"": 85.9, ""location"": ""GPS: 45.0100 N, -120.1100 W"", ""battery_status"": 95}",2026-09-28 08:24:43 UTC,1,4801343374a2d627c3945128043271fa8c7ff63a2d3331d2f33320d1bbcedbf5,SYNCED,0,
793,SENSOR_LOG,"{""sensor_id"": ""SNS-MH-1001"", ""batch_id"": ""BTC-SEA-5002"", ""shipment_id"": ""SHP-2026-102"", ""timestamp"": ""2026-09-28 07:24:43 UTC"", ""temperature"": -18.86, ""humidity"": 94.1, ""location"": ""GPS: 45.0100 N, -120.1200 W"", ""battery_status"": 95}",2026-09-28 08:24:43 UTC,1,a3d5f87093593466a8d1efaa8e0cf8662f2cf38dc5d634aa6ba254f09e38e363,SYNCED,0,
794,SENSOR_LOG,"{""sensor_id"": ""SNS-MH-1001"", ""batch_id"": ""BTC-SEA-5002"", ""shipment_id"": ""SHP-2026-102"", ""timestamp"": ""2026-09-28 07:39:43 UTC"", ""temperature"": -18.77, ""humidity"": 93.2, ""location"": ""GPS: 45.0100 N, -120.1300 W"", ""battery_status"": 95}",2026-09-28 08:24:43 UTC,1,c45e1de4b11af5d389f2b933228de8c9ff4757a44492ed104b1e9aedcca29216,SYNCED,0,
795,SENSOR_LOG,"{""sensor_id"": ""SNS-MH-1001"", ""batch_id"": ""BTC-SEA-5002"", ""shipment_id"": ""SHP-2026-102"", ""timestamp"": ""2026-09-28 07:54:43 UTC"", ""temperature"": -18.24, ""humidity"": 88.7, ""location"": ""GPS: 45.0100 N, -120.1400 W"", ""battery_status"": 95}",2026-09-28 08:24:43 UTC,1,269a93b4c3b92be15c3a229bb8d1ca14ea0627427146c7c5f28d7ef2cbf7b05b,SYNCED,0,
796,SENSOR_LOG,"{""sensor_id"": ""SNS-MH-1001"", ""batch_id"": ""BTC-SEA-5002"", ""shipment_id"": ""SHP-2026-102"", ""timestamp"": ""2026-09-28 08:09:43 UTC"", ""temperature"": -21.68, ""humidity"": 92.6, ""location"": ""GPS: 45.0100 N, -120.1500 W"", ""battery_status"": 95}",2026-09-28 08:24:43 UTC,1,f060d93cb69ba305b59cf7d0bbd322fc32c6adf0511ef2a89dc75d5a3b710573,SYNCED,0,
797,SENSOR_LOG,"{""sensor_id"": ""SNS-MH-1002"", ""batch_id"": ""BTC-SEA-5003"", ""shipment_id"": ""SHP-2026-103"", ""timestamp"": ""2026-09-28 04:24:43 UTC"", ""temperature"": -18.85, ""humidity"": 86.2, ""location"": ""GPS: 45.0200 N, -120.0000 W"", ""battery_status"": 95}",2026-09-28 08:24:43 UTC,1,95ec67e7b6b9bac58763971ffc815cf4af4d152450f8758d3546d9cff7c37c1b,SYNCED,0,
798,SENSOR_LOG,"{""sensor_id"": ""SNS-MH-1002"", ""batch_id"": ""BTC-SEA-5003"", ""shipment_id"": ""SHP-2026-103"", ""timestamp"": ""2026-09-28 04:39:43 UTC"", ""temperature"": -19.81, ""humidity"": 93.0, ""location"": ""GPS: 45.0200 N, -120.0100 W"", ""battery_status"": 95}",2026-09-28 08:24:43 UTC,1,b7159790d942c58c2f88ab86a593f1cb2c3763498e021a5835e75cd06723a800,SYNCED,0,
799,SENSOR_LOG,"{""sensor_id"": ""SNS-MH-1002"", ""batch_id"": ""BTC-SEA-5003"", ""shipment_id"": ""SHP-2026-103"", ""timestamp"": ""2026-09-28 04:54:43 UTC"", ""temperature"": -19.91, ""humidity"": 85.7, ""location"": ""GPS: 45.0200 N, -120.0200 W"", ""battery_status"": 95}",2026-09-28 08:24:43 UTC,1,1ef6ce27f8bfa8ae7e6d8a3ad11db4d5b519599b5bb8104c0c59611f3afabef1,SYNCED,0,
800,SENSOR_LOG,"{""sensor_id"": ""SNS-MH-1002"", ""batch_id"": ""BTC-SEA-5003"", ""shipment_id"": ""SHP-2026-103"", ""timestamp"": ""2026-09-28 05:09:43 UTC"", ""temperature"": -21.84, ""humidity"": 89.1, ""location"": ""GPS: 45.0200 N, -120.0300 W"", ""battery_status"": 95}",2026-09-28 08:24:43 UTC,1,4d7a1a7f4b72978873ca88bb51c7c8806c719c155fc1a85cef259fee4cd4dccd,SYNCED,0,
801,SENSOR_LOG,"{""sensor_id"": ""SNS-MH-1002"", ""batch_id"": ""BTC-SEA-5003"", ""shipment_id"": ""SHP-2026-103"", ""timestamp"": ""2026-09-28 05:24:43 UTC"", ""temperature"": -20.53, ""humidity"": 92.7, ""location"": ""GPS: 45.0200 N, -120.0400 W"", ""battery_status"": 95}",2026-09-28 08:24:43 UTC,1,4ef6bca347c8a14c7ffd83b4cf0f05c2a1de587cf83f1777856e06f94db66b0b,SYNCED,0,
802,SENSOR_LOG,"{""sensor_id"": ""SNS-MH-1002"", ""batch_id"": ""BTC-SEA-5003"", ""shipment_id"": ""SHP-2026-103"", ""timestamp"": ""2026-09-28 05:39:43 UTC"", ""temperature"": -18.17, ""humidity"": 88.4, ""location"": ""GPS: 45.0200 N, -120.0500 W"", ""battery_status"": 95}",2026-09-28 08:24:43 UTC,1,4c160787faf95eaf0f14b6fd89698d48489f0ee84c9b535b8133b6d4d09e9b61,SYNCED,0,
803,SENSOR_LOG,"{""sensor_id"": ""SNS-MH-1002"", ""batch_id"": ""BTC-SEA-5003"", ""shipment_id"": ""SHP-2026-103"", ""timestamp"": ""2026-09-28 05:54:43 UTC"", ""temperature"": -18.61, ""humidity"": 94.8, ""location"": ""GPS: 45.0200 N, -120.0600 W"", ""battery_status"": 95}",2026-09-28 08:24:43 UTC,1,ba6dfb3f218084417a04e113621f51677add3576a0547abcf7405376bc20f2e4,SYNCED,0,
804,SENSOR_LOG,"{""sensor_id"": ""SNS-MH-1002"", ""batch_id"": ""BTC-SEA-5003"", ""shipment_id"": ""SHP-2026-103"", ""timestamp"": ""2026-09-28 06:09:43 UTC"", ""temperature"": -18.86, ""humidity"": 91.1, ""location"": ""GPS: 45.0200 N, -120.0700 W"", ""battery_status"": 95}",2026-09-28 08:24:43 UTC,1,e001fdf3a8db647d6b10169f85f7690b34bf3ea15777a5a6155ca88a65b8a2c6,SYNCED,0,
805,SENSOR_LOG,"{""sensor_id"": ""SNS-MH-1002"", ""batch_id"": ""BTC-SEA-5003"", ""shipment_id"": ""SHP-2026-103"", ""timestamp"": ""2026-09-28 06:24:43 UTC"", ""temperature"": -18.25, ""humidity"": 88.3, ""location"": ""GPS: 45.0200 N, -120.0800 W"", ""battery_status"": 95}",2026-09-28 08:24:43 UTC,1,399b8e28e4ac4cbaf4e77d52d18139adc1b8b580f3a7ea30715279d955f58cd6,SYNCED,0,
806,SENSOR_LOG,"{""sensor_id"": ""SNS-MH-1002"", ""batch_id"": ""BTC-SEA-5003"", ""shipment_id"": ""SHP-2026-103"", ""timestamp"": ""2026-09-28 06:39:43 UTC"", ""temperature"": -19.66, ""humidity"": 89.9, ""location"": ""GPS: 45.0200 N, -120.0900 W"", ""battery_status"": 95}",2026-09-28 08:24:43 UTC,1,3c398f23b39109cc03ca061f9f9c37b77832028aa1087d029951c7385d3d5504,SYNCED,0,
807,SENSOR_LOG,"{""sensor_id"": ""SNS-MH-1002"", ""batch_id"": ""BTC-SEA-5003"", ""shipment_id"": ""SHP-2026-103"", ""timestamp"": ""2026-09-28 06:54:43 UTC"", ""temperature"": -19.3, ""humidity"": 90.8, ""location"": ""GPS: 45.0200 N, -120.1000 W"", ""battery_status"": 95}",2026-09-28 08:24:43 UTC,1,bf4208585482b91ec5a1547fd0307f05bd0a501a9ded7e51c358cddd62848580,SYNCED,0,
808,SENSOR_LOG,"{""sensor_id"": ""SNS-MH-1002"", ""batch_id"": ""BTC-SEA-5003"", ""shipment_id"": ""SHP-2026-103"", ""timestamp"": ""2026-09-28 07:09:43 UTC"", ""temperature"": -20.38, ""humidity"": 87.2, ""location"": ""GPS: 45.0200 N, -120.1100 W"", ""battery_status"": 95}",2026-09-28 08:24:43 UTC,1,9cb36ecf6edf489a2da1d84a957ab3840ba79744e46a2322336e27edce76496d,SYNCED,0,
809,SENSOR_LOG,"{""sensor_id"": ""SNS-MH-1002"", ""batch_id"": ""BTC-SEA-5003"", ""shipment_id"": ""SHP-2026-103"", ""timestamp"": ""2026-09-28 07:24:43 UTC"", ""temperature"": -18.08, ""humidity"": 85.4, ""location"": ""GPS: 45.0200 N, -120.1200 W"", ""battery_status"": 95}",2026-09-28 08:24:43 UTC,1,a0f7eba355c0ba70abdb5375713454a05d79863a1c7688d27d94335b744223fc,SYNCED,0,
810,SENSOR_LOG,"{""sensor_id"": ""SNS-MH-1002"", ""batch_id"": ""BTC-SEA-5003"", ""shipment_id"": ""SHP-2026-103"", ""timestamp"": ""2026-09-28 07:39:43 UTC"", ""temperature"": -19.46, ""humidity"": 94.7, ""location"": ""GPS: 45.0200 N, -120.1300 W"", ""battery_status"": 95}",2026-09-28 08:24:43 UTC,1,c7f191de41ae660afde1ecb03e4be5c23c2a0a9cb11d9ecd6b84ac13358f943e,SYNCED,0,
811,SENSOR_LOG,"{""sensor_id"": ""SNS-MH-1002"", ""batch_id"": ""BTC-SEA-5003"", ""shipment_id"": ""SHP-2026-103"", ""timestamp"": ""2026-09-28 07:54:43 UTC"", ""temperature"": -20.53, ""humidity"": 90.1, ""location"": ""GPS: 45.0200 N, -120.1400 W"", ""battery_status"": 95}",2026-09-28 08:24:43 UTC,1,c8b2f7ba84a1f33318865a771a2f46a75d49f2e64eb311f0f42f049a949372c0,SYNCED,0,
812,SENSOR_LOG,"{""sensor_id"": ""SNS-MH-1002"", ""batch_id"": ""BTC-SEA-5003"", ""shipment_id"": ""SHP-2026-103"", ""timestamp"": ""2026-09-28 08:09:43 UTC"", ""temperature"": -20.65, ""humidity"": 85.4, ""location"": ""GPS: 45.0200 N, -120.1500 W"", ""battery_status"": 95}",2026-09-28 08:24:43 UTC,1,018e694a97eb9b3499720532da54b18e191105bc0517f15e23c5d0e79bd27b39,SYNCED,0,
813,SENSOR_LOG,"{""sensor_id"": ""SNS-MH-1003"", ""batch_id"": ""BTC-SEA-5004"", ""shipment_id"": ""SHP-2026-104"", ""timestamp"": ""2026-09-28 04:24:43 UTC"", ""temperature"": -20.38, ""humidity"": 94.4, ""location"": ""GPS: 45.0300 N, -120.0000 W"", ""battery_status"": 95}",2026-09-28 08:24:43 UTC,1,2a92a538e5fb71ff85437611c489495cd3ec3e7c9219912650da47b22de79b75,SYNCED,0,
814,SENSOR_LOG,"{""sensor_id"": ""SNS-MH-1003"", ""batch_id"": ""BTC-SEA-5004"", ""shipment_id"": ""SHP-2026-104"", ""timestamp"": ""2026-09-28 04:39:43 UTC"", ""temperature"": -20.88, ""humidity"": 90.3, ""location"": ""GPS: 45.0300 N, -120.0100 W"", ""battery_status"": 95}",2026-09-28 08:24:43 UTC,1,0e11d5ecc168c035f11436da40a6d02627819848ece5c546e8a895da94034775,SYNCED,0,
815,SENSOR_LOG,"{""sensor_id"": ""SNS-MH-1003"", ""batch_id"": ""BTC-SEA-5004"", ""shipment_id"": ""SHP-2026-104"", ""timestamp"": ""2026-09-28 04:54:43 UTC"", ""temperature"": -21.26, ""humidity"": 93.0, ""location"": ""GPS: 45.0300 N, -120.0200 W"", ""battery_status"": 95}",2026-09-28 08:24:43 UTC,1,533889ca5c76bee3fc61a49ea91a2f1c23b5531a93a49977862a276981cbc68c,SYNCED,0,
816,SENSOR_LOG,"{""sensor_id"": ""SNS-MH-1003"", ""batch_id"": ""BTC-SEA-5004"", ""shipment_id"": ""SHP-2026-104"", ""timestamp"": ""2026-09-28 05:09:43 UTC"", ""temperature"": -18.59, ""humidity"": 86.9, ""location"": ""GPS: 45.0300 N, -120.0300 W"", ""battery_status"": 95}",2026-09-28 08:24:43 UTC,1,e3f4d5f4ad216ec2aefeaa1c931de1725127b179c9c07031d3ccf6e17303314a,SYNCED,0,
817,SENSOR_LOG,"{""sensor_id"": ""SNS-MH-1003"", ""batch_id"": ""BTC-SEA-5004"", ""shipment_id"": ""SHP-2026-104"", ""timestamp"": ""2026-09-28 05:24:43 UTC"", ""temperature"": -18.39, ""humidity"": 94.9, ""location"": ""GPS: 45.0300 N, -120.0400 W"", ""battery_status"": 95}",2026-09-28 08:24:43 UTC,1,bd66f074a6380ac09a811821e4b066bce6e3e1f51a900e699c52c9a742d2a73e,SYNCED,0,
818,SENSOR_LOG,"{""sensor_id"": ""SNS-MH-1003"", ""batch_id"": ""BTC-SEA-5004"", ""shipment_id"": ""SHP-2026-104"", ""timestamp"": ""2026-09-28 05:39:43 UTC"", ""temperature"": -19.6, ""humidity"": 87.4, ""location"": ""GPS: 45.0300 N, -120.0500 W"", ""battery_status"": 95}",2026-09-28 08:24:43 UTC,1,f821ad36c19f42e748dc5d8bf604820ed39b9b830bf66cd65e24152af051f1f8,SYNCED,0,
819,SENSOR_LOG,"{""sensor_id"": ""SNS-MH-1003"", ""batch_id"": ""BTC-SEA-5004"", ""shipment_id"": ""SHP-2026-104"", ""timestamp"": ""2026-09-28 05:54:43 UTC"", ""temperature"": -20.42, ""humidity"": 88.3, ""location"": ""GPS: 45.0300 N, -120.0600 W"", ""battery_status"": 95}",2026-09-28 08:24:43 UTC,1,14c6484d7c80e8cbac504e01f86e2d8e07d841ef19ceac7e89e052e8b2428164,SYNCED,0,
820,SENSOR_LOG,"{""sensor_id"": ""SNS-MH-1003"", ""batch_id"": ""BTC-SEA-5004"", ""shipment_id"": ""SHP-2026-104"", ""timestamp"": ""2026-09-28 06:09:43 UTC"", ""temperature"": -21.86, ""humidity"": 92.6, ""location"": ""GPS: 45.0300 N, -120.0700 W"", ""battery_status"": 95}",2026-09-28 08:24:43 UTC,1,713ccaf7e89afb7fc1f6d4dff978d3045d5e02741fa21ffc13317d3a523bb0b9,SYNCED,0,
821,SENSOR_LOG,"{""sensor_id"": ""SNS-MH-1003"", ""batch_id"": ""BTC-SEA-5004"", ""shipment_id"": ""SHP-2026-104"", ""timestamp"": ""2026-09-28 06:24:43 UTC"", ""temperature"": -20.19, ""humidity"": 87.1, ""location"": ""GPS: 45.0300 N, -120.0800 W"", ""battery_status"": 95}",2026-09-28 08:24:43 UTC,1,7bd33b9eabe8e60fa0e9f4c712e67cab345e33fed7ca8e88b5111f23f54243d2,SYNCED,0,
822,SENSOR_LOG,"{""sensor_id"": ""SNS-MH-1003"", ""batch_id"": ""BTC-SEA-5004"", ""shipment_id"": ""SHP-2026-104"", ""timestamp"": ""2026-09-28 06:39:43 UTC"", ""temperature"": -18.86, ""humidity"": 94.7, ""location"": ""GPS: 45.0300 N, -120.0900 W"", ""battery_status"": 95}",2026-09-28 08:24:43 UTC,1,3f1215e5187f8f38c752887d2440658c76b00fc72c230d5ccee1571de12c967e,SYNCED,0,
823,SENSOR_LOG,"{""sensor_id"": ""SNS-MH-1003"", ""batch_id"": ""BTC-SEA-5004"", ""shipment_id"": ""SHP-2026-104"", ""timestamp"": ""2026-09-28 06:54:43 UTC"", ""temperature"": -19.16, ""humidity"": 85.8, ""location"": ""GPS: 45.0300 N, -120.1000 W"", ""battery_status"": 95}",2026-09-28 08:24:43 UTC,1,1ead48ef19d21ce3926abbcc44098bd8cc99f7d038b5ab1c052ff5a31100e427,SYNCED,0,
824,SENSOR_LOG,"{""sensor_id"": ""SNS-MH-1003"", ""batch_id"": ""BTC-SEA-5004"", ""shipment_id"": ""SHP-2026-104"", ""timestamp"": ""2026-09-28 07:09:43 UTC"", ""temperature"": -21.01, ""humidity"": 86.9, ""location"": ""GPS: 45.0300 N, -120.1100 W"", ""battery_status"": 95}",2026-09-28 08:24:43 UTC,1,5783725ee66727d8c92127b7c42bbb60860ec71dbbb6f395b1abc5d287785af5,SYNCED,0,
825,SENSOR_LOG,"{""sensor_id"": ""SNS-MH-1003"", ""batch_id"": ""BTC-SEA-5004"", ""shipment_id"": ""SHP-2026-104"", ""timestamp"": ""2026-09-28 07:24:43 UTC"", ""temperature"": -18.43, ""humidity"": 94.3, ""location"": ""GPS: 45.0300 N, -120.1200 W"", ""battery_status"": 95}",2026-09-28 08:24:43 UTC,1,7086c035159797f87189030a512419d01a3d00c2e0491bcbd73de9b3d782150a,SYNCED,0,
826,SENSOR_LOG,"{""sensor_id"": ""SNS-MH-1003"", ""batch_id"": ""BTC-SEA-5004"", ""shipment_id"": ""SHP-2026-104"", ""timestamp"": ""2026-09-28 07:39:43 UTC"", ""temperature"": -21.99, ""humidity"": 85.7, ""location"": ""GPS: 45.0300 N, -120.1300 W"", ""battery_status"": 95}",2026-09-28 08:24:43 UTC,1,c3f42b67c88a7f0307bea45ed29c433a941fcb4cd8a48ca611689f15ba9478ef,SYNCED,0,
827,SENSOR_LOG,"{""sensor_id"": ""SNS-MH-1003"", ""batch_id"": ""BTC-SEA-5004"", ""shipment_id"": ""SHP-2026-104"", ""timestamp"": ""2026-09-28 07:54:43 UTC"", ""temperature"": -18.04, ""humidity"": 86.1, ""location"": ""GPS: 45.0300 N, -120.1400 W"", ""battery_status"": 95}",2026-09-28 08:24:43 UTC,1,16b8dd061bebfa68a10ed07227d28fa634b9c45247d3443bc6af6e9817c6aa01,SYNCED,0,
828,SENSOR_LOG,"{""sensor_id"": ""SNS-MH-1003"", ""batch_id"": ""BTC-SEA-5004"", ""shipment_id"": ""SHP-2026-104"", ""timestamp"": ""2026-09-28 08:09:43 UTC"", ""temperature"": -21.12, ""humidity"": 91.9, ""location"": ""GPS: 45.0300 N, -120.1500 W"", ""battery_status"": 95}",2026-09-28 08:24:43 UTC,1,525ca549cb5682de79869ba15158c5de71999964e2c18bba863a3f2c6bbee635,SYNCED,0,
829,SENSOR_LOG,"{""sensor_id"": ""SNS-MH-1004"", ""batch_id"": ""BTC-SEA-5005"", ""shipment_id"": ""SHP-2026-105"", ""timestamp"": ""2026-09-28 04:24:43 UTC"", ""temperature"": -18.91, ""humidity"": 93.3, ""location"": ""GPS: 45.0400 N, -120.0000 W"", ""battery_status"": 95}",2026-09-28 08:24:43 UTC,1,1684f4cbd5d4df35877dc16b6c22ac7468929f5779bbd40433f4afae03da5dca,SYNCED,0,
830,SENSOR_LOG,"{""sensor_id"": ""SNS-MH-1004"", ""batch_id"": ""BTC-SEA-5005"", ""shipment_id"": ""SHP-2026-105"", ""timestamp"": ""2026-09-28 04:39:43 UTC"", ""temperature"": -20.04, ""humidity"": 91.3, ""location"": ""GPS: 45.0400 N, -120.0100 W"", ""battery_status"": 95}",2026-09-28 08:24:43 UTC,1,d3080c42b8783e9c55e4a50276370cce0d9a6416068458e6d263eb054a8b6965,SYNCED,0,
831,SENSOR_LOG,"{""sensor_id"": ""SNS-MH-1004"", ""batch_id"": ""BTC-SEA-5005"", ""shipment_id"": ""SHP-2026-105"", ""timestamp"": ""2026-09-28 04:54:43 UTC"", ""temperature"": -20.14, ""humidity"": 86.4, ""location"": ""GPS: 45.0400 N, -120.0200 W"", ""battery_status"": 95}",2026-09-28 08:24:43 UTC,1,8e95b747639a965e6959f83c7a68ec43d21232ca675b1dd87de69669f55b0251,SYNCED,0,
832,SENSOR_LOG,"{""sensor_id"": ""SNS-MH-1004"", ""batch_id"": ""BTC-SEA-5005"", ""shipment_id"": ""SHP-2026-105"", ""timestamp"": ""2026-09-28 05:09:43 UTC"", ""temperature"": -19.96, ""humidity"": 92.1, ""location"": ""GPS: 45.0400 N, -120.0300 W"", ""battery_status"": 95}",2026-09-28 08:24:43 UTC,1,ad971f03468cd816b62c62b5203e5b3236fe182eeb00cf8a73d417decd326736,SYNCED,0,
833,SENSOR_LOG,"{""sensor_id"": ""SNS-MH-1004"", ""batch_id"": ""BTC-SEA-5005"", ""shipment_id"": ""SHP-2026-105"", ""timestamp"": ""2026-09-28 05:24:43 UTC"", ""temperature"": -21.44, ""humidity"": 91.4, ""location"": ""GPS: 45.0400 N, -120.0400 W"", ""battery_status"": 95}",2026-09-28 08:24:43 UTC,1,14e8fdc5d6e708df82df77f70f6c9c2ba17b2751ade1ee4d957944bb24da9f67,SYNCED,0,
834,SENSOR_LOG,"{""sensor_id"": ""SNS-MH-1004"", ""batch_id"": ""BTC-SEA-5005"", ""shipment_id"": ""SHP-2026-105"", ""timestamp"": ""2026-09-28 05:39:43 UTC"", ""temperature"": -19.17, ""humidity"": 89.6, ""location"": ""GPS: 45.0400 N, -120.0500 W"", ""battery_status"": 95}",2026-09-28 08:24:43 UTC,1,0078d14c085a1869fa2b1ea46a9bcedd024fae85a599e2b787e6188c70078ad8,SYNCED,0,
835,SENSOR_LOG,"{""sensor_id"": ""SNS-MH-1004"", ""batch_id"": ""BTC-SEA-5005"", ""shipment_id"": ""SHP-2026-105"", ""timestamp"": ""2026-09-28 05:54:43 UTC"", ""temperature"": -21.15, ""humidity"": 92.3, ""location"": ""GPS: 45.0400 N, -120.0600 W"", ""battery_status"": 95}",2026-09-28 08:24:43 UTC,1,62673b43cab40bc12ea39b7c524722096c9764567cca0bc29559e0e999f2e7d5,SYNCED,0,
836,SENSOR_LOG,"{""sensor_id"": ""SNS-MH-1004"", ""batch_id"": ""BTC-SEA-5005"", ""shipment_id"": ""SHP-2026-105"", ""timestamp"": ""2026-09-28 06:09:43 UTC"", ""temperature"": -20.68, ""humidity"": 89.7, ""location"": ""GPS: 45.0400 N, -120.0700 W"", ""battery_status"": 95}",2026-09-28 08:24:43 UTC,1,be902b990739e53e063b7e690321cdc809d7afe7fa9c70682a38fcd05030611d,SYNCED,0,
837,SENSOR_LOG,"{""sensor_id"": ""SNS-MH-1004"", ""batch_id"": ""BTC-SEA-5005"", ""shipment_id"": ""SHP-2026-105"", ""timestamp"": ""2026-09-28 06:24:43 UTC"", ""temperature"": -20.57, ""humidity"": 90.1, ""location"": ""GPS: 45.0400 N, -120.0800 W"", ""battery_status"": 95}",2026-09-28 08:24:43 UTC,1,d489758ed04ee8018ed5b98cea3cadefbe93ccce64330a8d7869d3b5b2b370a5,SYNCED,0,
838,SENSOR_LOG,"{""sensor_id"": ""SNS-MH-1004"", ""batch_id"": ""BTC-SEA-5005"", ""shipment_id"": ""SHP-2026-105"", ""timestamp"": ""2026-09-28 06:39:43 UTC"", ""temperature"": -19.27, ""humidity"": 92.5, ""location"": ""GPS: 45.0400 N, -120.0900 W"", ""battery_status"": 95}",2026-09-28 08:24:43 UTC,1,ad72265b28c60eeb67b9d3f93cff69fbc6ae5c20a9f9dc97db34d62b521c184f,SYNCED,0,
839,SENSOR_LOG,"{""sensor_id"": ""SNS-MH-1004"", ""batch_id"": ""BTC-SEA-5005"", ""shipment_id"": ""SHP-2026-105"", ""timestamp"": ""2026-09-28 06:54:43 UTC"", ""temperature"": -21.87, ""humidity"": 89.9, ""location"": ""GPS: 45.0400 N, -120.1000 W"", ""battery_status"": 95}",2026-09-28 08:24:43 UTC,1,bb6430b1428cde9ded5eae89de6e2520a68f2be73a42411ad3ae4e9db678c491,SYNCED,0,
840,SENSOR_LOG,"{""sensor_id"": ""SNS-MH-1004"", ""batch_id"": ""BTC-SEA-5005"", ""shipment_id"": ""SHP-2026-105"", ""timestamp"": ""2026-09-28 07:09:43 UTC"", ""temperature"": -18.75, ""humidity"": 94.1, ""location"": ""GPS: 45.0400 N, -120.1100 W"", ""battery_status"": 95}",2026-09-28 08:24:43 UTC,1,0ab62f8e15fd8159377871c4d766ac2fb942b83bca6565b3eb80210315978adb,SYNCED,0,
841,SENSOR_LOG,"{""sensor_id"": ""SNS-MH-1004"", ""batch_id"": ""BTC-SEA-5005"", ""shipment_id"": ""SHP-2026-105"", ""timestamp"": ""2026-09-28 07:24:43 UTC"", ""temperature"": -19.82, ""humidity"": 85.8, ""location"": ""GPS: 45.0400 N, -120.1200 W"", ""battery_status"": 95}",2026-09-28 08:24:43 UTC,1,037bd7e121b9d8683cb5081cbb28a46c8f5ad4b0a45b96459e87b9eaa4122659,SYNCED,0,
842,SENSOR_LOG,"{""sensor_id"": ""SNS-MH-1004"", ""batch_id"": ""BTC-SEA-5005"", ""shipment_id"": ""SHP-2026-105"", ""timestamp"": ""2026-09-28 07:39:43 UTC"", ""temperature"": -19.65, ""humidity"": 94.2, ""location"": ""GPS: 45.0400 N, -120.1300 W"", ""battery_status"": 95}",2026-09-28 08:24:43 UTC,1,38ffbdf6b31e79709a79507ebd596c5783a3778d3aa418f2f2d8fd73fa0eec81,SYNCED,0,
843,SENSOR_LOG,"{""sensor_id"": ""SNS-MH-1004"", ""batch_id"": ""BTC-SEA-5005"", ""shipment_id"": ""SHP-2026-105"", ""timestamp"": ""2026-09-28 07:54:43 UTC"", ""temperature"": -21.27, ""humidity"": 87.6, ""location"": ""GPS: 45.0400 N, -120.1400 W"", ""battery_status"": 95}",2026-09-28 08:24:43 UTC,1,f2cbae507b65458066a513456a0b7269a8c8235ad1bdb94fc33c3822409a2f49,SYNCED,0,
844,SENSOR_LOG,"{""sensor_id"": ""SNS-MH-1004"", ""batch_id"": ""BTC-SEA-5005"", ""shipment_id"": ""SHP-2026-105"", ""timestamp"": ""2026-09-28 08:09:43 UTC"", ""temperature"": -20.8, ""humidity"": 85.9, ""location"": ""GPS: 45.0400 N, -120.1500 W"", ""battery_status"": 95}",2026-09-28 08:24:43 UTC,1,bc1d6a76d8da4d24ea44032b9985e23f3b04a31920cbe8e3f44787cac73620ad,SYNCED,0,
845,SENSOR_LOG,"{""sensor_id"": ""SNS-MH-1005"", ""batch_id"": ""BTC-SEA-5001"", ""shipment_id"": ""SHP-2026-101"", ""timestamp"": ""2026-09-28 04:24:43 UTC"", ""temperature"": -19.91, ""humidity"": 86.8, ""location"": ""GPS: 45.0500 N, -120.0000 W"", ""battery_status"": 95}",2026-09-28 08:24:43 UTC,1,9433cd960c520685d0226731dcc82ea439effd5aa7e019cfa1de9adc7d31d864,SYNCED,0,
846,SENSOR_LOG,"{""sensor_id"": ""SNS-MH-1005"", ""batch_id"": ""BTC-SEA-5001"", ""shipment_id"": ""SHP-2026-101"", ""timestamp"": ""2026-09-28 04:39:43 UTC"", ""temperature"": -20.73, ""humidity"": 93.6, ""location"": ""GPS: 45.0500 N, -120.0100 W"", ""battery_status"": 95}",2026-09-28 08:24:43 UTC,1,e6c43837219670c7d991e72cff03b0164f6ec7f082636ada4e56f234c3a24989,SYNCED,0,
847,SENSOR_LOG,"{""sensor_id"": ""SNS-MH-1005"", ""batch_id"": ""BTC-SEA-5001"", ""shipment_id"": ""SHP-2026-101"", ""timestamp"": ""2026-09-28 04:54:43 UTC"", ""temperature"": -19.4, ""humidity"": 86.4, ""location"": ""GPS: 45.0500 N, -120.0200 W"", ""battery_status"": 95}",2026-09-28 08:24:43 UTC,1,a8cb4db49daa532dca1860753c5f15e10c52046426dda5962c3d586487c8647c,SYNCED,0,
848,SENSOR_LOG,"{""sensor_id"": ""SNS-MH-1005"", ""batch_id"": ""BTC-SEA-5001"", ""shipment_id"": ""SHP-2026-101"", ""timestamp"": ""2026-09-28 05:09:43 UTC"", ""temperature"": -18.9, ""humidity"": 87.5, ""location"": ""GPS: 45.0500 N, -120.0300 W"", ""battery_status"": 95}",2026-09-28 08:24:43 UTC,1,19c275c4277c8d9259e0821bd60c288cd1e506a91dd568e12842ee91fb9f309d,SYNCED,0,
849,SENSOR_LOG,"{""sensor_id"": ""SNS-MH-1005"", ""batch_id"": ""BTC-SEA-5001"", ""shipment_id"": ""SHP-2026-101"", ""timestamp"": ""2026-09-28 05:24:43 UTC"", ""temperature"": -18.89, ""humidity"": 86.6, ""location"": ""GPS: 45.0500 N, -120.0400 W"", ""battery_status"": 95}",2026-09-28 08:24:43 UTC,1,2b424fb912b46fb8a4da94e030d7c525cbddd55953cae3b0ff289719506ff2c3,SYNCED,0,
850,SENSOR_LOG,"{""sensor_id"": ""SNS-MH-1005"", ""batch_id"": ""BTC-SEA-5001"", ""shipment_id"": ""SHP-2026-101"", ""timestamp"": ""2026-09-28 05:39:43 UTC"", ""temperature"": -21.14, ""humidity"": 85.2, ""location"": ""GPS: 45.0500 N, -120.0500 W"", ""battery_status"": 95}",2026-09-28 08:24:43 UTC,1,f5927f9e1957d46b77367ac94450ca449297805fa52b92af3bf4ac6f63a2cc70,SYNCED,0,
851,SENSOR_LOG,"{""sensor_id"": ""SNS-MH-1005"", ""batch_id"": ""BTC-SEA-5001"", ""shipment_id"": ""SHP-2026-101"", ""timestamp"": ""2026-09-28 05:54:43 UTC"", ""temperature"": -19.09, ""humidity"": 87.6, ""location"": ""GPS: 45.0500 N, -120.0600 W"", ""battery_status"": 95}",2026-09-28 08:24:43 UTC,1,391d7722a6116b5856544d9014b9dc77120dad5abe40f136e0b1a1a1ad30b63e,SYNCED,0,
852,SENSOR_LOG,"{""sensor_id"": ""SNS-MH-1005"", ""batch_id"": ""BTC-SEA-5001"", ""shipment_id"": ""SHP-2026-101"", ""timestamp"": ""2026-09-28 06:09:43 UTC"", ""temperature"": -18.91, ""humidity"": 92.7, ""location"": ""GPS: 45.0500 N, -120.0700 W"", ""battery_status"": 95}",2026-09-28 08:24:43 UTC,1,f025766954dfed66dcedcb87d7c1fae379e4f9f9c79a6a11fec9a49691348b3d,SYNCED,0,
853,SENSOR_LOG,"{""sensor_id"": ""SNS-MH-1005"", ""batch_id"": ""BTC-SEA-5001"", ""shipment_id"": ""SHP-2026-101"", ""timestamp"": ""2026-09-28 06:24:43 UTC"", ""temperature"": -20.37, ""humidity"": 91.2, ""location"": ""GPS: 45.0500 N, -120.0800 W"", ""battery_status"": 95}",2026-09-28 08:24:43 UTC,1,4418eb9a406567ab72234bd8ea2f25094457a80dfe61578bd2fab0b33cea2aa7,SYNCED,0,
854,SENSOR_LOG,"{""sensor_id"": ""SNS-MH-1005"", ""batch_id"": ""BTC-SEA-5001"", ""shipment_id"": ""SHP-2026-101"", ""timestamp"": ""2026-09-28 06:39:43 UTC"", ""temperature"": -21.38, ""humidity"": 90.7, ""location"": ""GPS: 45.0500 N, -120.0900 W"", ""battery_status"": 95}",2026-09-28 08:24:43 UTC,1,7cb6d1ddb7e38280da0d4919854d98c355ac25f09c5ad4f05be504c3dd4b8ea9,SYNCED,0,
855,SENSOR_LOG,"{""sensor_id"": ""SNS-MH-1005"", ""batch_id"": ""BTC-SEA-5001"", ""shipment_id"": ""SHP-2026-101"", ""timestamp"": ""2026-09-28 06:54:43 UTC"", ""temperature"": -21.39, ""humidity"": 91.8, ""location"": ""GPS: 45.0500 N, -120.1000 W"", ""battery_status"": 95}",2026-09-28 08:24:43 UTC,1,463d0aecda909fc877d56cc286bac564caba77539b8536167dcaa444de38aed5,SYNCED,0,
856,SENSOR_LOG,"{""sensor_id"": ""SNS-MH-1005"", ""batch_id"": ""BTC-SEA-5001"", ""shipment_id"": ""SHP-2026-101"", ""timestamp"": ""2026-09-28 07:09:43 UTC"", ""temperature"": -21.96, ""humidity"": 91.4, ""location"": ""GPS: 45.0500 N, -120.1100 W"", ""battery_status"": 95}",2026-09-28 08:24:43 UTC,1,2ff18edbde60d116c44cd10b7b3512d02d782e44e88956d14ec24289ec346e74,SYNCED,0,
857,SENSOR_LOG,"{""sensor_id"": ""SNS-MH-1005"", ""batch_id"": ""BTC-SEA-5001"", ""shipment_id"": ""SHP-2026-101"", ""timestamp"": ""2026-09-28 07:24:43 UTC"", ""temperature"": -18.55, ""humidity"": 90.0, ""location"": ""GPS: 45.0500 N, -120.1200 W"", ""battery_status"": 95}",2026-09-28 08:24:43 UTC,1,c1126fd9e4fbd2a5bb232ec6552351b4d95cd4a1450b662e29ed6c820cc6f84a,SYNCED,0,
858,SENSOR_LOG,"{""sensor_id"": ""SNS-MH-1005"", ""batch_id"": ""BTC-SEA-5001"", ""shipment_id"": ""SHP-2026-101"", ""timestamp"": ""2026-09-28 07:39:43 UTC"", ""temperature"": -21.04, ""humidity"": 91.6, ""location"": ""GPS: 45.0500 N, -120.1300 W"", ""battery_status"": 95}",2026-09-28 08:24:43 UTC,1,5f40b599638107e254926c945b0a934d635accdee9647f326ec72ce79800d435,SYNCED,0,
859,SENSOR_LOG,"{""sensor_id"": ""SNS-MH-1005"", ""batch_id"": ""BTC-SEA-5001"", ""shipment_id"": ""SHP-2026-101"", ""timestamp"": ""2026-09-28 07:54:43 UTC"", ""temperature"": -18.48, ""humidity"": 92.1, ""location"": ""GPS: 45.0500 N, -120.1400 W"", ""battery_status"": 95}",2026-09-28 08:24:43 UTC,1,0ed7e14eeade021315e399f813bddf0606deec79d5e1007cfee360363f13a5dd,SYNCED,0,
860,SENSOR_LOG,"{""sensor_id"": ""SNS-MH-1005"", ""batch_id"": ""BTC-SEA-5001"", ""shipment_id"": ""SHP-2026-101"", ""timestamp"": ""2026-09-28 08:09:43 UTC"", ""temperature"": -19.19, ""humidity"": 86.4, ""location"": ""GPS: 45.0500 N, -120.1500 W"", ""battery_status"": 95}",2026-09-28 08:24:43 UTC,1,a37e5505965b8accfc650892870b13b3c6e2df9a972d62e8a3fd09d752703ad9,SYNCED,0,
861,SENSOR_LOG,"{""sensor_id"": ""SNS-MH-1006"", ""batch_id"": ""BTC-SEA-5002"", ""shipment_id"": ""SHP-2026-102"", ""timestamp"": ""2026-09-28 04:24:43 UTC"", ""temperature"": -19.11, ""humidity"": 88.9, ""location"": ""GPS: 45.0600 N, -120.0000 W"", ""battery_status"": 95}",2026-09-28 08:24:43 UTC,1,7f594dd610effc9b703382ad032a6628448e44d5a1ff00fd69f8dc4a571b53e2,SYNCED,0,
862,SENSOR_LOG,"{""sensor_id"": ""SNS-MH-1006"", ""batch_id"": ""BTC-SEA-5002"", ""shipment_id"": ""SHP-2026-102"", ""timestamp"": ""2026-09-28 04:39:43 UTC"", ""temperature"": -18.49, ""humidity"": 87.4, ""location"": ""GPS: 45.0600 N, -120.0100 W"", ""battery_status"": 95}",2026-09-28 08:24:43 UTC,1,d5ea57993279ecb6d596a1c405714be88a076f21427f09c556bd7eff9fc59c9c,SYNCED,0,
863,SENSOR_LOG,"{""sensor_id"": ""SNS-MH-1006"", ""batch_id"": ""BTC-SEA-5002"", ""shipment_id"": ""SHP-2026-102"", ""timestamp"": ""2026-09-28 04:54:43 UTC"", ""temperature"": -19.12, ""humidity"": 89.9, ""location"": ""GPS: 45.0600 N, -120.0200 W"", ""battery_status"": 95}",2026-09-28 08:24:43 UTC,1,0c233c421dbc0b24fcc619bd76ba30e3178f7ae36c79589830bb5473605bd9d4,SYNCED,0,
864,SENSOR_LOG,"{""sensor_id"": ""SNS-MH-1006"", ""batch_id"": ""BTC-SEA-5002"", ""shipment_id"": ""SHP-2026-102"", ""timestamp"": ""2026-09-28 05:09:43 UTC"", ""temperature"": -20.22, ""humidity"": 91.4, ""location"": ""GPS: 45.0600 N, -120.0300 W"", ""battery_status"": 95}",2026-09-28 08:24:43 UTC,1,8791ef174e55d910a385a7ee7d61e346e419cd42db09c4f4df8bce3c172150c7,SYNCED,0,
865,SENSOR_LOG,"{""sensor_id"": ""SNS-MH-1006"", ""batch_id"": ""BTC-SEA-5002"", ""shipment_id"": ""SHP-2026-102"", ""timestamp"": ""2026-09-28 05:24:43 UTC"", ""temperature"": -18.19, ""humidity"": 88.2, ""location"": ""GPS: 45.0600 N, -120.0400 W"", ""battery_status"": 95}",2026-09-28 08:24:43 UTC,1,8f2a20967deab47f249155b3234fbbc711ea95cec92d795c990d4b72981dca42,SYNCED,0,
866,SENSOR_LOG,"{""sensor_id"": ""SNS-MH-1006"", ""batch_id"": ""BTC-SEA-5002"", ""shipment_id"": ""SHP-2026-102"", ""timestamp"": ""2026-09-28 05:39:43 UTC"", ""temperature"": -19.35, ""humidity"": 87.4, ""location"": ""GPS: 45.0600 N, -120.0500 W"", ""battery_status"": 95}",2026-09-28 08:24:43 UTC,1,9b9deedfa802e70a83a74c0126cde9114a89d1e7c628c626818936ef63f83e7b,SYNCED,0,
867,SENSOR_LOG,"{""sensor_id"": ""SNS-MH-1006"", ""batch_id"": ""BTC-SEA-5002"", ""shipment_id"": ""SHP-2026-102"", ""timestamp"": ""2026-09-28 05:54:43 UTC"", ""temperature"": -21.27, ""humidity"": 87.6, ""location"": ""GPS: 45.0600 N, -120.0600 W"", ""battery_status"": 95}",2026-09-28 08:24:43 UTC,1,ac801eb24aca15acb1d1730cbcd6895efc4209f85354bfce3eda16c648632acc,SYNCED,0,
868,SENSOR_LOG,"{""sensor_id"": ""SNS-MH-1006"", ""batch_id"": ""BTC-SEA-5002"", ""shipment_id"": ""SHP-2026-102"", ""timestamp"": ""2026-09-28 06:09:43 UTC"", ""temperature"": -20.14, ""humidity"": 94.1, ""location"": ""GPS: 45.0600 N, -120.0700 W"", ""battery_status"": 95}",2026-09-28 08:24:43 UTC,1,81b755a070e985b11b5e0c4ef168a9de58cf9553abee87adebf03510a4f95588,SYNCED,0,
869,SENSOR_LOG,"{""sensor_id"": ""SNS-MH-1006"", ""batch_id"": ""BTC-SEA-5002"", ""shipment_id"": ""SHP-2026-102"", ""timestamp"": ""2026-09-28 06:24:43 UTC"", ""temperature"": -21.84, ""humidity"": 86.6, ""location"": ""GPS: 45.0600 N, -120.0800 W"", ""battery_status"": 95}",2026-09-28 08:24:43 UTC,1,535a48f3fa0f67afe7055f7b7bb6e5a6b9b12aa5656f9754a78c7b9ed6c83fb0,SYNCED,0,
870,SENSOR_LOG,"{""sensor_id"": ""SNS-MH-1006"", ""batch_id"": ""BTC-SEA-5002"", ""shipment_id"": ""SHP-2026-102"", ""timestamp"": ""2026-09-28 06:39:43 UTC"", ""temperature"": -19.7, ""humidity"": 88.8, ""location"": ""GPS: 45.0600 N, -120.0900 W"", ""battery_status"": 95}",2026-09-28 08:24:43 UTC,1,3a39af1f431c1525ac524cf36f9cea358bdea88cc0e330dadbac659fcad80ed7,SYNCED,0,
871,SENSOR_LOG,"{""sensor_id"": ""SNS-MH-1006"", ""batch_id"": ""BTC-SEA-5002"", ""shipment_id"": ""SHP-2026-102"", ""timestamp"": ""2026-09-28 06:54:43 UTC"", ""temperature"": -20.19, ""humidity"": 86.7, ""location"": ""GPS: 45.0600 N, -120.1000 W"", ""battery_status"": 95}",2026-09-28 08:24:43 UTC,1,38525221947c6393ff0b79f260d6065ff7556d24f4cbadc28009b309fd7efa08,SYNCED,0,
872,SENSOR_LOG,"{""sensor_id"": ""SNS-MH-1006"", ""batch_id"": ""BTC-SEA-5002"", ""shipment_id"": ""SHP-2026-102"", ""timestamp"": ""2026-09-28 07:09:43 UTC"", ""temperature"": -18.74, ""humidity"": 93.4, ""location"": ""GPS: 45.0600 N, -120.1100 W"", ""battery_status"": 95}",2026-09-28 08:24:43 UTC,1,bb795bf8d2779a9bb53733fadd338dbade91310b36a495e5a8f2dd8f3cc5e141,SYNCED,0,
873,SENSOR_LOG,"{""sensor_id"": ""SNS-MH-1006"", ""batch_id"": ""BTC-SEA-5002"", ""shipment_id"": ""SHP-2026-102"", ""timestamp"": ""2026-09-28 07:24:43 UTC"", ""temperature"": -20.92, ""humidity"": 94.0, ""location"": ""GPS: 45.0600 N, -120.1200 W"", ""battery_status"": 95}",2026-09-28 08:24:43 UTC,1,e30b7c20102ca3c372d225b3194c71f7c3727f7adcc98a55fe50991c7428bcf2,SYNCED,0,
874,SENSOR_LOG,"{""sensor_id"": ""SNS-MH-1006"", ""batch_id"": ""BTC-SEA-5002"", ""shipment_id"": ""SHP-2026-102"", ""timestamp"": ""2026-09-28 07:39:43 UTC"", ""temperature"": -20.06, ""humidity"": 91.2, ""location"": ""GPS: 45.0600 N, -120.1300 W"", ""battery_status"": 95}",2026-09-28 08:24:43 UTC,1,0b5104918bb94aa5ae04097fc8e8b0f7b8121b51fb7691ef4bc12219954d4afc,SYNCED,0,
875,SENSOR_LOG,"{""sensor_id"": ""SNS-MH-1006"", ""batch_id"": ""BTC-SEA-5002"", ""shipment_id"": ""SHP-2026-102"", ""timestamp"": ""2026-09-28 07:54:43 UTC"", ""temperature"": -19.41, ""humidity"": 94.8, ""location"": ""GPS: 45.0600 N, -120.1400 W"", ""battery_status"": 95}",2026-09-28 08:24:43 UTC,1,64f33c1c11e14ce345a8cebf45ba4bd2b3927679edbff82a3b47d09ce3af145b,SYNCED,0,
876,SENSOR_LOG,"{""sensor_id"": ""SNS-MH-1006"", ""batch_id"": ""BTC-SEA-5002"", ""shipment_id"": ""SHP-2026-102"", ""timestamp"": ""2026-09-28 08:09:43 UTC"", ""temperature"": -20.18, ""humidity"": 93.6, ""location"": ""GPS: 45.0600 N, -120.1500 W"", ""battery_status"": 95}",2026-09-28 08:24:43 UTC,1,df4545941523ed7771eea6a23d21dba2f3dfd3f272602e074a9fc0df457e5716,SYNCED,0,
877,SENSOR_LOG,"{""sensor_id"": ""SNS-MH-1007"", ""batch_id"": ""BTC-SEA-5003"", ""shipment_id"": ""SHP-2026-103"", ""timestamp"": ""2026-09-28 04:24:43 UTC"", ""temperature"": -20.37, ""humidity"": 90.6, ""location"": ""GPS: 45.0700 N, -120.0000 W"", ""battery_status"": 95}",2026-09-28 08:24:43 UTC,1,c8d6e8516d78d91b9115a44b363d9ede4ffdd97a7f90dc2239ffdd6a0f962cc0,SYNCED,0,
878,SENSOR_LOG,"{""sensor_id"": ""SNS-MH-1007"", ""batch_id"": ""BTC-SEA-5003"", ""shipment_id"": ""SHP-2026-103"", ""timestamp"": ""2026-09-28 04:39:43 UTC"", ""temperature"": -18.79, ""humidity"": 92.5, ""location"": ""GPS: 45.0700 N, -120.0100 W"", ""battery_status"": 95}",2026-09-28 08:24:43 UTC,1,a7bf4b0746aa85af4da98bd7b2d736b0c2923dd4bbd8c3c08610b3e6072e307e,SYNCED,0,
879,SENSOR_LOG,"{""sensor_id"": ""SNS-MH-1007"", ""batch_id"": ""BTC-SEA-5003"", ""shipment_id"": ""SHP-2026-103"", ""timestamp"": ""2026-09-28 04:54:43 UTC"", ""temperature"": -20.62, ""humidity"": 93.8, ""location"": ""GPS: 45.0700 N, -120.0200 W"", ""battery_status"": 95}",2026-09-28 08:24:43 UTC,1,bdd43cd96b12420906f30cb510bc24a2674552da4ba46adc313a06a918ee0459,SYNCED,0,
880,SENSOR_LOG,"{""sensor_id"": ""SNS-MH-1007"", ""batch_id"": ""BTC-SEA-5003"", ""shipment_id"": ""SHP-2026-103"", ""timestamp"": ""2026-09-28 05:09:43 UTC"", ""temperature"": -19.32, ""humidity"": 87.9, ""location"": ""GPS: 45.0700 N, -120.0300 W"", ""battery_status"": 95}",2026-09-28 08:24:43 UTC,1,34abde2fa759f7670438464e31a292e25f3eee060248179151e264ec37087728,SYNCED,0,
881,SENSOR_LOG,"{""sensor_id"": ""SNS-MH-1007"", ""batch_id"": ""BTC-SEA-5003"", ""shipment_id"": ""SHP-2026-103"", ""timestamp"": ""2026-09-28 05:24:43 UTC"", ""temperature"": -18.61, ""humidity"": 90.8, ""location"": ""GPS: 45.0700 N, -120.0400 W"", ""battery_status"": 95}",2026-09-28 08:24:43 UTC,1,f71b40f18636d17cad6f2a551d7163cdc3093134606f5e49339b59362125d2f7,SYNCED,0,
882,SENSOR_LOG,"{""sensor_id"": ""SNS-MH-1007"", ""batch_id"": ""BTC-SEA-5003"", ""shipment_id"": ""SHP-2026-103"", ""timestamp"": ""2026-09-28 05:39:43 UTC"", ""temperature"": -19.97, ""humidity"": 89.8, ""location"": ""GPS: 45.0700 N, -120.0500 W"", ""battery_status"": 95}",2026-09-28 08:24:43 UTC,1,5828d9eec9bff48d5fbc01030da157e11a2950bbcf01f4f500d310b731d1c35c,SYNCED,0,
883,SENSOR_LOG,"{""sensor_id"": ""SNS-MH-1007"", ""batch_id"": ""BTC-SEA-5003"", ""shipment_id"": ""SHP-2026-103"", ""timestamp"": ""2026-09-28 05:54:43 UTC"", ""temperature"": -19.07, ""humidity"": 85.9, ""location"": ""GPS: 45.0700 N, -120.0600 W"", ""battery_status"": 95}",2026-09-28 08:24:43 UTC,1,393303e096057adb77ce2b9dba15c65a1966db42d8e1ac53384104066356c5b7,SYNCED,0,
884,SENSOR_LOG,"{""sensor_id"": ""SNS-MH-1007"", ""batch_id"": ""BTC-SEA-5003"", ""shipment_id"": ""SHP-2026-103"", ""timestamp"": ""2026-09-28 06:09:43 UTC"", ""temperature"": -21.5, ""humidity"": 91.5, ""location"": ""GPS: 45.0700 N, -120.0700 W"", ""battery_status"": 95}",2026-09-28 08:24:43 UTC,1,3261372c063c76bd76e4082591a59bd2dab2d39c202ee6c03b6902afeb37d39d,SYNCED,0,
885,SENSOR_LOG,"{""sensor_id"": ""SNS-MH-1007"", ""batch_id"": ""BTC-SEA-5003"", ""shipment_id"": ""SHP-2026-103"", ""timestamp"": ""2026-09-28 06:24:43 UTC"", ""temperature"": -21.02, ""humidity"": 87.1, ""location"": ""GPS: 45.0700 N, -120.0800 W"", ""battery_status"": 95}",2026-09-28 08:24:43 UTC,1,2ac6db6584d1cc3f0f387ccdd8eb041198352889cdacbf28e64a5d8804952fe9,SYNCED,0,
886,SENSOR_LOG,"{""sensor_id"": ""SNS-MH-1007"", ""batch_id"": ""BTC-SEA-5003"", ""shipment_id"": ""SHP-2026-103"", ""timestamp"": ""2026-09-28 06:39:43 UTC"", ""temperature"": -19.76, ""humidity"": 85.3, ""location"": ""GPS: 45.0700 N, -120.0900 W"", ""battery_status"": 95}",2026-09-28 08:24:43 UTC,1,e7a110167c2abb4c5d34a915ccc3dec6bbcfedbd8aa9ece3ee80292609adc2c1,SYNCED,0,
887,SENSOR_LOG,"{""sensor_id"": ""SNS-MH-1007"", ""batch_id"": ""BTC-SEA-5003"", ""shipment_id"": ""SHP-2026-103"", ""timestamp"": ""2026-09-28 06:54:43 UTC"", ""temperature"": -21.08, ""humidity"": 92.9, ""location"": ""GPS: 45.0700 N, -120.1000 W"", ""battery_status"": 95}",2026-09-28 08:24:44 UTC,1,e2c5f037ff80105b6732255dd335ee6762d70c4b2583b4fa8bcf752b0bdf6e35,SYNCED,0,
888,SENSOR_LOG,"{""sensor_id"": ""SNS-MH-1007"", ""batch_id"": ""BTC-SEA-5003"", ""shipment_id"": ""SHP-2026-103"", ""timestamp"": ""2026-09-28 07:09:43 UTC"", ""temperature"": -20.14, ""humidity"": 91.7, ""location"": ""GPS: 45.0700 N, -120.1100 W"", ""battery_status"": 95}",2026-09-28 08:24:44 UTC,1,b37a7627dbcf1950e0d3c34d8134b7620da4318a8e5a7c5d5932960c3fc2c06b,SYNCED,0,
889,SENSOR_LOG,"{""sensor_id"": ""SNS-MH-1007"", ""batch_id"": ""BTC-SEA-5003"", ""shipment_id"": ""SHP-2026-103"", ""timestamp"": ""2026-09-28 07:24:43 UTC"", ""temperature"": -19.53, ""humidity"": 93.2, ""location"": ""GPS: 45.0700 N, -120.1200 W"", ""battery_status"": 95}",2026-09-28 08:24:44 UTC,1,4054019ac9682d3c16d18ecdacc7f27e00c985a3a96f556fe7695b6cba766e59,SYNCED,0,
890,SENSOR_LOG,"{""sensor_id"": ""SNS-MH-1007"", ""batch_id"": ""BTC-SEA-5003"", ""shipment_id"": ""SHP-2026-103"", ""timestamp"": ""2026-09-28 07:39:43 UTC"", ""temperature"": -19.71, ""humidity"": 91.8, ""location"": ""GPS: 45.0700 N, -120.1300 W"", ""battery_status"": 95}",2026-09-28 08:24:44 UTC,1,21d8ce690018b17c23175b846f426310a2bf5405697b65aa0ed02d9b03d8a478,SYNCED,0,
891,SENSOR_LOG,"{""sensor_id"": ""SNS-MH-1007"", ""batch_id"": ""BTC-SEA-5003"", ""shipment_id"": ""SHP-2026-103"", ""timestamp"": ""2026-09-28 07:54:43 UTC"", ""temperature"": -18.21, ""humidity"": 89.9, ""location"": ""GPS: 45.0700 N, -120.1400 W"", ""battery_status"": 95}",2026-09-28 08:24:44 UTC,1,a1e181a22f1248234db57352fc39bf67524f2ec8177584d03f84ca2a3463f2f1,SYNCED,0,
892,SENSOR_LOG,"{""sensor_id"": ""SNS-MH-1007"", ""batch_id"": ""BTC-SEA-5003"", ""shipment_id"": ""SHP-2026-103"", ""timestamp"": ""2026-09-28 08:09:43 UTC"", ""temperature"": -21.06, ""humidity"": 93.1, ""location"": ""GPS: 45.0700 N, -120.1500 W"", ""battery_status"": 95}",2026-09-28 08:24:44 UTC,1,308db8c00655d7e0a6aab0f0ef153f85e8d96fddabf8eee00bda33bed2592fc4,SYNCED,0,
893,SENSOR_LOG,"{""sensor_id"": ""SNS-MH-1008"", ""batch_id"": ""BTC-SEA-5004"", ""shipment_id"": ""SHP-2026-104"", ""timestamp"": ""2026-09-28 04:24:43 UTC"", ""temperature"": -19.33, ""humidity"": 87.4, ""location"": ""GPS: 45.0800 N, -120.0000 W"", ""battery_status"": 95}",2026-09-28 08:24:44 UTC,1,f6c41053792732ddb16ef177a46819462685f38f785c4c8d4d2c1b0f351133be,SYNCED,0,
894,SENSOR_LOG,"{""sensor_id"": ""SNS-MH-1008"", ""batch_id"": ""BTC-SEA-5004"", ""shipment_id"": ""SHP-2026-104"", ""timestamp"": ""2026-09-28 04:39:43 UTC"", ""temperature"": -19.1, ""humidity"": 87.8, ""location"": ""GPS: 45.0800 N, -120.0100 W"", ""battery_status"": 95}",2026-09-28 08:24:44 UTC,1,ab221734d76644d500e5d4c5c3bf816a349707f1573fe900cf987bd2ddbd0d11,SYNCED,0,
895,SENSOR_LOG,"{""sensor_id"": ""SNS-MH-1008"", ""batch_id"": ""BTC-SEA-5004"", ""shipment_id"": ""SHP-2026-104"", ""timestamp"": ""2026-09-28 04:54:43 UTC"", ""temperature"": -18.26, ""humidity"": 85.6, ""location"": ""GPS: 45.0800 N, -120.0200 W"", ""battery_status"": 95}",2026-09-28 08:24:44 UTC,1,b795fd3ec216db64bbfe1d31411ad0f84247f6ea6957ea28407e160bbbd5c067,SYNCED,0,
896,SENSOR_LOG,"{""sensor_id"": ""SNS-MH-1008"", ""batch_id"": ""BTC-SEA-5004"", ""shipment_id"": ""SHP-2026-104"", ""timestamp"": ""2026-09-28 05:09:43 UTC"", ""temperature"": -20.09, ""humidity"": 92.5, ""location"": ""GPS: 45.0800 N, -120.0300 W"", ""battery_status"": 95}",2026-09-28 08:24:44 UTC,1,8adac42bec1b2da5bd39a4f44c51ffeafe94d209b3adf385b9206898dd4fd077,SYNCED,0,
897,SENSOR_LOG,"{""sensor_id"": ""SNS-MH-1008"", ""batch_id"": ""BTC-SEA-5004"", ""shipment_id"": ""SHP-2026-104"", ""timestamp"": ""2026-09-28 05:24:43 UTC"", ""temperature"": -21.43, ""humidity"": 90.9, ""location"": ""GPS: 45.0800 N, -120.0400 W"", ""battery_status"": 95}",2026-09-28 08:24:44 UTC,1,380f5693f4e056449079d078f542a86b0768ed5221e5d91d5cd640413f24761f,SYNCED,0,
898,SENSOR_LOG,"{""sensor_id"": ""SNS-MH-1008"", ""batch_id"": ""BTC-SEA-5004"", ""shipment_id"": ""SHP-2026-104"", ""timestamp"": ""2026-09-28 05:39:43 UTC"", ""temperature"": -18.01, ""humidity"": 90.3, ""location"": ""GPS: 45.0800 N, -120.0500 W"", ""battery_status"": 95}",2026-09-28 08:24:44 UTC,1,6f463c08d953736f6683e16bcda5dbe16c5fc6645d02e77a248b2163cb62ad06,SYNCED,0,
899,SENSOR_LOG,"{""sensor_id"": ""SNS-MH-1008"", ""batch_id"": ""BTC-SEA-5004"", ""shipment_id"": ""SHP-2026-104"", ""timestamp"": ""2026-09-28 05:54:43 UTC"", ""temperature"": -21.73, ""humidity"": 90.8, ""location"": ""GPS: 45.0800 N, -120.0600 W"", ""battery_status"": 95}",2026-09-28 08:24:44 UTC,1,dc4d50f4b1a6918c2fe30614688a296fdb9aac1dc4f597b807b5df7ccc22d0dc,SYNCED,0,
900,SENSOR_LOG,"{""sensor_id"": ""SNS-MH-1008"", ""batch_id"": ""BTC-SEA-5004"", ""shipment_id"": ""SHP-2026-104"", ""timestamp"": ""2026-09-28 06:09:43 UTC"", ""temperature"": -20.74, ""humidity"": 94.2, ""location"": ""GPS: 45.0800 N, -120.0700 W"", ""battery_status"": 95}",2026-09-28 08:24:44 UTC,1,194d36ad84631b9ca296e0e341f59eb9ffabb2b315deea7dcca196762877fa7e,SYNCED,0,
901,SENSOR_LOG,"{""sensor_id"": ""SNS-MH-1008"", ""batch_id"": ""BTC-SEA-5004"", ""shipment_id"": ""SHP-2026-104"", ""timestamp"": ""2026-09-28 06:24:43 UTC"", ""temperature"": -18.32, ""humidity"": 87.6, ""location"": ""GPS: 45.0800 N, -120.0800 W"", ""battery_status"": 95}",2026-09-28 08:24:44 UTC,1,2e00ced86655e2675ffcf993db7dc7ecb2b79557a8ddf476bc9f6f9dcb88d8af,SYNCED,0,
902,SENSOR_LOG,"{""sensor_id"": ""SNS-MH-1008"", ""batch_id"": ""BTC-SEA-5004"", ""shipment_id"": ""SHP-2026-104"", ""timestamp"": ""2026-09-28 06:39:43 UTC"", ""temperature"": -19.76, ""humidity"": 89.4, ""location"": ""GPS: 45.0800 N, -120.0900 W"", ""battery_status"": 95}",2026-09-28 08:24:44 UTC,1,6e722dc4134ceff7e32b81318dfd34ca0c08431f62ea11ca6875eb6f336978a1,SYNCED,0,
903,SENSOR_LOG,"{""sensor_id"": ""SNS-MH-1008"", ""batch_id"": ""BTC-SEA-5004"", ""shipment_id"": ""SHP-2026-104"", ""timestamp"": ""2026-09-28 06:54:43 UTC"", ""temperature"": -21.93, ""humidity"": 90.1, ""location"": ""GPS: 45.0800 N, -120.1000 W"", ""battery_status"": 95}",2026-09-28 08:24:44 UTC,1,9838d3fd8765dc4c324a14ee6733fb02663c720ece7501af0086e8152ee68efe,SYNCED,0,
904,SENSOR_LOG,"{""sensor_id"": ""SNS-MH-1008"", ""batch_id"": ""BTC-SEA-5004"", ""shipment_id"": ""SHP-2026-104"", ""timestamp"": ""2026-09-28 07:09:43 UTC"", ""temperature"": -21.05, ""humidity"": 85.3, ""location"": ""GPS: 45.0800 N, -120.1100 W"", ""battery_status"": 95}",2026-09-28 08:24:44 UTC,1,41500097583a1c71a65906848e714a1679c204b3e20a4e57f2a36275bc348c59,SYNCED,0,
905,SENSOR_LOG,"{""sensor_id"": ""SNS-MH-1008"", ""batch_id"": ""BTC-SEA-5004"", ""shipment_id"": ""SHP-2026-104"", ""timestamp"": ""2026-09-28 07:24:43 UTC"", ""temperature"": -18.75, ""humidity"": 93.0, ""location"": ""GPS: 45.0800 N, -120.1200 W"", ""battery_status"": 95}",2026-09-28 08:24:44 UTC,1,6e50b6d57668fdfce4ec9ba6e23fca8de682c63b105e736c369bc4ec6fbf2e5e,SYNCED,0,
906,SENSOR_LOG,"{""sensor_id"": ""SNS-MH-1008"", ""batch_id"": ""BTC-SEA-5004"", ""shipment_id"": ""SHP-2026-104"", ""timestamp"": ""2026-09-28 07:39:43 UTC"", ""temperature"": -18.44, ""humidity"": 87.1, ""location"": ""GPS: 45.0800 N, -120.1300 W"", ""battery_status"": 95}",2026-09-28 08:24:44 UTC,1,e4b60921520c83d37afed9028f4196b9c46b39ec1c6330b9fa076aea7cf7eac8,SYNCED,0,
907,SENSOR_LOG,"{""sensor_id"": ""SNS-MH-1008"", ""batch_id"": ""BTC-SEA-5004"", ""shipment_id"": ""SHP-2026-104"", ""timestamp"": ""2026-09-28 07:54:43 UTC"", ""temperature"": -21.81, ""humidity"": 88.0, ""location"": ""GPS: 45.0800 N, -120.1400 W"", ""battery_status"": 95}",2026-09-28 08:24:44 UTC,1,4aa7215679e60edd9c245174bd851cf34c632b651cbd75ba7bd024ff68fef53a,SYNCED,0,
908,SENSOR_LOG,"{""sensor_id"": ""SNS-MH-1008"", ""batch_id"": ""BTC-SEA-5004"", ""shipment_id"": ""SHP-2026-104"", ""timestamp"": ""2026-09-28 08:09:43 UTC"", ""temperature"": -21.85, ""humidity"": 89.8, ""location"": ""GPS: 45.0800 N, -120.1500 W"", ""battery_status"": 95}",2026-09-28 08:24:44 UTC,1,01cacab8e632c3fdf141e2a410a9ecdfab3fc86dd7fba4aea70b2fe6ad5a8d62,SYNCED,0,
909,SENSOR_LOG,"{""sensor_id"": ""SNS-MH-1009"", ""batch_id"": ""BTC-SEA-5005"", ""shipment_id"": ""SHP-2026-105"", ""timestamp"": ""2026-09-28 04:24:43 UTC"", ""temperature"": -21.96, ""humidity"": 89.0, ""location"": ""GPS: 45.0900 N, -120.0000 W"", ""battery_status"": 95}",2026-09-28 08:24:44 UTC,1,e380b07baf68e4f5b17581d11c5e0a612045dddecede29491b25ce4f120d4d34,SYNCED,0,
910,SENSOR_LOG,"{""sensor_id"": ""SNS-MH-1009"", ""batch_id"": ""BTC-SEA-5005"", ""shipment_id"": ""SHP-2026-105"", ""timestamp"": ""2026-09-28 04:39:43 UTC"", ""temperature"": -21.94, ""humidity"": 90.3, ""location"": ""GPS: 45.0900 N, -120.0100 W"", ""battery_status"": 95}",2026-09-28 08:24:44 UTC,1,e4935afb974608f1fb33f9374a48914dcd43c4c88ed4b1cdea91c875c931a3ff,SYNCED,0,
911,SENSOR_LOG,"{""sensor_id"": ""SNS-MH-1009"", ""batch_id"": ""BTC-SEA-5005"", ""shipment_id"": ""SHP-2026-105"", ""timestamp"": ""2026-09-28 04:54:43 UTC"", ""temperature"": -19.55, ""humidity"": 86.5, ""location"": ""GPS: 45.0900 N, -120.0200 W"", ""battery_status"": 95}",2026-09-28 08:24:44 UTC,1,84618b808e6d4de5ca18d0a3315802da97fde7d28d56a9c09c935845cbacd069,SYNCED,0,
912,SENSOR_LOG,"{""sensor_id"": ""SNS-MH-1009"", ""batch_id"": ""BTC-SEA-5005"", ""shipment_id"": ""SHP-2026-105"", ""timestamp"": ""2026-09-28 05:09:43 UTC"", ""temperature"": -21.33, ""humidity"": 92.9, ""location"": ""GPS: 45.0900 N, -120.0300 W"", ""battery_status"": 95}",2026-09-28 08:24:44 UTC,1,014f8f691f9493c58dae0548f90294a80a8563470cc2f2a8e399cbc50934b0e5,SYNCED,0,
913,SENSOR_LOG,"{""sensor_id"": ""SNS-MH-1009"", ""batch_id"": ""BTC-SEA-5005"", ""shipment_id"": ""SHP-2026-105"", ""timestamp"": ""2026-09-28 05:24:43 UTC"", ""temperature"": -19.13, ""humidity"": 93.0, ""location"": ""GPS: 45.0900 N, -120.0400 W"", ""battery_status"": 95}",2026-09-28 08:24:44 UTC,1,1dac2b094d053363a8e9907cd8c912f023fdbe7cc51072377b21f36426a4d568,SYNCED,0,
914,SENSOR_LOG,"{""sensor_id"": ""SNS-MH-1009"", ""batch_id"": ""BTC-SEA-5005"", ""shipment_id"": ""SHP-2026-105"", ""timestamp"": ""2026-09-28 05:39:43 UTC"", ""temperature"": -19.67, ""humidity"": 89.9, ""location"": ""GPS: 45.0900 N, -120.0500 W"", ""battery_status"": 95}",2026-09-28 08:24:44 UTC,1,b39f70a243304b5e87810c8152478d1424a157efeb1b499101934b7340016547,SYNCED,0,
915,SENSOR_LOG,"{""sensor_id"": ""SNS-MH-1009"", ""batch_id"": ""BTC-SEA-5005"", ""shipment_id"": ""SHP-2026-105"", ""timestamp"": ""2026-09-28 05:54:43 UTC"", ""temperature"": -21.27, ""humidity"": 86.3, ""location"": ""GPS: 45.0900 N, -120.0600 W"", ""battery_status"": 95}",2026-09-28 08:24:44 UTC,1,256e9060fa1e6be869aeafd51f6a1bd2f5756bae9c2c392055dc2ad5595a6ea4,SYNCED,0,
916,SENSOR_LOG,"{""sensor_id"": ""SNS-MH-1009"", ""batch_id"": ""BTC-SEA-5005"", ""shipment_id"": ""SHP-2026-105"", ""timestamp"": ""2026-09-28 06:09:43 UTC"", ""temperature"": -19.78, ""humidity"": 93.0, ""location"": ""GPS: 45.0900 N, -120.0700 W"", ""battery_status"": 95}",2026-09-28 08:24:44 UTC,1,f925ee507a6bf1ed73a78ed9f0e2346891ca97c40311d4e795ea18b8db2aba14,SYNCED,0,
917,SENSOR_LOG,"{""sensor_id"": ""SNS-MH-1009"", ""batch_id"": ""BTC-SEA-5005"", ""shipment_id"": ""SHP-2026-105"", ""timestamp"": ""2026-09-28 06:24:43 UTC"", ""temperature"": -20.25, ""humidity"": 89.5, ""location"": ""GPS: 45.0900 N, -120.0800 W"", ""battery_status"": 95}",2026-09-28 08:24:44 UTC,1,6ed2b664093cd9a6baf0480700294475a225f7f7913959d485e1dacf39be76ab,SYNCED,0,
918,SENSOR_LOG,"{""sensor_id"": ""SNS-MH-1009"", ""batch_id"": ""BTC-SEA-5005"", ""shipment_id"": ""SHP-2026-105"", ""timestamp"": ""2026-09-28 06:39:43 UTC"", ""temperature"": -21.34, ""humidity"": 94.0, ""location"": ""GPS: 45.0900 N, -120.0900 W"", ""battery_status"": 95}",2026-09-28 08:24:44 UTC,1,e631e6f4532a34828f3c3a2802f53dfbc3cdbdba806b1727e6a4b89b597481ad,SYNCED,0,
919,SENSOR_LOG,"{""sensor_id"": ""SNS-MH-1009"", ""batch_id"": ""BTC-SEA-5005"", ""shipment_id"": ""SHP-2026-105"", ""timestamp"": ""2026-09-28 06:54:43 UTC"", ""temperature"": -19.94, ""humidity"": 90.5, ""location"": ""GPS: 45.0900 N, -120.1000 W"", ""battery_status"": 95}",2026-09-28 08:24:44 UTC,1,6a93c65f636840cc77f9b204401a04534ffc9980127fbcb2808bc9106f059e28,SYNCED,0,
920,SENSOR_LOG,"{""sensor_id"": ""SNS-MH-1009"", ""batch_id"": ""BTC-SEA-5005"", ""shipment_id"": ""SHP-2026-105"", ""timestamp"": ""2026-09-28 07:09:43 UTC"", ""temperature"": -21.4, ""humidity"": 88.6, ""location"": ""GPS: 45.0900 N, -120.1100 W"", ""battery_status"": 95}",2026-09-28 08:24:44 UTC,1,f6d598c7c8923781cec61f813d7617b23c838eb8a8e86e0ee471008047d4ad96,SYNCED,0,
921,SENSOR_LOG,"{""sensor_id"": ""SNS-MH-1009"", ""batch_id"": ""BTC-SEA-5005"", ""shipment_id"": ""SHP-2026-105"", ""timestamp"": ""2026-09-28 07:24:43 UTC"", ""temperature"": -20.44, ""humidity"": 86.6, ""location"": ""GPS: 45.0900 N, -120.1200 W"", ""battery_status"": 95}",2026-09-28 08:24:44 UTC,1,d1f8e79ca148693f69fa8f4fcaf8251ec3f43bf0a58637b77fae262e23ad7c67,SYNCED,0,
922,SENSOR_LOG,"{""sensor_id"": ""SNS-MH-1009"", ""batch_id"": ""BTC-SEA-5005"", ""shipment_id"": ""SHP-2026-105"", ""timestamp"": ""2026-09-28 07:39:43 UTC"", ""temperature"": -19.83, ""humidity"": 91.8, ""location"": ""GPS: 45.0900 N, -120.1300 W"", ""battery_status"": 95}",2026-09-28 08:24:44 UTC,1,49c81cbb29997e2e60b33490fa5c0225fae0198179ebcc1a2c9e4ed615e874de,SYNCED,0,
923,SENSOR_LOG,"{""sensor_id"": ""SNS-MH-1009"", ""batch_id"": ""BTC-SEA-5005"", ""shipment_id"": ""SHP-2026-105"", ""timestamp"": ""2026-09-28 07:54:43 UTC"", ""temperature"": -21.99, ""humidity"": 88.0, ""location"": ""GPS: 45.0900 N, -120.1400 W"", ""battery_status"": 95}",2026-09-28 08:24:44 UTC,1,6d2e781a6c285bf70e164286e6f4d433a544f4b02fbd571f8ee21fcbb7791565,SYNCED,0,
924,SENSOR_LOG,"{""sensor_id"": ""SNS-MH-1009"", ""batch_id"": ""BTC-SEA-5005"", ""shipment_id"": ""SHP-2026-105"", ""timestamp"": ""2026-09-28 08:09:43 UTC"", ""temperature"": -19.54, ""humidity"": 88.8, ""location"": ""GPS: 45.0900 N, -120.1500 W"", ""battery_status"": 95}",2026-09-28 08:24:44 UTC,1,e363133ddb037af966fea2e5ac445b9624ccaaf02238b8ccee7f0355cff158cc,SYNCED,0,
925,SENSOR_LOG,"{""sensor_id"": ""SNS-MH-1010"", ""batch_id"": ""BTC-SEA-5001"", ""shipment_id"": ""SHP-2026-101"", ""timestamp"": ""2026-09-28 04:24:43 UTC"", ""temperature"": -19.04, ""humidity"": 85.9, ""location"": ""GPS: 45.1000 N, -120.0000 W"", ""battery_status"": 95}",2026-09-28 08:24:44 UTC,1,c232993a77cc08f96ab87decba873b701cdfdb860f15cab37e89bfe2d7eb1d8c,SYNCED,0,
926,SENSOR_LOG,"{""sensor_id"": ""SNS-MH-1010"", ""batch_id"": ""BTC-SEA-5001"", ""shipment_id"": ""SHP-2026-101"", ""timestamp"": ""2026-09-28 04:39:43 UTC"", ""temperature"": -18.08, ""humidity"": 86.4, ""location"": ""GPS: 45.1000 N, -120.0100 W"", ""battery_status"": 95}",2026-09-28 08:24:44 UTC,1,dae878404481fd6c7ff54eec55b7b398ed4414dd244eaed92c38ad3e9accc8f8,SYNCED,0,
927,SENSOR_LOG,"{""sensor_id"": ""SNS-MH-1010"", ""batch_id"": ""BTC-SEA-5001"", ""shipment_id"": ""SHP-2026-101"", ""timestamp"": ""2026-09-28 04:54:43 UTC"", ""temperature"": -21.03, ""humidity"": 89.1, ""location"": ""GPS: 45.1000 N, -120.0200 W"", ""battery_status"": 95}",2026-09-28 08:24:44 UTC,1,2111fa5f1909ca6d9a035ad448a1f21d17aa5fa0a102837dcb490c531c3efd07,SYNCED,0,
928,SENSOR_LOG,"{""sensor_id"": ""SNS-MH-1010"", ""batch_id"": ""BTC-SEA-5001"", ""shipment_id"": ""SHP-2026-101"", ""timestamp"": ""2026-09-28 05:09:43 UTC"", ""temperature"": -20.67, ""humidity"": 89.3, ""location"": ""GPS: 45.1000 N, -120.0300 W"", ""battery_status"": 95}",2026-09-28 08:24:44 UTC,1,edc732b325ed2e3114d48fdc9e98bc21d090baa2d6590bdf43597506da22ec60,SYNCED,0,
929,SENSOR_LOG,"{""sensor_id"": ""SNS-MH-1010"", ""batch_id"": ""BTC-SEA-5001"", ""shipment_id"": ""SHP-2026-101"", ""timestamp"": ""2026-09-28 05:24:43 UTC"", ""temperature"": -21.79, ""humidity"": 94.4, ""location"": ""GPS: 45.1000 N, -120.0400 W"", ""battery_status"": 95}",2026-09-28 08:24:44 UTC,1,460dcbb20c0773b82f01487392b5dfc7ac04a99623098886ee5b2c1cd4b11145,SYNCED,0,
930,SENSOR_LOG,"{""sensor_id"": ""SNS-MH-1010"", ""batch_id"": ""BTC-SEA-5001"", ""shipment_id"": ""SHP-2026-101"", ""timestamp"": ""2026-09-28 05:39:43 UTC"", ""temperature"": -18.59, ""humidity"": 88.6, ""location"": ""GPS: 45.1000 N, -120.0500 W"", ""battery_status"": 95}",2026-09-28 08:24:44 UTC,1,7922a43a91d4adc61605f59fe4729fdd424535774fd07c3302c6a9ada1dc9e6f,SYNCED,0,
931,SENSOR_LOG,"{""sensor_id"": ""SNS-MH-1010"", ""batch_id"": ""BTC-SEA-5001"", ""shipment_id"": ""SHP-2026-101"", ""timestamp"": ""2026-09-28 05:54:43 UTC"", ""temperature"": -21.02, ""humidity"": 86.2, ""location"": ""GPS: 45.1000 N, -120.0600 W"", ""battery_status"": 95}",2026-09-28 08:24:44 UTC,1,ef4c800d9221348721c6b0473ea81108fd5ca4daff2028503594ef7cca9dd1a9,SYNCED,0,
932,SENSOR_LOG,"{""sensor_id"": ""SNS-MH-1010"", ""batch_id"": ""BTC-SEA-5001"", ""shipment_id"": ""SHP-2026-101"", ""timestamp"": ""2026-09-28 06:09:43 UTC"", ""temperature"": -20.52, ""humidity"": 89.5, ""location"": ""GPS: 45.1000 N, -120.0700 W"", ""battery_status"": 95}",2026-09-28 08:24:44 UTC,1,a61a6db33f88e8a09c5632648192af4173afcd6a65179f5caee4f8ed12294342,SYNCED,0,
933,SENSOR_LOG,"{""sensor_id"": ""SNS-MH-1010"", ""batch_id"": ""BTC-SEA-5001"", ""shipment_id"": ""SHP-2026-101"", ""timestamp"": ""2026-09-28 06:24:43 UTC"", ""temperature"": -21.43, ""humidity"": 86.2, ""location"": ""GPS: 45.1000 N, -120.0800 W"", ""battery_status"": 95}",2026-09-28 08:24:44 UTC,1,56c96ff4d92869255256bc467ceae9f292ee177dc944bedf1cab8dc2bd131d84,SYNCED,0,
934,SENSOR_LOG,"{""sensor_id"": ""SNS-MH-1010"", ""batch_id"": ""BTC-SEA-5001"", ""shipment_id"": ""SHP-2026-101"", ""timestamp"": ""2026-09-28 06:39:43 UTC"", ""temperature"": -19.84, ""humidity"": 91.0, ""location"": ""GPS: 45.1000 N, -120.0900 W"", ""battery_status"": 95}",2026-09-28 08:24:44 UTC,1,e2412c2f9d9dc0ae052388058bb48a9d2020af7745523790ee013431d68e0a9e,SYNCED,0,
935,SENSOR_LOG,"{""sensor_id"": ""SNS-MH-1010"", ""batch_id"": ""BTC-SEA-5001"", ""shipment_id"": ""SHP-2026-101"", ""timestamp"": ""2026-09-28 06:54:43 UTC"", ""temperature"": -20.96, ""humidity"": 89.5, ""location"": ""GPS: 45.1000 N, -120.1000 W"", ""battery_status"": 95}",2026-09-28 08:24:44 UTC,1,c18e117fbf07ff4a2dd824bb1527aad278e3d284954be50da9f4a0b5d35e1bf4,SYNCED,0,
936,SENSOR_LOG,"{""sensor_id"": ""SNS-MH-1010"", ""batch_id"": ""BTC-SEA-5001"", ""shipment_id"": ""SHP-2026-101"", ""timestamp"": ""2026-09-28 07:09:43 UTC"", ""temperature"": -19.2, ""humidity"": 94.3, ""location"": ""GPS: 45.1000 N, -120.1100 W"", ""battery_status"": 95}",2026-09-28 08:24:44 UTC,1,29867b42bfbf3dd014ca0c6787b9e953775a0d320baaf3ea071d6c56d53ffb53,SYNCED,0,
937,SENSOR_LOG,"{""sensor_id"": ""SNS-MH-1010"", ""batch_id"": ""BTC-SEA-5001"", ""shipment_id"": ""SHP-2026-101"", ""timestamp"": ""2026-09-28 07:24:43 UTC"", ""temperature"": -20.86, ""humidity"": 91.2, ""location"": ""GPS: 45.1000 N, -120.1200 W"", ""battery_status"": 95}",2026-09-28 08:24:44 UTC,1,2cb46a24af47c2a6235fa0817b7ae5af2af7405faf29cd16a4c94ad543fb31fd,SYNCED,0,
938,SENSOR_LOG,"{""sensor_id"": ""SNS-MH-1010"", ""batch_id"": ""BTC-SEA-5001"", ""shipment_id"": ""SHP-2026-101"", ""timestamp"": ""2026-09-28 07:39:43 UTC"", ""temperature"": -20.87, ""humidity"": 87.7, ""location"": ""GPS: 45.1000 N, -120.1300 W"", ""battery_status"": 95}",2026-09-28 08:24:44 UTC,1,ae27295894ab1ba106c7e60183230ef4c3be728e5975d02c4a636c422ccdab99,SYNCED,0,
939,SENSOR_LOG,"{""sensor_id"": ""SNS-MH-1010"", ""batch_id"": ""BTC-SEA-5001"", ""shipment_id"": ""SHP-2026-101"", ""timestamp"": ""2026-09-28 07:54:43 UTC"", ""temperature"": -19.39, ""humidity"": 87.3, ""location"": ""GPS: 45.1000 N, -120.1400 W"", ""battery_status"": 95}",2026-09-28 08:24:44 UTC,1,5d264464c5d9f49276b48591f0f244d6b726de55afa2a35ec14c6095648f07af,SYNCED,0,
940,SENSOR_LOG,"{""sensor_id"": ""SNS-MH-1010"", ""batch_id"": ""BTC-SEA-5001"", ""shipment_id"": ""SHP-2026-101"", ""timestamp"": ""2026-09-28 08:09:43 UTC"", ""temperature"": -18.57, ""humidity"": 94.9, ""location"": ""GPS: 45.1000 N, -120.1500 W"", ""battery_status"": 95}",2026-09-28 08:24:44 UTC,1,4ba00468b661fe9e74f540e99e25da12384d99b275efcddfbede588d8cc2aa47,SYNCED,0,
941,SENSOR_LOG,"{""sensor_id"": ""SNS-MH-1011"", ""batch_id"": ""BTC-SEA-5002"", ""shipment_id"": ""SHP-2026-102"", ""timestamp"": ""2026-09-28 04:24:43 UTC"", ""temperature"": -20.24, ""humidity"": 86.0, ""location"": ""GPS: 45.1100 N, -120.0000 W"", ""battery_status"": 95}",2026-09-28 08:24:44 UTC,1,20944189f37dd16edc56148a780a49439a9c7f50c3abe356cb19792e22ee82ed,SYNCED,0,
942,SENSOR_LOG,"{""sensor_id"": ""SNS-MH-1011"", ""batch_id"": ""BTC-SEA-5002"", ""shipment_id"": ""SHP-2026-102"", ""timestamp"": ""2026-09-28 04:39:43 UTC"", ""temperature"": -21.74, ""humidity"": 88.7, ""location"": ""GPS: 45.1100 N, -120.0100 W"", ""battery_status"": 95}",2026-09-28 08:24:44 UTC,1,dc43c4da4d161bba8d3b90f9e968ef2ca11c9fa4a6a2b589c6209d168259a10d,SYNCED,0,
943,SENSOR_LOG,"{""sensor_id"": ""SNS-MH-1011"", ""batch_id"": ""BTC-SEA-5002"", ""shipment_id"": ""SHP-2026-102"", ""timestamp"": ""2026-09-28 04:54:43 UTC"", ""temperature"": -20.59, ""humidity"": 89.1, ""location"": ""GPS: 45.1100 N, -120.0200 W"", ""battery_status"": 95}",2026-09-28 08:24:44 UTC,1,9dfd1ba8f50e61d9dea4576710701f6b0716d9c06ae1668ae22b3f4841cca7ba,SYNCED,0,
944,SENSOR_LOG,"{""sensor_id"": ""SNS-MH-1011"", ""batch_id"": ""BTC-SEA-5002"", ""shipment_id"": ""SHP-2026-102"", ""timestamp"": ""2026-09-28 05:09:43 UTC"", ""temperature"": -19.56, ""humidity"": 91.8, ""location"": ""GPS: 45.1100 N, -120.0300 W"", ""battery_status"": 95}",2026-09-28 08:24:44 UTC,1,e4ccb7340f20a07e3c547c8a01e9bb5beff3363d03d32a3af76dc5ecb9e9630d,SYNCED,0,
945,SENSOR_LOG,"{""sensor_id"": ""SNS-MH-1011"", ""batch_id"": ""BTC-SEA-5002"", ""shipment_id"": ""SHP-2026-102"", ""timestamp"": ""2026-09-28 05:24:43 UTC"", ""temperature"": -21.87, ""humidity"": 91.7, ""location"": ""GPS: 45.1100 N, -120.0400 W"", ""battery_status"": 95}",2026-09-28 08:24:44 UTC,1,1c7a93b9904cdf8c237eecad8638a276733ad473c6e6a5d296016500e8f94414,SYNCED,0,
946,SENSOR_LOG,"{""sensor_id"": ""SNS-MH-1011"", ""batch_id"": ""BTC-SEA-5002"", ""shipment_id"": ""SHP-2026-102"", ""timestamp"": ""2026-09-28 05:39:43 UTC"", ""temperature"": -19.19, ""humidity"": 85.1, ""location"": ""GPS: 45.1100 N, -120.0500 W"", ""battery_status"": 95}",2026-09-28 08:24:44 UTC,1,0b80e7550e578928f04e2f2ba4576e140d80d090479628663311ee0ad15ed569,SYNCED,0,
947,SENSOR_LOG,"{""sensor_id"": ""SNS-MH-1011"", ""batch_id"": ""BTC-SEA-5002"", ""shipment_id"": ""SHP-2026-102"", ""timestamp"": ""2026-09-28 05:54:43 UTC"", ""temperature"": -18.65, ""humidity"": 93.9, ""location"": ""GPS: 45.1100 N, -120.0600 W"", ""battery_status"": 95}",2026-09-28 08:24:44 UTC,1,fd9b3e1ab01aa73cd4820ead9f10b6d534b10fd5c4e7ef027cc3d9239b2f80b0,SYNCED,0,
948,SENSOR_LOG,"{""sensor_id"": ""SNS-MH-1011"", ""batch_id"": ""BTC-SEA-5002"", ""shipment_id"": ""SHP-2026-102"", ""timestamp"": ""2026-09-28 06:09:43 UTC"", ""temperature"": -20.74, ""humidity"": 85.4, ""location"": ""GPS: 45.1100 N, -120.0700 W"", ""battery_status"": 95}",2026-09-28 08:24:44 UTC,1,d68c18e7dad33f662169cebe3671299ff63f13517289c177de221fe485e0a9c9,SYNCED,0,
949,SENSOR_LOG,"{""sensor_id"": ""SNS-MH-1011"", ""batch_id"": ""BTC-SEA-5002"", ""shipment_id"": ""SHP-2026-102"", ""timestamp"": ""2026-09-28 06:24:43 UTC"", ""temperature"": -20.5, ""humidity"": 85.4, ""location"": ""GPS: 45.1100 N, -120.0800 W"", ""battery_status"": 95}",2026-09-28 08:24:44 UTC,1,7c7e1f7d65bf3616445986e86cc48710d26138b73d27dcf230925c15ce087bd9,SYNCED,0,
950,SENSOR_LOG,"{""sensor_id"": ""SNS-MH-1011"", ""batch_id"": ""BTC-SEA-5002"", ""shipment_id"": ""SHP-2026-102"", ""timestamp"": ""2026-09-28 06:39:43 UTC"", ""temperature"": -19.63, ""humidity"": 94.6, ""location"": ""GPS: 45.1100 N, -120.0900 W"", ""battery_status"": 95}",2026-09-28 08:24:44 UTC,1,8c3cb53c17a482933412e3950b3e218765f28b0d8d4597c1d5621ad519029f0e,SYNCED,0,
951,SENSOR_LOG,"{""sensor_id"": ""SNS-MH-1011"", ""batch_id"": ""BTC-SEA-5002"", ""shipment_id"": ""SHP-2026-102"", ""timestamp"": ""2026-09-28 06:54:43 UTC"", ""temperature"": -18.26, ""humidity"": 86.8, ""location"": ""GPS: 45.1100 N, -120.1000 W"", ""battery_status"": 95}",2026-09-28 08:24:44 UTC,1,1cd71262d204818f529e07b9d79a970d3692421096787af168998de789ed970a,SYNCED,0,
952,SENSOR_LOG,"{""sensor_id"": ""SNS-MH-1011"", ""batch_id"": ""BTC-SEA-5002"", ""shipment_id"": ""SHP-2026-102"", ""timestamp"": ""2026-09-28 07:09:43 UTC"", ""temperature"": -20.81, ""humidity"": 94.0, ""location"": ""GPS: 45.1100 N, -120.1100 W"", ""battery_status"": 95}",2026-09-28 08:24:44 UTC,1,8e39b6f8bf37a03826783cc810d96e120f03d4205066f9087a321eb5023ef0a2,SYNCED,0,
953,SENSOR_LOG,"{""sensor_id"": ""SNS-MH-1011"", ""batch_id"": ""BTC-SEA-5002"", ""shipment_id"": ""SHP-2026-102"", ""timestamp"": ""2026-09-28 07:24:43 UTC"", ""temperature"": -21.96, ""humidity"": 92.2, ""location"": ""GPS: 45.1100 N, -120.1200 W"", ""battery_status"": 95}",2026-09-28 08:24:44 UTC,1,f2cb7c6714d47218909abfad600ed3b1b8246ba489fa20b614b7e6cba0bed473,SYNCED,0,
954,SENSOR_LOG,"{""sensor_id"": ""SNS-MH-1011"", ""batch_id"": ""BTC-SEA-5002"", ""shipment_id"": ""SHP-2026-102"", ""timestamp"": ""2026-09-28 07:39:43 UTC"", ""temperature"": -18.24, ""humidity"": 92.8, ""location"": ""GPS: 45.1100 N, -120.1300 W"", ""battery_status"": 95}",2026-09-28 08:24:44 UTC,1,0decedc4d61f70e213c8cf818038072f75e328ad748d8c98fc50a7e080dd9c5a,SYNCED,0,
955,SENSOR_LOG,"{""sensor_id"": ""SNS-MH-1011"", ""batch_id"": ""BTC-SEA-5002"", ""shipment_id"": ""SHP-2026-102"", ""timestamp"": ""2026-09-28 07:54:43 UTC"", ""temperature"": -20.19, ""humidity"": 91.5, ""location"": ""GPS: 45.1100 N, -120.1400 W"", ""battery_status"": 95}",2026-09-28 08:24:44 UTC,1,4c6d9eefb95cd4e3e15e62c2c1a04439607338aadf603cc9ba8585bd1dfabccc,SYNCED,0,
956,SENSOR_LOG,"{""sensor_id"": ""SNS-MH-1011"", ""batch_id"": ""BTC-SEA-5002"", ""shipment_id"": ""SHP-2026-102"", ""timestamp"": ""2026-09-28 08:09:43 UTC"", ""temperature"": -21.4, ""humidity"": 92.7, ""location"": ""GPS: 45.1100 N, -120.1500 W"", ""battery_status"": 95}",2026-09-28 08:24:44 UTC,1,bf4d7256ba13a49ba7c31be2eb8f090777f8393e26d9b6907ddd5d0218520eeb,SYNCED,0,
957,SENSOR_LOG,"{""sensor_id"": ""SNS-MH-1012"", ""batch_id"": ""BTC-SEA-5003"", ""shipment_id"": ""SHP-2026-103"", ""timestamp"": ""2026-09-28 04:24:43 UTC"", ""temperature"": -18.64, ""humidity"": 91.2, ""location"": ""GPS: 45.1200 N, -120.0000 W"", ""battery_status"": 95}",2026-09-28 08:24:44 UTC,1,4a270f2f893f5f9c9d93d7214d465921c6db9e96fb94aab98d38da5e44592501,SYNCED,0,
958,SENSOR_LOG,"{""sensor_id"": ""SNS-MH-1012"", ""batch_id"": ""BTC-SEA-5003"", ""shipment_id"": ""SHP-2026-103"", ""timestamp"": ""2026-09-28 04:39:43 UTC"", ""temperature"": -21.46, ""humidity"": 85.7, ""location"": ""GPS: 45.1200 N, -120.0100 W"", ""battery_status"": 95}",2026-09-28 08:24:44 UTC,1,b0fe2315715b31cfa410b87649bf4c8b1fa51b3174541b198e901837f14d26ff,SYNCED,0,
959,SENSOR_LOG,"{""sensor_id"": ""SNS-MH-1012"", ""batch_id"": ""BTC-SEA-5003"", ""shipment_id"": ""SHP-2026-103"", ""timestamp"": ""2026-09-28 04:54:43 UTC"", ""temperature"": -18.29, ""humidity"": 93.1, ""location"": ""GPS: 45.1200 N, -120.0200 W"", ""battery_status"": 95}",2026-09-28 08:24:44 UTC,1,840b6dd42738cc94acc315cb460166ea44c2ec8573891db554d585e7cb8f6ae1,SYNCED,0,
960,SENSOR_LOG,"{""sensor_id"": ""SNS-MH-1012"", ""batch_id"": ""BTC-SEA-5003"", ""shipment_id"": ""SHP-2026-103"", ""timestamp"": ""2026-09-28 05:09:43 UTC"", ""temperature"": -20.15, ""humidity"": 86.5, ""location"": ""GPS: 45.1200 N, -120.0300 W"", ""battery_status"": 95}",2026-09-28 08:24:44 UTC,1,8527d2e3cd65dc9a8fb06fc2c5fa7f29b667d3ecabcf3e7744ce0bf0009c2cfd,SYNCED,0,
961,SENSOR_LOG,"{""sensor_id"": ""SNS-MH-1012"", ""batch_id"": ""BTC-SEA-5003"", ""shipment_id"": ""SHP-2026-103"", ""timestamp"": ""2026-09-28 05:24:43 UTC"", ""temperature"": -20.32, ""humidity"": 86.7, ""location"": ""GPS: 45.1200 N, -120.0400 W"", ""battery_status"": 95}",2026-09-28 08:24:44 UTC,1,acb13ada40dbff14c695419e30d9660f254e04f862092a3bf87164364151dc03,SYNCED,0,
962,SENSOR_LOG,"{""sensor_id"": ""SNS-MH-1012"", ""batch_id"": ""BTC-SEA-5003"", ""shipment_id"": ""SHP-2026-103"", ""timestamp"": ""2026-09-28 05:39:43 UTC"", ""temperature"": -19.99, ""humidity"": 86.6, ""location"": ""GPS: 45.1200 N, -120.0500 W"", ""battery_status"": 95}",2026-09-28 08:24:44 UTC,1,8061dd216af3ee6f39dccd97bd6082774ae3ac41d9e63a6de4a89532e58e4c77,SYNCED,0,
963,SENSOR_LOG,"{""sensor_id"": ""SNS-MH-1012"", ""batch_id"": ""BTC-SEA-5003"", ""shipment_id"": ""SHP-2026-103"", ""timestamp"": ""2026-09-28 05:54:43 UTC"", ""temperature"": -19.58, ""humidity"": 90.4, ""location"": ""GPS: 45.1200 N, -120.0600 W"", ""battery_status"": 95}",2026-09-28 08:24:44 UTC,1,ecb5ecfbc47226b37d704f297eac52c7da7aec9d013de479701643bfab016b7f,SYNCED,0,
964,SENSOR_LOG,"{""sensor_id"": ""SNS-MH-1012"", ""batch_id"": ""BTC-SEA-5003"", ""shipment_id"": ""SHP-2026-103"", ""timestamp"": ""2026-09-28 06:09:43 UTC"", ""temperature"": -18.85, ""humidity"": 90.6, ""location"": ""GPS: 45.1200 N, -120.0700 W"", ""battery_status"": 95}",2026-09-28 08:24:44 UTC,1,f858cf79c000ecf28e39030fd8ea7e9d58aca8b2b35327a76b3ed3a0bbd1ce92,SYNCED,0,
965,SENSOR_LOG,"{""sensor_id"": ""SNS-MH-1012"", ""batch_id"": ""BTC-SEA-5003"", ""shipment_id"": ""SHP-2026-103"", ""timestamp"": ""2026-09-28 06:24:43 UTC"", ""temperature"": -20.55, ""humidity"": 85.3, ""location"": ""GPS: 45.1200 N, -120.0800 W"", ""battery_status"": 95}",2026-09-28 08:24:44 UTC,1,210b03a76f5d523bcdbc3077173c41a9055924203f561becc80dde6020907f81,SYNCED,0,
966,SENSOR_LOG,"{""sensor_id"": ""SNS-MH-1012"", ""batch_id"": ""BTC-SEA-5003"", ""shipment_id"": ""SHP-2026-103"", ""timestamp"": ""2026-09-28 06:39:43 UTC"", ""temperature"": -19.2, ""humidity"": 89.1, ""location"": ""GPS: 45.1200 N, -120.0900 W"", ""battery_status"": 95}",2026-09-28 08:24:44 UTC,1,5fb14c77ba80494812e6a5d53bf86a7bed153a6ce181119a565b94be8a7d56a8,SYNCED,0,
967,SENSOR_LOG,"{""sensor_id"": ""SNS-MH-1012"", ""batch_id"": ""BTC-SEA-5003"", ""shipment_id"": ""SHP-2026-103"", ""timestamp"": ""2026-09-28 06:54:43 UTC"", ""temperature"": -21.55, ""humidity"": 87.7, ""location"": ""GPS: 45.1200 N, -120.1000 W"", ""battery_status"": 95}",2026-09-28 08:24:44 UTC,1,243c9b78456822a8290b169fa895782bb0cce7636863285c72d7fabf43469752,SYNCED,0,
968,SENSOR_LOG,"{""sensor_id"": ""SNS-MH-1012"", ""batch_id"": ""BTC-SEA-5003"", ""shipment_id"": ""SHP-2026-103"", ""timestamp"": ""2026-09-28 07:09:43 UTC"", ""temperature"": -20.0, ""humidity"": 86.8, ""location"": ""GPS: 45.1200 N, -120.1100 W"", ""battery_status"": 95}",2026-09-28 08:24:44 UTC,1,5551474ee834d6da1eb89f6711be78d6b2256262a5ff99df9230e5e2d92b016d,SYNCED,0,
969,SENSOR_LOG,"{""sensor_id"": ""SNS-MH-1012"", ""batch_id"": ""BTC-SEA-5003"", ""shipment_id"": ""SHP-2026-103"", ""timestamp"": ""2026-09-28 07:24:43 UTC"", ""temperature"": -20.14, ""humidity"": 88.9, ""location"": ""GPS: 45.1200 N, -120.1200 W"", ""battery_status"": 95}",2026-09-28 08:24:44 UTC,1,1bb8d2ee143c02815535da3bdadd886eb4c770cd9e65e6783be96cf06bc4c9e1,SYNCED,0,
970,SENSOR_LOG,"{""sensor_id"": ""SNS-MH-1012"", ""batch_id"": ""BTC-SEA-5003"", ""shipment_id"": ""SHP-2026-103"", ""timestamp"": ""2026-09-28 07:39:43 UTC"", ""temperature"": -21.65, ""humidity"": 85.6, ""location"": ""GPS: 45.1200 N, -120.1300 W"", ""battery_status"": 95}",2026-09-28 08:24:44 UTC,1,4679969aa44adb16fda49d06e4bddb7913353e57af148641875e19c02b9fcbea,SYNCED,0,
971,SENSOR_LOG,"{""sensor_id"": ""SNS-MH-1012"", ""batch_id"": ""BTC-SEA-5003"", ""shipment_id"": ""SHP-2026-103"", ""timestamp"": ""2026-09-28 07:54:43 UTC"", ""temperature"": -18.68, ""humidity"": 91.5, ""location"": ""GPS: 45.1200 N, -120.1400 W"", ""battery_status"": 95}",2026-09-28 08:24:44 UTC,1,c607f8e7d69f0aa618e5c54c8967e11cd229cf028498ec3a6b1873e27b75a867,SYNCED,0,
972,SENSOR_LOG,"{""sensor_id"": ""SNS-MH-1012"", ""batch_id"": ""BTC-SEA-5003"", ""shipment_id"": ""SHP-2026-103"", ""timestamp"": ""2026-09-28 08:09:43 UTC"", ""temperature"": -21.47, ""humidity"": 92.9, ""location"": ""GPS: 45.1200 N, -120.1500 W"", ""battery_status"": 95}",2026-09-28 08:24:44 UTC,1,2d98fe79c045d7d93fc5b1c17348f6a80c7e7bcfb3dbcf9296cea5e0d93bbef7,SYNCED,0,
973,SENSOR_LOG,"{""sensor_id"": ""SNS-MH-1013"", ""batch_id"": ""BTC-SEA-5004"", ""shipment_id"": ""SHP-2026-104"", ""timestamp"": ""2026-09-28 04:24:43 UTC"", ""temperature"": -18.43, ""humidity"": 94.8, ""location"": ""GPS: 45.1300 N, -120.0000 W"", ""battery_status"": 95}",2026-09-28 08:24:44 UTC,1,865c5984da7f7aab18e4c6c9cc9b5a319fe08bb432f68e606614f7d3322dd7d9,SYNCED,0,
974,SENSOR_LOG,"{""sensor_id"": ""SNS-MH-1013"", ""batch_id"": ""BTC-SEA-5004"", ""shipment_id"": ""SHP-2026-104"", ""timestamp"": ""2026-09-28 04:39:43 UTC"", ""temperature"": -21.72, ""humidity"": 91.6, ""location"": ""GPS: 45.1300 N, -120.0100 W"", ""battery_status"": 95}",2026-09-28 08:24:44 UTC,1,1dcfe0edca72e4ada10654c0c851b71acce0322a2726465d4e487441fba98276,SYNCED,0,
975,SENSOR_LOG,"{""sensor_id"": ""SNS-MH-1013"", ""batch_id"": ""BTC-SEA-5004"", ""shipment_id"": ""SHP-2026-104"", ""timestamp"": ""2026-09-28 04:54:43 UTC"", ""temperature"": -18.92, ""humidity"": 90.7, ""location"": ""GPS: 45.1300 N, -120.0200 W"", ""battery_status"": 95}",2026-09-28 08:24:44 UTC,1,04051e5c15b0399688e17623823dbde3606169de8b345faa28729e2a02feb1ef,SYNCED,0,
976,SENSOR_LOG,"{""sensor_id"": ""SNS-MH-1013"", ""batch_id"": ""BTC-SEA-5004"", ""shipment_id"": ""SHP-2026-104"", ""timestamp"": ""2026-09-28 05:09:43 UTC"", ""temperature"": -20.88, ""humidity"": 87.8, ""location"": ""GPS: 45.1300 N, -120.0300 W"", ""battery_status"": 95}",2026-09-28 08:24:44 UTC,1,6e34e3076678e9f98a72b0cc372311b019bb83c088dbaa7bcee7dd3b89a949b0,SYNCED,0,
977,SENSOR_LOG,"{""sensor_id"": ""SNS-MH-1013"", ""batch_id"": ""BTC-SEA-5004"", ""shipment_id"": ""SHP-2026-104"", ""timestamp"": ""2026-09-28 05:24:43 UTC"", ""temperature"": -19.27, ""humidity"": 90.9, ""location"": ""GPS: 45.1300 N, -120.0400 W"", ""battery_status"": 95}",2026-09-28 08:24:44 UTC,1,0740e2a607e8375ca0c9d7e373a1523e3e84519433e3834cdca723eccc56cf70,SYNCED,0,
978,SENSOR_LOG,"{""sensor_id"": ""SNS-MH-1013"", ""batch_id"": ""BTC-SEA-5004"", ""shipment_id"": ""SHP-2026-104"", ""timestamp"": ""2026-09-28 05:39:43 UTC"", ""temperature"": -19.61, ""humidity"": 85.9, ""location"": ""GPS: 45.1300 N, -120.0500 W"", ""battery_status"": 95}",2026-09-28 08:24:44 UTC,1,7feaa9bf9a1357dba19de80b888b62d7832789d587fe09e7fd8a93a6eb600709,SYNCED,0,
979,SENSOR_LOG,"{""sensor_id"": ""SNS-MH-1013"", ""batch_id"": ""BTC-SEA-5004"", ""shipment_id"": ""SHP-2026-104"", ""timestamp"": ""2026-09-28 05:54:43 UTC"", ""temperature"": -19.12, ""humidity"": 91.1, ""location"": ""GPS: 45.1300 N, -120.0600 W"", ""battery_status"": 95}",2026-09-28 08:24:44 UTC,1,25e4fad89c6ed71faa91f86114317168c7404d696c9e648a6f076c9b7ef79ba1,SYNCED,0,
980,SENSOR_LOG,"{""sensor_id"": ""SNS-MH-1013"", ""batch_id"": ""BTC-SEA-5004"", ""shipment_id"": ""SHP-2026-104"", ""timestamp"": ""2026-09-28 06:09:43 UTC"", ""temperature"": -20.37, ""humidity"": 85.7, ""location"": ""GPS: 45.1300 N, -120.0700 W"", ""battery_status"": 95}",2026-09-28 08:24:44 UTC,1,7ba08728e85ef8e89672f2200b87b333a84a0dc856f888757b79e8b4578c4057,SYNCED,0,
981,SENSOR_LOG,"{""sensor_id"": ""SNS-MH-1013"", ""batch_id"": ""BTC-SEA-5004"", ""shipment_id"": ""SHP-2026-104"", ""timestamp"": ""2026-09-28 06:24:43 UTC"", ""temperature"": -19.31, ""humidity"": 91.2, ""location"": ""GPS: 45.1300 N, -120.0800 W"", ""battery_status"": 95}",2026-09-28 08:24:44 UTC,1,df829b4d5d0e2263601656be9907696049c6e31ea0d805158a96923095e7c949,SYNCED,0,
982,SENSOR_LOG,"{""sensor_id"": ""SNS-MH-1013"", ""batch_id"": ""BTC-SEA-5004"", ""shipment_id"": ""SHP-2026-104"", ""timestamp"": ""2026-09-28 06:39:43 UTC"", ""temperature"": -18.51, ""humidity"": 87.5, ""location"": ""GPS: 45.1300 N, -120.0900 W"", ""battery_status"": 95}",2026-09-28 08:24:44 UTC,1,63b66612e581f4c5546944416eb5f31cd94121fb60c758ceca2adfb3b25be3b1,SYNCED,0,
983,SENSOR_LOG,"{""sensor_id"": ""SNS-MH-1013"", ""batch_id"": ""BTC-SEA-5004"", ""shipment_id"": ""SHP-2026-104"", ""timestamp"": ""2026-09-28 06:54:43 UTC"", ""temperature"": -19.8, ""humidity"": 91.4, ""location"": ""GPS: 45.1300 N, -120.1000 W"", ""battery_status"": 95}",2026-09-28 08:24:44 UTC,1,1c527f32598c67c69e37c4e052639794cda3693922b30b95ae4719bfa1f40d84,SYNCED,0,
984,SENSOR_LOG,"{""sensor_id"": ""SNS-MH-1013"", ""batch_id"": ""BTC-SEA-5004"", ""shipment_id"": ""SHP-2026-104"", ""timestamp"": ""2026-09-28 07:09:43 UTC"", ""temperature"": -20.82, ""humidity"": 94.6, ""location"": ""GPS: 45.1300 N, -120.1100 W"", ""battery_status"": 95}",2026-09-28 08:24:44 UTC,1,30552f3c60118b2fc8f541f9c91d8cc6b6cdffa3275a58ca32532ba0759baedb,SYNCED,0,
985,SENSOR_LOG,"{""sensor_id"": ""SNS-MH-1013"", ""batch_id"": ""BTC-SEA-5004"", ""shipment_id"": ""SHP-2026-104"", ""timestamp"": ""2026-09-28 07:24:43 UTC"", ""temperature"": -20.98, ""humidity"": 87.5, ""location"": ""GPS: 45.1300 N, -120.1200 W"", ""battery_status"": 95}",2026-09-28 08:24:44 UTC,1,496aa4985856dd3106cac4e24be23d86af09e68224859f7c3cdc640ab314c9bb,SYNCED,0,
986,SENSOR_LOG,"{""sensor_id"": ""SNS-MH-1013"", ""batch_id"": ""BTC-SEA-5004"", ""shipment_id"": ""SHP-2026-104"", ""timestamp"": ""2026-09-28 07:39:43 UTC"", ""temperature"": -19.46, ""humidity"": 92.2, ""location"": ""GPS: 45.1300 N, -120.1300 W"", ""battery_status"": 95}",2026-09-28 08:24:44 UTC,1,822a3db4672e599a632e63a4a271202c5a91f21ad3f88843a47ea66d68d1f0a1,SYNCED,0,
987,SENSOR_LOG,"{""sensor_id"": ""SNS-MH-1013"", ""batch_id"": ""BTC-SEA-5004"", ""shipment_id"": ""SHP-2026-104"", ""timestamp"": ""2026-09-28 07:54:43 UTC"", ""temperature"": -18.78, ""humidity"": 86.5, ""location"": ""GPS: 45.1300 N, -120.1400 W"", ""battery_status"": 95}",2026-09-28 08:24:44 UTC,1,6a41180e08e719f4332ec6cd9b0e52de387727a77e9b2a56eeb4be0292c39fd3,SYNCED,0,
988,SENSOR_LOG,"{""sensor_id"": ""SNS-MH-1013"", ""batch_id"": ""BTC-SEA-5004"", ""shipment_id"": ""SHP-2026-104"", ""timestamp"": ""2026-09-28 08:09:43 UTC"", ""temperature"": -18.8, ""humidity"": 88.9, ""location"": ""GPS: 45.1300 N, -120.1500 W"", ""battery_status"": 95}",2026-09-28 08:24:44 UTC,1,be3affdb4e9993d22fba406b463f83ac49bed7daee7f66d44f77707b5c92fd59,SYNCED,0,
989,SENSOR_LOG,"{""sensor_id"": ""SNS-MH-1014"", ""batch_id"": ""BTC-SEA-5005"", ""shipment_id"": ""SHP-2026-105"", ""timestamp"": ""2026-09-28 04:24:43 UTC"", ""temperature"": -18.68, ""humidity"": 88.6, ""location"": ""GPS: 45.1400 N, -120.0000 W"", ""battery_status"": 95}",2026-09-28 08:24:44 UTC,1,5d1545e524ed1cd6983691659349f46e70a6da2e6c057c64aa7286312cd348e9,SYNCED,0,
990,SENSOR_LOG,"{""sensor_id"": ""SNS-MH-1014"", ""batch_id"": ""BTC-SEA-5005"", ""shipment_id"": ""SHP-2026-105"", ""timestamp"": ""2026-09-28 04:39:43 UTC"", ""temperature"": -19.65, ""humidity"": 91.0, ""location"": ""GPS: 45.1400 N, -120.0100 W"", ""battery_status"": 95}",2026-09-28 08:24:44 UTC,1,428e7dd18fb7367311edbe1ac90bd94f74c769e7fed58df01f0c67e54ec2f0be,SYNCED,0,
991,SENSOR_LOG,"{""sensor_id"": ""SNS-MH-1014"", ""batch_id"": ""BTC-SEA-5005"", ""shipment_id"": ""SHP-2026-105"", ""timestamp"": ""2026-09-28 04:54:43 UTC"", ""temperature"": -20.39, ""humidity"": 88.6, ""location"": ""GPS: 45.1400 N, -120.0200 W"", ""battery_status"": 95}",2026-09-28 08:24:44 UTC,1,4761f3d4bda931b34dfb77c3660f71d786f6b188bf17b12f6e7ce0bd2c5d3fe6,SYNCED,0,
992,SENSOR_LOG,"{""sensor_id"": ""SNS-MH-1014"", ""batch_id"": ""BTC-SEA-5005"", ""shipment_id"": ""SHP-2026-105"", ""timestamp"": ""2026-09-28 05:09:43 UTC"", ""temperature"": -19.76, ""humidity"": 93.0, ""location"": ""GPS: 45.1400 N, -120.0300 W"", ""battery_status"": 95}",2026-09-28 08:24:44 UTC,1,2f76c4e36dcc13dc1314369a093f15c77a52e46e40e35e9c8fe725e73eb4ffbb,SYNCED,0,
993,SENSOR_LOG,"{""sensor_id"": ""SNS-MH-1014"", ""batch_id"": ""BTC-SEA-5005"", ""shipment_id"": ""SHP-2026-105"", ""timestamp"": ""2026-09-28 05:24:43 UTC"", ""temperature"": -19.5, ""humidity"": 92.6, ""location"": ""GPS: 45.1400 N, -120.0400 W"", ""battery_status"": 95}",2026-09-28 08:24:44 UTC,1,0a0ded2c356989bfe650046b19a88ef93f354f74bb9c6b3ff9f846e769453b56,SYNCED,0,
994,SENSOR_LOG,"{""sensor_id"": ""SNS-MH-1014"", ""batch_id"": ""BTC-SEA-5005"", ""shipment_id"": ""SHP-2026-105"", ""timestamp"": ""2026-09-28 05:39:43 UTC"", ""temperature"": -21.18, ""humidity"": 88.1, ""location"": ""GPS: 45.1400 N, -120.0500 W"", ""battery_status"": 95}",2026-09-28 08:24:44 UTC,1,45d8393aa5b7e3cdb8e569c2f89cef6459200598058a63d0c2439a3954ddaf6c,SYNCED,0,
995,SENSOR_LOG,"{""sensor_id"": ""SNS-MH-1014"", ""batch_id"": ""BTC-SEA-5005"", ""shipment_id"": ""SHP-2026-105"", ""timestamp"": ""2026-09-28 05:54:43 UTC"", ""temperature"": -19.15, ""humidity"": 86.7, ""location"": ""GPS: 45.1400 N, -120.0600 W"", ""battery_status"": 95}",2026-09-28 08:24:44 UTC,1,2978a8e5cd05325c121badf71465dc7834b810efc0d62bc3a7dbf1519244424d,SYNCED,0,
996,SENSOR_LOG,"{""sensor_id"": ""SNS-MH-1014"", ""batch_id"": ""BTC-SEA-5005"", ""shipment_id"": ""SHP-2026-105"", ""timestamp"": ""2026-09-28 06:09:43 UTC"", ""temperature"": -19.96, ""humidity"": 90.7, ""location"": ""GPS: 45.1400 N, -120.0700 W"", ""battery_status"": 95}",2026-09-28 08:24:44 UTC,1,cc2c5940fe030e56b1f62979aa2bb8a2ae60210b0a124ac967476aa5e402ad1e,SYNCED,0,
997,SENSOR_LOG,"{""sensor_id"": ""SNS-MH-1014"", ""batch_id"": ""BTC-SEA-5005"", ""shipment_id"": ""SHP-2026-105"", ""timestamp"": ""2026-09-28 06:24:43 UTC"", ""temperature"": -19.84, ""humidity"": 88.8, ""location"": ""GPS: 45.1400 N, -120.0800 W"", ""battery_status"": 95}",2026-09-28 08:24:44 UTC,1,5e4bbefac4aa1f7f4f960b70be9a1e7ed9e2349d284f2bfdc63d574fac6bc51b,SYNCED,0,
998,SENSOR_LOG,"{""sensor_id"": ""SNS-MH-1014"", ""batch_id"": ""BTC-SEA-5005"", ""shipment_id"": ""SHP-2026-105"", ""timestamp"": ""2026-09-28 06:39:43 UTC"", ""temperature"": -19.91, ""humidity"": 86.9, ""location"": ""GPS: 45.1400 N, -120.0900 W"", ""battery_status"": 95}",2026-09-28 08:24:44 UTC,1,dbc92262dfbf6d0099823dd523f97efae833813d80050218d8f001b2fef9483b,SYNCED,0,
999,SENSOR_LOG,"{""sensor_id"": ""SNS-MH-1014"", ""batch_id"": ""BTC-SEA-5005"", ""shipment_id"": ""SHP-2026-105"", ""timestamp"": ""2026-09-28 06:54:43 UTC"", ""temperature"": -20.05, ""humidity"": 91.6, ""location"": ""GPS: 45.1400 N, -120.1000 W"", ""battery_status"": 95}",2026-09-28 08:24:44 UTC,1,0b7abba6d6aa7b4ef149849ce168f452eff4ad12e19455854c2e95d7111ffb39,SYNCED,0,
1000,SENSOR_LOG,"{""sensor_id"": ""SNS-MH-1014"", ""batch_id"": ""BTC-SEA-5005"", ""shipment_id"": ""SHP-2026-105"", ""timestamp"": ""2026-09-28 07:09:43 UTC"", ""temperature"": -19.46, ""humidity"": 88.6, ""location"": ""GPS: 45.1400 N, -120.1100 W"", ""battery_status"": 95}",2026-09-28 08:24:44 UTC,1,d7f6f7d481f3b37aa8f3cb546b9b3216d9bf0388f7702c65511b13d041e84fd4,SYNCED,0,
1001,SENSOR_LOG,"{""sensor_id"": ""SNS-MH-1014"", ""batch_id"": ""BTC-SEA-5005"", ""shipment_id"": ""SHP-2026-105"", ""timestamp"": ""2026-09-28 07:24:43 UTC"", ""temperature"": -20.47, ""humidity"": 87.1, ""location"": ""GPS: 45.1400 N, -120.1200 W"", ""battery_status"": 95}",2026-09-28 08:24:44 UTC,1,2453c5d4d250295106be847be33080abd086b6de98cc3b33db9e72cf4cd53d07,SYNCED,0,
1002,SENSOR_LOG,"{""sensor_id"": ""SNS-MH-1014"", ""batch_id"": ""BTC-SEA-5005"", ""shipment_id"": ""SHP-2026-105"", ""timestamp"": ""2026-09-28 07:39:43 UTC"", ""temperature"": -19.7, ""humidity"": 93.0, ""location"": ""GPS: 45.1400 N, -120.1300 W"", ""battery_status"": 95}",2026-09-28 08:24:44 UTC,1,6287fc59c25f376c5705dc93655d192f453f9093680bef7f1f1395eb606ca061,SYNCED,0,
1003,SENSOR_LOG,"{""sensor_id"": ""SNS-MH-1014"", ""batch_id"": ""BTC-SEA-5005"", ""shipment_id"": ""SHP-2026-105"", ""timestamp"": ""2026-09-28 07:54:43 UTC"", ""temperature"": -20.2, ""humidity"": 94.2, ""location"": ""GPS: 45.1400 N, -120.1400 W"", ""battery_status"": 95}",2026-09-28 08:24:44 UTC,1,d647f35c47b2a9735ad4b648d26b81058104327ad7ae39011e26d1b05c983488,SYNCED,0,
1004,SENSOR_LOG,"{""sensor_id"": ""SNS-MH-1014"", ""batch_id"": ""BTC-SEA-5005"", ""shipment_id"": ""SHP-2026-105"", ""timestamp"": ""2026-09-28 08:09:43 UTC"", ""temperature"": -21.67, ""humidity"": 91.9, ""location"": ""GPS: 45.1400 N, -120.1500 W"", ""battery_status"": 95}",2026-09-28 08:24:44 UTC,1,49912dde12840e6570a956426caf8ff62793d395cc0511166091d3942bc020ce,SYNCED,0,
1005,SENSOR_LOG,"{""sensor_id"": ""SNS-MH-1015"", ""batch_id"": ""BTC-SEA-5001"", ""shipment_id"": ""SHP-2026-101"", ""timestamp"": ""2026-09-28 04:24:43 UTC"", ""temperature"": -19.36, ""humidity"": 86.8, ""location"": ""GPS: 45.1500 N, -120.0000 W"", ""battery_status"": 95}",2026-09-28 08:24:44 UTC,1,723e37f4e5cd5d73105c584f4badee041f9e5a838b3b00b7e187faeca196a811,SYNCED,0,
1006,SENSOR_LOG,"{""sensor_id"": ""SNS-MH-1015"", ""batch_id"": ""BTC-SEA-5001"", ""shipment_id"": ""SHP-2026-101"", ""timestamp"": ""2026-09-28 04:39:43 UTC"", ""temperature"": -19.16, ""humidity"": 91.1, ""location"": ""GPS: 45.1500 N, -120.0100 W"", ""battery_status"": 95}",2026-09-28 08:24:44 UTC,1,54fb2479987b787226f124156a18ed8bc6dcc1430a9de35c002337ffe6d2745c,SYNCED,0,
1007,SENSOR_LOG,"{""sensor_id"": ""SNS-MH-1015"", ""batch_id"": ""BTC-SEA-5001"", ""shipment_id"": ""SHP-2026-101"", ""timestamp"": ""2026-09-28 04:54:43 UTC"", ""temperature"": -18.23, ""humidity"": 93.4, ""location"": ""GPS: 45.1500 N, -120.0200 W"", ""battery_status"": 95}",2026-09-28 08:24:44 UTC,1,d72760b73f4cf41db1b69249f36c3d0ff23ad96cf7f08cbefe9df001aa8d90c7,SYNCED,0,
1008,SENSOR_LOG,"{""sensor_id"": ""SNS-MH-1015"", ""batch_id"": ""BTC-SEA-5001"", ""shipment_id"": ""SHP-2026-101"", ""timestamp"": ""2026-09-28 05:09:43 UTC"", ""temperature"": -19.59, ""humidity"": 88.1, ""location"": ""GPS: 45.1500 N, -120.0300 W"", ""battery_status"": 95}",2026-09-28 08:24:44 UTC,1,b7bc0ee9a11b81e13d8a7646b4dfb5b9060542316f48b45b0fe7249a38abb14e,SYNCED,0,
1009,SENSOR_LOG,"{""sensor_id"": ""SNS-MH-1015"", ""batch_id"": ""BTC-SEA-5001"", ""shipment_id"": ""SHP-2026-101"", ""timestamp"": ""2026-09-28 05:24:43 UTC"", ""temperature"": -19.84, ""humidity"": 88.7, ""location"": ""GPS: 45.1500 N, -120.0400 W"", ""battery_status"": 95}",2026-09-28 08:24:44 UTC,1,cd346c588f7035ce7ff7f4dd7576f7467f738566c4fdc1f8fadde5dd15a2bdd6,SYNCED,0,
1010,SENSOR_LOG,"{""sensor_id"": ""SNS-MH-1015"", ""batch_id"": ""BTC-SEA-5001"", ""shipment_id"": ""SHP-2026-101"", ""timestamp"": ""2026-09-28 05:39:43 UTC"", ""temperature"": -20.43, ""humidity"": 87.5, ""location"": ""GPS: 45.1500 N, -120.0500 W"", ""battery_status"": 95}",2026-09-28 08:24:44 UTC,1,86e6bf3d42c8eee05729f39bedfcb88d495fd48b078068d635d7a2edb2492cc6,SYNCED,0,
1011,SENSOR_LOG,"{""sensor_id"": ""SNS-MH-1015"", ""batch_id"": ""BTC-SEA-5001"", ""shipment_id"": ""SHP-2026-101"", ""timestamp"": ""2026-09-28 05:54:43 UTC"", ""temperature"": -18.8, ""humidity"": 85.6, ""location"": ""GPS: 45.1500 N, -120.0600 W"", ""battery_status"": 95}",2026-09-28 08:24:44 UTC,1,05946e8f4ca7f87ad4eb820888e0e93489eae73cbb6f88664caac8c9da875d6b,SYNCED,0,
1012,SENSOR_LOG,"{""sensor_id"": ""SNS-MH-1015"", ""batch_id"": ""BTC-SEA-5001"", ""shipment_id"": ""SHP-2026-101"", ""timestamp"": ""2026-09-28 06:09:43 UTC"", ""temperature"": -19.73, ""humidity"": 92.4, ""location"": ""GPS: 45.1500 N, -120.0700 W"", ""battery_status"": 95}",2026-09-28 08:24:44 UTC,1,971f43be9a72571963b492fa4a4e895a88a8b7edae1b0a014a69b370610fd0a2,SYNCED,0,
1013,SENSOR_LOG,"{""sensor_id"": ""SNS-MH-1015"", ""batch_id"": ""BTC-SEA-5001"", ""shipment_id"": ""SHP-2026-101"", ""timestamp"": ""2026-09-28 06:24:43 UTC"", ""temperature"": -19.76, ""humidity"": 86.5, ""location"": ""GPS: 45.1500 N, -120.0800 W"", ""battery_status"": 95}",2026-09-28 08:24:45 UTC,1,c39c12561ee9b4d6903d07e27ac8586d0605795c0d9b1a73e97c68bb173b0c64,SYNCED,0,
1014,SENSOR_LOG,"{""sensor_id"": ""SNS-MH-1015"", ""batch_id"": ""BTC-SEA-5001"", ""shipment_id"": ""SHP-2026-101"", ""timestamp"": ""2026-09-28 06:39:43 UTC"", ""temperature"": -18.83, ""humidity"": 89.4, ""location"": ""GPS: 45.1500 N, -120.0900 W"", ""battery_status"": 95}",2026-09-28 08:24:45 UTC,1,b0a40df85bde11c228f2e9e4fc9e55ddce9c94bc4cae789b38f3f0c1e7f80271,SYNCED,0,
1015,SENSOR_LOG,"{""sensor_id"": ""SNS-MH-1015"", ""batch_id"": ""BTC-SEA-5001"", ""shipment_id"": ""SHP-2026-101"", ""timestamp"": ""2026-09-28 06:54:43 UTC"", ""temperature"": -19.04, ""humidity"": 86.9, ""location"": ""GPS: 45.1500 N, -120.1000 W"", ""battery_status"": 95}",2026-09-28 08:24:45 UTC,1,9523fc846204b87b2629a757872e91ad790b98eab4b14203326889fa62bfcaa3,SYNCED,0,
1016,SENSOR_LOG,"{""sensor_id"": ""SNS-MH-1015"", ""batch_id"": ""BTC-SEA-5001"", ""shipment_id"": ""SHP-2026-101"", ""timestamp"": ""2026-09-28 07:09:43 UTC"", ""temperature"": -20.07, ""humidity"": 85.1, ""location"": ""GPS: 45.1500 N, -120.1100 W"", ""battery_status"": 95}",2026-09-28 08:24:45 UTC,1,c5ab3b0ae9d46a8768b372043a486fc8960d10e0a627f35d752baa4b915ca16c,SYNCED,0,
1017,SENSOR_LOG,"{""sensor_id"": ""SNS-MH-1015"", ""batch_id"": ""BTC-SEA-5001"", ""shipment_id"": ""SHP-2026-101"", ""timestamp"": ""2026-09-28 07:24:43 UTC"", ""temperature"": -18.34, ""humidity"": 92.5, ""location"": ""GPS: 45.1500 N, -120.1200 W"", ""battery_status"": 95}",2026-09-28 08:24:45 UTC,1,375e461676e7e6c9b9488dd77c27aa7f5774df4535a45bfd28bda968b159f231,SYNCED,0,
1018,SENSOR_LOG,"{""sensor_id"": ""SNS-MH-1015"", ""batch_id"": ""BTC-SEA-5001"", ""shipment_id"": ""SHP-2026-101"", ""timestamp"": ""2026-09-28 07:39:43 UTC"", ""temperature"": -18.59, ""humidity"": 92.5, ""location"": ""GPS: 45.1500 N, -120.1300 W"", ""battery_status"": 95}",2026-09-28 08:24:45 UTC,1,0de6cb47d135524c719b07f7073ab9db127d2ba27a1089597a78b87f495dca46,SYNCED,0,
1019,SENSOR_LOG,"{""sensor_id"": ""SNS-MH-1015"", ""batch_id"": ""BTC-SEA-5001"", ""shipment_id"": ""SHP-2026-101"", ""timestamp"": ""2026-09-28 07:54:43 UTC"", ""temperature"": -18.78, ""humidity"": 87.6, ""location"": ""GPS: 45.1500 N, -120.1400 W"", ""battery_status"": 95}",2026-09-28 08:24:45 UTC,1,e6600f3f7c9705554da489e8d33dc27671aaee1202c4dd1f6cd3301f72ed63c2,SYNCED,0,
1020,SENSOR_LOG,"{""sensor_id"": ""SNS-MH-1015"", ""batch_id"": ""BTC-SEA-5001"", ""shipment_id"": ""SHP-2026-101"", ""timestamp"": ""2026-09-28 08:09:43 UTC"", ""temperature"": -21.89, ""humidity"": 86.1, ""location"": ""GPS: 45.1500 N, -120.1500 W"", ""battery_status"": 95}",2026-09-28 08:24:45 UTC,1,6074fe280a04f70dedb297a17fcc5cf900a3d2c58d856eef6a9e74ee524805de,SYNCED,0,
1021,SENSOR_LOG,"{""sensor_id"": ""SNS-MH-1016"", ""batch_id"": ""BTC-SEA-5002"", ""shipment_id"": ""SHP-2026-102"", ""timestamp"": ""2026-09-28 04:24:43 UTC"", ""temperature"": -21.53, ""humidity"": 88.1, ""location"": ""GPS: 45.1600 N, -120.0000 W"", ""battery_status"": 95}",2026-09-28 08:24:45 UTC,1,d48ede86de07ea938a44fa3e9c83014dbaf9c3dbbbd86e40bfb894888b4679b9,SYNCED,0,
1022,SENSOR_LOG,"{""sensor_id"": ""SNS-MH-1016"", ""batch_id"": ""BTC-SEA-5002"", ""shipment_id"": ""SHP-2026-102"", ""timestamp"": ""2026-09-28 04:39:43 UTC"", ""temperature"": -20.09, ""humidity"": 87.6, ""location"": ""GPS: 45.1600 N, -120.0100 W"", ""battery_status"": 95}",2026-09-28 08:24:45 UTC,1,2d5ad3910dbc23a7a4a59df92b2eb0a9cc54f65e23d52ee2b74c5b353b68103e,SYNCED,0,
1023,SENSOR_LOG,"{""sensor_id"": ""SNS-MH-1016"", ""batch_id"": ""BTC-SEA-5002"", ""shipment_id"": ""SHP-2026-102"", ""timestamp"": ""2026-09-28 04:54:43 UTC"", ""temperature"": -20.5, ""humidity"": 93.0, ""location"": ""GPS: 45.1600 N, -120.0200 W"", ""battery_status"": 95}",2026-09-28 08:24:45 UTC,1,ef87d3c89b8470f6b2c4e35d2cf0137e2539ef95482c7bd1007ac5ca1ebcff69,SYNCED,0,
1024,SENSOR_LOG,"{""sensor_id"": ""SNS-MH-1016"", ""batch_id"": ""BTC-SEA-5002"", ""shipment_id"": ""SHP-2026-102"", ""timestamp"": ""2026-09-28 05:09:43 UTC"", ""temperature"": -19.35, ""humidity"": 85.9, ""location"": ""GPS: 45.1600 N, -120.0300 W"", ""battery_status"": 95}",2026-09-28 08:24:45 UTC,1,2efb7b9c6cfe2a16a65250d2aac58cad1a2940380c9b0a4201fda146324fd9d1,SYNCED,0,
1025,SENSOR_LOG,"{""sensor_id"": ""SNS-MH-1016"", ""batch_id"": ""BTC-SEA-5002"", ""shipment_id"": ""SHP-2026-102"", ""timestamp"": ""2026-09-28 05:24:43 UTC"", ""temperature"": -18.47, ""humidity"": 90.6, ""location"": ""GPS: 45.1600 N, -120.0400 W"", ""battery_status"": 95}",2026-09-28 08:24:45 UTC,1,76c3df6e0a606eb7707e9d99a2fca2b469da955d29b65a235edb02930cc703e0,SYNCED,0,
1026,SENSOR_LOG,"{""sensor_id"": ""SNS-MH-1016"", ""batch_id"": ""BTC-SEA-5002"", ""shipment_id"": ""SHP-2026-102"", ""timestamp"": ""2026-09-28 05:39:43 UTC"", ""temperature"": -20.88, ""humidity"": 93.2, ""location"": ""GPS: 45.1600 N, -120.0500 W"", ""battery_status"": 95}",2026-09-28 08:24:45 UTC,1,c73f9a68f6d5c80065abe32ed0f383b12bcaf6a00c57929598939ff7aa8b7d7a,SYNCED,0,
1027,SENSOR_LOG,"{""sensor_id"": ""SNS-MH-1016"", ""batch_id"": ""BTC-SEA-5002"", ""shipment_id"": ""SHP-2026-102"", ""timestamp"": ""2026-09-28 05:54:43 UTC"", ""temperature"": -21.12, ""humidity"": 87.2, ""location"": ""GPS: 45.1600 N, -120.0600 W"", ""battery_status"": 95}",2026-09-28 08:24:45 UTC,1,e52754e3920069f094cb2cb9b7a112fa2fad4c0d347f12975a000cf9552cd36e,SYNCED,0,
1028,SENSOR_LOG,"{""sensor_id"": ""SNS-MH-1016"", ""batch_id"": ""BTC-SEA-5002"", ""shipment_id"": ""SHP-2026-102"", ""timestamp"": ""2026-09-28 06:09:43 UTC"", ""temperature"": -18.99, ""humidity"": 85.3, ""location"": ""GPS: 45.1600 N, -120.0700 W"", ""battery_status"": 95}",2026-09-28 08:24:45 UTC,1,8e40250319e91f64d6cd49e49f2a5f181b3e25b17390fbc0b34d34cb1e81b726,SYNCED,0,
1029,SENSOR_LOG,"{""sensor_id"": ""SNS-MH-1016"", ""batch_id"": ""BTC-SEA-5002"", ""shipment_id"": ""SHP-2026-102"", ""timestamp"": ""2026-09-28 06:24:43 UTC"", ""temperature"": -19.95, ""humidity"": 92.4, ""location"": ""GPS: 45.1600 N, -120.0800 W"", ""battery_status"": 95}",2026-09-28 08:24:45 UTC,1,c0ac77213a8f28ddc715982b8e41fb03bbab749be13ab4b1f89752da998dae32,SYNCED,0,
1030,SENSOR_LOG,"{""sensor_id"": ""SNS-MH-1016"", ""batch_id"": ""BTC-SEA-5002"", ""shipment_id"": ""SHP-2026-102"", ""timestamp"": ""2026-09-28 06:39:43 UTC"", ""temperature"": -18.78, ""humidity"": 85.6, ""location"": ""GPS: 45.1600 N, -120.0900 W"", ""battery_status"": 95}",2026-09-28 08:24:45 UTC,1,6e06cc03ae57b4a84cf795c854b276dd9f6789a219ddb41570941c310b05fd6e,SYNCED,0,
1031,SENSOR_LOG,"{""sensor_id"": ""SNS-MH-1016"", ""batch_id"": ""BTC-SEA-5002"", ""shipment_id"": ""SHP-2026-102"", ""timestamp"": ""2026-09-28 06:54:43 UTC"", ""temperature"": -19.53, ""humidity"": 89.6, ""location"": ""GPS: 45.1600 N, -120.1000 W"", ""battery_status"": 95}",2026-09-28 08:24:45 UTC,1,f6ea65b92dc2af77b2e144f3c610fb48a88c3c38749bf78a574149af5f6aa257,SYNCED,0,
1032,SENSOR_LOG,"{""sensor_id"": ""SNS-MH-1016"", ""batch_id"": ""BTC-SEA-5002"", ""shipment_id"": ""SHP-2026-102"", ""timestamp"": ""2026-09-28 07:09:43 UTC"", ""temperature"": -21.65, ""humidity"": 91.1, ""location"": ""GPS: 45.1600 N, -120.1100 W"", ""battery_status"": 95}",2026-09-28 08:24:45 UTC,1,624807ead10bc5d94bda495d5d4e50dd9a38ba9596e94d5dd7fe49a47757a3ea,SYNCED,0,
1033,SENSOR_LOG,"{""sensor_id"": ""SNS-MH-1016"", ""batch_id"": ""BTC-SEA-5002"", ""shipment_id"": ""SHP-2026-102"", ""timestamp"": ""2026-09-28 07:24:43 UTC"", ""temperature"": -21.49, ""humidity"": 92.1, ""location"": ""GPS: 45.1600 N, -120.1200 W"", ""battery_status"": 95}",2026-09-28 08:24:45 UTC,1,ecd9e098d4143c2ac82b3f8a6f441b2d3b9fa60dcc86627e65106dd9cc189bae,SYNCED,0,
1034,SENSOR_LOG,"{""sensor_id"": ""SNS-MH-1016"", ""batch_id"": ""BTC-SEA-5002"", ""shipment_id"": ""SHP-2026-102"", ""timestamp"": ""2026-09-28 07:39:43 UTC"", ""temperature"": -21.46, ""humidity"": 85.5, ""location"": ""GPS: 45.1600 N, -120.1300 W"", ""battery_status"": 95}",2026-09-28 08:24:45 UTC,1,3ad1cfab67a7b1402591a2fcc0f4e4823a29590469d40e68b67e0f8b45cf09eb,SYNCED,0,
1035,SENSOR_LOG,"{""sensor_id"": ""SNS-MH-1016"", ""batch_id"": ""BTC-SEA-5002"", ""shipment_id"": ""SHP-2026-102"", ""timestamp"": ""2026-09-28 07:54:43 UTC"", ""temperature"": -19.7, ""humidity"": 87.8, ""location"": ""GPS: 45.1600 N, -120.1400 W"", ""battery_status"": 95}",2026-09-28 08:24:45 UTC,1,a4b74ac51b88cef7fb51802f2c131d2214231b861b97a599bf9052cd7afa791d,SYNCED,0,
1036,SENSOR_LOG,"{""sensor_id"": ""SNS-MH-1016"", ""batch_id"": ""BTC-SEA-5002"", ""shipment_id"": ""SHP-2026-102"", ""timestamp"": ""2026-09-28 08:09:43 UTC"", ""temperature"": -20.34, ""humidity"": 89.6, ""location"": ""GPS: 45.1600 N, -120.1500 W"", ""battery_status"": 95}",2026-09-28 08:24:45 UTC,1,ef015d24d1e211dff902dcb44e4a03e94cb27c0f75583bdf12b925da82e49084,SYNCED,0,
1037,SENSOR_LOG,"{""sensor_id"": ""SNS-MH-1017"", ""batch_id"": ""BTC-SEA-5003"", ""shipment_id"": ""SHP-2026-103"", ""timestamp"": ""2026-09-28 04:24:43 UTC"", ""temperature"": -19.6, ""humidity"": 91.1, ""location"": ""GPS: 45.1700 N, -120.0000 W"", ""battery_status"": 95}",2026-09-28 08:24:45 UTC,1,7f12c83553aaee66c764e0de70d8e54f31c682b97335e5ccfce2ba3524f8481e,SYNCED,0,
1038,SENSOR_LOG,"{""sensor_id"": ""SNS-MH-1017"", ""batch_id"": ""BTC-SEA-5003"", ""shipment_id"": ""SHP-2026-103"", ""timestamp"": ""2026-09-28 04:39:43 UTC"", ""temperature"": -20.18, ""humidity"": 92.4, ""location"": ""GPS: 45.1700 N, -120.0100 W"", ""battery_status"": 95}",2026-09-28 08:24:45 UTC,1,427ec6a75a01963d8a70dd38dd2f09f14c98c092b9adab944012eb1b5250b1ad,SYNCED,0,
1039,SENSOR_LOG,"{""sensor_id"": ""SNS-MH-1017"", ""batch_id"": ""BTC-SEA-5003"", ""shipment_id"": ""SHP-2026-103"", ""timestamp"": ""2026-09-28 04:54:43 UTC"", ""temperature"": -21.66, ""humidity"": 94.8, ""location"": ""GPS: 45.1700 N, -120.0200 W"", ""battery_status"": 95}",2026-09-28 08:24:45 UTC,1,2fd1d8cb56a9430687a72b2b66ee03ab39356bf6e93388ae2e9015c4bc27604b,SYNCED,0,
1040,SENSOR_LOG,"{""sensor_id"": ""SNS-MH-1017"", ""batch_id"": ""BTC-SEA-5003"", ""shipment_id"": ""SHP-2026-103"", ""timestamp"": ""2026-09-28 05:09:43 UTC"", ""temperature"": -19.94, ""humidity"": 89.6, ""location"": ""GPS: 45.1700 N, -120.0300 W"", ""battery_status"": 95}",2026-09-28 08:24:45 UTC,1,d4ce3baba148a964ab775b200f523e7205e82ca78e47abab1850c2731387fa3c,SYNCED,0,
1041,SENSOR_LOG,"{""sensor_id"": ""SNS-MH-1017"", ""batch_id"": ""BTC-SEA-5003"", ""shipment_id"": ""SHP-2026-103"", ""timestamp"": ""2026-09-28 05:24:43 UTC"", ""temperature"": -20.05, ""humidity"": 90.7, ""location"": ""GPS: 45.1700 N, -120.0400 W"", ""battery_status"": 95}",2026-09-28 08:24:45 UTC,1,10ebecb44a0746ef805cd3a3bd255cd2c7eeef33decaaf7bec5216ae075cfb74,SYNCED,0,
1042,SENSOR_LOG,"{""sensor_id"": ""SNS-MH-1017"", ""batch_id"": ""BTC-SEA-5003"", ""shipment_id"": ""SHP-2026-103"", ""timestamp"": ""2026-09-28 05:39:43 UTC"", ""temperature"": -21.55, ""humidity"": 90.0, ""location"": ""GPS: 45.1700 N, -120.0500 W"", ""battery_status"": 95}",2026-09-28 08:24:45 UTC,1,84b15e6edd4e7dcac153251b9e66dc90c1f41b593e70dc21834b21d4ee25e0aa,SYNCED,0,
1043,SENSOR_LOG,"{""sensor_id"": ""SNS-MH-1017"", ""batch_id"": ""BTC-SEA-5003"", ""shipment_id"": ""SHP-2026-103"", ""timestamp"": ""2026-09-28 05:54:43 UTC"", ""temperature"": -20.32, ""humidity"": 87.0, ""location"": ""GPS: 45.1700 N, -120.0600 W"", ""battery_status"": 95}",2026-09-28 08:24:45 UTC,1,6d4b5dfd0d63f6b4847d4fee4d19070204437e1e163f998597190fff54d3d82d,SYNCED,0,
1044,SENSOR_LOG,"{""sensor_id"": ""SNS-MH-1017"", ""batch_id"": ""BTC-SEA-5003"", ""shipment_id"": ""SHP-2026-103"", ""timestamp"": ""2026-09-28 06:09:43 UTC"", ""temperature"": -21.51, ""humidity"": 93.7, ""location"": ""GPS: 45.1700 N, -120.0700 W"", ""battery_status"": 95}",2026-09-28 08:24:45 UTC,1,528a4961d667b27fd7022d9ec2139f63bd38872b48e551c69b4dd9a2cb0d68d3,SYNCED,0,
1045,SENSOR_LOG,"{""sensor_id"": ""SNS-MH-1017"", ""batch_id"": ""BTC-SEA-5003"", ""shipment_id"": ""SHP-2026-103"", ""timestamp"": ""2026-09-28 06:24:43 UTC"", ""temperature"": -20.19, ""humidity"": 92.5, ""location"": ""GPS: 45.1700 N, -120.0800 W"", ""battery_status"": 95}",2026-09-28 08:24:45 UTC,1,6c3871a27523b40bfaf48e8009b77ab07479d4bcef4b8e70b510b6162b456e34,SYNCED,0,
1046,SENSOR_LOG,"{""sensor_id"": ""SNS-MH-1017"", ""batch_id"": ""BTC-SEA-5003"", ""shipment_id"": ""SHP-2026-103"", ""timestamp"": ""2026-09-28 06:39:43 UTC"", ""temperature"": -21.42, ""humidity"": 87.3, ""location"": ""GPS: 45.1700 N, -120.0900 W"", ""battery_status"": 95}",2026-09-28 08:24:45 UTC,1,cd993ee3e65a941e2afdf58d33d0e860e3b9f55d9f36a6cffb8b3ab5a2ab0af0,SYNCED,0,
1047,SENSOR_LOG,"{""sensor_id"": ""SNS-MH-1017"", ""batch_id"": ""BTC-SEA-5003"", ""shipment_id"": ""SHP-2026-103"", ""timestamp"": ""2026-09-28 06:54:43 UTC"", ""temperature"": -18.1, ""humidity"": 85.8, ""location"": ""GPS: 45.1700 N, -120.1000 W"", ""battery_status"": 95}",2026-09-28 08:24:45 UTC,1,858577db8fe7b1026909949595fb2c0dbe8d8baa53f9f01768957bae45e465d5,SYNCED,0,
1048,SENSOR_LOG,"{""sensor_id"": ""SNS-MH-1017"", ""batch_id"": ""BTC-SEA-5003"", ""shipment_id"": ""SHP-2026-103"", ""timestamp"": ""2026-09-28 07:09:43 UTC"", ""temperature"": -21.26, ""humidity"": 88.1, ""location"": ""GPS: 45.1700 N, -120.1100 W"", ""battery_status"": 95}",2026-09-28 08:24:45 UTC,1,6e58a0d558e0c87683b6eecd345773d18bb67c12855058d88ec3f397d1bbd06f,SYNCED,0,
1049,SENSOR_LOG,"{""sensor_id"": ""SNS-MH-1017"", ""batch_id"": ""BTC-SEA-5003"", ""shipment_id"": ""SHP-2026-103"", ""timestamp"": ""2026-09-28 07:24:43 UTC"", ""temperature"": -18.5, ""humidity"": 94.5, ""location"": ""GPS: 45.1700 N, -120.1200 W"", ""battery_status"": 95}",2026-09-28 08:24:45 UTC,1,b1d55700d952af2981f0e9f4159fb4ce4f3bafccf866d6bd198f2aaf3dab84fe,SYNCED,0,
1050,SENSOR_LOG,"{""sensor_id"": ""SNS-MH-1017"", ""batch_id"": ""BTC-SEA-5003"", ""shipment_id"": ""SHP-2026-103"", ""timestamp"": ""2026-09-28 07:39:43 UTC"", ""temperature"": -20.64, ""humidity"": 94.4, ""location"": ""GPS: 45.1700 N, -120.1300 W"", ""battery_status"": 95}",2026-09-28 08:24:45 UTC,1,30472c88189063dadfb05a15fda3d8f5bea6ab8eaaabfa03403ba844eeee3309,SYNCED,0,
1051,SENSOR_LOG,"{""sensor_id"": ""SNS-MH-1017"", ""batch_id"": ""BTC-SEA-5003"", ""shipment_id"": ""SHP-2026-103"", ""timestamp"": ""2026-09-28 07:54:43 UTC"", ""temperature"": -18.91, ""humidity"": 90.8, ""location"": ""GPS: 45.1700 N, -120.1400 W"", ""battery_status"": 95}",2026-09-28 08:24:45 UTC,1,b30eccc9db11e62db045b357dcf389eb00f33a280f9d85df1114581bfac49246,SYNCED,0,
1052,SENSOR_LOG,"{""sensor_id"": ""SNS-MH-1017"", ""batch_id"": ""BTC-SEA-5003"", ""shipment_id"": ""SHP-2026-103"", ""timestamp"": ""2026-09-28 08:09:43 UTC"", ""temperature"": -18.56, ""humidity"": 89.8, ""location"": ""GPS: 45.1700 N, -120.1500 W"", ""battery_status"": 95}",2026-09-28 08:24:45 UTC,1,e6e7ede3872933da32a13edfbbed5149302365b06d46e586f3a9fd23d5817224,SYNCED,0,
1053,SENSOR_LOG,"{""sensor_id"": ""SNS-MH-1018"", ""batch_id"": ""BTC-SEA-5004"", ""shipment_id"": ""SHP-2026-104"", ""timestamp"": ""2026-09-28 04:24:43 UTC"", ""temperature"": -18.44, ""humidity"": 89.7, ""location"": ""GPS: 45.1800 N, -120.0000 W"", ""battery_status"": 95}",2026-09-28 08:24:45 UTC,1,93d85ea7cdbe4685d4e15503a3feeaad657ffb4bcc02c96488409e71159a2d62,SYNCED,0,
1054,SENSOR_LOG,"{""sensor_id"": ""SNS-MH-1018"", ""batch_id"": ""BTC-SEA-5004"", ""shipment_id"": ""SHP-2026-104"", ""timestamp"": ""2026-09-28 04:39:43 UTC"", ""temperature"": -19.38, ""humidity"": 89.9, ""location"": ""GPS: 45.1800 N, -120.0100 W"", ""battery_status"": 95}",2026-09-28 08:24:45 UTC,1,eb2aee1ba170669acf828a8a83cdb979856a8bc558536aee8e9d70f9389a1fba,SYNCED,0,
1055,SENSOR_LOG,"{""sensor_id"": ""SNS-MH-1018"", ""batch_id"": ""BTC-SEA-5004"", ""shipment_id"": ""SHP-2026-104"", ""timestamp"": ""2026-09-28 04:54:43 UTC"", ""temperature"": -19.97, ""humidity"": 90.7, ""location"": ""GPS: 45.1800 N, -120.0200 W"", ""battery_status"": 95}",2026-09-28 08:24:45 UTC,1,697ef13a7df5bde432be64dc020f0a3874a1c7996996415c0da30a3f52ed6a2d,SYNCED,0,
1056,SENSOR_LOG,"{""sensor_id"": ""SNS-MH-1018"", ""batch_id"": ""BTC-SEA-5004"", ""shipment_id"": ""SHP-2026-104"", ""timestamp"": ""2026-09-28 05:09:43 UTC"", ""temperature"": -20.16, ""humidity"": 87.2, ""location"": ""GPS: 45.1800 N, -120.0300 W"", ""battery_status"": 95}",2026-09-28 08:24:45 UTC,1,3eda907d72e09f37e858bbe4296a2c0f9366a3235aac35870c83d4973b9f1dd4,SYNCED,0,
1057,SENSOR_LOG,"{""sensor_id"": ""SNS-MH-1018"", ""batch_id"": ""BTC-SEA-5004"", ""shipment_id"": ""SHP-2026-104"", ""timestamp"": ""2026-09-28 05:24:43 UTC"", ""temperature"": -21.71, ""humidity"": 85.8, ""location"": ""GPS: 45.1800 N, -120.0400 W"", ""battery_status"": 95}",2026-09-28 08:24:45 UTC,1,c2b6494d024a79747b377aaaddb375ba30bd0a55b8504ebb534c7a08b7909bd3,SYNCED,0,
1058,SENSOR_LOG,"{""sensor_id"": ""SNS-MH-1018"", ""batch_id"": ""BTC-SEA-5004"", ""shipment_id"": ""SHP-2026-104"", ""timestamp"": ""2026-09-28 05:39:43 UTC"", ""temperature"": -20.16, ""humidity"": 93.7, ""location"": ""GPS: 45.1800 N, -120.0500 W"", ""battery_status"": 95}",2026-09-28 08:24:45 UTC,1,a16a3d656fca0162024b307a65a929e94bcb19582e78af2c616507b7ad701855,SYNCED,0,
1059,SENSOR_LOG,"{""sensor_id"": ""SNS-MH-1018"", ""batch_id"": ""BTC-SEA-5004"", ""shipment_id"": ""SHP-2026-104"", ""timestamp"": ""2026-09-28 05:54:43 UTC"", ""temperature"": -19.33, ""humidity"": 86.3, ""location"": ""GPS: 45.1800 N, -120.0600 W"", ""battery_status"": 95}",2026-09-28 08:24:45 UTC,1,f618ee770e6bc1a613b9b7db5cf0a453e72302729a5c7e11eb61cda1cc1c399f,SYNCED,0,
1060,SENSOR_LOG,"{""sensor_id"": ""SNS-MH-1018"", ""batch_id"": ""BTC-SEA-5004"", ""shipment_id"": ""SHP-2026-104"", ""timestamp"": ""2026-09-28 06:09:43 UTC"", ""temperature"": -20.33, ""humidity"": 91.4, ""location"": ""GPS: 45.1800 N, -120.0700 W"", ""battery_status"": 95}",2026-09-28 08:24:45 UTC,1,cff4e554833940b814ae6496a510c13dda5feb565887f7f14a910398756fbbd3,SYNCED,0,
1061,SENSOR_LOG,"{""sensor_id"": ""SNS-MH-1018"", ""batch_id"": ""BTC-SEA-5004"", ""shipment_id"": ""SHP-2026-104"", ""timestamp"": ""2026-09-28 06:24:43 UTC"", ""temperature"": -19.46, ""humidity"": 93.2, ""location"": ""GPS: 45.1800 N, -120.0800 W"", ""battery_status"": 95}",2026-09-28 08:24:45 UTC,1,3fa5049def342898e1eba7893193db0a2057d4b765c25e247bcb687ea5e6f71f,SYNCED,0,
1062,SENSOR_LOG,"{""sensor_id"": ""SNS-MH-1018"", ""batch_id"": ""BTC-SEA-5004"", ""shipment_id"": ""SHP-2026-104"", ""timestamp"": ""2026-09-28 06:39:43 UTC"", ""temperature"": -21.42, ""humidity"": 90.5, ""location"": ""GPS: 45.1800 N, -120.0900 W"", ""battery_status"": 95}",2026-09-28 08:24:45 UTC,1,73b3d5ab724c2f74bd9002c456f3c4399dc8f94bb646dd5a02eafe80d79a8c7f,SYNCED,0,
1063,SENSOR_LOG,"{""sensor_id"": ""SNS-MH-1018"", ""batch_id"": ""BTC-SEA-5004"", ""shipment_id"": ""SHP-2026-104"", ""timestamp"": ""2026-09-28 06:54:43 UTC"", ""temperature"": -19.62, ""humidity"": 86.7, ""location"": ""GPS: 45.1800 N, -120.1000 W"", ""battery_status"": 95}",2026-09-28 08:24:45 UTC,1,d61dc068c1127573b8c8554add50d322c958036cbdd873f86ba3c4d62d604c89,SYNCED,0,
1064,SENSOR_LOG,"{""sensor_id"": ""SNS-MH-1018"", ""batch_id"": ""BTC-SEA-5004"", ""shipment_id"": ""SHP-2026-104"", ""timestamp"": ""2026-09-28 07:09:43 UTC"", ""temperature"": -20.4, ""humidity"": 91.0, ""location"": ""GPS: 45.1800 N, -120.1100 W"", ""battery_status"": 95}",2026-09-28 08:24:45 UTC,1,3800ff81088475a84d3167a2b461e18bb98415aef8b9f1db77e5441963c36bec,SYNCED,0,
1065,SENSOR_LOG,"{""sensor_id"": ""SNS-MH-1018"", ""batch_id"": ""BTC-SEA-5004"", ""shipment_id"": ""SHP-2026-104"", ""timestamp"": ""2026-09-28 07:24:43 UTC"", ""temperature"": -18.33, ""humidity"": 87.8, ""location"": ""GPS: 45.1800 N, -120.1200 W"", ""battery_status"": 95}",2026-09-28 08:24:45 UTC,1,34263fad03a4c36a161f9fa30b85fa2a64042092369ec7eecca065600ddb3249,SYNCED,0,
1066,SENSOR_LOG,"{""sensor_id"": ""SNS-MH-1018"", ""batch_id"": ""BTC-SEA-5004"", ""shipment_id"": ""SHP-2026-104"", ""timestamp"": ""2026-09-28 07:39:43 UTC"", ""temperature"": -20.23, ""humidity"": 87.8, ""location"": ""GPS: 45.1800 N, -120.1300 W"", ""battery_status"": 95}",2026-09-28 08:24:45 UTC,1,0228de6de2cfe244bad8b9b1d7fd3b0ab27ff6e4b87afcba88d74f9ef641aaeb,SYNCED,0,
1067,SENSOR_LOG,"{""sensor_id"": ""SNS-MH-1018"", ""batch_id"": ""BTC-SEA-5004"", ""shipment_id"": ""SHP-2026-104"", ""timestamp"": ""2026-09-28 07:54:43 UTC"", ""temperature"": -21.17, ""humidity"": 94.6, ""location"": ""GPS: 45.1800 N, -120.1400 W"", ""battery_status"": 95}",2026-09-28 08:24:45 UTC,1,014e418c295ef68ff194dadc5b547bef0a70f687f709b4b5b778ba71baf1f352,SYNCED,0,
1068,SENSOR_LOG,"{""sensor_id"": ""SNS-MH-1018"", ""batch_id"": ""BTC-SEA-5004"", ""shipment_id"": ""SHP-2026-104"", ""timestamp"": ""2026-09-28 08:09:43 UTC"", ""temperature"": -18.65, ""humidity"": 85.7, ""location"": ""GPS: 45.1800 N, -120.1500 W"", ""battery_status"": 95}",2026-09-28 08:24:45 UTC,1,23bf9c450b72b59b9dbe55abd759ca3626ec410e8aef79a883e62a4d1af2cf87,SYNCED,0,
1069,SENSOR_LOG,"{""sensor_id"": ""SNS-MH-1019"", ""batch_id"": ""BTC-SEA-5005"", ""shipment_id"": ""SHP-2026-105"", ""timestamp"": ""2026-09-28 04:24:43 UTC"", ""temperature"": -18.77, ""humidity"": 87.9, ""location"": ""GPS: 45.1900 N, -120.0000 W"", ""battery_status"": 95}",2026-09-28 08:24:45 UTC,1,cd3536553f5abb70ffccd210a370c735d070fe084c349957254fd3bad7fd9603,SYNCED,0,
1070,SENSOR_LOG,"{""sensor_id"": ""SNS-MH-1019"", ""batch_id"": ""BTC-SEA-5005"", ""shipment_id"": ""SHP-2026-105"", ""timestamp"": ""2026-09-28 04:39:43 UTC"", ""temperature"": -20.5, ""humidity"": 89.3, ""location"": ""GPS: 45.1900 N, -120.0100 W"", ""battery_status"": 95}",2026-09-28 08:24:45 UTC,1,3f0af6c24c511adb84aa388b00cd41bf8fce350e15691b60dd6a59a122325176,SYNCED,0,
1071,SENSOR_LOG,"{""sensor_id"": ""SNS-MH-1019"", ""batch_id"": ""BTC-SEA-5005"", ""shipment_id"": ""SHP-2026-105"", ""timestamp"": ""2026-09-28 04:54:43 UTC"", ""temperature"": -18.33, ""humidity"": 90.9, ""location"": ""GPS: 45.1900 N, -120.0200 W"", ""battery_status"": 95}",2026-09-28 08:24:45 UTC,1,98897a98000f20f78aff2787a3ac2030411bd4b21cbb016969f8e9391e2a6574,SYNCED,0,
1072,SENSOR_LOG,"{""sensor_id"": ""SNS-MH-1019"", ""batch_id"": ""BTC-SEA-5005"", ""shipment_id"": ""SHP-2026-105"", ""timestamp"": ""2026-09-28 05:09:43 UTC"", ""temperature"": -20.85, ""humidity"": 93.5, ""location"": ""GPS: 45.1900 N, -120.0300 W"", ""battery_status"": 95}",2026-09-28 08:24:45 UTC,1,3678c21b9203d80e41e189475d666821571f871b5a814d244cbbbee646b1679c,SYNCED,0,
1073,SENSOR_LOG,"{""sensor_id"": ""SNS-MH-1019"", ""batch_id"": ""BTC-SEA-5005"", ""shipment_id"": ""SHP-2026-105"", ""timestamp"": ""2026-09-28 05:24:43 UTC"", ""temperature"": -20.29, ""humidity"": 89.5, ""location"": ""GPS: 45.1900 N, -120.0400 W"", ""battery_status"": 95}",2026-09-28 08:24:45 UTC,1,400d3ebd5c5e77d3953ec73a99223ae1798174b271b89713851601dc0c76fd30,SYNCED,0,
1074,SENSOR_LOG,"{""sensor_id"": ""SNS-MH-1019"", ""batch_id"": ""BTC-SEA-5005"", ""shipment_id"": ""SHP-2026-105"", ""timestamp"": ""2026-09-28 05:39:43 UTC"", ""temperature"": -18.87, ""humidity"": 92.3, ""location"": ""GPS: 45.1900 N, -120.0500 W"", ""battery_status"": 95}",2026-09-28 08:24:45 UTC,1,afa7f218db2dba876ce9a0e74328f67d11b4889183f1d8fa8ac35412d8860b96,SYNCED,0,
1075,SENSOR_LOG,"{""sensor_id"": ""SNS-MH-1019"", ""batch_id"": ""BTC-SEA-5005"", ""shipment_id"": ""SHP-2026-105"", ""timestamp"": ""2026-09-28 05:54:43 UTC"", ""temperature"": -18.75, ""humidity"": 87.3, ""location"": ""GPS: 45.1900 N, -120.0600 W"", ""battery_status"": 95}",2026-09-28 08:24:45 UTC,1,03793b8a6a8430785721d42163945c234a5b070d2bf0fb1928015584c3c2de7f,SYNCED,0,
1076,SENSOR_LOG,"{""sensor_id"": ""SNS-MH-1019"", ""batch_id"": ""BTC-SEA-5005"", ""shipment_id"": ""SHP-2026-105"", ""timestamp"": ""2026-09-28 06:09:43 UTC"", ""temperature"": -18.0, ""humidity"": 91.9, ""location"": ""GPS: 45.1900 N, -120.0700 W"", ""battery_status"": 95}",2026-09-28 08:24:45 UTC,1,3fb75359528939d83952a7c0a3d436ab9901171d48fa42f7f391104ca94ebf3e,SYNCED,0,
1077,SENSOR_LOG,"{""sensor_id"": ""SNS-MH-1019"", ""batch_id"": ""BTC-SEA-5005"", ""shipment_id"": ""SHP-2026-105"", ""timestamp"": ""2026-09-28 06:24:43 UTC"", ""temperature"": -20.67, ""humidity"": 92.2, ""location"": ""GPS: 45.1900 N, -120.0800 W"", ""battery_status"": 95}",2026-09-28 08:24:45 UTC,1,8e58c851c755396404b34101164495cf0d5054250aba2cfa77d85f80c42dcd5d,SYNCED,0,
1078,SENSOR_LOG,"{""sensor_id"": ""SNS-MH-1019"", ""batch_id"": ""BTC-SEA-5005"", ""shipment_id"": ""SHP-2026-105"", ""timestamp"": ""2026-09-28 06:39:43 UTC"", ""temperature"": -18.8, ""humidity"": 86.5, ""location"": ""GPS: 45.1900 N, -120.0900 W"", ""battery_status"": 95}",2026-09-28 08:24:45 UTC,1,81089b2e94165e84f5e258727d019256f1913214946114a24b90face07fcbd86,SYNCED,0,
1079,SENSOR_LOG,"{""sensor_id"": ""SNS-MH-1019"", ""batch_id"": ""BTC-SEA-5005"", ""shipment_id"": ""SHP-2026-105"", ""timestamp"": ""2026-09-28 06:54:43 UTC"", ""temperature"": -21.55, ""humidity"": 86.4, ""location"": ""GPS: 45.1900 N, -120.1000 W"", ""battery_status"": 95}",2026-09-28 08:24:45 UTC,1,17f999b01eb77cdbd42cbe611def329a13114483f8228074f2710d71d6158db5,SYNCED,0,
1080,SENSOR_LOG,"{""sensor_id"": ""SNS-MH-1019"", ""batch_id"": ""BTC-SEA-5005"", ""shipment_id"": ""SHP-2026-105"", ""timestamp"": ""2026-09-28 07:09:43 UTC"", ""temperature"": -21.7, ""humidity"": 88.4, ""location"": ""GPS: 45.1900 N, -120.1100 W"", ""battery_status"": 95}",2026-09-28 08:24:45 UTC,1,cf9b21f5c66ebca156b36304c2ae85aa72656fd938f4b07b2362524d0d3870b6,SYNCED,0,
1081,SENSOR_LOG,"{""sensor_id"": ""SNS-MH-1019"", ""batch_id"": ""BTC-SEA-5005"", ""shipment_id"": ""SHP-2026-105"", ""timestamp"": ""2026-09-28 07:24:43 UTC"", ""temperature"": -21.87, ""humidity"": 94.0, ""location"": ""GPS: 45.1900 N, -120.1200 W"", ""battery_status"": 95}",2026-09-28 08:24:45 UTC,1,66325373e40234a04c7ccb7f7b4a0bbe82debbe1c4442dd5db3c4a1424488d4c,SYNCED,0,
1082,SENSOR_LOG,"{""sensor_id"": ""SNS-MH-1019"", ""batch_id"": ""BTC-SEA-5005"", ""shipment_id"": ""SHP-2026-105"", ""timestamp"": ""2026-09-28 07:39:43 UTC"", ""temperature"": -20.14, ""humidity"": 85.2, ""location"": ""GPS: 45.1900 N, -120.1300 W"", ""battery_status"": 95}",2026-09-28 08:24:45 UTC,1,d23e4b0cc1ef11f3a357d32e60e99ef2f4e4ff93b6f5c031fd7375cde5b1a7c6,SYNCED,0,
1083,SENSOR_LOG,"{""sensor_id"": ""SNS-MH-1019"", ""batch_id"": ""BTC-SEA-5005"", ""shipment_id"": ""SHP-2026-105"", ""timestamp"": ""2026-09-28 07:54:43 UTC"", ""temperature"": -19.7, ""humidity"": 89.5, ""location"": ""GPS: 45.1900 N, -120.1400 W"", ""battery_status"": 95}",2026-09-28 08:24:45 UTC,1,365bcaaae86874f3d53a5fa6676c54ba04d42d92e44ce3186c3909f439987834,SYNCED,0,
1084,SENSOR_LOG,"{""sensor_id"": ""SNS-MH-1019"", ""batch_id"": ""BTC-SEA-5005"", ""shipment_id"": ""SHP-2026-105"", ""timestamp"": ""2026-09-28 08:09:43 UTC"", ""temperature"": -18.64, ""humidity"": 85.9, ""location"": ""GPS: 45.1900 N, -120.1500 W"", ""battery_status"": 95}",2026-09-28 08:24:45 UTC,1,447b01144a338e4ddf887d5b715287b957339295b9728f6d96f0f126f27145cd,SYNCED,0,
1085,SENSOR_LOG,"{""sensor_id"": ""SNS-MH-1020"", ""batch_id"": ""BTC-SEA-5001"", ""shipment_id"": ""SHP-2026-101"", ""timestamp"": ""2026-09-28 04:24:43 UTC"", ""temperature"": -19.87, ""humidity"": 94.2, ""location"": ""GPS: 45.2000 N, -120.0000 W"", ""battery_status"": 95}",2026-09-28 08:24:45 UTC,1,fbb331ff6e3567cb0a2143b624f7676798710cc01732ae5dca05d11ae7fc167a,SYNCED,0,
1086,SENSOR_LOG,"{""sensor_id"": ""SNS-MH-1020"", ""batch_id"": ""BTC-SEA-5001"", ""shipment_id"": ""SHP-2026-101"", ""timestamp"": ""2026-09-28 04:39:43 UTC"", ""temperature"": -19.11, ""humidity"": 91.9, ""location"": ""GPS: 45.2000 N, -120.0100 W"", ""battery_status"": 95}",2026-09-28 08:24:45 UTC,1,109407676aa7cda2876ec9768533dd6c4c693e3f6fd936d04d5d3c2381c3751b,SYNCED,0,
1087,SENSOR_LOG,"{""sensor_id"": ""SNS-MH-1020"", ""batch_id"": ""BTC-SEA-5001"", ""shipment_id"": ""SHP-2026-101"", ""timestamp"": ""2026-09-28 04:54:43 UTC"", ""temperature"": -19.32, ""humidity"": 94.8, ""location"": ""GPS: 45.2000 N, -120.0200 W"", ""battery_status"": 95}",2026-09-28 08:24:45 UTC,1,6c025caf4abbb4417fc5db6c0b8d1b07583f2189d55575839c7120108b157b7d,SYNCED,0,
1088,SENSOR_LOG,"{""sensor_id"": ""SNS-MH-1020"", ""batch_id"": ""BTC-SEA-5001"", ""shipment_id"": ""SHP-2026-101"", ""timestamp"": ""2026-09-28 05:09:43 UTC"", ""temperature"": -20.73, ""humidity"": 90.0, ""location"": ""GPS: 45.2000 N, -120.0300 W"", ""battery_status"": 95}",2026-09-28 08:24:45 UTC,1,d76e0257d7e6ccbc44fc94eac805071376f21207c6a4b7e46b65409b2e558fe0,SYNCED,0,
1089,SENSOR_LOG,"{""sensor_id"": ""SNS-MH-1020"", ""batch_id"": ""BTC-SEA-5001"", ""shipment_id"": ""SHP-2026-101"", ""timestamp"": ""2026-09-28 05:24:43 UTC"", ""temperature"": -19.77, ""humidity"": 85.1, ""location"": ""GPS: 45.2000 N, -120.0400 W"", ""battery_status"": 95}",2026-09-28 08:24:45 UTC,1,5ff14a4f7c75545f1bf15bafc55c99db59bc69f26a0e5f1200d09672cc887b16,SYNCED,0,
1090,SENSOR_LOG,"{""sensor_id"": ""SNS-MH-1020"", ""batch_id"": ""BTC-SEA-5001"", ""shipment_id"": ""SHP-2026-101"", ""timestamp"": ""2026-09-28 05:39:43 UTC"", ""temperature"": -19.68, ""humidity"": 93.4, ""location"": ""GPS: 45.2000 N, -120.0500 W"", ""battery_status"": 95}",2026-09-28 08:24:45 UTC,1,c8fc2d62a752b7ac7b7573880d69d1509370cf2a9de8a2f7ada33c5faad6a2f6,SYNCED,0,
1091,SENSOR_LOG,"{""sensor_id"": ""SNS-MH-1020"", ""batch_id"": ""BTC-SEA-5001"", ""shipment_id"": ""SHP-2026-101"", ""timestamp"": ""2026-09-28 05:54:43 UTC"", ""temperature"": -19.14, ""humidity"": 93.2, ""location"": ""GPS: 45.2000 N, -120.0600 W"", ""battery_status"": 95}",2026-09-28 08:24:45 UTC,1,1e09d8e82e8c149eb76c5237ddc8fb27d0ebbf1a985c35cb0ea29b07fda38824,SYNCED,0,
1092,SENSOR_LOG,"{""sensor_id"": ""SNS-MH-1020"", ""batch_id"": ""BTC-SEA-5001"", ""shipment_id"": ""SHP-2026-101"", ""timestamp"": ""2026-09-28 06:09:43 UTC"", ""temperature"": -20.87, ""humidity"": 93.2, ""location"": ""GPS: 45.2000 N, -120.0700 W"", ""battery_status"": 95}",2026-09-28 08:24:45 UTC,1,bfb4311984c913e7ba6a55d98f83143417f2c4ddf92747a093520f38c3b06e94,SYNCED,0,
1093,SENSOR_LOG,"{""sensor_id"": ""SNS-MH-1020"", ""batch_id"": ""BTC-SEA-5001"", ""shipment_id"": ""SHP-2026-101"", ""timestamp"": ""2026-09-28 06:24:43 UTC"", ""temperature"": -21.39, ""humidity"": 90.4, ""location"": ""GPS: 45.2000 N, -120.0800 W"", ""battery_status"": 95}",2026-09-28 08:24:45 UTC,1,1c747b7b0e59deae61abf42136c3a67f2c770f8109feb19ff64db138686e682a,SYNCED,0,
1094,SENSOR_LOG,"{""sensor_id"": ""SNS-MH-1020"", ""batch_id"": ""BTC-SEA-5001"", ""shipment_id"": ""SHP-2026-101"", ""timestamp"": ""2026-09-28 06:39:43 UTC"", ""temperature"": -20.25, ""humidity"": 94.9, ""location"": ""GPS: 45.2000 N, -120.0900 W"", ""battery_status"": 95}",2026-09-28 08:24:45 UTC,1,b4567442f8337784ef2829dd9f174363cd043ebef4c0496cfcedbd55bb71384b,SYNCED,0,
1095,SENSOR_LOG,"{""sensor_id"": ""SNS-MH-1020"", ""batch_id"": ""BTC-SEA-5001"", ""shipment_id"": ""SHP-2026-101"", ""timestamp"": ""2026-09-28 06:54:43 UTC"", ""temperature"": -21.56, ""humidity"": 89.0, ""location"": ""GPS: 45.2000 N, -120.1000 W"", ""battery_status"": 95}",2026-09-28 08:24:45 UTC,1,1073af7602ff746b63679eace0286e342932a642e0be7aa61985acf224640fc7,SYNCED,0,
1096,SENSOR_LOG,"{""sensor_id"": ""SNS-MH-1020"", ""batch_id"": ""BTC-SEA-5001"", ""shipment_id"": ""SHP-2026-101"", ""timestamp"": ""2026-09-28 07:09:43 UTC"", ""temperature"": -19.79, ""humidity"": 91.2, ""location"": ""GPS: 45.2000 N, -120.1100 W"", ""battery_status"": 95}",2026-09-28 08:24:45 UTC,1,0c0024dd282a430721f5bc4eebc87a86f9250f5548f44371b5326cc4d31b5e02,SYNCED,0,
1097,SENSOR_LOG,"{""sensor_id"": ""SNS-MH-1020"", ""batch_id"": ""BTC-SEA-5001"", ""shipment_id"": ""SHP-2026-101"", ""timestamp"": ""2026-09-28 07:24:43 UTC"", ""temperature"": -18.94, ""humidity"": 94.7, ""location"": ""GPS: 45.2000 N, -120.1200 W"", ""battery_status"": 95}",2026-09-28 08:24:45 UTC,1,23c72aed514f7ca672e2df7a710cffede1fac7fbbd32dbc8e3f266b910c7ff30,SYNCED,0,
1098,SENSOR_LOG,"{""sensor_id"": ""SNS-MH-1020"", ""batch_id"": ""BTC-SEA-5001"", ""shipment_id"": ""SHP-2026-101"", ""timestamp"": ""2026-09-28 07:39:43 UTC"", ""temperature"": -19.7, ""humidity"": 87.1, ""location"": ""GPS: 45.2000 N, -120.1300 W"", ""battery_status"": 95}",2026-09-28 08:24:45 UTC,1,a88392fd95459e201041d5f8746c7775b19fa844ffd5904b761b93d5715c77c2,SYNCED,0,
1099,SENSOR_LOG,"{""sensor_id"": ""SNS-MH-1020"", ""batch_id"": ""BTC-SEA-5001"", ""shipment_id"": ""SHP-2026-101"", ""timestamp"": ""2026-09-28 07:54:43 UTC"", ""temperature"": -18.73, ""humidity"": 85.2, ""location"": ""GPS: 45.2000 N, -120.1400 W"", ""battery_status"": 95}",2026-09-28 08:24:45 UTC,1,bb22d6649f47fc5d9ccea89b18b06e8e7d4a4156f3a94e32369583b049d27834,SYNCED,0,
1100,SENSOR_LOG,"{""sensor_id"": ""SNS-MH-1020"", ""batch_id"": ""BTC-SEA-5001"", ""shipment_id"": ""SHP-2026-101"", ""timestamp"": ""2026-09-28 08:09:43 UTC"", ""temperature"": -19.99, ""humidity"": 93.7, ""location"": ""GPS: 45.2000 N, -120.1500 W"", ""battery_status"": 95}",2026-09-28 08:24:45 UTC,1,089720f006df3116e6b17c9e4b8b7942d24909d0bed3979dd7fef423c8df93a0,SYNCED,0,
1101,SENSOR_LOG,"{""sensor_id"": ""SNS-MH-1021"", ""batch_id"": ""BTC-SEA-5002"", ""shipment_id"": ""SHP-2026-102"", ""timestamp"": ""2026-09-28 04:24:43 UTC"", ""temperature"": -18.48, ""humidity"": 89.7, ""location"": ""GPS: 45.2100 N, -120.0000 W"", ""battery_status"": 95}",2026-09-28 08:24:45 UTC,1,aa214916499d6cdc8719bf6af0a7aac4ceed9a2024519ed66d1f7af4cf988010,SYNCED,0,
1102,SENSOR_LOG,"{""sensor_id"": ""SNS-MH-1021"", ""batch_id"": ""BTC-SEA-5002"", ""shipment_id"": ""SHP-2026-102"", ""timestamp"": ""2026-09-28 04:39:43 UTC"", ""temperature"": -19.93, ""humidity"": 94.2, ""location"": ""GPS: 45.2100 N, -120.0100 W"", ""battery_status"": 95}",2026-09-28 08:24:45 UTC,1,c421d0c25ba76e301a6f900e1998deb5484b392ab6beb2527ee6fc5cf9f7affb,SYNCED,0,
1103,SENSOR_LOG,"{""sensor_id"": ""SNS-MH-1021"", ""batch_id"": ""BTC-SEA-5002"", ""shipment_id"": ""SHP-2026-102"", ""timestamp"": ""2026-09-28 04:54:43 UTC"", ""temperature"": -20.41, ""humidity"": 94.9, ""location"": ""GPS: 45.2100 N, -120.0200 W"", ""battery_status"": 95}",2026-09-28 08:24:45 UTC,1,6edde6e5838e22952253532866d6e47b0670679127085791a94e1b1d00825bdd,SYNCED,0,
1104,SENSOR_LOG,"{""sensor_id"": ""SNS-MH-1021"", ""batch_id"": ""BTC-SEA-5002"", ""shipment_id"": ""SHP-2026-102"", ""timestamp"": ""2026-09-28 05:09:43 UTC"", ""temperature"": -21.06, ""humidity"": 87.9, ""location"": ""GPS: 45.2100 N, -120.0300 W"", ""battery_status"": 95}",2026-09-28 08:24:45 UTC,1,bac097d30a2ca14309bc60a738b8b47abb059a0086e64a84d7c400257c950811,SYNCED,0,
1105,SENSOR_LOG,"{""sensor_id"": ""SNS-MH-1021"", ""batch_id"": ""BTC-SEA-5002"", ""shipment_id"": ""SHP-2026-102"", ""timestamp"": ""2026-09-28 05:24:43 UTC"", ""temperature"": -19.15, ""humidity"": 92.6, ""location"": ""GPS: 45.2100 N, -120.0400 W"", ""battery_status"": 95}",2026-09-28 08:24:45 UTC,1,80fe714fa56fbcfe65968199fd0a946ddda99f29414c585b491be25b5ee4fee6,SYNCED,0,
1106,SENSOR_LOG,"{""sensor_id"": ""SNS-MH-1021"", ""batch_id"": ""BTC-SEA-5002"", ""shipment_id"": ""SHP-2026-102"", ""timestamp"": ""2026-09-28 05:39:43 UTC"", ""temperature"": -19.01, ""humidity"": 93.5, ""location"": ""GPS: 45.2100 N, -120.0500 W"", ""battery_status"": 95}",2026-09-28 08:24:45 UTC,1,cbd607d2423548073aa956c354cd4416debeea70118d52f185fecedde7797027,SYNCED,0,
1107,SENSOR_LOG,"{""sensor_id"": ""SNS-MH-1021"", ""batch_id"": ""BTC-SEA-5002"", ""shipment_id"": ""SHP-2026-102"", ""timestamp"": ""2026-09-28 05:54:43 UTC"", ""temperature"": -20.77, ""humidity"": 85.9, ""location"": ""GPS: 45.2100 N, -120.0600 W"", ""battery_status"": 95}",2026-09-28 08:24:45 UTC,1,c87989dc53ed61b25fcaba4bf54e7221f4997af3904457ab3793e3f9df299ca5,SYNCED,0,
1108,SENSOR_LOG,"{""sensor_id"": ""SNS-MH-1021"", ""batch_id"": ""BTC-SEA-5002"", ""shipment_id"": ""SHP-2026-102"", ""timestamp"": ""2026-09-28 06:09:43 UTC"", ""temperature"": -19.68, ""humidity"": 86.6, ""location"": ""GPS: 45.2100 N, -120.0700 W"", ""battery_status"": 95}",2026-09-28 08:24:45 UTC,1,eb78f92106fef7491b3619e214600f74e676573c2b246eba1011da74b687817f,SYNCED,0,
1109,SENSOR_LOG,"{""sensor_id"": ""SNS-MH-1021"", ""batch_id"": ""BTC-SEA-5002"", ""shipment_id"": ""SHP-2026-102"", ""timestamp"": ""2026-09-28 06:24:43 UTC"", ""temperature"": -20.68, ""humidity"": 88.7, ""location"": ""GPS: 45.2100 N, -120.0800 W"", ""battery_status"": 95}",2026-09-28 08:24:45 UTC,1,92007c05f35c069b6d720cfec04913dd3d79b0d793eae711cbadb65236ee700c,SYNCED,0,
1110,SENSOR_LOG,"{""sensor_id"": ""SNS-MH-1021"", ""batch_id"": ""BTC-SEA-5002"", ""shipment_id"": ""SHP-2026-102"", ""timestamp"": ""2026-09-28 06:39:43 UTC"", ""temperature"": -21.57, ""humidity"": 87.4, ""location"": ""GPS: 45.2100 N, -120.0900 W"", ""battery_status"": 95}",2026-09-28 08:24:45 UTC,1,24c712651d58840c2125b8fefb85b8c092ace7e115805939018bea7c32589bb5,SYNCED,0,
1111,SENSOR_LOG,"{""sensor_id"": ""SNS-MH-1021"", ""batch_id"": ""BTC-SEA-5002"", ""shipment_id"": ""SHP-2026-102"", ""timestamp"": ""2026-09-28 06:54:43 UTC"", ""temperature"": -21.04, ""humidity"": 87.7, ""location"": ""GPS: 45.2100 N, -120.1000 W"", ""battery_status"": 95}",2026-09-28 08:24:45 UTC,1,bd898df0d39f25f80551f0c13649b1926d33f15d791fb059fe3e6508a9ad278b,SYNCED,0,
1112,SENSOR_LOG,"{""sensor_id"": ""SNS-MH-1021"", ""batch_id"": ""BTC-SEA-5002"", ""shipment_id"": ""SHP-2026-102"", ""timestamp"": ""2026-09-28 07:09:43 UTC"", ""temperature"": -18.92, ""humidity"": 94.1, ""location"": ""GPS: 45.2100 N, -120.1100 W"", ""battery_status"": 95}",2026-09-28 08:24:45 UTC,1,aea075698dd9ec5d7e009d88c9c0db2ed3505ecbc82fbcc9bc898ee542044a2b,SYNCED,0,
1113,SENSOR_LOG,"{""sensor_id"": ""SNS-MH-1021"", ""batch_id"": ""BTC-SEA-5002"", ""shipment_id"": ""SHP-2026-102"", ""timestamp"": ""2026-09-28 07:24:43 UTC"", ""temperature"": -18.26, ""humidity"": 93.0, ""location"": ""GPS: 45.2100 N, -120.1200 W"", ""battery_status"": 95}",2026-09-28 08:24:45 UTC,1,2cf156a3d06d7ba01afb543300e80f9174ea50d2ce1dd0661a9a529efc183674,SYNCED,0,
1114,SENSOR_LOG,"{""sensor_id"": ""SNS-MH-1021"", ""batch_id"": ""BTC-SEA-5002"", ""shipment_id"": ""SHP-2026-102"", ""timestamp"": ""2026-09-28 07:39:43 UTC"", ""temperature"": -21.22, ""humidity"": 92.6, ""location"": ""GPS: 45.2100 N, -120.1300 W"", ""battery_status"": 95}",2026-09-28 08:24:45 UTC,1,0d57d22a3dba6bc1fc4c740e43a2163af587aff2cf5383b36301d9a95e728c2a,SYNCED,0,
1115,SENSOR_LOG,"{""sensor_id"": ""SNS-MH-1021"", ""batch_id"": ""BTC-SEA-5002"", ""shipment_id"": ""SHP-2026-102"", ""timestamp"": ""2026-09-28 07:54:43 UTC"", ""temperature"": -21.77, ""humidity"": 93.5, ""location"": ""GPS: 45.2100 N, -120.1400 W"", ""battery_status"": 95}",2026-09-28 08:24:45 UTC,1,3fc0e877edd768d7e16058a382064c8b14630df23a096378c84ed0121054b369,SYNCED,0,
1116,SENSOR_LOG,"{""sensor_id"": ""SNS-MH-1021"", ""batch_id"": ""BTC-SEA-5002"", ""shipment_id"": ""SHP-2026-102"", ""timestamp"": ""2026-09-28 08:09:43 UTC"", ""temperature"": -20.55, ""humidity"": 86.1, ""location"": ""GPS: 45.2100 N, -120.1500 W"", ""battery_status"": 95}",2026-09-28 08:24:45 UTC,1,ec61881fea1811ba7e4b8a4385aa898a7c070b1ddef63adcee1008e861f7b0ff,SYNCED,0,
1117,SENSOR_LOG,"{""sensor_id"": ""SNS-MH-1022"", ""batch_id"": ""BTC-SEA-5003"", ""shipment_id"": ""SHP-2026-103"", ""timestamp"": ""2026-09-28 04:24:43 UTC"", ""temperature"": -19.69, ""humidity"": 89.1, ""location"": ""GPS: 45.2200 N, -120.0000 W"", ""battery_status"": 95}",2026-09-28 08:24:45 UTC,1,b0df9f9754d4016e2d96d7741e5c0cf6ebd225dc70059220ccc892e9d330db48,SYNCED,0,
1118,SENSOR_LOG,"{""sensor_id"": ""SNS-MH-1022"", ""batch_id"": ""BTC-SEA-5003"", ""shipment_id"": ""SHP-2026-103"", ""timestamp"": ""2026-09-28 04:39:43 UTC"", ""temperature"": -18.51, ""humidity"": 85.1, ""location"": ""GPS: 45.2200 N, -120.0100 W"", ""battery_status"": 95}",2026-09-28 08:24:45 UTC,1,1c6a8bce5fa8a606477727cce49786c1b71450ce89017b273fe4dee8a921c9da,SYNCED,0,
1119,SENSOR_LOG,"{""sensor_id"": ""SNS-MH-1022"", ""batch_id"": ""BTC-SEA-5003"", ""shipment_id"": ""SHP-2026-103"", ""timestamp"": ""2026-09-28 04:54:43 UTC"", ""temperature"": -19.97, ""humidity"": 89.1, ""location"": ""GPS: 45.2200 N, -120.0200 W"", ""battery_status"": 95}",2026-09-28 08:24:45 UTC,1,90f6ab67188afe784ad35842d086d0df87f767c2fefc5e30ee37ab0ef5fd0271,SYNCED,0,
1120,SENSOR_LOG,"{""sensor_id"": ""SNS-MH-1022"", ""batch_id"": ""BTC-SEA-5003"", ""shipment_id"": ""SHP-2026-103"", ""timestamp"": ""2026-09-28 05:09:43 UTC"", ""temperature"": -18.89, ""humidity"": 91.3, ""location"": ""GPS: 45.2200 N, -120.0300 W"", ""battery_status"": 95}",2026-09-28 08:24:45 UTC,1,7281db61fd90a2019c3941e86e4e50124be6751e25ac1df464d662710b159544,SYNCED,0,
1121,SENSOR_LOG,"{""sensor_id"": ""SNS-MH-1022"", ""batch_id"": ""BTC-SEA-5003"", ""shipment_id"": ""SHP-2026-103"", ""timestamp"": ""2026-09-28 05:24:43 UTC"", ""temperature"": -19.74, ""humidity"": 94.6, ""location"": ""GPS: 45.2200 N, -120.0400 W"", ""battery_status"": 95}",2026-09-28 08:24:45 UTC,1,694abc8107440334ea494bb4105a9ef3f471634cced57778d7a60a629c55505d,SYNCED,0,
1122,SENSOR_LOG,"{""sensor_id"": ""SNS-MH-1022"", ""batch_id"": ""BTC-SEA-5003"", ""shipment_id"": ""SHP-2026-103"", ""timestamp"": ""2026-09-28 05:39:43 UTC"", ""temperature"": -18.83, ""humidity"": 94.7, ""location"": ""GPS: 45.2200 N, -120.0500 W"", ""battery_status"": 95}",2026-09-28 08:24:45 UTC,1,03b24b5958e1a6ed0897a3d4bb83d1e09a52794fa097bcc1cf3ece3e5b7b5958,SYNCED,0,
1123,SENSOR_LOG,"{""sensor_id"": ""SNS-MH-1022"", ""batch_id"": ""BTC-SEA-5003"", ""shipment_id"": ""SHP-2026-103"", ""timestamp"": ""2026-09-28 05:54:43 UTC"", ""temperature"": -21.61, ""humidity"": 92.4, ""location"": ""GPS: 45.2200 N, -120.0600 W"", ""battery_status"": 95}",2026-09-28 08:24:45 UTC,1,46cb87436ea523a55f303f397c803a4fb9935bcb322143860ad89935bf5e1dbd,SYNCED,0,
1124,SENSOR_LOG,"{""sensor_id"": ""SNS-MH-1022"", ""batch_id"": ""BTC-SEA-5003"", ""shipment_id"": ""SHP-2026-103"", ""timestamp"": ""2026-09-28 06:09:43 UTC"", ""temperature"": -21.82, ""humidity"": 87.0, ""location"": ""GPS: 45.2200 N, -120.0700 W"", ""battery_status"": 95}",2026-09-28 08:24:45 UTC,1,ba591d2db4e70e015492d7a3a8b3d657d7d8011b99a4ba5aa7edf8b0d9267ca0,SYNCED,0,
1125,SENSOR_LOG,"{""sensor_id"": ""SNS-MH-1022"", ""batch_id"": ""BTC-SEA-5003"", ""shipment_id"": ""SHP-2026-103"", ""timestamp"": ""2026-09-28 06:24:43 UTC"", ""temperature"": -21.52, ""humidity"": 94.4, ""location"": ""GPS: 45.2200 N, -120.0800 W"", ""battery_status"": 95}",2026-09-28 08:24:45 UTC,1,9a6337d9c321c55a5bc3180b4e46d7c62edd12c9655c1e87d4db0ad06f732fe2,SYNCED,0,
1126,SENSOR_LOG,"{""sensor_id"": ""SNS-MH-1022"", ""batch_id"": ""BTC-SEA-5003"", ""shipment_id"": ""SHP-2026-103"", ""timestamp"": ""2026-09-28 06:39:43 UTC"", ""temperature"": -19.44, ""humidity"": 94.6, ""location"": ""GPS: 45.2200 N, -120.0900 W"", ""battery_status"": 95}",2026-09-28 08:24:45 UTC,1,ba967bf0a44a68b8296871140bb16a648954535ee5dca8432f5a5cd9c7834af4,SYNCED,0,
1127,SENSOR_LOG,"{""sensor_id"": ""SNS-MH-1022"", ""batch_id"": ""BTC-SEA-5003"", ""shipment_id"": ""SHP-2026-103"", ""timestamp"": ""2026-09-28 06:54:43 UTC"", ""temperature"": -19.86, ""humidity"": 88.7, ""location"": ""GPS: 45.2200 N, -120.1000 W"", ""battery_status"": 95}",2026-09-28 08:24:45 UTC,1,fa89672d387925383918831db8851db5d77b8c30775b8b3fa5124db4dfbca127,SYNCED,0,
1128,SENSOR_LOG,"{""sensor_id"": ""SNS-MH-1022"", ""batch_id"": ""BTC-SEA-5003"", ""shipment_id"": ""SHP-2026-103"", ""timestamp"": ""2026-09-28 07:09:43 UTC"", ""temperature"": -21.07, ""humidity"": 93.1, ""location"": ""GPS: 45.2200 N, -120.1100 W"", ""battery_status"": 95}",2026-09-28 08:24:45 UTC,1,497b99ed11c7eab51ae088eda42454846e7a58514ba386251e51c344007fad27,SYNCED,0,
1129,SENSOR_LOG,"{""sensor_id"": ""SNS-MH-1022"", ""batch_id"": ""BTC-SEA-5003"", ""shipment_id"": ""SHP-2026-103"", ""timestamp"": ""2026-09-28 07:24:43 UTC"", ""temperature"": -21.14, ""humidity"": 93.1, ""location"": ""GPS: 45.2200 N, -120.1200 W"", ""battery_status"": 95}",2026-09-28 08:24:45 UTC,1,77c4f8a569fefa4942a78042b6fcbf2384b32dbfa2182c8b20a3d0a52ddac798,SYNCED,0,
1130,SENSOR_LOG,"{""sensor_id"": ""SNS-MH-1022"", ""batch_id"": ""BTC-SEA-5003"", ""shipment_id"": ""SHP-2026-103"", ""timestamp"": ""2026-09-28 07:39:43 UTC"", ""temperature"": -20.35, ""humidity"": 90.6, ""location"": ""GPS: 45.2200 N, -120.1300 W"", ""battery_status"": 95}",2026-09-28 08:24:45 UTC,1,8dceb148ac145bf941a1e2d6c13db4d7ef3a560b3bb08f478a9c2e808ca618e6,SYNCED,0,
1131,SENSOR_LOG,"{""sensor_id"": ""SNS-MH-1022"", ""batch_id"": ""BTC-SEA-5003"", ""shipment_id"": ""SHP-2026-103"", ""timestamp"": ""2026-09-28 07:54:43 UTC"", ""temperature"": -21.58, ""humidity"": 88.2, ""location"": ""GPS: 45.2200 N, -120.1400 W"", ""battery_status"": 95}",2026-09-28 08:24:45 UTC,1,5ffee735740ae2c293a3552139dea3b6ae5c74f576847582542749e8571ff71f,SYNCED,0,
1132,SENSOR_LOG,"{""sensor_id"": ""SNS-MH-1022"", ""batch_id"": ""BTC-SEA-5003"", ""shipment_id"": ""SHP-2026-103"", ""timestamp"": ""2026-09-28 08:09:43 UTC"", ""temperature"": -20.27, ""humidity"": 92.1, ""location"": ""GPS: 45.2200 N, -120.1500 W"", ""battery_status"": 95}",2026-09-28 08:24:45 UTC,1,49b50082e8e018352b55beeba21f8f1ab243df0e5490364fd4fceb2818ca83ef,SYNCED,0,
1133,SENSOR_LOG,"{""sensor_id"": ""SNS-MH-1023"", ""batch_id"": ""BTC-SEA-5004"", ""shipment_id"": ""SHP-2026-104"", ""timestamp"": ""2026-09-28 04:24:43 UTC"", ""temperature"": -18.44, ""humidity"": 87.6, ""location"": ""GPS: 45.2300 N, -120.0000 W"", ""battery_status"": 95}",2026-09-28 08:24:45 UTC,1,aeaf9a48d5b0c98b64df1abce3b4faad31ab8377a306e9ab165da7b86c729d95,SYNCED,0,
1134,SENSOR_LOG,"{""sensor_id"": ""SNS-MH-1023"", ""batch_id"": ""BTC-SEA-5004"", ""shipment_id"": ""SHP-2026-104"", ""timestamp"": ""2026-09-28 04:39:43 UTC"", ""temperature"": -19.89, ""humidity"": 87.7, ""location"": ""GPS: 45.2300 N, -120.0100 W"", ""battery_status"": 95}",2026-09-28 08:24:45 UTC,1,afcb2e1c292db432208cc4c79cc9c8553be3dcd8803fec67a8af475926658de2,SYNCED,0,
1135,SENSOR_LOG,"{""sensor_id"": ""SNS-MH-1023"", ""batch_id"": ""BTC-SEA-5004"", ""shipment_id"": ""SHP-2026-104"", ""timestamp"": ""2026-09-28 04:54:43 UTC"", ""temperature"": -18.24, ""humidity"": 85.1, ""location"": ""GPS: 45.2300 N, -120.0200 W"", ""battery_status"": 95}",2026-09-28 08:24:45 UTC,1,a28668380b6044bc9a27ba4fc4c2f9116d831193d23d461f736360c03b777f25,SYNCED,0,
1136,SENSOR_LOG,"{""sensor_id"": ""SNS-MH-1023"", ""batch_id"": ""BTC-SEA-5004"", ""shipment_id"": ""SHP-2026-104"", ""timestamp"": ""2026-09-28 05:09:43 UTC"", ""temperature"": -20.18, ""humidity"": 86.5, ""location"": ""GPS: 45.2300 N, -120.0300 W"", ""battery_status"": 95}",2026-09-28 08:24:46 UTC,1,0f9199c91b900aec1a6f81701c5634b77e2fa5b63eca0b637978a291f8484d93,SYNCED,0,
1137,SENSOR_LOG,"{""sensor_id"": ""SNS-MH-1023"", ""batch_id"": ""BTC-SEA-5004"", ""shipment_id"": ""SHP-2026-104"", ""timestamp"": ""2026-09-28 05:24:43 UTC"", ""temperature"": -18.1, ""humidity"": 88.9, ""location"": ""GPS: 45.2300 N, -120.0400 W"", ""battery_status"": 95}",2026-09-28 08:24:46 UTC,1,d476a0bae0ba464e97452eddd91003e828ff8a7c3db38150b8d540308e078b63,SYNCED,0,
1138,SENSOR_LOG,"{""sensor_id"": ""SNS-MH-1023"", ""batch_id"": ""BTC-SEA-5004"", ""shipment_id"": ""SHP-2026-104"", ""timestamp"": ""2026-09-28 05:39:43 UTC"", ""temperature"": -18.39, ""humidity"": 86.5, ""location"": ""GPS: 45.2300 N, -120.0500 W"", ""battery_status"": 95}",2026-09-28 08:24:46 UTC,1,435bec2a7d561b7d1c73c35f9d010d8201de78395358dd956b36aeb73cac471b,SYNCED,0,
1139,SENSOR_LOG,"{""sensor_id"": ""SNS-MH-1023"", ""batch_id"": ""BTC-SEA-5004"", ""shipment_id"": ""SHP-2026-104"", ""timestamp"": ""2026-09-28 05:54:43 UTC"", ""temperature"": -20.59, ""humidity"": 89.6, ""location"": ""GPS: 45.2300 N, -120.0600 W"", ""battery_status"": 95}",2026-09-28 08:24:46 UTC,1,d9bec8661aa7dfe9b8843abf552945a486c358f26666a5ea03e4823338e58cf7,SYNCED,0,
1140,SENSOR_LOG,"{""sensor_id"": ""SNS-MH-1023"", ""batch_id"": ""BTC-SEA-5004"", ""shipment_id"": ""SHP-2026-104"", ""timestamp"": ""2026-09-28 06:09:43 UTC"", ""temperature"": -20.45, ""humidity"": 85.5, ""location"": ""GPS: 45.2300 N, -120.0700 W"", ""battery_status"": 95}",2026-09-28 08:24:46 UTC,1,2df14670da2d07742732e92b6c21883bcb827c3975cfb4934528f15c29fb4e0a,SYNCED,0,
1141,SENSOR_LOG,"{""sensor_id"": ""SNS-MH-1023"", ""batch_id"": ""BTC-SEA-5004"", ""shipment_id"": ""SHP-2026-104"", ""timestamp"": ""2026-09-28 06:24:43 UTC"", ""temperature"": -19.33, ""humidity"": 93.4, ""location"": ""GPS: 45.2300 N, -120.0800 W"", ""battery_status"": 95}",2026-09-28 08:24:46 UTC,1,814f67bc17f945bf29d134923babd68d79f0a0ae7ea4ee056924ca6916baa5d7,SYNCED,0,
1142,SENSOR_LOG,"{""sensor_id"": ""SNS-MH-1023"", ""batch_id"": ""BTC-SEA-5004"", ""shipment_id"": ""SHP-2026-104"", ""timestamp"": ""2026-09-28 06:39:43 UTC"", ""temperature"": -21.18, ""humidity"": 90.3, ""location"": ""GPS: 45.2300 N, -120.0900 W"", ""battery_status"": 95}",2026-09-28 08:24:46 UTC,1,cdfdbdc094b26f94780828b61a35829ab754459d5901e3d45fdb2b8e13b28671,SYNCED,0,
1143,SENSOR_LOG,"{""sensor_id"": ""SNS-MH-1023"", ""batch_id"": ""BTC-SEA-5004"", ""shipment_id"": ""SHP-2026-104"", ""timestamp"": ""2026-09-28 06:54:43 UTC"", ""temperature"": -19.97, ""humidity"": 89.5, ""location"": ""GPS: 45.2300 N, -120.1000 W"", ""battery_status"": 95}",2026-09-28 08:24:46 UTC,1,dee0ae3164d9882ee7ce37b3dcf61428d60ffb34bad4e612765b34f97eba942b,SYNCED,0,
1144,SENSOR_LOG,"{""sensor_id"": ""SNS-MH-1023"", ""batch_id"": ""BTC-SEA-5004"", ""shipment_id"": ""SHP-2026-104"", ""timestamp"": ""2026-09-28 07:09:43 UTC"", ""temperature"": -19.86, ""humidity"": 86.5, ""location"": ""GPS: 45.2300 N, -120.1100 W"", ""battery_status"": 95}",2026-09-28 08:24:46 UTC,1,c3df1e9e24d13fc8d9f68d16a1b36504d6ec8ba757892f58341b4127eb32dfc5,SYNCED,0,
1145,SENSOR_LOG,"{""sensor_id"": ""SNS-MH-1023"", ""batch_id"": ""BTC-SEA-5004"", ""shipment_id"": ""SHP-2026-104"", ""timestamp"": ""2026-09-28 07:24:43 UTC"", ""temperature"": -21.43, ""humidity"": 92.2, ""location"": ""GPS: 45.2300 N, -120.1200 W"", ""battery_status"": 95}",2026-09-28 08:24:46 UTC,1,517c26e1f967a93b29cfa61cf3162547497c17331c1fcaadd3036db6e4ad3496,SYNCED,0,
1146,SENSOR_LOG,"{""sensor_id"": ""SNS-MH-1023"", ""batch_id"": ""BTC-SEA-5004"", ""shipment_id"": ""SHP-2026-104"", ""timestamp"": ""2026-09-28 07:39:43 UTC"", ""temperature"": -21.02, ""humidity"": 91.3, ""location"": ""GPS: 45.2300 N, -120.1300 W"", ""battery_status"": 95}",2026-09-28 08:24:46 UTC,1,67298207fc3bc19656dec9aeb871e693cd70724c4d038831b704ecebdf2e5b2d,SYNCED,0,
1147,SENSOR_LOG,"{""sensor_id"": ""SNS-MH-1023"", ""batch_id"": ""BTC-SEA-5004"", ""shipment_id"": ""SHP-2026-104"", ""timestamp"": ""2026-09-28 07:54:43 UTC"", ""temperature"": -19.12, ""humidity"": 90.3, ""location"": ""GPS: 45.2300 N, -120.1400 W"", ""battery_status"": 95}",2026-09-28 08:24:46 UTC,1,2d0bc3941e2f7ca39d977da599615ec91153599840187550d20974c9ee1be988,SYNCED,0,
1148,SENSOR_LOG,"{""sensor_id"": ""SNS-MH-1023"", ""batch_id"": ""BTC-SEA-5004"", ""shipment_id"": ""SHP-2026-104"", ""timestamp"": ""2026-09-28 08:09:43 UTC"", ""temperature"": -18.04, ""humidity"": 92.6, ""location"": ""GPS: 45.2300 N, -120.1500 W"", ""battery_status"": 95}",2026-09-28 08:24:46 UTC,1,0356184a476435915539caae608027952c02f8ff157abbc9f16a62cc87e3d1ec,SYNCED,0,
1149,SENSOR_LOG,"{""sensor_id"": ""SNS-MH-1024"", ""batch_id"": ""BTC-SEA-5005"", ""shipment_id"": ""SHP-2026-105"", ""timestamp"": ""2026-09-28 04:24:43 UTC"", ""temperature"": -19.85, ""humidity"": 90.0, ""location"": ""GPS: 45.2400 N, -120.0000 W"", ""battery_status"": 95}",2026-09-28 08:24:46 UTC,1,b2e9d5b4b351cd7db6c34b1cd95e93bb5202cbe55f2cc1b4bb7d622bce752759,SYNCED,0,
1150,SENSOR_LOG,"{""sensor_id"": ""SNS-MH-1024"", ""batch_id"": ""BTC-SEA-5005"", ""shipment_id"": ""SHP-2026-105"", ""timestamp"": ""2026-09-28 04:39:43 UTC"", ""temperature"": -19.38, ""humidity"": 93.5, ""location"": ""GPS: 45.2400 N, -120.0100 W"", ""battery_status"": 95}",2026-09-28 08:24:46 UTC,1,85a50fc4937904cf0bbed3a8acf65b28a7fbf07640d9a00c0deb274546e186e3,SYNCED,0,
1151,SENSOR_LOG,"{""sensor_id"": ""SNS-MH-1024"", ""batch_id"": ""BTC-SEA-5005"", ""shipment_id"": ""SHP-2026-105"", ""timestamp"": ""2026-09-28 04:54:43 UTC"", ""temperature"": -21.7, ""humidity"": 85.9, ""location"": ""GPS: 45.2400 N, -120.0200 W"", ""battery_status"": 95}",2026-09-28 08:24:46 UTC,1,76bc8261568ad00c5a7e02a4949f4a150e32eb7634577b9ddd193c3aabe6debd,SYNCED,0,
1152,SENSOR_LOG,"{""sensor_id"": ""SNS-MH-1024"", ""batch_id"": ""BTC-SEA-5005"", ""shipment_id"": ""SHP-2026-105"", ""timestamp"": ""2026-09-28 05:09:43 UTC"", ""temperature"": -19.94, ""humidity"": 93.7, ""location"": ""GPS: 45.2400 N, -120.0300 W"", ""battery_status"": 95}",2026-09-28 08:24:46 UTC,1,f11e315d02c541fea643526803abcabdface8ece91d4ea55d537ba9b491a2654,SYNCED,0,
1153,SENSOR_LOG,"{""sensor_id"": ""SNS-MH-1024"", ""batch_id"": ""BTC-SEA-5005"", ""shipment_id"": ""SHP-2026-105"", ""timestamp"": ""2026-09-28 05:24:43 UTC"", ""temperature"": -19.28, ""humidity"": 85.7, ""location"": ""GPS: 45.2400 N, -120.0400 W"", ""battery_status"": 95}",2026-09-28 08:24:46 UTC,1,d195e062335ad1988b5f61181680bf60c5a331ae02255140037b5e3757a14f71,SYNCED,0,
1154,SENSOR_LOG,"{""sensor_id"": ""SNS-MH-1024"", ""batch_id"": ""BTC-SEA-5005"", ""shipment_id"": ""SHP-2026-105"", ""timestamp"": ""2026-09-28 05:39:43 UTC"", ""temperature"": -20.38, ""humidity"": 85.8, ""location"": ""GPS: 45.2400 N, -120.0500 W"", ""battery_status"": 95}",2026-09-28 08:24:46 UTC,1,8816be7525076babf5e9bebdb1bb2029ddb5ee999b7837a414083b29f88f962e,SYNCED,0,
1155,SENSOR_LOG,"{""sensor_id"": ""SNS-MH-1024"", ""batch_id"": ""BTC-SEA-5005"", ""shipment_id"": ""SHP-2026-105"", ""timestamp"": ""2026-09-28 05:54:43 UTC"", ""temperature"": -20.6, ""humidity"": 94.0, ""location"": ""GPS: 45.2400 N, -120.0600 W"", ""battery_status"": 95}",2026-09-28 08:24:46 UTC,1,7cd4750a874d4203e8d80d5e3437ffcb04c92a9cc93440817931a4e14eb0b15c,SYNCED,0,
1156,SENSOR_LOG,"{""sensor_id"": ""SNS-MH-1024"", ""batch_id"": ""BTC-SEA-5005"", ""shipment_id"": ""SHP-2026-105"", ""timestamp"": ""2026-09-28 06:09:43 UTC"", ""temperature"": -20.19, ""humidity"": 85.8, ""location"": ""GPS: 45.2400 N, -120.0700 W"", ""battery_status"": 95}",2026-09-28 08:24:46 UTC,1,3ed739be0c9c57b54bb5d30335efc64bcbdbb5c7f024992c8fd83f586a13525e,SYNCED,0,
1157,SENSOR_LOG,"{""sensor_id"": ""SNS-MH-1024"", ""batch_id"": ""BTC-SEA-5005"", ""shipment_id"": ""SHP-2026-105"", ""timestamp"": ""2026-09-28 06:24:43 UTC"", ""temperature"": -18.71, ""humidity"": 94.6, ""location"": ""GPS: 45.2400 N, -120.0800 W"", ""battery_status"": 95}",2026-09-28 08:24:46 UTC,1,410e2f759f2ecef2c19b11d64f6d51d7873ae48428a13a3514adbd5e3ad46f03,SYNCED,0,
1158,SENSOR_LOG,"{""sensor_id"": ""SNS-MH-1024"", ""batch_id"": ""BTC-SEA-5005"", ""shipment_id"": ""SHP-2026-105"", ""timestamp"": ""2026-09-28 06:39:43 UTC"", ""temperature"": -20.21, ""humidity"": 87.3, ""location"": ""GPS: 45.2400 N, -120.0900 W"", ""battery_status"": 95}",2026-09-28 08:24:46 UTC,1,89d5881e03f693ebde8167368197818cd58ea5c28ec045cbe103b44fa60d0489,SYNCED,0,
1159,SENSOR_LOG,"{""sensor_id"": ""SNS-MH-1024"", ""batch_id"": ""BTC-SEA-5005"", ""shipment_id"": ""SHP-2026-105"", ""timestamp"": ""2026-09-28 06:54:43 UTC"", ""temperature"": -21.67, ""humidity"": 92.5, ""location"": ""GPS: 45.2400 N, -120.1000 W"", ""battery_status"": 95}",2026-09-28 08:24:46 UTC,1,57718e27785479c0e148cf0345302ab317bbf6d2fe93b71b3b92722a0f15c88a,SYNCED,0,
1160,SENSOR_LOG,"{""sensor_id"": ""SNS-MH-1024"", ""batch_id"": ""BTC-SEA-5005"", ""shipment_id"": ""SHP-2026-105"", ""timestamp"": ""2026-09-28 07:09:43 UTC"", ""temperature"": -20.72, ""humidity"": 85.8, ""location"": ""GPS: 45.2400 N, -120.1100 W"", ""battery_status"": 95}",2026-09-28 08:24:46 UTC,1,91c94179f9fc531c73fdd0db06f64e5e70d38f379695aa241c26b2ec0321bdaa,SYNCED,0,
1161,SENSOR_LOG,"{""sensor_id"": ""SNS-MH-1024"", ""batch_id"": ""BTC-SEA-5005"", ""shipment_id"": ""SHP-2026-105"", ""timestamp"": ""2026-09-28 07:24:43 UTC"", ""temperature"": -20.89, ""humidity"": 91.2, ""location"": ""GPS: 45.2400 N, -120.1200 W"", ""battery_status"": 95}",2026-09-28 08:24:46 UTC,1,5c716c49c59239224844881a4bcc3ad4d6790a515236e2e470c9e14a2972760d,SYNCED,0,
1162,SENSOR_LOG,"{""sensor_id"": ""SNS-MH-1024"", ""batch_id"": ""BTC-SEA-5005"", ""shipment_id"": ""SHP-2026-105"", ""timestamp"": ""2026-09-28 07:39:43 UTC"", ""temperature"": -18.05, ""humidity"": 92.7, ""location"": ""GPS: 45.2400 N, -120.1300 W"", ""battery_status"": 95}",2026-09-28 08:24:46 UTC,1,247aa62ad7bed3f42fe535243cc5e1cf1ca963ca740d15edeaaceeac98fbbbe6,SYNCED,0,
1163,SENSOR_LOG,"{""sensor_id"": ""SNS-MH-1024"", ""batch_id"": ""BTC-SEA-5005"", ""shipment_id"": ""SHP-2026-105"", ""timestamp"": ""2026-09-28 07:54:43 UTC"", ""temperature"": -21.62, ""humidity"": 86.0, ""location"": ""GPS: 45.2400 N, -120.1400 W"", ""battery_status"": 95}",2026-09-28 08:24:46 UTC,1,19c5814d10b50cd27b68978a7553c1ce6ada97b3f70f27b7523680c881005754,SYNCED,0,
1164,SENSOR_LOG,"{""sensor_id"": ""SNS-MH-1024"", ""batch_id"": ""BTC-SEA-5005"", ""shipment_id"": ""SHP-2026-105"", ""timestamp"": ""2026-09-28 08:09:43 UTC"", ""temperature"": -19.35, ""humidity"": 88.2, ""location"": ""GPS: 45.2400 N, -120.1500 W"", ""battery_status"": 95}",2026-09-28 08:24:46 UTC,1,8e25035c79a90638a8e45cd5de397b2aeea72a47048a470696ef8a9f5bdc90c0,SYNCED,0,
1165,SENSOR_LOG,"{""sensor_id"": ""SNS-MH-1000"", ""batch_id"": ""BTC-SEA-5001"", ""shipment_id"": ""SHP-2026-101"", ""timestamp"": ""2026-09-28 00:24:46 UTC"", ""temperature"": -18.91, ""humidity"": 95.0, ""location"": ""GPS: 45.0000 N, -120.0000 W"", ""battery_status"": 95}",2026-09-28 08:24:46 UTC,1,d4b8ba5e3f2cd3170038b7666596471864d2461d69f10147b22a655fd88a635d,SYNCED,0,
1166,SENSOR_LOG,"{""sensor_id"": ""SNS-MH-1000"", ""batch_id"": ""BTC-SEA-5001"", ""shipment_id"": ""SHP-2026-101"", ""timestamp"": ""2026-09-28 00:39:46 UTC"", ""temperature"": -20.17, ""humidity"": 86.7, ""location"": ""GPS: 45.0000 N, -120.0100 W"", ""battery_status"": 95}",2026-09-28 08:24:46 UTC,1,fa0e57011dc546fdc992669119fa946d192640f61f6d21b0d51d2693dd88fbe4,SYNCED,0,
1167,SENSOR_LOG,"{""sensor_id"": ""SNS-MH-1000"", ""batch_id"": ""BTC-SEA-5001"", ""shipment_id"": ""SHP-2026-101"", ""timestamp"": ""2026-09-28 00:54:46 UTC"", ""temperature"": -18.59, ""humidity"": 86.3, ""location"": ""GPS: 45.0000 N, -120.0200 W"", ""battery_status"": 95}",2026-09-28 08:24:46 UTC,1,393fbc23547f2a25fdc3ee0b043ecc82bb0910b969319bdf0f7060c4a98aa82b,SYNCED,0,
1168,SENSOR_LOG,"{""sensor_id"": ""SNS-MH-1000"", ""batch_id"": ""BTC-SEA-5001"", ""shipment_id"": ""SHP-2026-101"", ""timestamp"": ""2026-09-28 01:09:46 UTC"", ""temperature"": -20.3, ""humidity"": 89.3, ""location"": ""GPS: 45.0000 N, -120.0300 W"", ""battery_status"": 95}",2026-09-28 08:24:46 UTC,1,638d75681140539ea4d7933de8abfcc98f02f13fd3d309feb83a7dcfb5400ece,SYNCED,0,
1169,SENSOR_LOG,"{""sensor_id"": ""SNS-MH-1000"", ""batch_id"": ""BTC-SEA-5001"", ""shipment_id"": ""SHP-2026-101"", ""timestamp"": ""2026-09-28 01:24:46 UTC"", ""temperature"": -20.34, ""humidity"": 92.1, ""location"": ""GPS: 45.0000 N, -120.0400 W"", ""battery_status"": 95}",2026-09-28 08:24:46 UTC,1,0be9c4cbb4b156bfbbbdfc5df5998e9e3cf0efd0684695c9dfe7a6894e41f560,SYNCED,0,
1170,SENSOR_LOG,"{""sensor_id"": ""SNS-MH-1000"", ""batch_id"": ""BTC-SEA-5001"", ""shipment_id"": ""SHP-2026-101"", ""timestamp"": ""2026-09-28 01:39:46 UTC"", ""temperature"": -18.47, ""humidity"": 93.5, ""location"": ""GPS: 45.0000 N, -120.0500 W"", ""battery_status"": 95}",2026-09-28 08:24:46 UTC,1,7678442c405c137ea9a174f22e4cd6995bf2816b40522aaea22af34721671b08,SYNCED,0,
1171,SENSOR_LOG,"{""sensor_id"": ""SNS-MH-1000"", ""batch_id"": ""BTC-SEA-5001"", ""shipment_id"": ""SHP-2026-101"", ""timestamp"": ""2026-09-28 01:54:46 UTC"", ""temperature"": -21.48, ""humidity"": 93.2, ""location"": ""GPS: 45.0000 N, -120.0600 W"", ""battery_status"": 95}",2026-09-28 08:24:46 UTC,1,a85ff577cc51f177bad49a1c4c7e4cea2f501f04e2c442421d22ebce221f060b,SYNCED,0,
1172,SENSOR_LOG,"{""sensor_id"": ""SNS-MH-1000"", ""batch_id"": ""BTC-SEA-5001"", ""shipment_id"": ""SHP-2026-101"", ""timestamp"": ""2026-09-28 02:09:46 UTC"", ""temperature"": -19.83, ""humidity"": 86.8, ""location"": ""GPS: 45.0000 N, -120.0700 W"", ""battery_status"": 95}",2026-09-28 08:24:46 UTC,1,3ee97f94a771294a10ef52bb3d37484b9a57f54e2e31a1fbc9245ef4a2d9785b,SYNCED,0,
1173,SENSOR_LOG,"{""sensor_id"": ""SNS-MH-1000"", ""batch_id"": ""BTC-SEA-5001"", ""shipment_id"": ""SHP-2026-101"", ""timestamp"": ""2026-09-28 02:24:46 UTC"", ""temperature"": -18.84, ""humidity"": 91.2, ""location"": ""GPS: 45.0000 N, -120.0800 W"", ""battery_status"": 95}",2026-09-28 08:24:46 UTC,1,0400c1a6735261eabe872713100bdd4676f10bb90763787064647437622ac297,SYNCED,0,
1174,SENSOR_LOG,"{""sensor_id"": ""SNS-MH-1000"", ""batch_id"": ""BTC-SEA-5001"", ""shipment_id"": ""SHP-2026-101"", ""timestamp"": ""2026-09-28 02:39:46 UTC"", ""temperature"": -21.65, ""humidity"": 90.2, ""location"": ""GPS: 45.0000 N, -120.0900 W"", ""battery_status"": 95}",2026-09-28 08:24:46 UTC,1,4e131b39d48457e2645deb47be56b41dae8f644c35e0f5e45c313ff5f60c4dc7,SYNCED,0,
1175,SENSOR_LOG,"{""sensor_id"": ""SNS-MH-1000"", ""batch_id"": ""BTC-SEA-5001"", ""shipment_id"": ""SHP-2026-101"", ""timestamp"": ""2026-09-28 02:54:46 UTC"", ""temperature"": -18.46, ""humidity"": 90.1, ""location"": ""GPS: 45.0000 N, -120.1000 W"", ""battery_status"": 95}",2026-09-28 08:24:46 UTC,1,c2d0e6142f554ae2ce2f0dbb3998502ae4158bd719ee89dd2a6da23aacb3f6b6,SYNCED,0,
1176,SENSOR_LOG,"{""sensor_id"": ""SNS-MH-1000"", ""batch_id"": ""BTC-SEA-5001"", ""shipment_id"": ""SHP-2026-101"", ""timestamp"": ""2026-09-28 03:09:46 UTC"", ""temperature"": -18.82, ""humidity"": 86.1, ""location"": ""GPS: 45.0000 N, -120.1100 W"", ""battery_status"": 95}",2026-09-28 08:24:46 UTC,1,e41f7f175c1837269b5adce8dd78134010f27e7c63f3f9c5616af32b089286c5,SYNCED,0,
1177,SENSOR_LOG,"{""sensor_id"": ""SNS-MH-1000"", ""batch_id"": ""BTC-SEA-5001"", ""shipment_id"": ""SHP-2026-101"", ""timestamp"": ""2026-09-28 03:24:46 UTC"", ""temperature"": -21.55, ""humidity"": 86.6, ""location"": ""GPS: 45.0000 N, -120.1200 W"", ""battery_status"": 95}",2026-09-28 08:24:46 UTC,1,c2db8e65589d1af15ba7bfb8ddcf6e0369e312360c0affcc4307af3f94b8f8c9,SYNCED,0,
1178,SENSOR_LOG,"{""sensor_id"": ""SNS-MH-1000"", ""batch_id"": ""BTC-SEA-5001"", ""shipment_id"": ""SHP-2026-101"", ""timestamp"": ""2026-09-28 03:39:46 UTC"", ""temperature"": -20.68, ""humidity"": 89.1, ""location"": ""GPS: 45.0000 N, -120.1300 W"", ""battery_status"": 95}",2026-09-28 08:24:46 UTC,1,b36498f23bbebed9d019396ebe0d9d939d00bd3ca072bc85003d990400265e62,SYNCED,0,
1179,SENSOR_LOG,"{""sensor_id"": ""SNS-MH-1000"", ""batch_id"": ""BTC-SEA-5001"", ""shipment_id"": ""SHP-2026-101"", ""timestamp"": ""2026-09-28 03:54:46 UTC"", ""temperature"": -19.91, ""humidity"": 89.1, ""location"": ""GPS: 45.0000 N, -120.1400 W"", ""battery_status"": 95}",2026-09-28 08:24:46 UTC,1,a660f9da0a06f4648e2ede1f517aa65ca6e1a83a9d1d17f78ac64ab96626f4df,SYNCED,0,
1180,SENSOR_LOG,"{""sensor_id"": ""SNS-MH-1000"", ""batch_id"": ""BTC-SEA-5001"", ""shipment_id"": ""SHP-2026-101"", ""timestamp"": ""2026-09-28 04:09:46 UTC"", ""temperature"": -19.54, ""humidity"": 94.2, ""location"": ""GPS: 45.0000 N, -120.1500 W"", ""battery_status"": 95}",2026-09-28 08:24:46 UTC,1,47e0b6a761d194e5bea3b08f823e51948f647d9f729748f8692acef9f8a9841b,SYNCED,0,
1181,SENSOR_LOG,"{""sensor_id"": ""SNS-MH-1000"", ""batch_id"": ""BTC-SEA-5001"", ""shipment_id"": ""SHP-2026-101"", ""timestamp"": ""2026-09-28 04:24:46 UTC"", ""temperature"": -20.97, ""humidity"": 90.7, ""location"": ""GPS: 45.0000 N, -120.1600 W"", ""battery_status"": 95}",2026-09-28 08:24:46 UTC,1,88af520ef3bbf1f78694a5d747c1107dcaf5c6b94550593e810bdc9b3f351565,SYNCED,0,
1182,SENSOR_LOG,"{""sensor_id"": ""SNS-MH-1000"", ""batch_id"": ""BTC-SEA-5001"", ""shipment_id"": ""SHP-2026-101"", ""timestamp"": ""2026-09-28 04:39:46 UTC"", ""temperature"": -19.21, ""humidity"": 87.1, ""location"": ""GPS: 45.0000 N, -120.1700 W"", ""battery_status"": 95}",2026-09-28 08:24:46 UTC,1,236345b0a933e9eb94af2602064ea8ea8681ae3b51ca7331197956e2a603591e,SYNCED,0,
1183,SENSOR_LOG,"{""sensor_id"": ""SNS-MH-1000"", ""batch_id"": ""BTC-SEA-5001"", ""shipment_id"": ""SHP-2026-101"", ""timestamp"": ""2026-09-28 04:54:46 UTC"", ""temperature"": -20.0, ""humidity"": 85.3, ""location"": ""GPS: 45.0000 N, -120.1800 W"", ""battery_status"": 95}",2026-09-28 08:24:46 UTC,1,cc3a78daf2611fc4d16d85ce420c040a2e0342049e844a027c5a9431047864f2,SYNCED,0,
1184,SENSOR_LOG,"{""sensor_id"": ""SNS-MH-1000"", ""batch_id"": ""BTC-SEA-5001"", ""shipment_id"": ""SHP-2026-101"", ""timestamp"": ""2026-09-28 05:09:46 UTC"", ""temperature"": -21.42, ""humidity"": 94.5, ""location"": ""GPS: 45.0000 N, -120.1900 W"", ""battery_status"": 95}",2026-09-28 08:24:46 UTC,1,d94c79fecf40cebd8e18352a3fc151c7b4f0d4ad747a65d253a1d443e70bbb1c,SYNCED,0,
1185,SENSOR_LOG,"{""sensor_id"": ""SNS-MH-1000"", ""batch_id"": ""BTC-SEA-5001"", ""shipment_id"": ""SHP-2026-101"", ""timestamp"": ""2026-09-28 05:24:46 UTC"", ""temperature"": -21.33, ""humidity"": 93.3, ""location"": ""GPS: 45.0000 N, -120.2000 W"", ""battery_status"": 95}",2026-09-28 08:24:46 UTC,1,fa426c17eb8ea6fec72f73ba91deb7bcc1d4fd3fa5c974ef0ad7063cb8ffc488,SYNCED,0,
1186,SENSOR_LOG,"{""sensor_id"": ""SNS-MH-1000"", ""batch_id"": ""BTC-SEA-5001"", ""shipment_id"": ""SHP-2026-101"", ""timestamp"": ""2026-09-28 05:39:46 UTC"", ""temperature"": -19.39, ""humidity"": 91.5, ""location"": ""GPS: 45.0000 N, -120.2100 W"", ""battery_status"": 95}",2026-09-28 08:24:46 UTC,1,95a0cd006570ceabc67c7b9252a5175856558701be008ed0c405b83f6c243139,SYNCED,0,
1187,SENSOR_LOG,"{""sensor_id"": ""SNS-MH-1000"", ""batch_id"": ""BTC-SEA-5001"", ""shipment_id"": ""SHP-2026-101"", ""timestamp"": ""2026-09-28 05:54:46 UTC"", ""temperature"": -21.67, ""humidity"": 90.3, ""location"": ""GPS: 45.0000 N, -120.2200 W"", ""battery_status"": 95}",2026-09-28 08:24:46 UTC,1,411881467acdce1523d6ad69195b200006a8bc31e95cc40d7c003c8af8683ef2,SYNCED,0,
1188,SENSOR_LOG,"{""sensor_id"": ""SNS-MH-1000"", ""batch_id"": ""BTC-SEA-5001"", ""shipment_id"": ""SHP-2026-101"", ""timestamp"": ""2026-09-28 06:09:46 UTC"", ""temperature"": -18.88, ""humidity"": 93.0, ""location"": ""GPS: 45.0000 N, -120.2300 W"", ""battery_status"": 95}",2026-09-28 08:24:46 UTC,1,24e3052572ca2dd2cdfab0e21f85fdbf5ea33ad46e415f02e70bba7c488575f5,SYNCED,0,
1189,SENSOR_LOG,"{""sensor_id"": ""SNS-MH-1000"", ""batch_id"": ""BTC-SEA-5001"", ""shipment_id"": ""SHP-2026-101"", ""timestamp"": ""2026-09-28 06:24:46 UTC"", ""temperature"": -21.87, ""humidity"": 87.6, ""location"": ""GPS: 45.0000 N, -120.2400 W"", ""battery_status"": 95}",2026-09-28 08:24:46 UTC,1,8789a20306be585c2a701ec432bc4d7d9d6224dcaefa7247034d80182d2817bd,SYNCED,0,
1190,SENSOR_LOG,"{""sensor_id"": ""SNS-MH-1000"", ""batch_id"": ""BTC-SEA-5001"", ""shipment_id"": ""SHP-2026-101"", ""timestamp"": ""2026-09-28 06:39:46 UTC"", ""temperature"": -21.13, ""humidity"": 86.9, ""location"": ""GPS: 45.0000 N, -120.2500 W"", ""battery_status"": 95}",2026-09-28 08:24:46 UTC,1,5cfcaadae231bcbb31419ae0cff3d2625bae08edbeda2a02a0bbd1e96df18ce2,SYNCED,0,
1191,SENSOR_LOG,"{""sensor_id"": ""SNS-MH-1000"", ""batch_id"": ""BTC-SEA-5001"", ""shipment_id"": ""SHP-2026-101"", ""timestamp"": ""2026-09-28 06:54:46 UTC"", ""temperature"": -18.1, ""humidity"": 87.8, ""location"": ""GPS: 45.0000 N, -120.2600 W"", ""battery_status"": 95}",2026-09-28 08:24:46 UTC,1,fe787895b12c550bfa3d65ec0c497a9c881c583329ac5f3556749eeb6d00c410,SYNCED,0,
1192,SENSOR_LOG,"{""sensor_id"": ""SNS-MH-1000"", ""batch_id"": ""BTC-SEA-5001"", ""shipment_id"": ""SHP-2026-101"", ""timestamp"": ""2026-09-28 07:09:46 UTC"", ""temperature"": -18.8, ""humidity"": 92.6, ""location"": ""GPS: 45.0000 N, -120.2700 W"", ""battery_status"": 95}",2026-09-28 08:24:46 UTC,1,c3366393df16ae0054df1992a2e0646d34cce892f37e1e16d5236564d99866a9,SYNCED,0,
1193,SENSOR_LOG,"{""sensor_id"": ""SNS-MH-1000"", ""batch_id"": ""BTC-SEA-5001"", ""shipment_id"": ""SHP-2026-101"", ""timestamp"": ""2026-09-28 07:24:46 UTC"", ""temperature"": -21.76, ""humidity"": 85.2, ""location"": ""GPS: 45.0000 N, -120.2800 W"", ""battery_status"": 95}",2026-09-28 08:24:46 UTC,1,a906960c12629a75946100121d8eca16c42ded5112bdb32bbe97ee1b0726779f,SYNCED,0,
1194,SENSOR_LOG,"{""sensor_id"": ""SNS-MH-1000"", ""batch_id"": ""BTC-SEA-5001"", ""shipment_id"": ""SHP-2026-101"", ""timestamp"": ""2026-09-28 07:39:46 UTC"", ""temperature"": -19.97, ""humidity"": 85.5, ""location"": ""GPS: 45.0000 N, -120.2900 W"", ""battery_status"": 95}",2026-09-28 08:24:46 UTC,1,b2f68ce4bd30920907440682dc02cac722ad4289a4c17b36727196020402a612,SYNCED,0,
1195,SENSOR_LOG,"{""sensor_id"": ""SNS-MH-1000"", ""batch_id"": ""BTC-SEA-5001"", ""shipment_id"": ""SHP-2026-101"", ""timestamp"": ""2026-09-28 07:54:46 UTC"", ""temperature"": -21.67, ""humidity"": 88.8, ""location"": ""GPS: 45.0000 N, -120.3000 W"", ""battery_status"": 95}",2026-09-28 08:24:46 UTC,1,a9f0a6315faa5ee6307192381a7c0a9c7f1e017c34b67612c2749a3fc3a07d34,SYNCED,0,
1196,SENSOR_LOG,"{""sensor_id"": ""SNS-MH-1000"", ""batch_id"": ""BTC-SEA-5001"", ""shipment_id"": ""SHP-2026-101"", ""timestamp"": ""2026-09-28 08:09:46 UTC"", ""temperature"": -20.37, ""humidity"": 94.2, ""location"": ""GPS: 45.0000 N, -120.3100 W"", ""battery_status"": 95}",2026-09-28 08:24:46 UTC,1,8478db3a55cfb8bd2f6239a62f05dab3187c1ed594118b1ba3a8b126276942fb,SYNCED,0,
1197,SENSOR_LOG,"{""sensor_id"": ""SNS-MH-1001"", ""batch_id"": ""BTC-SEA-5002"", ""shipment_id"": ""SHP-2026-102"", ""timestamp"": ""2026-09-28 00:24:46 UTC"", ""temperature"": -19.14, ""humidity"": 91.0, ""location"": ""GPS: 45.0100 N, -120.0000 W"", ""battery_status"": 95}",2026-09-28 08:24:46 UTC,1,b430cd1b9ccb90e5ba74f35b38b7173e14443cabb88953230412c0508df2b92d,SYNCED,0,
1198,SENSOR_LOG,"{""sensor_id"": ""SNS-MH-1001"", ""batch_id"": ""BTC-SEA-5002"", ""shipment_id"": ""SHP-2026-102"", ""timestamp"": ""2026-09-28 00:39:46 UTC"", ""temperature"": -19.68, ""humidity"": 87.6, ""location"": ""GPS: 45.0100 N, -120.0100 W"", ""battery_status"": 95}",2026-09-28 08:24:46 UTC,1,a9b5b7b3e6c06fdf69d4721d815836bfa0c19a1197851181a08065369711c409,SYNCED,0,
1199,SENSOR_LOG,"{""sensor_id"": ""SNS-MH-1001"", ""batch_id"": ""BTC-SEA-5002"", ""shipment_id"": ""SHP-2026-102"", ""timestamp"": ""2026-09-28 00:54:46 UTC"", ""temperature"": -21.6, ""humidity"": 91.4, ""location"": ""GPS: 45.0100 N, -120.0200 W"", ""battery_status"": 95}",2026-09-28 08:24:46 UTC,1,58e5eb1bf3b5357b345353b83fa9643c82f957ddeffc0ef046e7fb3bc1a2e61b,SYNCED,0,
1200,SENSOR_LOG,"{""sensor_id"": ""SNS-MH-1001"", ""batch_id"": ""BTC-SEA-5002"", ""shipment_id"": ""SHP-2026-102"", ""timestamp"": ""2026-09-28 01:09:46 UTC"", ""temperature"": -19.08, ""humidity"": 85.1, ""location"": ""GPS: 45.0100 N, -120.0300 W"", ""battery_status"": 95}",2026-09-28 08:24:46 UTC,1,12e47446873bc9d28abb142a87cd7b8d657d1faf194e41110773b015dc66335a,SYNCED,0,
1201,SENSOR_LOG,"{""sensor_id"": ""SNS-MH-1001"", ""batch_id"": ""BTC-SEA-5002"", ""shipment_id"": ""SHP-2026-102"", ""timestamp"": ""2026-09-28 01:24:46 UTC"", ""temperature"": -21.74, ""humidity"": 94.6, ""location"": ""GPS: 45.0100 N, -120.0400 W"", ""battery_status"": 95}",2026-09-28 08:24:46 UTC,1,68eece7d0b91661190ccea13396cea60d4743878a217bb8c7f52e7b8b9d3ed21,SYNCED,0,
1202,SENSOR_LOG,"{""sensor_id"": ""SNS-MH-1001"", ""batch_id"": ""BTC-SEA-5002"", ""shipment_id"": ""SHP-2026-102"", ""timestamp"": ""2026-09-28 01:39:46 UTC"", ""temperature"": -18.96, ""humidity"": 85.7, ""location"": ""GPS: 45.0100 N, -120.0500 W"", ""battery_status"": 95}",2026-09-28 08:24:46 UTC,1,b61ed6ff585329ab21874e8ee0ba870005f1731e941d50b6b2769a419e46bee6,SYNCED,0,
1203,SENSOR_LOG,"{""sensor_id"": ""SNS-MH-1001"", ""batch_id"": ""BTC-SEA-5002"", ""shipment_id"": ""SHP-2026-102"", ""timestamp"": ""2026-09-28 01:54:46 UTC"", ""temperature"": -20.15, ""humidity"": 86.1, ""location"": ""GPS: 45.0100 N, -120.0600 W"", ""battery_status"": 95}",2026-09-28 08:24:46 UTC,1,8bd38d02afb520736bdf283dd4edfc82085be5a578a884dff649ab364dab0717,SYNCED,0,
1204,SENSOR_LOG,"{""sensor_id"": ""SNS-MH-1001"", ""batch_id"": ""BTC-SEA-5002"", ""shipment_id"": ""SHP-2026-102"", ""timestamp"": ""2026-09-28 02:09:46 UTC"", ""temperature"": -18.02, ""humidity"": 89.6, ""location"": ""GPS: 45.0100 N, -120.0700 W"", ""battery_status"": 95}",2026-09-28 08:24:46 UTC,1,ae467fd937e400ca34402276cbd7506f2dd9acb4c833354194b4f27e35c371a3,SYNCED,0,
1205,SENSOR_LOG,"{""sensor_id"": ""SNS-MH-1001"", ""batch_id"": ""BTC-SEA-5002"", ""shipment_id"": ""SHP-2026-102"", ""timestamp"": ""2026-09-28 02:24:46 UTC"", ""temperature"": -19.53, ""humidity"": 89.6, ""location"": ""GPS: 45.0100 N, -120.0800 W"", ""battery_status"": 95}",2026-09-28 08:24:46 UTC,1,7d70299eb98ca5d7ef4ee435bac88d1410342fcfcb5ec0e8baae20855fa5a87d,SYNCED,0,
1206,SENSOR_LOG,"{""sensor_id"": ""SNS-MH-1001"", ""batch_id"": ""BTC-SEA-5002"", ""shipment_id"": ""SHP-2026-102"", ""timestamp"": ""2026-09-28 02:39:46 UTC"", ""temperature"": -18.54, ""humidity"": 88.2, ""location"": ""GPS: 45.0100 N, -120.0900 W"", ""battery_status"": 95}",2026-09-28 08:24:46 UTC,1,569e5da1965db10651e472f5d62f23810ce62f7ccab73bc9ca3b9126a3144955,SYNCED,0,
1207,SENSOR_LOG,"{""sensor_id"": ""SNS-MH-1001"", ""batch_id"": ""BTC-SEA-5002"", ""shipment_id"": ""SHP-2026-102"", ""timestamp"": ""2026-09-28 02:54:46 UTC"", ""temperature"": -20.75, ""humidity"": 86.8, ""location"": ""GPS: 45.0100 N, -120.1000 W"", ""battery_status"": 95}",2026-09-28 08:24:46 UTC,1,d99996b621c891072c8dd7bd28c3560ce40e496dccc80f665925047512392429,SYNCED,0,
1208,SENSOR_LOG,"{""sensor_id"": ""SNS-MH-1001"", ""batch_id"": ""BTC-SEA-5002"", ""shipment_id"": ""SHP-2026-102"", ""timestamp"": ""2026-09-28 03:09:46 UTC"", ""temperature"": -18.98, ""humidity"": 87.0, ""location"": ""GPS: 45.0100 N, -120.1100 W"", ""battery_status"": 95}",2026-09-28 08:24:46 UTC,1,405642303211f69be4afe61822058ce64091b0468272fe245231672f8c441fcf,SYNCED,0,
1209,SENSOR_LOG,"{""sensor_id"": ""SNS-MH-1001"", ""batch_id"": ""BTC-SEA-5002"", ""shipment_id"": ""SHP-2026-102"", ""timestamp"": ""2026-09-28 03:24:46 UTC"", ""temperature"": -19.82, ""humidity"": 87.9, ""location"": ""GPS: 45.0100 N, -120.1200 W"", ""battery_status"": 95}",2026-09-28 08:24:46 UTC,1,98a539b9599599f9c87f5c01c9c722b64569a45ade1d50db6cab76b0d8a83076,SYNCED,0,
1210,SENSOR_LOG,"{""sensor_id"": ""SNS-MH-1001"", ""batch_id"": ""BTC-SEA-5002"", ""shipment_id"": ""SHP-2026-102"", ""timestamp"": ""2026-09-28 03:39:46 UTC"", ""temperature"": -18.85, ""humidity"": 92.2, ""location"": ""GPS: 45.0100 N, -120.1300 W"", ""battery_status"": 95}",2026-09-28 08:24:46 UTC,1,6432990587eab3e56f23e4a97074b600893f6db27ff60b57903d7a946639ae9f,SYNCED,0,
1211,SENSOR_LOG,"{""sensor_id"": ""SNS-MH-1001"", ""batch_id"": ""BTC-SEA-5002"", ""shipment_id"": ""SHP-2026-102"", ""timestamp"": ""2026-09-28 03:54:46 UTC"", ""temperature"": -19.53, ""humidity"": 91.6, ""location"": ""GPS: 45.0100 N, -120.1400 W"", ""battery_status"": 95}",2026-09-28 08:24:46 UTC,1,eebad6f0e41a2ad0a0892175498af6891dd890b2b376006d139b0c6d6e29188c,SYNCED,0,
1212,SENSOR_LOG,"{""sensor_id"": ""SNS-MH-1001"", ""batch_id"": ""BTC-SEA-5002"", ""shipment_id"": ""SHP-2026-102"", ""timestamp"": ""2026-09-28 04:09:46 UTC"", ""temperature"": -19.98, ""humidity"": 85.5, ""location"": ""GPS: 45.0100 N, -120.1500 W"", ""battery_status"": 95}",2026-09-28 08:24:46 UTC,1,cb2c1d16a50a1de5c3066dfa8baa8aff697c871e9001bb0211d4cc4af92eec2a,SYNCED,0,
1213,SENSOR_LOG,"{""sensor_id"": ""SNS-MH-1001"", ""batch_id"": ""BTC-SEA-5002"", ""shipment_id"": ""SHP-2026-102"", ""timestamp"": ""2026-09-28 04:24:46 UTC"", ""temperature"": -20.75, ""humidity"": 91.3, ""location"": ""GPS: 45.0100 N, -120.1600 W"", ""battery_status"": 95}",2026-09-28 08:24:46 UTC,1,9e154b1e6c0d9bdfb9ac3b8d6d410a1f86f205133ac660c297ecf7182aef17d7,SYNCED,0,
1214,SENSOR_LOG,"{""sensor_id"": ""SNS-MH-1001"", ""batch_id"": ""BTC-SEA-5002"", ""shipment_id"": ""SHP-2026-102"", ""timestamp"": ""2026-09-28 04:39:46 UTC"", ""temperature"": -19.2, ""humidity"": 86.8, ""location"": ""GPS: 45.0100 N, -120.1700 W"", ""battery_status"": 95}",2026-09-28 08:24:46 UTC,1,23111fd3740bbba019de87b93228c35aad55a6515517812127c12a427f499a80,SYNCED,0,
1215,SENSOR_LOG,"{""sensor_id"": ""SNS-MH-1001"", ""batch_id"": ""BTC-SEA-5002"", ""shipment_id"": ""SHP-2026-102"", ""timestamp"": ""2026-09-28 04:54:46 UTC"", ""temperature"": -20.37, ""humidity"": 90.9, ""location"": ""GPS: 45.0100 N, -120.1800 W"", ""battery_status"": 95}",2026-09-28 08:24:46 UTC,1,1d1561d829c59003a55fa45af5d105193742a95fee596d6c4ab16664a0546a74,SYNCED,0,
1216,SENSOR_LOG,"{""sensor_id"": ""SNS-MH-1001"", ""batch_id"": ""BTC-SEA-5002"", ""shipment_id"": ""SHP-2026-102"", ""timestamp"": ""2026-09-28 05:09:46 UTC"", ""temperature"": -19.29, ""humidity"": 85.5, ""location"": ""GPS: 45.0100 N, -120.1900 W"", ""battery_status"": 95}",2026-09-28 08:24:46 UTC,1,1e54f9eca2a39e8d6b7b279f555f5e37e2e2fc368bdc9b7ddb20e3c145258351,SYNCED,0,
1217,SENSOR_LOG,"{""sensor_id"": ""SNS-MH-1001"", ""batch_id"": ""BTC-SEA-5002"", ""shipment_id"": ""SHP-2026-102"", ""timestamp"": ""2026-09-28 05:24:46 UTC"", ""temperature"": -19.58, ""humidity"": 87.2, ""location"": ""GPS: 45.0100 N, -120.2000 W"", ""battery_status"": 95}",2026-09-28 08:24:46 UTC,1,c6da160a7d6a1cd13d6b8f66b55b08714d26d4955652da5be82d1c4d4565524a,SYNCED,0,
1218,SENSOR_LOG,"{""sensor_id"": ""SNS-MH-1001"", ""batch_id"": ""BTC-SEA-5002"", ""shipment_id"": ""SHP-2026-102"", ""timestamp"": ""2026-09-28 05:39:46 UTC"", ""temperature"": -20.41, ""humidity"": 89.3, ""location"": ""GPS: 45.0100 N, -120.2100 W"", ""battery_status"": 95}",2026-09-28 08:24:46 UTC,1,9e1a55a9c09d4af2c77e1f63caa4170c1bdaa062c05457913b9b17e93aa8976a,SYNCED,0,
1219,SENSOR_LOG,"{""sensor_id"": ""SNS-MH-1001"", ""batch_id"": ""BTC-SEA-5002"", ""shipment_id"": ""SHP-2026-102"", ""timestamp"": ""2026-09-28 05:54:46 UTC"", ""temperature"": -19.85, ""humidity"": 90.5, ""location"": ""GPS: 45.0100 N, -120.2200 W"", ""battery_status"": 95}",2026-09-28 08:24:46 UTC,1,a92dd9a956b77452464e982a1ada5a243a871996415760c82a3a0085fc9fcb2f,SYNCED,0,
1220,SENSOR_LOG,"{""sensor_id"": ""SNS-MH-1001"", ""batch_id"": ""BTC-SEA-5002"", ""shipment_id"": ""SHP-2026-102"", ""timestamp"": ""2026-09-28 06:09:46 UTC"", ""temperature"": -19.14, ""humidity"": 92.4, ""location"": ""GPS: 45.0100 N, -120.2300 W"", ""battery_status"": 95}",2026-09-28 08:24:46 UTC,1,24d8a11959ce380cc72e00bbeeda461bd00bc261ce332cdb7ff232967eb0d48e,SYNCED,0,
1221,SENSOR_LOG,"{""sensor_id"": ""SNS-MH-1001"", ""batch_id"": ""BTC-SEA-5002"", ""shipment_id"": ""SHP-2026-102"", ""timestamp"": ""2026-09-28 06:24:46 UTC"", ""temperature"": -21.8, ""humidity"": 90.5, ""location"": ""GPS: 45.0100 N, -120.2400 W"", ""battery_status"": 95}",2026-09-28 08:24:46 UTC,1,35e1de18bf380e1b9f09caf393bc540c71d9238d274c9ecad9d6b3f9d80e928e,SYNCED,0,
1222,SENSOR_LOG,"{""sensor_id"": ""SNS-MH-1001"", ""batch_id"": ""BTC-SEA-5002"", ""shipment_id"": ""SHP-2026-102"", ""timestamp"": ""2026-09-28 06:39:46 UTC"", ""temperature"": -18.51, ""humidity"": 94.1, ""location"": ""GPS: 45.0100 N, -120.2500 W"", ""battery_status"": 95}",2026-09-28 08:24:46 UTC,1,39a2b838c958ba9df7c9771715f9cd5bff4bcac6c24c0ac6ae356011710071c4,SYNCED,0,
1223,SENSOR_LOG,"{""sensor_id"": ""SNS-MH-1001"", ""batch_id"": ""BTC-SEA-5002"", ""shipment_id"": ""SHP-2026-102"", ""timestamp"": ""2026-09-28 06:54:46 UTC"", ""temperature"": -21.21, ""humidity"": 86.1, ""location"": ""GPS: 45.0100 N, -120.2600 W"", ""battery_status"": 95}",2026-09-28 08:24:46 UTC,1,fe21f381c7240a1642bf3b7b2c9690e8d9412dd6195b5d41682194b4ff0223f0,SYNCED,0,
1224,SENSOR_LOG,"{""sensor_id"": ""SNS-MH-1001"", ""batch_id"": ""BTC-SEA-5002"", ""shipment_id"": ""SHP-2026-102"", ""timestamp"": ""2026-09-28 07:09:46 UTC"", ""temperature"": -19.28, ""humidity"": 86.6, ""location"": ""GPS: 45.0100 N, -120.2700 W"", ""battery_status"": 95}",2026-09-28 08:24:46 UTC,1,804f7e66fcdfa801415fa6e5ea7f2d84b4b11b3d3f77a687268807653ce2bccc,SYNCED,0,
1225,SENSOR_LOG,"{""sensor_id"": ""SNS-MH-1001"", ""batch_id"": ""BTC-SEA-5002"", ""shipment_id"": ""SHP-2026-102"", ""timestamp"": ""2026-09-28 07:24:46 UTC"", ""temperature"": -20.94, ""humidity"": 91.9, ""location"": ""GPS: 45.0100 N, -120.2800 W"", ""battery_status"": 95}",2026-09-28 08:24:46 UTC,1,ee746ce4ea636c0f5973a0a47fba8fec72e7d3e5fab25ad7f0cdadcb0bac79f5,SYNCED,0,
1226,SENSOR_LOG,"{""sensor_id"": ""SNS-MH-1001"", ""batch_id"": ""BTC-SEA-5002"", ""shipment_id"": ""SHP-2026-102"", ""timestamp"": ""2026-09-28 07:39:46 UTC"", ""temperature"": -21.55, ""humidity"": 87.5, ""location"": ""GPS: 45.0100 N, -120.2900 W"", ""battery_status"": 95}",2026-09-28 08:24:46 UTC,1,9735dd6caeb58cdf7b9953ae5eac88460779e3df9f4c621b803546b2e448faa0,SYNCED,0,
1227,SENSOR_LOG,"{""sensor_id"": ""SNS-MH-1001"", ""batch_id"": ""BTC-SEA-5002"", ""shipment_id"": ""SHP-2026-102"", ""timestamp"": ""2026-09-28 07:54:46 UTC"", ""temperature"": -21.72, ""humidity"": 87.6, ""location"": ""GPS: 45.0100 N, -120.3000 W"", ""battery_status"": 95}",2026-09-28 08:24:46 UTC,1,526a2f3798d7fed923aa3120edaea59ccf4581fb4cc906d8e2100b19f7b62ce7,SYNCED,0,
1228,SENSOR_LOG,"{""sensor_id"": ""SNS-MH-1001"", ""batch_id"": ""BTC-SEA-5002"", ""shipment_id"": ""SHP-2026-102"", ""timestamp"": ""2026-09-28 08:09:46 UTC"", ""temperature"": -18.66, ""humidity"": 94.9, ""location"": ""GPS: 45.0100 N, -120.3100 W"", ""battery_status"": 95}",2026-09-28 08:24:46 UTC,1,5d30d3cfa97b424555ccfc02b6286fd64a5cb8cca1a0dad16e8a259753e0357c,SYNCED,0,
1229,SENSOR_LOG,"{""sensor_id"": ""SNS-MH-1002"", ""batch_id"": ""BTC-SEA-5003"", ""shipment_id"": ""SHP-2026-103"", ""timestamp"": ""2026-09-28 00:24:46 UTC"", ""temperature"": -19.77, ""humidity"": 94.6, ""location"": ""GPS: 45.0200 N, -120.0000 W"", ""battery_status"": 95}",2026-09-28 08:24:46 UTC,1,a3ae3f3447f319f13ee13ee6d5cc2cff20b28e04acbaab80f84f51724c9429ed,SYNCED,0,
1230,SENSOR_LOG,"{""sensor_id"": ""SNS-MH-1002"", ""batch_id"": ""BTC-SEA-5003"", ""shipment_id"": ""SHP-2026-103"", ""timestamp"": ""2026-09-28 00:39:46 UTC"", ""temperature"": -19.69, ""humidity"": 92.1, ""location"": ""GPS: 45.0200 N, -120.0100 W"", ""battery_status"": 95}",2026-09-28 08:24:46 UTC,1,c4773b1b44764079dfa418da00403742409460e1d4a10ef1d567cddf4c31497e,SYNCED,0,
1231,SENSOR_LOG,"{""sensor_id"": ""SNS-MH-1002"", ""batch_id"": ""BTC-SEA-5003"", ""shipment_id"": ""SHP-2026-103"", ""timestamp"": ""2026-09-28 00:54:46 UTC"", ""temperature"": -21.35, ""humidity"": 92.6, ""location"": ""GPS: 45.0200 N, -120.0200 W"", ""battery_status"": 95}",2026-09-28 08:24:46 UTC,1,294586ade04a1775c85790a35488a04040d197ace8647a5d867657db4f25cbac,SYNCED,0,
1232,SENSOR_LOG,"{""sensor_id"": ""SNS-MH-1002"", ""batch_id"": ""BTC-SEA-5003"", ""shipment_id"": ""SHP-2026-103"", ""timestamp"": ""2026-09-28 01:09:46 UTC"", ""temperature"": -20.35, ""humidity"": 90.3, ""location"": ""GPS: 45.0200 N, -120.0300 W"", ""battery_status"": 95}",2026-09-28 08:24:46 UTC,1,cbce0148c1cd12d4ab1d3f271998ba01e8e3652963be184b7a4e3790dbac0c8d,SYNCED,0,
1233,SENSOR_LOG,"{""sensor_id"": ""SNS-MH-1002"", ""batch_id"": ""BTC-SEA-5003"", ""shipment_id"": ""SHP-2026-103"", ""timestamp"": ""2026-09-28 01:24:46 UTC"", ""temperature"": -20.91, ""humidity"": 88.9, ""location"": ""GPS: 45.0200 N, -120.0400 W"", ""battery_status"": 95}",2026-09-28 08:24:46 UTC,1,3da783913cba58c8e5c804dc2d6c641280c5e3357a1dbd947b7d3b3843ffc78c,SYNCED,0,
1234,SENSOR_LOG,"{""sensor_id"": ""SNS-MH-1002"", ""batch_id"": ""BTC-SEA-5003"", ""shipment_id"": ""SHP-2026-103"", ""timestamp"": ""2026-09-28 01:39:46 UTC"", ""temperature"": -20.16, ""humidity"": 89.5, ""location"": ""GPS: 45.0200 N, -120.0500 W"", ""battery_status"": 95}",2026-09-28 08:24:46 UTC,1,6a38e9aee9a86bad257217a7efaf50fe885b46ae6c80df031595372008a33f18,SYNCED,0,
1235,SENSOR_LOG,"{""sensor_id"": ""SNS-MH-1002"", ""batch_id"": ""BTC-SEA-5003"", ""shipment_id"": ""SHP-2026-103"", ""timestamp"": ""2026-09-28 01:54:46 UTC"", ""temperature"": -20.28, ""humidity"": 92.7, ""location"": ""GPS: 45.0200 N, -120.0600 W"", ""battery_status"": 95}",2026-09-28 08:24:46 UTC,1,34e33afd181b81abdeec5b4653048ae6465ae49fc372a7e150433c344643b38a,SYNCED,0,
1236,SENSOR_LOG,"{""sensor_id"": ""SNS-MH-1002"", ""batch_id"": ""BTC-SEA-5003"", ""shipment_id"": ""SHP-2026-103"", ""timestamp"": ""2026-09-28 02:09:46 UTC"", ""temperature"": -21.26, ""humidity"": 89.3, ""location"": ""GPS: 45.0200 N, -120.0700 W"", ""battery_status"": 95}",2026-09-28 08:24:46 UTC,1,f4e8744c0c175e7d8e995722069cf1cca77bb3d2257960aed23371d2a6169cf2,SYNCED,0,
1237,SENSOR_LOG,"{""sensor_id"": ""SNS-MH-1002"", ""batch_id"": ""BTC-SEA-5003"", ""shipment_id"": ""SHP-2026-103"", ""timestamp"": ""2026-09-28 02:24:46 UTC"", ""temperature"": -19.57, ""humidity"": 87.4, ""location"": ""GPS: 45.0200 N, -120.0800 W"", ""battery_status"": 95}",2026-09-28 08:24:46 UTC,1,3a0062fa0bd35b94ee5e0b7e5da06cac842f3bbcaf3f35c244381e3c3d8a3fab,SYNCED,0,
1238,SENSOR_LOG,"{""sensor_id"": ""SNS-MH-1002"", ""batch_id"": ""BTC-SEA-5003"", ""shipment_id"": ""SHP-2026-103"", ""timestamp"": ""2026-09-28 02:39:46 UTC"", ""temperature"": -18.25, ""humidity"": 94.1, ""location"": ""GPS: 45.0200 N, -120.0900 W"", ""battery_status"": 95}",2026-09-28 08:24:46 UTC,1,fdfe1475663883a59bd40f8ade32d286280ef9e49264e4236d2a0234a5022f9c,SYNCED,0,
1239,SENSOR_LOG,"{""sensor_id"": ""SNS-MH-1002"", ""batch_id"": ""BTC-SEA-5003"", ""shipment_id"": ""SHP-2026-103"", ""timestamp"": ""2026-09-28 02:54:46 UTC"", ""temperature"": -20.02, ""humidity"": 87.2, ""location"": ""GPS: 45.0200 N, -120.1000 W"", ""battery_status"": 95}",2026-09-28 08:24:46 UTC,1,18008e8c8c28491652d99750c4f4c458727f89ae8fe13607c365bdea058cf44e,SYNCED,0,
1240,SENSOR_LOG,"{""sensor_id"": ""SNS-MH-1002"", ""batch_id"": ""BTC-SEA-5003"", ""shipment_id"": ""SHP-2026-103"", ""timestamp"": ""2026-09-28 03:09:46 UTC"", ""temperature"": -19.35, ""humidity"": 89.8, ""location"": ""GPS: 45.0200 N, -120.1100 W"", ""battery_status"": 95}",2026-09-28 08:24:46 UTC,1,af46b5a006326044c949220359ecfd20e1f298771691e3f64b0b7e2b36c39088,SYNCED,0,
1241,SENSOR_LOG,"{""sensor_id"": ""SNS-MH-1002"", ""batch_id"": ""BTC-SEA-5003"", ""shipment_id"": ""SHP-2026-103"", ""timestamp"": ""2026-09-28 03:24:46 UTC"", ""temperature"": -20.97, ""humidity"": 94.7, ""location"": ""GPS: 45.0200 N, -120.1200 W"", ""battery_status"": 95}",2026-09-28 08:24:47 UTC,1,f482cb899f4ecb072c66cd94a4546053390a6f7d66db66aa1495193f92eb4686,SYNCED,0,
1242,SENSOR_LOG,"{""sensor_id"": ""SNS-MH-1002"", ""batch_id"": ""BTC-SEA-5003"", ""shipment_id"": ""SHP-2026-103"", ""timestamp"": ""2026-09-28 03:39:46 UTC"", ""temperature"": -19.94, ""humidity"": 86.9, ""location"": ""GPS: 45.0200 N, -120.1300 W"", ""battery_status"": 95}",2026-09-28 08:24:47 UTC,1,4292e194babdb23d88c5840b6f43749fc88d868e76801c02e6b90a7b7fb4f372,SYNCED,0,
1243,SENSOR_LOG,"{""sensor_id"": ""SNS-MH-1002"", ""batch_id"": ""BTC-SEA-5003"", ""shipment_id"": ""SHP-2026-103"", ""timestamp"": ""2026-09-28 03:54:46 UTC"", ""temperature"": -20.88, ""humidity"": 90.8, ""location"": ""GPS: 45.0200 N, -120.1400 W"", ""battery_status"": 95}",2026-09-28 08:24:47 UTC,1,14907718c87b299d9922d51b99e4ec65d69ffeb211d8824f1c66c13291024514,SYNCED,0,
1244,SENSOR_LOG,"{""sensor_id"": ""SNS-MH-1002"", ""batch_id"": ""BTC-SEA-5003"", ""shipment_id"": ""SHP-2026-103"", ""timestamp"": ""2026-09-28 04:09:46 UTC"", ""temperature"": -19.35, ""humidity"": 93.6, ""location"": ""GPS: 45.0200 N, -120.1500 W"", ""battery_status"": 95}",2026-09-28 08:24:47 UTC,1,31bf06bfda10feb93870e3f8756c0f6df9c6e9e1f8bb216fda09fca9bc823ad0,SYNCED,0,
1245,SENSOR_LOG,"{""sensor_id"": ""SNS-MH-1002"", ""batch_id"": ""BTC-SEA-5003"", ""shipment_id"": ""SHP-2026-103"", ""timestamp"": ""2026-09-28 04:24:46 UTC"", ""temperature"": -19.46, ""humidity"": 89.7, ""location"": ""GPS: 45.0200 N, -120.1600 W"", ""battery_status"": 95}",2026-09-28 08:24:47 UTC,1,1573d74689bef109ad0eae329ed5b6470027304ed5d1b75ce07807233bc0ff22,SYNCED,0,
1246,SENSOR_LOG,"{""sensor_id"": ""SNS-MH-1002"", ""batch_id"": ""BTC-SEA-5003"", ""shipment_id"": ""SHP-2026-103"", ""timestamp"": ""2026-09-28 04:39:46 UTC"", ""temperature"": -19.75, ""humidity"": 88.4, ""location"": ""GPS: 45.0200 N, -120.1700 W"", ""battery_status"": 95}",2026-09-28 08:24:47 UTC,1,723e413ce8a362f0577f0cdc3fc4938b1eaceaa32e73dda1169616a6ec7426ca,SYNCED,0,
1247,SENSOR_LOG,"{""sensor_id"": ""SNS-MH-1002"", ""batch_id"": ""BTC-SEA-5003"", ""shipment_id"": ""SHP-2026-103"", ""timestamp"": ""2026-09-28 04:54:46 UTC"", ""temperature"": -20.22, ""humidity"": 93.4, ""location"": ""GPS: 45.0200 N, -120.1800 W"", ""battery_status"": 95}",2026-09-28 08:24:47 UTC,1,f2c49bf12bfb5bd340291fed8d4cb50c01b80dd64f9a5ed7fd3600762773b41f,SYNCED,0,
1248,SENSOR_LOG,"{""sensor_id"": ""SNS-MH-1002"", ""batch_id"": ""BTC-SEA-5003"", ""shipment_id"": ""SHP-2026-103"", ""timestamp"": ""2026-09-28 05:09:46 UTC"", ""temperature"": -19.82, ""humidity"": 86.1, ""location"": ""GPS: 45.0200 N, -120.1900 W"", ""battery_status"": 95}",2026-09-28 08:24:47 UTC,1,903a7709f1c062f3c993ea1bedfbbbd0295693c6c37d2179c56f09691e3c14f9,SYNCED,0,
1249,SENSOR_LOG,"{""sensor_id"": ""SNS-MH-1002"", ""batch_id"": ""BTC-SEA-5003"", ""shipment_id"": ""SHP-2026-103"", ""timestamp"": ""2026-09-28 05:24:46 UTC"", ""temperature"": -19.89, ""humidity"": 93.7, ""location"": ""GPS: 45.0200 N, -120.2000 W"", ""battery_status"": 95}",2026-09-28 08:24:47 UTC,1,053b77c41e27df45cc6db0a1e85de94ae850ffc202945ca4cf63243056f85530,SYNCED,0,
1250,SENSOR_LOG,"{""sensor_id"": ""SNS-MH-1002"", ""batch_id"": ""BTC-SEA-5003"", ""shipment_id"": ""SHP-2026-103"", ""timestamp"": ""2026-09-28 05:39:46 UTC"", ""temperature"": -20.27, ""humidity"": 89.3, ""location"": ""GPS: 45.0200 N, -120.2100 W"", ""battery_status"": 95}",2026-09-28 08:24:47 UTC,1,de33d8444bf05b628b04da07613beae52de26f2ce12281e6377a99080a4cc4d3,SYNCED,0,
1251,SENSOR_LOG,"{""sensor_id"": ""SNS-MH-1002"", ""batch_id"": ""BTC-SEA-5003"", ""shipment_id"": ""SHP-2026-103"", ""timestamp"": ""2026-09-28 05:54:46 UTC"", ""temperature"": -21.05, ""humidity"": 94.9, ""location"": ""GPS: 45.0200 N, -120.2200 W"", ""battery_status"": 95}",2026-09-28 08:24:47 UTC,1,cc94ed7494eeda05c63658839277e4fcfbb8db3aae1f1b14a062cd3907754258,SYNCED,0,
1252,SENSOR_LOG,"{""sensor_id"": ""SNS-MH-1002"", ""batch_id"": ""BTC-SEA-5003"", ""shipment_id"": ""SHP-2026-103"", ""timestamp"": ""2026-09-28 06:09:46 UTC"", ""temperature"": -18.35, ""humidity"": 87.7, ""location"": ""GPS: 45.0200 N, -120.2300 W"", ""battery_status"": 95}",2026-09-28 08:24:47 UTC,1,fc5241495b40361e859f1cf26e88d15437edcf0833c9dd5527e128ba0e511956,SYNCED,0,
1253,SENSOR_LOG,"{""sensor_id"": ""SNS-MH-1002"", ""batch_id"": ""BTC-SEA-5003"", ""shipment_id"": ""SHP-2026-103"", ""timestamp"": ""2026-09-28 06:24:46 UTC"", ""temperature"": -19.33, ""humidity"": 92.5, ""location"": ""GPS: 45.0200 N, -120.2400 W"", ""battery_status"": 95}",2026-09-28 08:24:47 UTC,1,09cbe4114701afabcf647de0d095b4a6fbad286428bf74f091db88351f3994fb,SYNCED,0,
1254,SENSOR_LOG,"{""sensor_id"": ""SNS-MH-1002"", ""batch_id"": ""BTC-SEA-5003"", ""shipment_id"": ""SHP-2026-103"", ""timestamp"": ""2026-09-28 06:39:46 UTC"", ""temperature"": -21.63, ""humidity"": 86.6, ""location"": ""GPS: 45.0200 N, -120.2500 W"", ""battery_status"": 95}",2026-09-28 08:24:47 UTC,1,0b275b18ffead1a2afb40ebbd96b31e13d47bc6cbd3763d99006c5d388234aad,SYNCED,0,
1255,SENSOR_LOG,"{""sensor_id"": ""SNS-MH-1002"", ""batch_id"": ""BTC-SEA-5003"", ""shipment_id"": ""SHP-2026-103"", ""timestamp"": ""2026-09-28 06:54:46 UTC"", ""temperature"": -20.5, ""humidity"": 91.6, ""location"": ""GPS: 45.0200 N, -120.2600 W"", ""battery_status"": 95}",2026-09-28 08:24:47 UTC,1,5d85fb1e67bac35dc071bad4b94d586553ef837ddb89ed4954cb732ccb8d47cc,SYNCED,0,
1256,SENSOR_LOG,"{""sensor_id"": ""SNS-MH-1002"", ""batch_id"": ""BTC-SEA-5003"", ""shipment_id"": ""SHP-2026-103"", ""timestamp"": ""2026-09-28 07:09:46 UTC"", ""temperature"": -21.68, ""humidity"": 92.4, ""location"": ""GPS: 45.0200 N, -120.2700 W"", ""battery_status"": 95}",2026-09-28 08:24:47 UTC,1,48742ba0f6af0d39c0cb12327aa8fa15bc20583aa0c1e336032f30b8b22223a4,SYNCED,0,
1257,SENSOR_LOG,"{""sensor_id"": ""SNS-MH-1002"", ""batch_id"": ""BTC-SEA-5003"", ""shipment_id"": ""SHP-2026-103"", ""timestamp"": ""2026-09-28 07:24:46 UTC"", ""temperature"": -21.35, ""humidity"": 91.7, ""location"": ""GPS: 45.0200 N, -120.2800 W"", ""battery_status"": 95}",2026-09-28 08:24:47 UTC,1,6559cd00c9e6c90ac4ede86b08eaaebc5781334fcf0790ef218adb6d5c4de086,SYNCED,0,
1258,SENSOR_LOG,"{""sensor_id"": ""SNS-MH-1002"", ""batch_id"": ""BTC-SEA-5003"", ""shipment_id"": ""SHP-2026-103"", ""timestamp"": ""2026-09-28 07:39:46 UTC"", ""temperature"": -20.79, ""humidity"": 93.3, ""location"": ""GPS: 45.0200 N, -120.2900 W"", ""battery_status"": 95}",2026-09-28 08:24:47 UTC,1,ecb70b8baf785e74bf767241b934bcadba65f924460dabe7ebd8d2b4a56c3520,SYNCED,0,
1259,SENSOR_LOG,"{""sensor_id"": ""SNS-MH-1002"", ""batch_id"": ""BTC-SEA-5003"", ""shipment_id"": ""SHP-2026-103"", ""timestamp"": ""2026-09-28 07:54:46 UTC"", ""temperature"": -20.2, ""humidity"": 89.6, ""location"": ""GPS: 45.0200 N, -120.3000 W"", ""battery_status"": 95}",2026-09-28 08:24:47 UTC,1,f12fb38a5db15eee6c4c906f5142f04ad9b55931d242950845b5d820aa4c0798,SYNCED,0,
1260,SENSOR_LOG,"{""sensor_id"": ""SNS-MH-1002"", ""batch_id"": ""BTC-SEA-5003"", ""shipment_id"": ""SHP-2026-103"", ""timestamp"": ""2026-09-28 08:09:46 UTC"", ""temperature"": -21.76, ""humidity"": 92.4, ""location"": ""GPS: 45.0200 N, -120.3100 W"", ""battery_status"": 95}",2026-09-28 08:24:47 UTC,1,8301fc8934d4a94d3ab35ffdc6388324254f2d97916d4fcb552175071266df28,SYNCED,0,
1261,SENSOR_LOG,"{""sensor_id"": ""SNS-MH-1003"", ""batch_id"": ""BTC-SEA-5004"", ""shipment_id"": ""SHP-2026-104"", ""timestamp"": ""2026-09-28 00:24:46 UTC"", ""temperature"": -20.9, ""humidity"": 90.2, ""location"": ""GPS: 45.0300 N, -120.0000 W"", ""battery_status"": 95}",2026-09-28 08:24:47 UTC,1,bd68d1a09de3fa0d7da47c39037d05eae0736184bf92bb4545205e76b5b53c75,SYNCED,0,
1262,SENSOR_LOG,"{""sensor_id"": ""SNS-MH-1003"", ""batch_id"": ""BTC-SEA-5004"", ""shipment_id"": ""SHP-2026-104"", ""timestamp"": ""2026-09-28 00:39:46 UTC"", ""temperature"": -20.81, ""humidity"": 87.7, ""location"": ""GPS: 45.0300 N, -120.0100 W"", ""battery_status"": 95}",2026-09-28 08:24:47 UTC,1,1a7d62861cb080242caf9d02feda81e444ffc432ee1059b4c14fdb909585ad03,SYNCED,0,
1263,SENSOR_LOG,"{""sensor_id"": ""SNS-MH-1003"", ""batch_id"": ""BTC-SEA-5004"", ""shipment_id"": ""SHP-2026-104"", ""timestamp"": ""2026-09-28 00:54:46 UTC"", ""temperature"": -20.7, ""humidity"": 91.0, ""location"": ""GPS: 45.0300 N, -120.0200 W"", ""battery_status"": 95}",2026-09-28 08:24:47 UTC,1,7729b8d4786d37c51173d60eabce00fc2e7da324dff2aed4613cc5044acbddf8,SYNCED,0,
1264,SENSOR_LOG,"{""sensor_id"": ""SNS-MH-1003"", ""batch_id"": ""BTC-SEA-5004"", ""shipment_id"": ""SHP-2026-104"", ""timestamp"": ""2026-09-28 01:09:46 UTC"", ""temperature"": -19.67, ""humidity"": 93.4, ""location"": ""GPS: 45.0300 N, -120.0300 W"", ""battery_status"": 95}",2026-09-28 08:24:47 UTC,1,b072de663a496feb26a047d3509082b519859eff92978bdd0f5fe502338df016,SYNCED,0,
1265,SENSOR_LOG,"{""sensor_id"": ""SNS-MH-1003"", ""batch_id"": ""BTC-SEA-5004"", ""shipment_id"": ""SHP-2026-104"", ""timestamp"": ""2026-09-28 01:24:46 UTC"", ""temperature"": -20.26, ""humidity"": 89.9, ""location"": ""GPS: 45.0300 N, -120.0400 W"", ""battery_status"": 95}",2026-09-28 08:24:47 UTC,1,be4a046b480ecd61a17d4fa54e80c85fa84557dfaa65ad4eddcab4a24e0e29ad,SYNCED,0,
1266,SENSOR_LOG,"{""sensor_id"": ""SNS-MH-1003"", ""batch_id"": ""BTC-SEA-5004"", ""shipment_id"": ""SHP-2026-104"", ""timestamp"": ""2026-09-28 01:39:46 UTC"", ""temperature"": -21.62, ""humidity"": 88.7, ""location"": ""GPS: 45.0300 N, -120.0500 W"", ""battery_status"": 95}",2026-09-28 08:24:47 UTC,1,a6a1d4fd5429e4818cf99a7e77eeba8c98d69570030d87dedae1b18ecd04e819,SYNCED,0,
1267,SENSOR_LOG,"{""sensor_id"": ""SNS-MH-1003"", ""batch_id"": ""BTC-SEA-5004"", ""shipment_id"": ""SHP-2026-104"", ""timestamp"": ""2026-09-28 01:54:46 UTC"", ""temperature"": -19.81, ""humidity"": 86.6, ""location"": ""GPS: 45.0300 N, -120.0600 W"", ""battery_status"": 95}",2026-09-28 08:24:47 UTC,1,2e25908862a51026419964a50adedb6d4f1f99755d6059a533f581c5dddb9017,SYNCED,0,
1268,SENSOR_LOG,"{""sensor_id"": ""SNS-MH-1003"", ""batch_id"": ""BTC-SEA-5004"", ""shipment_id"": ""SHP-2026-104"", ""timestamp"": ""2026-09-28 02:09:46 UTC"", ""temperature"": -21.99, ""humidity"": 91.5, ""location"": ""GPS: 45.0300 N, -120.0700 W"", ""battery_status"": 95}",2026-09-28 08:24:47 UTC,1,904373bf3ac2bd5de3f4f067f33218b3b711c0490274d6aa0d29c58c7b023de7,SYNCED,0,
1269,SENSOR_LOG,"{""sensor_id"": ""SNS-MH-1003"", ""batch_id"": ""BTC-SEA-5004"", ""shipment_id"": ""SHP-2026-104"", ""timestamp"": ""2026-09-28 02:24:46 UTC"", ""temperature"": -19.29, ""humidity"": 89.0, ""location"": ""GPS: 45.0300 N, -120.0800 W"", ""battery_status"": 95}",2026-09-28 08:24:47 UTC,1,02cf323735960bcc6d6ac4bc447d14e8cd2d17ba36cc6c0e054c7b1c54efd79e,SYNCED,0,
1270,SENSOR_LOG,"{""sensor_id"": ""SNS-MH-1003"", ""batch_id"": ""BTC-SEA-5004"", ""shipment_id"": ""SHP-2026-104"", ""timestamp"": ""2026-09-28 02:39:46 UTC"", ""temperature"": -19.4, ""humidity"": 87.1, ""location"": ""GPS: 45.0300 N, -120.0900 W"", ""battery_status"": 95}",2026-09-28 08:24:47 UTC,1,b49bb7e6e4d08ef7efbfc5d83480614365e9e39260529ef944abfee49f3512d4,SYNCED,0,
1271,SENSOR_LOG,"{""sensor_id"": ""SNS-MH-1003"", ""batch_id"": ""BTC-SEA-5004"", ""shipment_id"": ""SHP-2026-104"", ""timestamp"": ""2026-09-28 02:54:46 UTC"", ""temperature"": -21.86, ""humidity"": 93.7, ""location"": ""GPS: 45.0300 N, -120.1000 W"", ""battery_status"": 95}",2026-09-28 08:24:47 UTC,1,0c95fd7531e8cd89a1574c4ce40525bea8a79c8688edf48c7da9d89460c56e64,SYNCED,0,
1272,SENSOR_LOG,"{""sensor_id"": ""SNS-MH-1003"", ""batch_id"": ""BTC-SEA-5004"", ""shipment_id"": ""SHP-2026-104"", ""timestamp"": ""2026-09-28 03:09:46 UTC"", ""temperature"": -19.71, ""humidity"": 86.9, ""location"": ""GPS: 45.0300 N, -120.1100 W"", ""battery_status"": 95}",2026-09-28 08:24:47 UTC,1,56340989faaac3f4d729a081efb1d7387aa73bb849026480231bfabe279cb973,SYNCED,0,
1273,SENSOR_LOG,"{""sensor_id"": ""SNS-MH-1003"", ""batch_id"": ""BTC-SEA-5004"", ""shipment_id"": ""SHP-2026-104"", ""timestamp"": ""2026-09-28 03:24:46 UTC"", ""temperature"": -19.75, ""humidity"": 93.1, ""location"": ""GPS: 45.0300 N, -120.1200 W"", ""battery_status"": 95}",2026-09-28 08:24:47 UTC,1,2122698b5295479abb701622672b29e932631a4a511df5b14c354e00b9ff1862,SYNCED,0,
1274,SENSOR_LOG,"{""sensor_id"": ""SNS-MH-1003"", ""batch_id"": ""BTC-SEA-5004"", ""shipment_id"": ""SHP-2026-104"", ""timestamp"": ""2026-09-28 03:39:46 UTC"", ""temperature"": -21.49, ""humidity"": 93.0, ""location"": ""GPS: 45.0300 N, -120.1300 W"", ""battery_status"": 95}",2026-09-28 08:24:47 UTC,1,6d8ce03ceecb30e4167e14bd8d6df06786eda5b1092c3ac7c09cfd82cd411d6b,SYNCED,0,
1275,SENSOR_LOG,"{""sensor_id"": ""SNS-MH-1003"", ""batch_id"": ""BTC-SEA-5004"", ""shipment_id"": ""SHP-2026-104"", ""timestamp"": ""2026-09-28 03:54:46 UTC"", ""temperature"": -21.14, ""humidity"": 85.0, ""location"": ""GPS: 45.0300 N, -120.1400 W"", ""battery_status"": 95}",2026-09-28 08:24:47 UTC,1,2771b977794017a54f7693a067812ee248b9b16b5434675ac0b3a7f4a79940aa,SYNCED,0,
1276,SENSOR_LOG,"{""sensor_id"": ""SNS-MH-1003"", ""batch_id"": ""BTC-SEA-5004"", ""shipment_id"": ""SHP-2026-104"", ""timestamp"": ""2026-09-28 04:09:46 UTC"", ""temperature"": -20.48, ""humidity"": 93.1, ""location"": ""GPS: 45.0300 N, -120.1500 W"", ""battery_status"": 95}",2026-09-28 08:24:47 UTC,1,42ed516ef2224ca3e69a5c6a236f1013376e0a48e4378841f1225bfab82e2209,SYNCED,0,
1277,SENSOR_LOG,"{""sensor_id"": ""SNS-MH-1003"", ""batch_id"": ""BTC-SEA-5004"", ""shipment_id"": ""SHP-2026-104"", ""timestamp"": ""2026-09-28 04:24:46 UTC"", ""temperature"": -21.87, ""humidity"": 87.7, ""location"": ""GPS: 45.0300 N, -120.1600 W"", ""battery_status"": 95}",2026-09-28 08:24:47 UTC,1,431d834e49b4a2ce6e0c811f3a0e909ab5081a64eee3ed6a8fce7bddf8473c1f,SYNCED,0,
1278,SENSOR_LOG,"{""sensor_id"": ""SNS-MH-1003"", ""batch_id"": ""BTC-SEA-5004"", ""shipment_id"": ""SHP-2026-104"", ""timestamp"": ""2026-09-28 04:39:46 UTC"", ""temperature"": -20.88, ""humidity"": 86.2, ""location"": ""GPS: 45.0300 N, -120.1700 W"", ""battery_status"": 95}",2026-09-28 08:24:47 UTC,1,583dd890479264c1b2eee973df46ed756e008f7f560bf32be27e0fea67d3d408,SYNCED,0,
1279,SENSOR_LOG,"{""sensor_id"": ""SNS-MH-1003"", ""batch_id"": ""BTC-SEA-5004"", ""shipment_id"": ""SHP-2026-104"", ""timestamp"": ""2026-09-28 04:54:46 UTC"", ""temperature"": -21.59, ""humidity"": 91.2, ""location"": ""GPS: 45.0300 N, -120.1800 W"", ""battery_status"": 95}",2026-09-28 08:24:47 UTC,1,22ff648182fbba619db0fcb199c7190bf42d5ae7a10297185b84974939405ab2,SYNCED,0,
1280,SENSOR_LOG,"{""sensor_id"": ""SNS-MH-1003"", ""batch_id"": ""BTC-SEA-5004"", ""shipment_id"": ""SHP-2026-104"", ""timestamp"": ""2026-09-28 05:09:46 UTC"", ""temperature"": -21.82, ""humidity"": 85.8, ""location"": ""GPS: 45.0300 N, -120.1900 W"", ""battery_status"": 95}",2026-09-28 08:24:47 UTC,1,0c00ee09535b97c76c903cd3c1acce67e2cb357c438c64ebaa58b27b5fc3f3aa,SYNCED,0,
1281,SENSOR_LOG,"{""sensor_id"": ""SNS-MH-1003"", ""batch_id"": ""BTC-SEA-5004"", ""shipment_id"": ""SHP-2026-104"", ""timestamp"": ""2026-09-28 05:24:46 UTC"", ""temperature"": -20.95, ""humidity"": 90.1, ""location"": ""GPS: 45.0300 N, -120.2000 W"", ""battery_status"": 95}",2026-09-28 08:24:47 UTC,1,ebd0eca389ec5706156f2b36bb0efa84657a424ffa02c3850598604c994e5438,SYNCED,0,
1282,SENSOR_LOG,"{""sensor_id"": ""SNS-MH-1003"", ""batch_id"": ""BTC-SEA-5004"", ""shipment_id"": ""SHP-2026-104"", ""timestamp"": ""2026-09-28 05:39:46 UTC"", ""temperature"": -21.39, ""humidity"": 89.9, ""location"": ""GPS: 45.0300 N, -120.2100 W"", ""battery_status"": 95}",2026-09-28 08:24:47 UTC,1,79c2e8d798ada0ab301e54660375840db4de02e0457f908d206b4eafe3c02fda,SYNCED,0,
1283,SENSOR_LOG,"{""sensor_id"": ""SNS-MH-1003"", ""batch_id"": ""BTC-SEA-5004"", ""shipment_id"": ""SHP-2026-104"", ""timestamp"": ""2026-09-28 05:54:46 UTC"", ""temperature"": -21.11, ""humidity"": 90.9, ""location"": ""GPS: 45.0300 N, -120.2200 W"", ""battery_status"": 95}",2026-09-28 08:24:47 UTC,1,fb3e734ddcba492d05fbcfc148a3f133a6cad2e7b53725b421c5633afb15702c,SYNCED,0,
1284,SENSOR_LOG,"{""sensor_id"": ""SNS-MH-1003"", ""batch_id"": ""BTC-SEA-5004"", ""shipment_id"": ""SHP-2026-104"", ""timestamp"": ""2026-09-28 06:09:46 UTC"", ""temperature"": -18.67, ""humidity"": 88.8, ""location"": ""GPS: 45.0300 N, -120.2300 W"", ""battery_status"": 95}",2026-09-28 08:24:47 UTC,1,d6fe8e55f761f36c6aa5cddb2e0d3731a179567e20b15c1a62249af165ec5281,SYNCED,0,
1285,SENSOR_LOG,"{""sensor_id"": ""SNS-MH-1003"", ""batch_id"": ""BTC-SEA-5004"", ""shipment_id"": ""SHP-2026-104"", ""timestamp"": ""2026-09-28 06:24:46 UTC"", ""temperature"": -21.11, ""humidity"": 92.0, ""location"": ""GPS: 45.0300 N, -120.2400 W"", ""battery_status"": 95}",2026-09-28 08:24:47 UTC,1,3a5265724a10c0560ae9ecd489eda86837cf2b7fc7a221ed987fad018303d34d,SYNCED,0,
1286,SENSOR_LOG,"{""sensor_id"": ""SNS-MH-1003"", ""batch_id"": ""BTC-SEA-5004"", ""shipment_id"": ""SHP-2026-104"", ""timestamp"": ""2026-09-28 06:39:46 UTC"", ""temperature"": -21.29, ""humidity"": 94.4, ""location"": ""GPS: 45.0300 N, -120.2500 W"", ""battery_status"": 95}",2026-09-28 08:24:47 UTC,1,5e972b8a2e2bfd56cf87035b532c4779cd142cc8ec39250b830986008e25e9a6,SYNCED,0,
1287,SENSOR_LOG,"{""sensor_id"": ""SNS-MH-1003"", ""batch_id"": ""BTC-SEA-5004"", ""shipment_id"": ""SHP-2026-104"", ""timestamp"": ""2026-09-28 06:54:46 UTC"", ""temperature"": -20.11, ""humidity"": 86.2, ""location"": ""GPS: 45.0300 N, -120.2600 W"", ""battery_status"": 95}",2026-09-28 08:24:47 UTC,1,bf47c57a8dca44720db8cddfecc39a28fccc3a2ae639fa7d6189e2b4036a291a,SYNCED,0,
1288,SENSOR_LOG,"{""sensor_id"": ""SNS-MH-1003"", ""batch_id"": ""BTC-SEA-5004"", ""shipment_id"": ""SHP-2026-104"", ""timestamp"": ""2026-09-28 07:09:46 UTC"", ""temperature"": -18.3, ""humidity"": 87.1, ""location"": ""GPS: 45.0300 N, -120.2700 W"", ""battery_status"": 95}",2026-09-28 08:24:47 UTC,1,43d77658938ab9d6753a4e944c24d4e58acb9ee1a3b55ae98850baf58e661c53,SYNCED,0,
1289,SENSOR_LOG,"{""sensor_id"": ""SNS-MH-1003"", ""batch_id"": ""BTC-SEA-5004"", ""shipment_id"": ""SHP-2026-104"", ""timestamp"": ""2026-09-28 07:24:46 UTC"", ""temperature"": -18.6, ""humidity"": 93.6, ""location"": ""GPS: 45.0300 N, -120.2800 W"", ""battery_status"": 95}",2026-09-28 08:24:47 UTC,1,178563e2618e2c12ba3c55c83e7a7929ec24e4617a221c908eadf42296553bb2,SYNCED,0,
1290,SENSOR_LOG,"{""sensor_id"": ""SNS-MH-1003"", ""batch_id"": ""BTC-SEA-5004"", ""shipment_id"": ""SHP-2026-104"", ""timestamp"": ""2026-09-28 07:39:46 UTC"", ""temperature"": -19.79, ""humidity"": 86.5, ""location"": ""GPS: 45.0300 N, -120.2900 W"", ""battery_status"": 95}",2026-09-28 08:24:47 UTC,1,8844e88408099ef4c74b9d8b0566eb9dff1cc2b09e6697f4ec715e857d5cb9ee,SYNCED,0,
1291,SENSOR_LOG,"{""sensor_id"": ""SNS-MH-1003"", ""batch_id"": ""BTC-SEA-5004"", ""shipment_id"": ""SHP-2026-104"", ""timestamp"": ""2026-09-28 07:54:46 UTC"", ""temperature"": -21.52, ""humidity"": 85.9, ""location"": ""GPS: 45.0300 N, -120.3000 W"", ""battery_status"": 95}",2026-09-28 08:24:47 UTC,1,a4df35e3dc320bcf9968482c803c213bb9373da39df49933ff6775ed521b8855,SYNCED,0,
1292,SENSOR_LOG,"{""sensor_id"": ""SNS-MH-1003"", ""batch_id"": ""BTC-SEA-5004"", ""shipment_id"": ""SHP-2026-104"", ""timestamp"": ""2026-09-28 08:09:46 UTC"", ""temperature"": -19.3, ""humidity"": 85.7, ""location"": ""GPS: 45.0300 N, -120.3100 W"", ""battery_status"": 95}",2026-09-28 08:24:47 UTC,1,39a8bfd1564b6bfee5100a975ff92874509782420b2ff3d4ea8fda4318e05775,SYNCED,0,
1293,SENSOR_LOG,"{""sensor_id"": ""SNS-MH-1004"", ""batch_id"": ""BTC-SEA-5005"", ""shipment_id"": ""SHP-2026-105"", ""timestamp"": ""2026-09-28 00:24:46 UTC"", ""temperature"": -18.16, ""humidity"": 89.6, ""location"": ""GPS: 45.0400 N, -120.0000 W"", ""battery_status"": 95}",2026-09-28 08:24:47 UTC,1,cd1ec71637ac8603bd3504406d29b97f08a7acc49370006dd8a3cdbb0146094d,SYNCED,0,
1294,SENSOR_LOG,"{""sensor_id"": ""SNS-MH-1004"", ""batch_id"": ""BTC-SEA-5005"", ""shipment_id"": ""SHP-2026-105"", ""timestamp"": ""2026-09-28 00:39:46 UTC"", ""temperature"": -20.34, ""humidity"": 90.9, ""location"": ""GPS: 45.0400 N, -120.0100 W"", ""battery_status"": 95}",2026-09-28 08:24:47 UTC,1,3d30a3061eaf38ae44473e20fa5dab1cbafee3bbf490d47f624ab5350cf171a0,SYNCED,0,
1295,SENSOR_LOG,"{""sensor_id"": ""SNS-MH-1004"", ""batch_id"": ""BTC-SEA-5005"", ""shipment_id"": ""SHP-2026-105"", ""timestamp"": ""2026-09-28 00:54:46 UTC"", ""temperature"": -18.38, ""humidity"": 92.6, ""location"": ""GPS: 45.0400 N, -120.0200 W"", ""battery_status"": 95}",2026-09-28 08:24:47 UTC,1,1407016c1e22c9c624dee41065ff955e2a6a992c16c5157b9bcfa21c9fb938d2,SYNCED,0,
1296,SENSOR_LOG,"{""sensor_id"": ""SNS-MH-1004"", ""batch_id"": ""BTC-SEA-5005"", ""shipment_id"": ""SHP-2026-105"", ""timestamp"": ""2026-09-28 01:09:46 UTC"", ""temperature"": -20.07, ""humidity"": 92.9, ""location"": ""GPS: 45.0400 N, -120.0300 W"", ""battery_status"": 95}",2026-09-28 08:24:47 UTC,1,2db2f0c518b0207dd9f682fc334b413210c2a7126c386710a1bb53748f8140d7,SYNCED,0,
1297,SENSOR_LOG,"{""sensor_id"": ""SNS-MH-1004"", ""batch_id"": ""BTC-SEA-5005"", ""shipment_id"": ""SHP-2026-105"", ""timestamp"": ""2026-09-28 01:24:46 UTC"", ""temperature"": -18.49, ""humidity"": 88.8, ""location"": ""GPS: 45.0400 N, -120.0400 W"", ""battery_status"": 95}",2026-09-28 08:24:47 UTC,1,4872c3e7ef35f0a0c4daf4534a58860b12025d421d50c1fb763b36ecff78d773,SYNCED,0,
1298,SENSOR_LOG,"{""sensor_id"": ""SNS-MH-1004"", ""batch_id"": ""BTC-SEA-5005"", ""shipment_id"": ""SHP-2026-105"", ""timestamp"": ""2026-09-28 01:39:46 UTC"", ""temperature"": -21.16, ""humidity"": 85.7, ""location"": ""GPS: 45.0400 N, -120.0500 W"", ""battery_status"": 95}",2026-09-28 08:24:47 UTC,1,be6667cc17ad1d51c408a1b8899350b9a896fb7a245e4fabd56f7e93e628a961,SYNCED,0,
1299,SENSOR_LOG,"{""sensor_id"": ""SNS-MH-1004"", ""batch_id"": ""BTC-SEA-5005"", ""shipment_id"": ""SHP-2026-105"", ""timestamp"": ""2026-09-28 01:54:46 UTC"", ""temperature"": -18.19, ""humidity"": 85.7, ""location"": ""GPS: 45.0400 N, -120.0600 W"", ""battery_status"": 95}",2026-09-28 08:24:47 UTC,1,08b3d15f1d7213178f6d2b59501a36c14a71a996da1270dce00fdbe0a4a37216,SYNCED,0,
1300,SENSOR_LOG,"{""sensor_id"": ""SNS-MH-1004"", ""batch_id"": ""BTC-SEA-5005"", ""shipment_id"": ""SHP-2026-105"", ""timestamp"": ""2026-09-28 02:09:46 UTC"", ""temperature"": -21.42, ""humidity"": 93.7, ""location"": ""GPS: 45.0400 N, -120.0700 W"", ""battery_status"": 95}",2026-09-28 08:24:47 UTC,1,4970342c7b1531ce7d5d44eaaef4703bc0cc0df2464bc44ceda272037dd76770,SYNCED,0,
1301,SENSOR_LOG,"{""sensor_id"": ""SNS-MH-1004"", ""batch_id"": ""BTC-SEA-5005"", ""shipment_id"": ""SHP-2026-105"", ""timestamp"": ""2026-09-28 02:24:46 UTC"", ""temperature"": -18.97, ""humidity"": 92.6, ""location"": ""GPS: 45.0400 N, -120.0800 W"", ""battery_status"": 95}",2026-09-28 08:24:47 UTC,1,02ac423809d7edd9e5432a9126d5d559550da95627489c93e6bbcdaaef0a21d7,SYNCED,0,
1302,SENSOR_LOG,"{""sensor_id"": ""SNS-MH-1004"", ""batch_id"": ""BTC-SEA-5005"", ""shipment_id"": ""SHP-2026-105"", ""timestamp"": ""2026-09-28 02:39:46 UTC"", ""temperature"": -20.44, ""humidity"": 86.8, ""location"": ""GPS: 45.0400 N, -120.0900 W"", ""battery_status"": 95}",2026-09-28 08:24:47 UTC,1,f026995a22fae0f328654cc117c31539b6a27d4fc7a970ca0bedd54821a77c05,SYNCED,0,
1303,SENSOR_LOG,"{""sensor_id"": ""SNS-MH-1004"", ""batch_id"": ""BTC-SEA-5005"", ""shipment_id"": ""SHP-2026-105"", ""timestamp"": ""2026-09-28 02:54:46 UTC"", ""temperature"": -19.75, ""humidity"": 88.8, ""location"": ""GPS: 45.0400 N, -120.1000 W"", ""battery_status"": 95}",2026-09-28 08:24:47 UTC,1,fc08d66d278149888723f14029bee1b9f56c592da75633498780bffb81c1ae00,SYNCED,0,
1304,SENSOR_LOG,"{""sensor_id"": ""SNS-MH-1004"", ""batch_id"": ""BTC-SEA-5005"", ""shipment_id"": ""SHP-2026-105"", ""timestamp"": ""2026-09-28 03:09:46 UTC"", ""temperature"": -19.17, ""humidity"": 87.6, ""location"": ""GPS: 45.0400 N, -120.1100 W"", ""battery_status"": 95}",2026-09-28 08:24:47 UTC,1,c9f5861b982ff09a44b0997ec87ea41fff58c9f4ba6a3d0ea7597b79c8898b1f,SYNCED,0,
1305,SENSOR_LOG,"{""sensor_id"": ""SNS-MH-1004"", ""batch_id"": ""BTC-SEA-5005"", ""shipment_id"": ""SHP-2026-105"", ""timestamp"": ""2026-09-28 03:24:46 UTC"", ""temperature"": -18.35, ""humidity"": 86.2, ""location"": ""GPS: 45.0400 N, -120.1200 W"", ""battery_status"": 95}",2026-09-28 08:24:47 UTC,1,a5ad5ab447500f8d59a49a8fd760736f8b28932da19cdaf9210ea23422306521,SYNCED,0,
1306,SENSOR_LOG,"{""sensor_id"": ""SNS-MH-1004"", ""batch_id"": ""BTC-SEA-5005"", ""shipment_id"": ""SHP-2026-105"", ""timestamp"": ""2026-09-28 03:39:46 UTC"", ""temperature"": -20.33, ""humidity"": 88.8, ""location"": ""GPS: 45.0400 N, -120.1300 W"", ""battery_status"": 95}",2026-09-28 08:24:47 UTC,1,585be587c51bb19878833592ba52e816290b417df68f7a1866e829a675ed996e,SYNCED,0,
1307,SENSOR_LOG,"{""sensor_id"": ""SNS-MH-1004"", ""batch_id"": ""BTC-SEA-5005"", ""shipment_id"": ""SHP-2026-105"", ""timestamp"": ""2026-09-28 03:54:46 UTC"", ""temperature"": -18.35, ""humidity"": 88.6, ""location"": ""GPS: 45.0400 N, -120.1400 W"", ""battery_status"": 95}",2026-09-28 08:24:47 UTC,1,e8dad13ea145a83325b230561e4b8d993f17062b17eb911bebbedc40ece04c95,SYNCED,0,
1308,SENSOR_LOG,"{""sensor_id"": ""SNS-MH-1004"", ""batch_id"": ""BTC-SEA-5005"", ""shipment_id"": ""SHP-2026-105"", ""timestamp"": ""2026-09-28 04:09:46 UTC"", ""temperature"": -18.24, ""humidity"": 93.8, ""location"": ""GPS: 45.0400 N, -120.1500 W"", ""battery_status"": 95}",2026-09-28 08:24:47 UTC,1,653c5f564814d3d7bcf82a0a4aa4514b475586a8cc3e52198e20d955041ca6da,SYNCED,0,
1309,SENSOR_LOG,"{""sensor_id"": ""SNS-MH-1004"", ""batch_id"": ""BTC-SEA-5005"", ""shipment_id"": ""SHP-2026-105"", ""timestamp"": ""2026-09-28 04:24:46 UTC"", ""temperature"": -18.42, ""humidity"": 94.9, ""location"": ""GPS: 45.0400 N, -120.1600 W"", ""battery_status"": 95}",2026-09-28 08:24:47 UTC,1,a2773d3eb911c11c57b5d51df6dee056a144346b63f81dea33b6cfc6b8530627,SYNCED,0,
1310,SENSOR_LOG,"{""sensor_id"": ""SNS-MH-1004"", ""batch_id"": ""BTC-SEA-5005"", ""shipment_id"": ""SHP-2026-105"", ""timestamp"": ""2026-09-28 04:39:46 UTC"", ""temperature"": -18.8, ""humidity"": 85.6, ""location"": ""GPS: 45.0400 N, -120.1700 W"", ""battery_status"": 95}",2026-09-28 08:24:47 UTC,1,342359ac421ef186681106b32e0601771fb11e15ae8d2e2e2e1904ebc5d783b3,SYNCED,0,
1311,SENSOR_LOG,"{""sensor_id"": ""SNS-MH-1004"", ""batch_id"": ""BTC-SEA-5005"", ""shipment_id"": ""SHP-2026-105"", ""timestamp"": ""2026-09-28 04:54:46 UTC"", ""temperature"": -21.77, ""humidity"": 86.6, ""location"": ""GPS: 45.0400 N, -120.1800 W"", ""battery_status"": 95}",2026-09-28 08:24:47 UTC,1,ff08ed8110b5af8b855ea10165a923624f7ad9a67874579094e906c05ee528f5,SYNCED,0,
1312,SENSOR_LOG,"{""sensor_id"": ""SNS-MH-1004"", ""batch_id"": ""BTC-SEA-5005"", ""shipment_id"": ""SHP-2026-105"", ""timestamp"": ""2026-09-28 05:09:46 UTC"", ""temperature"": -19.43, ""humidity"": 92.7, ""location"": ""GPS: 45.0400 N, -120.1900 W"", ""battery_status"": 95}",2026-09-28 08:24:47 UTC,1,72194ec2bd65271168dc63dc324132b3a200e1dd30054a1d3f8476552b97b9ef,SYNCED,0,
1313,SENSOR_LOG,"{""sensor_id"": ""SNS-MH-1004"", ""batch_id"": ""BTC-SEA-5005"", ""shipment_id"": ""SHP-2026-105"", ""timestamp"": ""2026-09-28 05:24:46 UTC"", ""temperature"": -19.56, ""humidity"": 86.9, ""location"": ""GPS: 45.0400 N, -120.2000 W"", ""battery_status"": 95}",2026-09-28 08:24:47 UTC,1,3c0a0f0245d691efcee0559a5c76fbf20491f150efefb7c1e5fa42bfa4b77eb0,SYNCED,0,
1314,SENSOR_LOG,"{""sensor_id"": ""SNS-MH-1004"", ""batch_id"": ""BTC-SEA-5005"", ""shipment_id"": ""SHP-2026-105"", ""timestamp"": ""2026-09-28 05:39:46 UTC"", ""temperature"": -21.67, ""humidity"": 87.7, ""location"": ""GPS: 45.0400 N, -120.2100 W"", ""battery_status"": 95}",2026-09-28 08:24:47 UTC,1,48e86888bee30f5e34d0a6fc7a6035c8c072187e0c17e3fd37919c292de184a1,SYNCED,0,
1315,SENSOR_LOG,"{""sensor_id"": ""SNS-MH-1004"", ""batch_id"": ""BTC-SEA-5005"", ""shipment_id"": ""SHP-2026-105"", ""timestamp"": ""2026-09-28 05:54:46 UTC"", ""temperature"": -19.65, ""humidity"": 88.6, ""location"": ""GPS: 45.0400 N, -120.2200 W"", ""battery_status"": 95}",2026-09-28 08:24:47 UTC,1,0c23e1137f7c944ee00d30165839e81c62cdae7c4e8137356cce416007ef9c0c,SYNCED,0,
1316,SENSOR_LOG,"{""sensor_id"": ""SNS-MH-1004"", ""batch_id"": ""BTC-SEA-5005"", ""shipment_id"": ""SHP-2026-105"", ""timestamp"": ""2026-09-28 06:09:46 UTC"", ""temperature"": -18.95, ""humidity"": 87.6, ""location"": ""GPS: 45.0400 N, -120.2300 W"", ""battery_status"": 95}",2026-09-28 08:24:47 UTC,1,435445a4bb0b1cf7ac78c4b22f2bce2ba0e373645e8df8130895d3b4ee42dc4b,SYNCED,0,
1317,SENSOR_LOG,"{""sensor_id"": ""SNS-MH-1004"", ""batch_id"": ""BTC-SEA-5005"", ""shipment_id"": ""SHP-2026-105"", ""timestamp"": ""2026-09-28 06:24:46 UTC"", ""temperature"": -20.49, ""humidity"": 86.9, ""location"": ""GPS: 45.0400 N, -120.2400 W"", ""battery_status"": 95}",2026-09-28 08:24:47 UTC,1,0726bcb216003ffc55b56c8af1482e7ec56802e17692e3a71aab6e114eb36789,SYNCED,0,
1318,SENSOR_LOG,"{""sensor_id"": ""SNS-MH-1004"", ""batch_id"": ""BTC-SEA-5005"", ""shipment_id"": ""SHP-2026-105"", ""timestamp"": ""2026-09-28 06:39:46 UTC"", ""temperature"": -20.68, ""humidity"": 87.8, ""location"": ""GPS: 45.0400 N, -120.2500 W"", ""battery_status"": 95}",2026-09-28 08:24:47 UTC,1,4dd39652ced7928ae642388009f06a1b05f666015234386da856ac0f2fb84831,SYNCED,0,
1319,SENSOR_LOG,"{""sensor_id"": ""SNS-MH-1004"", ""batch_id"": ""BTC-SEA-5005"", ""shipment_id"": ""SHP-2026-105"", ""timestamp"": ""2026-09-28 06:54:46 UTC"", ""temperature"": -18.05, ""humidity"": 86.5, ""location"": ""GPS: 45.0400 N, -120.2600 W"", ""battery_status"": 95}",2026-09-28 08:24:47 UTC,1,f6eec45213e3260482ba6ee2bb46565de34a3d0fe5eaa4f8e6d701be0dcf4c73,SYNCED,0,
1320,SENSOR_LOG,"{""sensor_id"": ""SNS-MH-1004"", ""batch_id"": ""BTC-SEA-5005"", ""shipment_id"": ""SHP-2026-105"", ""timestamp"": ""2026-09-28 07:09:46 UTC"", ""temperature"": -21.52, ""humidity"": 85.7, ""location"": ""GPS: 45.0400 N, -120.2700 W"", ""battery_status"": 95}",2026-09-28 08:24:47 UTC,1,881ea6f90b6cc60b7b7e0c87d51de815e0698e3a85475f69f7cb5ae69577614e,SYNCED,0,
1321,SENSOR_LOG,"{""sensor_id"": ""SNS-MH-1004"", ""batch_id"": ""BTC-SEA-5005"", ""shipment_id"": ""SHP-2026-105"", ""timestamp"": ""2026-09-28 07:24:46 UTC"", ""temperature"": -20.26, ""humidity"": 90.9, ""location"": ""GPS: 45.0400 N, -120.2800 W"", ""battery_status"": 95}",2026-09-28 08:24:47 UTC,1,32fe0cfece9ed140580f9d439c6ba8cec72f478c5377adf184b99fa0fcd9ddf0,SYNCED,0,
1322,SENSOR_LOG,"{""sensor_id"": ""SNS-MH-1004"", ""batch_id"": ""BTC-SEA-5005"", ""shipment_id"": ""SHP-2026-105"", ""timestamp"": ""2026-09-28 07:39:46 UTC"", ""temperature"": -21.72, ""humidity"": 85.6, ""location"": ""GPS: 45.0400 N, -120.2900 W"", ""battery_status"": 95}",2026-09-28 08:24:47 UTC,1,a60a4795700f9115ae9634798fcd7e39ab5d1d4703b60246a4189be8f6f6bdda,SYNCED,0,
1323,SENSOR_LOG,"{""sensor_id"": ""SNS-MH-1004"", ""batch_id"": ""BTC-SEA-5005"", ""shipment_id"": ""SHP-2026-105"", ""timestamp"": ""2026-09-28 07:54:46 UTC"", ""temperature"": -18.91, ""humidity"": 87.1, ""location"": ""GPS: 45.0400 N, -120.3000 W"", ""battery_status"": 95}",2026-09-28 08:24:47 UTC,1,273a7f0a471a3647e96ee25d187c86a06bae63b7fc3d15717aa375def7cc330d,SYNCED,0,
1324,SENSOR_LOG,"{""sensor_id"": ""SNS-MH-1004"", ""batch_id"": ""BTC-SEA-5005"", ""shipment_id"": ""SHP-2026-105"", ""timestamp"": ""2026-09-28 08:09:46 UTC"", ""temperature"": -19.45, ""humidity"": 91.3, ""location"": ""GPS: 45.0400 N, -120.3100 W"", ""battery_status"": 95}",2026-09-28 08:24:47 UTC,1,ac23e05988ee56385fec8179290ac6c8a4e7b9b2e9c31fffe235ad97e52f1465,SYNCED,0,
1325,SENSOR_LOG,"{""sensor_id"": ""SNS-MH-1005"", ""batch_id"": ""BTC-SEA-5001"", ""shipment_id"": ""SHP-2026-101"", ""timestamp"": ""2026-09-28 00:24:46 UTC"", ""temperature"": -19.29, ""humidity"": 89.8, ""location"": ""GPS: 45.0500 N, -120.0000 W"", ""battery_status"": 95}",2026-09-28 08:24:47 UTC,1,2d26fc42af3f0237096442451f1e0c6d9863f51e636ea5d80be17d2076dfe62c,SYNCED,0,
1326,SENSOR_LOG,"{""sensor_id"": ""SNS-MH-1005"", ""batch_id"": ""BTC-SEA-5001"", ""shipment_id"": ""SHP-2026-101"", ""timestamp"": ""2026-09-28 00:39:46 UTC"", ""temperature"": -18.54, ""humidity"": 89.1, ""location"": ""GPS: 45.0500 N, -120.0100 W"", ""battery_status"": 95}",2026-09-28 08:24:47 UTC,1,0e4c27fcc4c516e6289a9f16cd287c0e77e02162c30573bd861e6b31ed2d9e66,SYNCED,0,
1327,SENSOR_LOG,"{""sensor_id"": ""SNS-MH-1005"", ""batch_id"": ""BTC-SEA-5001"", ""shipment_id"": ""SHP-2026-101"", ""timestamp"": ""2026-09-28 00:54:46 UTC"", ""temperature"": -20.56, ""humidity"": 86.8, ""location"": ""GPS: 45.0500 N, -120.0200 W"", ""battery_status"": 95}",2026-09-28 08:24:47 UTC,1,0b79b8da75eedcc2f4cffabb149d3721a2ebc1624fac93695b27ed5a1f3c7fc3,SYNCED,0,
1328,SENSOR_LOG,"{""sensor_id"": ""SNS-MH-1005"", ""batch_id"": ""BTC-SEA-5001"", ""shipment_id"": ""SHP-2026-101"", ""timestamp"": ""2026-09-28 01:09:46 UTC"", ""temperature"": -18.61, ""humidity"": 91.7, ""location"": ""GPS: 45.0500 N, -120.0300 W"", ""battery_status"": 95}",2026-09-28 08:24:47 UTC,1,8819bd0ec825a4429cb5b44ae62ef5e926970ce173dccf3e51e742ee702b3fcf,SYNCED,0,
1329,SENSOR_LOG,"{""sensor_id"": ""SNS-MH-1005"", ""batch_id"": ""BTC-SEA-5001"", ""shipment_id"": ""SHP-2026-101"", ""timestamp"": ""2026-09-28 01:24:46 UTC"", ""temperature"": -21.63, ""humidity"": 94.6, ""location"": ""GPS: 45.0500 N, -120.0400 W"", ""battery_status"": 95}",2026-09-28 08:24:47 UTC,1,e367b4c27ca1a6d7c05149e7f37963c4c706ac69b25fd9a718301d564ff8d889,SYNCED,0,
1330,SENSOR_LOG,"{""sensor_id"": ""SNS-MH-1005"", ""batch_id"": ""BTC-SEA-5001"", ""shipment_id"": ""SHP-2026-101"", ""timestamp"": ""2026-09-28 01:39:46 UTC"", ""temperature"": -21.91, ""humidity"": 94.7, ""location"": ""GPS: 45.0500 N, -120.0500 W"", ""battery_status"": 95}",2026-09-28 08:24:47 UTC,1,be8a08dc25ba552433df0fdf538ad59c4338674d048ef8ec30f4604c2954ad00,SYNCED,0,
1331,SENSOR_LOG,"{""sensor_id"": ""SNS-MH-1005"", ""batch_id"": ""BTC-SEA-5001"", ""shipment_id"": ""SHP-2026-101"", ""timestamp"": ""2026-09-28 01:54:46 UTC"", ""temperature"": -20.09, ""humidity"": 91.5, ""location"": ""GPS: 45.0500 N, -120.0600 W"", ""battery_status"": 95}",2026-09-28 08:24:47 UTC,1,e30665e45c854b2f798376e2ca92451b0e586b77178e197290972b1fe24c4dee,SYNCED,0,
1332,SENSOR_LOG,"{""sensor_id"": ""SNS-MH-1005"", ""batch_id"": ""BTC-SEA-5001"", ""shipment_id"": ""SHP-2026-101"", ""timestamp"": ""2026-09-28 02:09:46 UTC"", ""temperature"": -19.98, ""humidity"": 94.9, ""location"": ""GPS: 45.0500 N, -120.0700 W"", ""battery_status"": 95}",2026-09-28 08:24:47 UTC,1,33f557e3bb3970e811ac15d8f589d2cb88c17341bf593abb0ab70cb1c9dfafc7,SYNCED,0,
1333,SENSOR_LOG,"{""sensor_id"": ""SNS-MH-1005"", ""batch_id"": ""BTC-SEA-5001"", ""shipment_id"": ""SHP-2026-101"", ""timestamp"": ""2026-09-28 02:24:46 UTC"", ""temperature"": -19.33, ""humidity"": 87.1, ""location"": ""GPS: 45.0500 N, -120.0800 W"", ""battery_status"": 95}",2026-09-28 08:24:47 UTC,1,d259c73f02d7028aecc1dc9b45fe70d866497809f9e209c7c3ed1d3a1c460ae7,SYNCED,0,
1334,SENSOR_LOG,"{""sensor_id"": ""SNS-MH-1005"", ""batch_id"": ""BTC-SEA-5001"", ""shipment_id"": ""SHP-2026-101"", ""timestamp"": ""2026-09-28 02:39:46 UTC"", ""temperature"": -20.97, ""humidity"": 89.5, ""location"": ""GPS: 45.0500 N, -120.0900 W"", ""battery_status"": 95}",2026-09-28 08:24:47 UTC,1,6d5d8453fc7a627b992161217bb42cf539c2f7d1e4afd629101bdf07df4d1317,SYNCED,0,
1335,SENSOR_LOG,"{""sensor_id"": ""SNS-MH-1005"", ""batch_id"": ""BTC-SEA-5001"", ""shipment_id"": ""SHP-2026-101"", ""timestamp"": ""2026-09-28 02:54:46 UTC"", ""temperature"": -21.75, ""humidity"": 93.2, ""location"": ""GPS: 45.0500 N, -120.1000 W"", ""battery_status"": 95}",2026-09-28 08:24:47 UTC,1,a3dcd91256bec2b11026ab5140572bb41774f56deeb8718bf9529f405d2e9db9,SYNCED,0,
1336,SENSOR_LOG,"{""sensor_id"": ""SNS-MH-1005"", ""batch_id"": ""BTC-SEA-5001"", ""shipment_id"": ""SHP-2026-101"", ""timestamp"": ""2026-09-28 03:09:46 UTC"", ""temperature"": -19.07, ""humidity"": 87.3, ""location"": ""GPS: 45.0500 N, -120.1100 W"", ""battery_status"": 95}",2026-09-28 08:24:47 UTC,1,d6cc5fb006aa91052fadb73cf83a4b6cc4d8b253093fe9e05aa27f72b46836c7,SYNCED,0,
1337,SENSOR_LOG,"{""sensor_id"": ""SNS-MH-1005"", ""batch_id"": ""BTC-SEA-5001"", ""shipment_id"": ""SHP-2026-101"", ""timestamp"": ""2026-09-28 03:24:46 UTC"", ""temperature"": -19.48, ""humidity"": 91.6, ""location"": ""GPS: 45.0500 N, -120.1200 W"", ""battery_status"": 95}",2026-09-28 08:24:47 UTC,1,dfa7a1e6fbb467a40e20638e1c082e9308c58746c196e1a2c1314edea0905afc,SYNCED,0,
1338,SENSOR_LOG,"{""sensor_id"": ""SNS-MH-1005"", ""batch_id"": ""BTC-SEA-5001"", ""shipment_id"": ""SHP-2026-101"", ""timestamp"": ""2026-09-28 03:39:46 UTC"", ""temperature"": -18.29, ""humidity"": 85.3, ""location"": ""GPS: 45.0500 N, -120.1300 W"", ""battery_status"": 95}",2026-09-28 08:24:47 UTC,1,7ec876f160aa8f28facf4e03e4d89bf75a4eb0771299808b968deeb44c6db3a9,SYNCED,0,
1339,SENSOR_LOG,"{""sensor_id"": ""SNS-MH-1005"", ""batch_id"": ""BTC-SEA-5001"", ""shipment_id"": ""SHP-2026-101"", ""timestamp"": ""2026-09-28 03:54:46 UTC"", ""temperature"": -20.05, ""humidity"": 92.3, ""location"": ""GPS: 45.0500 N, -120.1400 W"", ""battery_status"": 95}",2026-09-28 08:24:47 UTC,1,1d558b72e6616fe07f63feb65dde941d3b74f07b46b506987587c39da2ad9ce8,SYNCED,0,
1340,SENSOR_LOG,"{""sensor_id"": ""SNS-MH-1005"", ""batch_id"": ""BTC-SEA-5001"", ""shipment_id"": ""SHP-2026-101"", ""timestamp"": ""2026-09-28 04:09:46 UTC"", ""temperature"": -19.8, ""humidity"": 89.5, ""location"": ""GPS: 45.0500 N, -120.1500 W"", ""battery_status"": 95}",2026-09-28 08:24:47 UTC,1,627064ca473610dfead35931e47b85705e7a74fdbb0a855d177dfb9399dcfd42,SYNCED,0,
1341,SENSOR_LOG,"{""sensor_id"": ""SNS-MH-1005"", ""batch_id"": ""BTC-SEA-5001"", ""shipment_id"": ""SHP-2026-101"", ""timestamp"": ""2026-09-28 04:24:46 UTC"", ""temperature"": -19.81, ""humidity"": 92.9, ""location"": ""GPS: 45.0500 N, -120.1600 W"", ""battery_status"": 95}",2026-09-28 08:24:47 UTC,1,fd2652b0e9b5c50cfcbd837aaba3bdbb0a5841e54caf9d6bb71b267fb018bfc9,SYNCED,0,
1342,SENSOR_LOG,"{""sensor_id"": ""SNS-MH-1005"", ""batch_id"": ""BTC-SEA-5001"", ""shipment_id"": ""SHP-2026-101"", ""timestamp"": ""2026-09-28 04:39:46 UTC"", ""temperature"": -18.4, ""humidity"": 93.5, ""location"": ""GPS: 45.0500 N, -120.1700 W"", ""battery_status"": 95}",2026-09-28 08:24:47 UTC,1,14f3b0de6d18f9a342b9148f87710d3f9efa9bd39bea9b3108ce4848d2fd6448,SYNCED,0,
1343,SENSOR_LOG,"{""sensor_id"": ""SNS-MH-1005"", ""batch_id"": ""BTC-SEA-5001"", ""shipment_id"": ""SHP-2026-101"", ""timestamp"": ""2026-09-28 04:54:46 UTC"", ""temperature"": -19.74, ""humidity"": 86.1, ""location"": ""GPS: 45.0500 N, -120.1800 W"", ""battery_status"": 95}",2026-09-28 08:24:47 UTC,1,69459daa0418f4f5d8b4ff495b8cc5597cc41722fd225bd63b6f71afa419aad7,SYNCED,0,
1344,SENSOR_LOG,"{""sensor_id"": ""SNS-MH-1005"", ""batch_id"": ""BTC-SEA-5001"", ""shipment_id"": ""SHP-2026-101"", ""timestamp"": ""2026-09-28 05:09:46 UTC"", ""temperature"": -20.0, ""humidity"": 90.8, ""location"": ""GPS: 45.0500 N, -120.1900 W"", ""battery_status"": 95}",2026-09-28 08:24:47 UTC,1,8856865779cb54f3a7a07c7cb92fc51e142cb1a82dbabea6216c1b1156a3250b,SYNCED,0,
1345,SENSOR_LOG,"{""sensor_id"": ""SNS-MH-1005"", ""batch_id"": ""BTC-SEA-5001"", ""shipment_id"": ""SHP-2026-101"", ""timestamp"": ""2026-09-28 05:24:46 UTC"", ""temperature"": -19.27, ""humidity"": 91.3, ""location"": ""GPS: 45.0500 N, -120.2000 W"", ""battery_status"": 95}",2026-09-28 08:24:47 UTC,1,7dfe5f69a7c8f7ba17e96640b5fb0c55e64b36c589580e0240892e6f5336bbc8,SYNCED,0,
1346,SENSOR_LOG,"{""sensor_id"": ""SNS-MH-1005"", ""batch_id"": ""BTC-SEA-5001"", ""shipment_id"": ""SHP-2026-101"", ""timestamp"": ""2026-09-28 05:39:46 UTC"", ""temperature"": -21.53, ""humidity"": 92.5, ""location"": ""GPS: 45.0500 N, -120.2100 W"", ""battery_status"": 95}",2026-09-28 08:24:47 UTC,1,1563f86ffdb0d56766355594c7a3375a3b6e8563eb55ad9eddf0f6e3450042a5,SYNCED,0,
1347,SENSOR_LOG,"{""sensor_id"": ""SNS-MH-1005"", ""batch_id"": ""BTC-SEA-5001"", ""shipment_id"": ""SHP-2026-101"", ""timestamp"": ""2026-09-28 05:54:46 UTC"", ""temperature"": -21.49, ""humidity"": 91.8, ""location"": ""GPS: 45.0500 N, -120.2200 W"", ""battery_status"": 95}",2026-09-28 08:24:47 UTC,1,0663883abae2e8bd2428fe14eebc7f236a17b81edc7f9f9e1bb6bedeebe50737,SYNCED,0,
1348,SENSOR_LOG,"{""sensor_id"": ""SNS-MH-1005"", ""batch_id"": ""BTC-SEA-5001"", ""shipment_id"": ""SHP-2026-101"", ""timestamp"": ""2026-09-28 06:09:46 UTC"", ""temperature"": -18.66, ""humidity"": 87.7, ""location"": ""GPS: 45.0500 N, -120.2300 W"", ""battery_status"": 95}",2026-09-28 08:24:47 UTC,1,664a96861c2168e6a8fab60481a6cc459219a7d0c8af58c662355ccb10784fbb,SYNCED,0,
1349,SENSOR_LOG,"{""sensor_id"": ""SNS-MH-1005"", ""batch_id"": ""BTC-SEA-5001"", ""shipment_id"": ""SHP-2026-101"", ""timestamp"": ""2026-09-28 06:24:46 UTC"", ""temperature"": -21.61, ""humidity"": 86.0, ""location"": ""GPS: 45.0500 N, -120.2400 W"", ""battery_status"": 95}",2026-09-28 08:24:47 UTC,1,c6ced0f420f2d6def5a4d684f46507bfb3401e8054569a8f205591b2f2df9431,SYNCED,0,
1350,SENSOR_LOG,"{""sensor_id"": ""SNS-MH-1005"", ""batch_id"": ""BTC-SEA-5001"", ""shipment_id"": ""SHP-2026-101"", ""timestamp"": ""2026-09-28 06:39:46 UTC"", ""temperature"": -20.28, ""humidity"": 94.0, ""location"": ""GPS: 45.0500 N, -120.2500 W"", ""battery_status"": 95}",2026-09-28 08:24:47 UTC,1,50923e882225944b649567a2a2a24881f5b82def7ee600ed16e39a945e8f697c,SYNCED,0,
1351,SENSOR_LOG,"{""sensor_id"": ""SNS-MH-1005"", ""batch_id"": ""BTC-SEA-5001"", ""shipment_id"": ""SHP-2026-101"", ""timestamp"": ""2026-09-28 06:54:46 UTC"", ""temperature"": -19.1, ""humidity"": 93.2, ""location"": ""GPS: 45.0500 N, -120.2600 W"", ""battery_status"": 95}",2026-09-28 08:24:47 UTC,1,44753c358b12c15a74ea6c5d3cb6a1b9382db4bd1458d496840abb0a10a02fa1,SYNCED,0,
1352,SENSOR_LOG,"{""sensor_id"": ""SNS-MH-1005"", ""batch_id"": ""BTC-SEA-5001"", ""shipment_id"": ""SHP-2026-101"", ""timestamp"": ""2026-09-28 07:09:46 UTC"", ""temperature"": -19.4, ""humidity"": 86.8, ""location"": ""GPS: 45.0500 N, -120.2700 W"", ""battery_status"": 95}",2026-09-28 08:24:47 UTC,1,3f7aeafa9e9e60209cf5147a6dbad966ed74da76c3d1689f48afd76866d9af5a,SYNCED,0,
1353,SENSOR_LOG,"{""sensor_id"": ""SNS-MH-1005"", ""batch_id"": ""BTC-SEA-5001"", ""shipment_id"": ""SHP-2026-101"", ""timestamp"": ""2026-09-28 07:24:46 UTC"", ""temperature"": -20.91, ""humidity"": 93.5, ""location"": ""GPS: 45.0500 N, -120.2800 W"", ""battery_status"": 95}",2026-09-28 08:24:47 UTC,1,5c497d98c075c7653bba14af0921902d37e3430bb65e3d53c2f20aecf276d718,SYNCED,0,
1354,SENSOR_LOG,"{""sensor_id"": ""SNS-MH-1005"", ""batch_id"": ""BTC-SEA-5001"", ""shipment_id"": ""SHP-2026-101"", ""timestamp"": ""2026-09-28 07:39:46 UTC"", ""temperature"": -21.11, ""humidity"": 86.3, ""location"": ""GPS: 45.0500 N, -120.2900 W"", ""battery_status"": 95}",2026-09-28 08:24:47 UTC,1,8be4d5af80874b725bc6ca470d38816808230fbc3f14db6746d583e088891cb4,SYNCED,0,
1355,SENSOR_LOG,"{""sensor_id"": ""SNS-MH-1005"", ""batch_id"": ""BTC-SEA-5001"", ""shipment_id"": ""SHP-2026-101"", ""timestamp"": ""2026-09-28 07:54:46 UTC"", ""temperature"": -20.8, ""humidity"": 94.6, ""location"": ""GPS: 45.0500 N, -120.3000 W"", ""battery_status"": 95}",2026-09-28 08:24:47 UTC,1,df4a895de9af9a89da955a57ec75a55bdba7a432d3f2afa839adf878608627d7,SYNCED,0,
1356,SENSOR_LOG,"{""sensor_id"": ""SNS-MH-1005"", ""batch_id"": ""BTC-SEA-5001"", ""shipment_id"": ""SHP-2026-101"", ""timestamp"": ""2026-09-28 08:09:46 UTC"", ""temperature"": -18.39, ""humidity"": 91.1, ""location"": ""GPS: 45.0500 N, -120.3100 W"", ""battery_status"": 95}",2026-09-28 08:24:47 UTC,1,28bd3e9ddcf3cf27392aefd340425ec6ee3b261e5f870a325cd4bbf40f8aebd2,SYNCED,0,
1357,SENSOR_LOG,"{""sensor_id"": ""SNS-MH-1006"", ""batch_id"": ""BTC-SEA-5002"", ""shipment_id"": ""SHP-2026-102"", ""timestamp"": ""2026-09-28 00:24:46 UTC"", ""temperature"": -18.64, ""humidity"": 86.7, ""location"": ""GPS: 45.0600 N, -120.0000 W"", ""battery_status"": 95}",2026-09-28 08:24:47 UTC,1,953138012b7c1acfb3f5b82321918f4946ce6bf6241a674a11259291ec55dd5c,SYNCED,0,
1358,SENSOR_LOG,"{""sensor_id"": ""SNS-MH-1006"", ""batch_id"": ""BTC-SEA-5002"", ""shipment_id"": ""SHP-2026-102"", ""timestamp"": ""2026-09-28 00:39:46 UTC"", ""temperature"": -19.07, ""humidity"": 92.7, ""location"": ""GPS: 45.0600 N, -120.0100 W"", ""battery_status"": 95}",2026-09-28 08:24:47 UTC,1,34395007fc37f5b6ca84349bba1cf4889de04fc7519b6b4969d4f1acac953a79,SYNCED,0,
1359,SENSOR_LOG,"{""sensor_id"": ""SNS-MH-1006"", ""batch_id"": ""BTC-SEA-5002"", ""shipment_id"": ""SHP-2026-102"", ""timestamp"": ""2026-09-28 00:54:46 UTC"", ""temperature"": -18.26, ""humidity"": 85.8, ""location"": ""GPS: 45.0600 N, -120.0200 W"", ""battery_status"": 95}",2026-09-28 08:24:47 UTC,1,7bdb5584c303acc12e06139f9f8f231b5b2b310e98abf146b714866a996e0c15,SYNCED,0,
1360,SENSOR_LOG,"{""sensor_id"": ""SNS-MH-1006"", ""batch_id"": ""BTC-SEA-5002"", ""shipment_id"": ""SHP-2026-102"", ""timestamp"": ""2026-09-28 01:09:46 UTC"", ""temperature"": -19.04, ""humidity"": 90.6, ""location"": ""GPS: 45.0600 N, -120.0300 W"", ""battery_status"": 95}",2026-09-28 08:24:47 UTC,1,13351fcaecd28bc65753bd1d18993c3ecd8f362747b00df3f7f067f21303c742,SYNCED,0,
1361,SENSOR_LOG,"{""sensor_id"": ""SNS-MH-1006"", ""batch_id"": ""BTC-SEA-5002"", ""shipment_id"": ""SHP-2026-102"", ""timestamp"": ""2026-09-28 01:24:46 UTC"", ""temperature"": -20.34, ""humidity"": 88.2, ""location"": ""GPS: 45.0600 N, -120.0400 W"", ""battery_status"": 95}",2026-09-28 08:24:47 UTC,1,5bafe6055b55d60f94612c2b473f78d5337943e881751614a20f31cd5925f8e2,SYNCED,0,
1362,SENSOR_LOG,"{""sensor_id"": ""SNS-MH-1006"", ""batch_id"": ""BTC-SEA-5002"", ""shipment_id"": ""SHP-2026-102"", ""timestamp"": ""2026-09-28 01:39:46 UTC"", ""temperature"": -20.73, ""humidity"": 86.5, ""location"": ""GPS: 45.0600 N, -120.0500 W"", ""battery_status"": 95}",2026-09-28 08:24:47 UTC,1,4466ff6598eedbf082bc0fff9cf1545854813b8c634ddd67b32641aafceac217,SYNCED,0,
1363,SENSOR_LOG,"{""sensor_id"": ""SNS-MH-1006"", ""batch_id"": ""BTC-SEA-5002"", ""shipment_id"": ""SHP-2026-102"", ""timestamp"": ""2026-09-28 01:54:46 UTC"", ""temperature"": -18.18, ""humidity"": 90.1, ""location"": ""GPS: 45.0600 N, -120.0600 W"", ""battery_status"": 95}",2026-09-28 08:24:47 UTC,1,b4caa33c26e9183640e4f3eb95da89da6a6ca354414268dab1525e35e0fd277b,SYNCED,0,
1364,SENSOR_LOG,"{""sensor_id"": ""SNS-MH-1006"", ""batch_id"": ""BTC-SEA-5002"", ""shipment_id"": ""SHP-2026-102"", ""timestamp"": ""2026-09-28 02:09:46 UTC"", ""temperature"": -18.19, ""humidity"": 90.1, ""location"": ""GPS: 45.0600 N, -120.0700 W"", ""battery_status"": 95}",2026-09-28 08:24:48 UTC,1,64b361248292d26f8d5ae863bc27af7f162614560af7675bd923ce3ca97d6641,SYNCED,0,
1365,SENSOR_LOG,"{""sensor_id"": ""SNS-MH-1006"", ""batch_id"": ""BTC-SEA-5002"", ""shipment_id"": ""SHP-2026-102"", ""timestamp"": ""2026-09-28 02:24:46 UTC"", ""temperature"": -21.71, ""humidity"": 92.2, ""location"": ""GPS: 45.0600 N, -120.0800 W"", ""battery_status"": 95}",2026-09-28 08:24:48 UTC,1,20fbad496b0d391143a37fffce40ed4f71e85a37dc9ee30280d8bc1427988a98,SYNCED,0,
1366,SENSOR_LOG,"{""sensor_id"": ""SNS-MH-1006"", ""batch_id"": ""BTC-SEA-5002"", ""shipment_id"": ""SHP-2026-102"", ""timestamp"": ""2026-09-28 02:39:46 UTC"", ""temperature"": -21.85, ""humidity"": 88.7, ""location"": ""GPS: 45.0600 N, -120.0900 W"", ""battery_status"": 95}",2026-09-28 08:24:48 UTC,1,4b729acbf013e62105f0cf9623e9ad3af7fa21cd2344464f4af99375d6b40294,SYNCED,0,
1367,SENSOR_LOG,"{""sensor_id"": ""SNS-MH-1006"", ""batch_id"": ""BTC-SEA-5002"", ""shipment_id"": ""SHP-2026-102"", ""timestamp"": ""2026-09-28 02:54:46 UTC"", ""temperature"": -20.72, ""humidity"": 94.8, ""location"": ""GPS: 45.0600 N, -120.1000 W"", ""battery_status"": 95}",2026-09-28 08:24:48 UTC,1,d5837a74fddb8780179e1cbd52fcb6138070e9724dc0b77ceceddc67924ca6ee,SYNCED,0,
1368,SENSOR_LOG,"{""sensor_id"": ""SNS-MH-1006"", ""batch_id"": ""BTC-SEA-5002"", ""shipment_id"": ""SHP-2026-102"", ""timestamp"": ""2026-09-28 03:09:46 UTC"", ""temperature"": -21.94, ""humidity"": 85.0, ""location"": ""GPS: 45.0600 N, -120.1100 W"", ""battery_status"": 95}",2026-09-28 08:24:48 UTC,1,6e363685737aad117f32ea0e2545b0c244441de40586711cbaeef74125953cb3,SYNCED,0,
1369,SENSOR_LOG,"{""sensor_id"": ""SNS-MH-1006"", ""batch_id"": ""BTC-SEA-5002"", ""shipment_id"": ""SHP-2026-102"", ""timestamp"": ""2026-09-28 03:24:46 UTC"", ""temperature"": -19.47, ""humidity"": 88.6, ""location"": ""GPS: 45.0600 N, -120.1200 W"", ""battery_status"": 95}",2026-09-28 08:24:48 UTC,1,3d5e712ed7703d144121145ae211d087e2fb4331c206b3f9234c14f22fccc244,SYNCED,0,
1370,SENSOR_LOG,"{""sensor_id"": ""SNS-MH-1006"", ""batch_id"": ""BTC-SEA-5002"", ""shipment_id"": ""SHP-2026-102"", ""timestamp"": ""2026-09-28 03:39:46 UTC"", ""temperature"": -21.74, ""humidity"": 89.9, ""location"": ""GPS: 45.0600 N, -120.1300 W"", ""battery_status"": 95}",2026-09-28 08:24:48 UTC,1,5808ec1de93d322c3b50927e522e0fdb28f7c7efb701f417aa74b17b187c0a0a,SYNCED,0,
1371,SENSOR_LOG,"{""sensor_id"": ""SNS-MH-1006"", ""batch_id"": ""BTC-SEA-5002"", ""shipment_id"": ""SHP-2026-102"", ""timestamp"": ""2026-09-28 03:54:46 UTC"", ""temperature"": -20.57, ""humidity"": 89.3, ""location"": ""GPS: 45.0600 N, -120.1400 W"", ""battery_status"": 95}",2026-09-28 08:24:48 UTC,1,e27c7e43ea303e97f7c996666f5725009e4aa963c5fb9f1440a59d4ff9eef13e,SYNCED,0,
1372,SENSOR_LOG,"{""sensor_id"": ""SNS-MH-1006"", ""batch_id"": ""BTC-SEA-5002"", ""shipment_id"": ""SHP-2026-102"", ""timestamp"": ""2026-09-28 04:09:46 UTC"", ""temperature"": -18.86, ""humidity"": 85.9, ""location"": ""GPS: 45.0600 N, -120.1500 W"", ""battery_status"": 95}",2026-09-28 08:24:48 UTC,1,d33964ec7c1a20d600dd06d15aa00cece2729767d79eef07974f08a65dc9fcd6,SYNCED,0,
1373,SENSOR_LOG,"{""sensor_id"": ""SNS-MH-1006"", ""batch_id"": ""BTC-SEA-5002"", ""shipment_id"": ""SHP-2026-102"", ""timestamp"": ""2026-09-28 04:24:46 UTC"", ""temperature"": -19.52, ""humidity"": 94.3, ""location"": ""GPS: 45.0600 N, -120.1600 W"", ""battery_status"": 95}",2026-09-28 08:24:48 UTC,1,7756ea877742b7729a9c22134656a7c559cc8c184cc601e24994d50026e72b03,SYNCED,0,
1374,SENSOR_LOG,"{""sensor_id"": ""SNS-MH-1006"", ""batch_id"": ""BTC-SEA-5002"", ""shipment_id"": ""SHP-2026-102"", ""timestamp"": ""2026-09-28 04:39:46 UTC"", ""temperature"": -21.48, ""humidity"": 86.6, ""location"": ""GPS: 45.0600 N, -120.1700 W"", ""battery_status"": 95}",2026-09-28 08:24:48 UTC,1,21f6d7a16e2fe2ec494d31c11e34ee786f1d0c3053670dc370d763f51a00b560,SYNCED,0,
1375,SENSOR_LOG,"{""sensor_id"": ""SNS-MH-1006"", ""batch_id"": ""BTC-SEA-5002"", ""shipment_id"": ""SHP-2026-102"", ""timestamp"": ""2026-09-28 04:54:46 UTC"", ""temperature"": -20.7, ""humidity"": 86.3, ""location"": ""GPS: 45.0600 N, -120.1800 W"", ""battery_status"": 95}",2026-09-28 08:24:48 UTC,1,240637342731c2d6ce043209737593094ec535ad3cd28843d464b632c65743d2,SYNCED,0,
1376,SENSOR_LOG,"{""sensor_id"": ""SNS-MH-1006"", ""batch_id"": ""BTC-SEA-5002"", ""shipment_id"": ""SHP-2026-102"", ""timestamp"": ""2026-09-28 05:09:46 UTC"", ""temperature"": -19.36, ""humidity"": 90.1, ""location"": ""GPS: 45.0600 N, -120.1900 W"", ""battery_status"": 95}",2026-09-28 08:24:48 UTC,1,8f6443f9e8073f89e16ddd21ea036331a46089cd635b9945a223a2d7a35c3ff5,SYNCED,0,
1377,SENSOR_LOG,"{""sensor_id"": ""SNS-MH-1006"", ""batch_id"": ""BTC-SEA-5002"", ""shipment_id"": ""SHP-2026-102"", ""timestamp"": ""2026-09-28 05:24:46 UTC"", ""temperature"": -21.13, ""humidity"": 92.4, ""location"": ""GPS: 45.0600 N, -120.2000 W"", ""battery_status"": 95}",2026-09-28 08:24:48 UTC,1,fe283ad8811f9c961e23fb87610b0b70f196c868589d986f055e736f1af78028,SYNCED,0,
1378,SENSOR_LOG,"{""sensor_id"": ""SNS-MH-1006"", ""batch_id"": ""BTC-SEA-5002"", ""shipment_id"": ""SHP-2026-102"", ""timestamp"": ""2026-09-28 05:39:46 UTC"", ""temperature"": -20.85, ""humidity"": 86.3, ""location"": ""GPS: 45.0600 N, -120.2100 W"", ""battery_status"": 95}",2026-09-28 08:24:48 UTC,1,bf55b9b5896602cf5f40b3ebb76134e847d14b13f0b08e5f18f58c6139da0716,SYNCED,0,
1379,SENSOR_LOG,"{""sensor_id"": ""SNS-MH-1006"", ""batch_id"": ""BTC-SEA-5002"", ""shipment_id"": ""SHP-2026-102"", ""timestamp"": ""2026-09-28 05:54:46 UTC"", ""temperature"": -20.32, ""humidity"": 85.4, ""location"": ""GPS: 45.0600 N, -120.2200 W"", ""battery_status"": 95}",2026-09-28 08:24:48 UTC,1,e09180cf39168e903358be5123913dd4d2e7edd2e268dda3df2c6a08b9f30662,SYNCED,0,
1380,SENSOR_LOG,"{""sensor_id"": ""SNS-MH-1006"", ""batch_id"": ""BTC-SEA-5002"", ""shipment_id"": ""SHP-2026-102"", ""timestamp"": ""2026-09-28 06:09:46 UTC"", ""temperature"": -20.1, ""humidity"": 94.3, ""location"": ""GPS: 45.0600 N, -120.2300 W"", ""battery_status"": 95}",2026-09-28 08:24:48 UTC,1,df7cf4801c4e6ffc901690ee03884d90598c65db660ef779f4cfc8620eacf33b,SYNCED,0,
1381,SENSOR_LOG,"{""sensor_id"": ""SNS-MH-1006"", ""batch_id"": ""BTC-SEA-5002"", ""shipment_id"": ""SHP-2026-102"", ""timestamp"": ""2026-09-28 06:24:46 UTC"", ""temperature"": -20.66, ""humidity"": 88.3, ""location"": ""GPS: 45.0600 N, -120.2400 W"", ""battery_status"": 95}",2026-09-28 08:24:48 UTC,1,73ee2fb7bbcc3bad26da3d3b363494110dac886e1e0024f852955a384c016768,SYNCED,0,
1382,SENSOR_LOG,"{""sensor_id"": ""SNS-MH-1006"", ""batch_id"": ""BTC-SEA-5002"", ""shipment_id"": ""SHP-2026-102"", ""timestamp"": ""2026-09-28 06:39:46 UTC"", ""temperature"": -21.25, ""humidity"": 90.8, ""location"": ""GPS: 45.0600 N, -120.2500 W"", ""battery_status"": 95}",2026-09-28 08:24:48 UTC,1,632e0b82c45baf6cedfee994f053595ca40c4bd69d46496c63a57e4f418bfe90,SYNCED,0,
1383,SENSOR_LOG,"{""sensor_id"": ""SNS-MH-1006"", ""batch_id"": ""BTC-SEA-5002"", ""shipment_id"": ""SHP-2026-102"", ""timestamp"": ""2026-09-28 06:54:46 UTC"", ""temperature"": -19.74, ""humidity"": 93.9, ""location"": ""GPS: 45.0600 N, -120.2600 W"", ""battery_status"": 95}",2026-09-28 08:24:48 UTC,1,cd4ce46639cc9c46ff855f6d3ceb003435dc8845f0fa9020d7377cdf065736aa,SYNCED,0,
1384,SENSOR_LOG,"{""sensor_id"": ""SNS-MH-1006"", ""batch_id"": ""BTC-SEA-5002"", ""shipment_id"": ""SHP-2026-102"", ""timestamp"": ""2026-09-28 07:09:46 UTC"", ""temperature"": -19.24, ""humidity"": 91.9, ""location"": ""GPS: 45.0600 N, -120.2700 W"", ""battery_status"": 95}",2026-09-28 08:24:48 UTC,1,1de86523bf6688e3ed4c2540a2a52bc401fc3f71083ea1464f7e605301dd609c,SYNCED,0,
1385,SENSOR_LOG,"{""sensor_id"": ""SNS-MH-1006"", ""batch_id"": ""BTC-SEA-5002"", ""shipment_id"": ""SHP-2026-102"", ""timestamp"": ""2026-09-28 07:24:46 UTC"", ""temperature"": -20.88, ""humidity"": 91.0, ""location"": ""GPS: 45.0600 N, -120.2800 W"", ""battery_status"": 95}",2026-09-28 08:24:48 UTC,1,4c21c536890f5ad990bd460c86b6bc62aecae85e3d9f33c27bf25e2c821cdef9,SYNCED,0,
1386,SENSOR_LOG,"{""sensor_id"": ""SNS-MH-1006"", ""batch_id"": ""BTC-SEA-5002"", ""shipment_id"": ""SHP-2026-102"", ""timestamp"": ""2026-09-28 07:39:46 UTC"", ""temperature"": -21.73, ""humidity"": 85.6, ""location"": ""GPS: 45.0600 N, -120.2900 W"", ""battery_status"": 95}",2026-09-28 08:24:48 UTC,1,49bd1a18959c91b7dbaade5e1b16fcd511a85c7763ab32edbd0c0efad1575f53,SYNCED,0,
1387,SENSOR_LOG,"{""sensor_id"": ""SNS-MH-1006"", ""batch_id"": ""BTC-SEA-5002"", ""shipment_id"": ""SHP-2026-102"", ""timestamp"": ""2026-09-28 07:54:46 UTC"", ""temperature"": -21.09, ""humidity"": 92.4, ""location"": ""GPS: 45.0600 N, -120.3000 W"", ""battery_status"": 95}",2026-09-28 08:24:48 UTC,1,c6aaa28ccb8b3a627f159d98e78aa6a3a8a774faf000fe9c07f81269f919465b,SYNCED,0,
1388,SENSOR_LOG,"{""sensor_id"": ""SNS-MH-1006"", ""batch_id"": ""BTC-SEA-5002"", ""shipment_id"": ""SHP-2026-102"", ""timestamp"": ""2026-09-28 08:09:46 UTC"", ""temperature"": -18.54, ""humidity"": 93.2, ""location"": ""GPS: 45.0600 N, -120.3100 W"", ""battery_status"": 95}",2026-09-28 08:24:48 UTC,1,83ae2db6bbc17f9f265789df14f5ca864076f092b429539a489d0063c85538c5,SYNCED,0,
1389,SENSOR_LOG,"{""sensor_id"": ""SNS-MH-1007"", ""batch_id"": ""BTC-SEA-5003"", ""shipment_id"": ""SHP-2026-103"", ""timestamp"": ""2026-09-28 00:24:46 UTC"", ""temperature"": -19.08, ""humidity"": 93.6, ""location"": ""GPS: 45.0700 N, -120.0000 W"", ""battery_status"": 95}",2026-09-28 08:24:48 UTC,1,0cd5b24ac79b33bb27cf4414ae050e5a7af2a964f10faa6403df3e70167bb6fe,SYNCED,0,
1390,SENSOR_LOG,"{""sensor_id"": ""SNS-MH-1007"", ""batch_id"": ""BTC-SEA-5003"", ""shipment_id"": ""SHP-2026-103"", ""timestamp"": ""2026-09-28 00:39:46 UTC"", ""temperature"": -21.43, ""humidity"": 86.7, ""location"": ""GPS: 45.0700 N, -120.0100 W"", ""battery_status"": 95}",2026-09-28 08:24:48 UTC,1,3241c24d38b3256100769213f0945e3d69325b1a5c801bb9439cdcd429caa7cb,SYNCED,0,
1391,SENSOR_LOG,"{""sensor_id"": ""SNS-MH-1007"", ""batch_id"": ""BTC-SEA-5003"", ""shipment_id"": ""SHP-2026-103"", ""timestamp"": ""2026-09-28 00:54:46 UTC"", ""temperature"": -19.88, ""humidity"": 86.0, ""location"": ""GPS: 45.0700 N, -120.0200 W"", ""battery_status"": 95}",2026-09-28 08:24:48 UTC,1,6e58cad7a904c55ec4155ade9820135dc2e7c8bd7c1143ff43e8a9e929565342,SYNCED,0,
1392,SENSOR_LOG,"{""sensor_id"": ""SNS-MH-1007"", ""batch_id"": ""BTC-SEA-5003"", ""shipment_id"": ""SHP-2026-103"", ""timestamp"": ""2026-09-28 01:09:46 UTC"", ""temperature"": -19.75, ""humidity"": 85.9, ""location"": ""GPS: 45.0700 N, -120.0300 W"", ""battery_status"": 95}",2026-09-28 08:24:48 UTC,1,0a49bb58b1d81787287fa57889fe8133d54695ae1363a2d2ae28488ec05999e6,SYNCED,0,
1393,SENSOR_LOG,"{""sensor_id"": ""SNS-MH-1007"", ""batch_id"": ""BTC-SEA-5003"", ""shipment_id"": ""SHP-2026-103"", ""timestamp"": ""2026-09-28 01:24:46 UTC"", ""temperature"": -20.16, ""humidity"": 92.7, ""location"": ""GPS: 45.0700 N, -120.0400 W"", ""battery_status"": 95}",2026-09-28 08:24:48 UTC,1,1c767d105c9d543e0d58c9523091802e9430a81da517387834032dd00b8669db,SYNCED,0,
1394,SENSOR_LOG,"{""sensor_id"": ""SNS-MH-1007"", ""batch_id"": ""BTC-SEA-5003"", ""shipment_id"": ""SHP-2026-103"", ""timestamp"": ""2026-09-28 01:39:46 UTC"", ""temperature"": -18.19, ""humidity"": 90.0, ""location"": ""GPS: 45.0700 N, -120.0500 W"", ""battery_status"": 95}",2026-09-28 08:24:48 UTC,1,84dae9a4a8cc8271e601d85c643abfe2bb8e3a3587dcc5fe82b4f74050c2eea6,SYNCED,0,
1395,SENSOR_LOG,"{""sensor_id"": ""SNS-MH-1007"", ""batch_id"": ""BTC-SEA-5003"", ""shipment_id"": ""SHP-2026-103"", ""timestamp"": ""2026-09-28 01:54:46 UTC"", ""temperature"": -18.56, ""humidity"": 93.8, ""location"": ""GPS: 45.0700 N, -120.0600 W"", ""battery_status"": 95}",2026-09-28 08:24:48 UTC,1,28bca6a468450c9bb14a91b9e222bd55f188d4122d039b06939506526e677e18,SYNCED,0,
1396,SENSOR_LOG,"{""sensor_id"": ""SNS-MH-1007"", ""batch_id"": ""BTC-SEA-5003"", ""shipment_id"": ""SHP-2026-103"", ""timestamp"": ""2026-09-28 02:09:46 UTC"", ""temperature"": -20.07, ""humidity"": 87.4, ""location"": ""GPS: 45.0700 N, -120.0700 W"", ""battery_status"": 95}",2026-09-28 08:24:48 UTC,1,bf7af2408169f288e3bd8607617c2144b2b75718a7cd2f9bad999babe31b31b9,SYNCED,0,
1397,SENSOR_LOG,"{""sensor_id"": ""SNS-MH-1007"", ""batch_id"": ""BTC-SEA-5003"", ""shipment_id"": ""SHP-2026-103"", ""timestamp"": ""2026-09-28 02:24:46 UTC"", ""temperature"": -21.47, ""humidity"": 91.2, ""location"": ""GPS: 45.0700 N, -120.0800 W"", ""battery_status"": 95}",2026-09-28 08:24:48 UTC,1,a77cf48c6347b97e5f87e31f0bcd13b09c600bc518492b3a9596ecc3c34895e1,SYNCED,0,
1398,SENSOR_LOG,"{""sensor_id"": ""SNS-MH-1007"", ""batch_id"": ""BTC-SEA-5003"", ""shipment_id"": ""SHP-2026-103"", ""timestamp"": ""2026-09-28 02:39:46 UTC"", ""temperature"": -19.08, ""humidity"": 89.2, ""location"": ""GPS: 45.0700 N, -120.0900 W"", ""battery_status"": 95}",2026-09-28 08:24:48 UTC,1,688d23fe3d9692042d73da8f75eea5e1af6bf4b6b61d5c62c65d4229af148c3c,SYNCED,0,
1399,SENSOR_LOG,"{""sensor_id"": ""SNS-MH-1007"", ""batch_id"": ""BTC-SEA-5003"", ""shipment_id"": ""SHP-2026-103"", ""timestamp"": ""2026-09-28 02:54:46 UTC"", ""temperature"": -21.49, ""humidity"": 93.0, ""location"": ""GPS: 45.0700 N, -120.1000 W"", ""battery_status"": 95}",2026-09-28 08:24:48 UTC,1,e87ce292a1adcb20badc85a2d6230bb2358cadcc59a2088105e6a117cc6d5688,SYNCED,0,
1400,SENSOR_LOG,"{""sensor_id"": ""SNS-MH-1007"", ""batch_id"": ""BTC-SEA-5003"", ""shipment_id"": ""SHP-2026-103"", ""timestamp"": ""2026-09-28 03:09:46 UTC"", ""temperature"": -19.48, ""humidity"": 88.9, ""location"": ""GPS: 45.0700 N, -120.1100 W"", ""battery_status"": 95}",2026-09-28 08:24:48 UTC,1,c82986b340f3b561f9aead54ad9b6678b080dffccf3a6c781c3eef70e2956a0f,SYNCED,0,
1401,SENSOR_LOG,"{""sensor_id"": ""SNS-MH-1007"", ""batch_id"": ""BTC-SEA-5003"", ""shipment_id"": ""SHP-2026-103"", ""timestamp"": ""2026-09-28 03:24:46 UTC"", ""temperature"": -18.27, ""humidity"": 90.7, ""location"": ""GPS: 45.0700 N, -120.1200 W"", ""battery_status"": 95}",2026-09-28 08:24:48 UTC,1,617e37c3b81f0423447f559bf67953f97c0fe2ee62d6db293f8c80118d23e62f,SYNCED,0,
1402,SENSOR_LOG,"{""sensor_id"": ""SNS-MH-1007"", ""batch_id"": ""BTC-SEA-5003"", ""shipment_id"": ""SHP-2026-103"", ""timestamp"": ""2026-09-28 03:39:46 UTC"", ""temperature"": -20.77, ""humidity"": 85.8, ""location"": ""GPS: 45.0700 N, -120.1300 W"", ""battery_status"": 95}",2026-09-28 08:24:48 UTC,1,c0912409982a653a6e2f895a208817d7cbfd90872e0e68b5c30e23259ccaa866,SYNCED,0,
1403,SENSOR_LOG,"{""sensor_id"": ""SNS-MH-1007"", ""batch_id"": ""BTC-SEA-5003"", ""shipment_id"": ""SHP-2026-103"", ""timestamp"": ""2026-09-28 03:54:46 UTC"", ""temperature"": -20.28, ""humidity"": 88.5, ""location"": ""GPS: 45.0700 N, -120.1400 W"", ""battery_status"": 95}",2026-09-28 08:24:48 UTC,1,1f6f869ca43274e56e81da4428fe5293229c1766f8fa63c96c45dcf15d9af16d,SYNCED,0,
1404,SENSOR_LOG,"{""sensor_id"": ""SNS-MH-1007"", ""batch_id"": ""BTC-SEA-5003"", ""shipment_id"": ""SHP-2026-103"", ""timestamp"": ""2026-09-28 04:09:46 UTC"", ""temperature"": -18.59, ""humidity"": 86.6, ""location"": ""GPS: 45.0700 N, -120.1500 W"", ""battery_status"": 95}",2026-09-28 08:24:48 UTC,1,91531c024b56ab01e3e4a58a0e57ec6fcdae428f1e648f01082a167780d1f73c,SYNCED,0,
1405,SENSOR_LOG,"{""sensor_id"": ""SNS-MH-1007"", ""batch_id"": ""BTC-SEA-5003"", ""shipment_id"": ""SHP-2026-103"", ""timestamp"": ""2026-09-28 04:24:46 UTC"", ""temperature"": -21.97, ""humidity"": 93.2, ""location"": ""GPS: 45.0700 N, -120.1600 W"", ""battery_status"": 95}",2026-09-28 08:24:48 UTC,1,ac3bc63fcb6dbe6364de0d39901c8a7fb538cbf5d98bae26f7fc12e4013d1595,SYNCED,0,
1406,SENSOR_LOG,"{""sensor_id"": ""SNS-MH-1007"", ""batch_id"": ""BTC-SEA-5003"", ""shipment_id"": ""SHP-2026-103"", ""timestamp"": ""2026-09-28 04:39:46 UTC"", ""temperature"": -19.75, ""humidity"": 94.6, ""location"": ""GPS: 45.0700 N, -120.1700 W"", ""battery_status"": 95}",2026-09-28 08:24:48 UTC,1,4e5dd61c9f70a96828663a0febd454fc2ef92ded99632f06512cb258f901e095,SYNCED,0,
1407,SENSOR_LOG,"{""sensor_id"": ""SNS-MH-1007"", ""batch_id"": ""BTC-SEA-5003"", ""shipment_id"": ""SHP-2026-103"", ""timestamp"": ""2026-09-28 04:54:46 UTC"", ""temperature"": -21.6, ""humidity"": 88.6, ""location"": ""GPS: 45.0700 N, -120.1800 W"", ""battery_status"": 95}",2026-09-28 08:24:48 UTC,1,a5023c175d9c7d21451ee1e5200dc844ab0d5679e0d9d9e909cf8e29906ff16e,SYNCED,0,
1408,SENSOR_LOG,"{""sensor_id"": ""SNS-MH-1007"", ""batch_id"": ""BTC-SEA-5003"", ""shipment_id"": ""SHP-2026-103"", ""timestamp"": ""2026-09-28 05:09:46 UTC"", ""temperature"": -21.12, ""humidity"": 88.6, ""location"": ""GPS: 45.0700 N, -120.1900 W"", ""battery_status"": 95}",2026-09-28 08:24:48 UTC,1,9e643d1fa1e51f04c1d0267b8a451cb8b0cb0c45dd3a80c22a11b296e1d6fd95,SYNCED,0,
1409,SENSOR_LOG,"{""sensor_id"": ""SNS-MH-1007"", ""batch_id"": ""BTC-SEA-5003"", ""shipment_id"": ""SHP-2026-103"", ""timestamp"": ""2026-09-28 05:24:46 UTC"", ""temperature"": -20.0, ""humidity"": 90.4, ""location"": ""GPS: 45.0700 N, -120.2000 W"", ""battery_status"": 95}",2026-09-28 08:24:48 UTC,1,55573d32437e6e6face3c471c28e7885af9ff598fec5647ab20144728cfc4327,SYNCED,0,
1410,SENSOR_LOG,"{""sensor_id"": ""SNS-MH-1007"", ""batch_id"": ""BTC-SEA-5003"", ""shipment_id"": ""SHP-2026-103"", ""timestamp"": ""2026-09-28 05:39:46 UTC"", ""temperature"": -21.77, ""humidity"": 92.9, ""location"": ""GPS: 45.0700 N, -120.2100 W"", ""battery_status"": 95}",2026-09-28 08:24:48 UTC,1,2c5f3172ecffce4397d18b161e06864935296918813969069287ccd6a860bf92,SYNCED,0,
1411,SENSOR_LOG,"{""sensor_id"": ""SNS-MH-1007"", ""batch_id"": ""BTC-SEA-5003"", ""shipment_id"": ""SHP-2026-103"", ""timestamp"": ""2026-09-28 05:54:46 UTC"", ""temperature"": -18.1, ""humidity"": 87.0, ""location"": ""GPS: 45.0700 N, -120.2200 W"", ""battery_status"": 95}",2026-09-28 08:24:48 UTC,1,c672bdb863aaad75be300ebc7d0c15846bd588b033b7b7af3ecd772bba38aaa2,SYNCED,0,
1412,SENSOR_LOG,"{""sensor_id"": ""SNS-MH-1007"", ""batch_id"": ""BTC-SEA-5003"", ""shipment_id"": ""SHP-2026-103"", ""timestamp"": ""2026-09-28 06:09:46 UTC"", ""temperature"": -18.85, ""humidity"": 92.5, ""location"": ""GPS: 45.0700 N, -120.2300 W"", ""battery_status"": 95}",2026-09-28 08:24:48 UTC,1,5ec689dc2e4702a824a9e03a5ce6799278d6608d46888a6f7e5851f639b5e9c6,SYNCED,0,
1413,SENSOR_LOG,"{""sensor_id"": ""SNS-MH-1007"", ""batch_id"": ""BTC-SEA-5003"", ""shipment_id"": ""SHP-2026-103"", ""timestamp"": ""2026-09-28 06:24:46 UTC"", ""temperature"": -18.11, ""humidity"": 89.5, ""location"": ""GPS: 45.0700 N, -120.2400 W"", ""battery_status"": 95}",2026-09-28 08:24:48 UTC,1,81c194897b4129c92a16b12babfce917efebab9c86c0af063da4bfa21d63ce95,SYNCED,0,
1414,SENSOR_LOG,"{""sensor_id"": ""SNS-MH-1007"", ""batch_id"": ""BTC-SEA-5003"", ""shipment_id"": ""SHP-2026-103"", ""timestamp"": ""2026-09-28 06:39:46 UTC"", ""temperature"": -18.95, ""humidity"": 87.3, ""location"": ""GPS: 45.0700 N, -120.2500 W"", ""battery_status"": 95}",2026-09-28 08:24:48 UTC,1,736b656006dc411e6d0927f73f3014fa23590419313bc4b24a3546aa4870050d,SYNCED,0,
1415,SENSOR_LOG,"{""sensor_id"": ""SNS-MH-1007"", ""batch_id"": ""BTC-SEA-5003"", ""shipment_id"": ""SHP-2026-103"", ""timestamp"": ""2026-09-28 06:54:46 UTC"", ""temperature"": -18.64, ""humidity"": 92.0, ""location"": ""GPS: 45.0700 N, -120.2600 W"", ""battery_status"": 95}",2026-09-28 08:24:48 UTC,1,b3e68a32e8b8a4b98fb0e4e704ed2574fd904cafee53aad9f862c75bb2693952,SYNCED,0,
1416,SENSOR_LOG,"{""sensor_id"": ""SNS-MH-1007"", ""batch_id"": ""BTC-SEA-5003"", ""shipment_id"": ""SHP-2026-103"", ""timestamp"": ""2026-09-28 07:09:46 UTC"", ""temperature"": -18.05, ""humidity"": 90.7, ""location"": ""GPS: 45.0700 N, -120.2700 W"", ""battery_status"": 95}",2026-09-28 08:24:48 UTC,1,4bfcdce2ad406015454da0c72c8fd4a77e5c00e1fcbab9a7613c2a6314ae02c4,SYNCED,0,
1417,SENSOR_LOG,"{""sensor_id"": ""SNS-MH-1007"", ""batch_id"": ""BTC-SEA-5003"", ""shipment_id"": ""SHP-2026-103"", ""timestamp"": ""2026-09-28 07:24:46 UTC"", ""temperature"": -18.03, ""humidity"": 87.8, ""location"": ""GPS: 45.0700 N, -120.2800 W"", ""battery_status"": 95}",2026-09-28 08:24:48 UTC,1,cd265449118d8a4b8da02d5aad8fdc8358cbce3c0223a485bc380682c1568874,SYNCED,0,
1418,SENSOR_LOG,"{""sensor_id"": ""SNS-MH-1007"", ""batch_id"": ""BTC-SEA-5003"", ""shipment_id"": ""SHP-2026-103"", ""timestamp"": ""2026-09-28 07:39:46 UTC"", ""temperature"": -18.67, ""humidity"": 88.9, ""location"": ""GPS: 45.0700 N, -120.2900 W"", ""battery_status"": 95}",2026-09-28 08:24:48 UTC,1,509e9c8ee67665d728f2b73626dda5de5c48a03698607705a35e4a556ff6ff63,SYNCED,0,
1419,SENSOR_LOG,"{""sensor_id"": ""SNS-MH-1007"", ""batch_id"": ""BTC-SEA-5003"", ""shipment_id"": ""SHP-2026-103"", ""timestamp"": ""2026-09-28 07:54:46 UTC"", ""temperature"": -21.41, ""humidity"": 87.0, ""location"": ""GPS: 45.0700 N, -120.3000 W"", ""battery_status"": 95}",2026-09-28 08:24:48 UTC,1,38c31c795aadb5343f2de8485cf28c7cd663db267bca455314cd84c4cea64ac6,SYNCED,0,
1420,SENSOR_LOG,"{""sensor_id"": ""SNS-MH-1007"", ""batch_id"": ""BTC-SEA-5003"", ""shipment_id"": ""SHP-2026-103"", ""timestamp"": ""2026-09-28 08:09:46 UTC"", ""temperature"": -19.28, ""humidity"": 87.3, ""location"": ""GPS: 45.0700 N, -120.3100 W"", ""battery_status"": 95}",2026-09-28 08:24:48 UTC,1,06dfbed776eee55b8a0dfe64111a48eb75ee602eab52f1c9b53c1d9849a02ea1,SYNCED,0,
1421,SENSOR_LOG,"{""sensor_id"": ""SNS-MH-1008"", ""batch_id"": ""BTC-SEA-5004"", ""shipment_id"": ""SHP-2026-104"", ""timestamp"": ""2026-09-28 00:24:46 UTC"", ""temperature"": -20.2, ""humidity"": 88.0, ""location"": ""GPS: 45.0800 N, -120.0000 W"", ""battery_status"": 95}",2026-09-28 08:24:48 UTC,1,7fc43e1fec748379b3330290f4df45273615f3bba285b66ef9f1e8bf468c40de,SYNCED,0,
1422,SENSOR_LOG,"{""sensor_id"": ""SNS-MH-1008"", ""batch_id"": ""BTC-SEA-5004"", ""shipment_id"": ""SHP-2026-104"", ""timestamp"": ""2026-09-28 00:39:46 UTC"", ""temperature"": -18.35, ""humidity"": 93.2, ""location"": ""GPS: 45.0800 N, -120.0100 W"", ""battery_status"": 95}",2026-09-28 08:24:48 UTC,1,95458f398398738df935ab849fb50743d9de68733f68aff49c2372d94cb35b41,SYNCED,0,
1423,SENSOR_LOG,"{""sensor_id"": ""SNS-MH-1008"", ""batch_id"": ""BTC-SEA-5004"", ""shipment_id"": ""SHP-2026-104"", ""timestamp"": ""2026-09-28 00:54:46 UTC"", ""temperature"": -18.61, ""humidity"": 89.9, ""location"": ""GPS: 45.0800 N, -120.0200 W"", ""battery_status"": 95}",2026-09-28 08:24:48 UTC,1,37ce50de2a00532c0a08e589fbc8afb7b65fbeb866f9f93001f1fc62f4ee9a62,SYNCED,0,
1424,SENSOR_LOG,"{""sensor_id"": ""SNS-MH-1008"", ""batch_id"": ""BTC-SEA-5004"", ""shipment_id"": ""SHP-2026-104"", ""timestamp"": ""2026-09-28 01:09:46 UTC"", ""temperature"": -20.69, ""humidity"": 85.6, ""location"": ""GPS: 45.0800 N, -120.0300 W"", ""battery_status"": 95}",2026-09-28 08:24:48 UTC,1,cd1951e468ba9f427a664ab13de6c856530ce0d3b63a1295fe72a0a7c3459dd4,SYNCED,0,
1425,SENSOR_LOG,"{""sensor_id"": ""SNS-MH-1008"", ""batch_id"": ""BTC-SEA-5004"", ""shipment_id"": ""SHP-2026-104"", ""timestamp"": ""2026-09-28 01:24:46 UTC"", ""temperature"": -21.63, ""humidity"": 87.4, ""location"": ""GPS: 45.0800 N, -120.0400 W"", ""battery_status"": 95}",2026-09-28 08:24:48 UTC,1,dea9ee0ba4ed255b7a11029ee5b94151b138ced75dd894e2d41e04b56c0177f5,SYNCED,0,
1426,SENSOR_LOG,"{""sensor_id"": ""SNS-MH-1008"", ""batch_id"": ""BTC-SEA-5004"", ""shipment_id"": ""SHP-2026-104"", ""timestamp"": ""2026-09-28 01:39:46 UTC"", ""temperature"": -21.89, ""humidity"": 86.6, ""location"": ""GPS: 45.0800 N, -120.0500 W"", ""battery_status"": 95}",2026-09-28 08:24:48 UTC,1,622d66b092cb6417af688658bc898e44a107abd1d93ecd5345f03ace2d2a03cb,SYNCED,0,
1427,SENSOR_LOG,"{""sensor_id"": ""SNS-MH-1008"", ""batch_id"": ""BTC-SEA-5004"", ""shipment_id"": ""SHP-2026-104"", ""timestamp"": ""2026-09-28 01:54:46 UTC"", ""temperature"": -21.04, ""humidity"": 86.3, ""location"": ""GPS: 45.0800 N, -120.0600 W"", ""battery_status"": 95}",2026-09-28 08:24:48 UTC,1,56375272be7d1504293f227f03960237ea9165d666b3c61aa988c5d2756cd63f,SYNCED,0,
1428,SENSOR_LOG,"{""sensor_id"": ""SNS-MH-1008"", ""batch_id"": ""BTC-SEA-5004"", ""shipment_id"": ""SHP-2026-104"", ""timestamp"": ""2026-09-28 02:09:46 UTC"", ""temperature"": -21.99, ""humidity"": 86.1, ""location"": ""GPS: 45.0800 N, -120.0700 W"", ""battery_status"": 95}",2026-09-28 08:24:48 UTC,1,19ad66b49b30d64e93e07481213a3f51b618008a99a2753e78f5c6d2e4a65417,SYNCED,0,
1429,SENSOR_LOG,"{""sensor_id"": ""SNS-MH-1008"", ""batch_id"": ""BTC-SEA-5004"", ""shipment_id"": ""SHP-2026-104"", ""timestamp"": ""2026-09-28 02:24:46 UTC"", ""temperature"": -19.03, ""humidity"": 93.0, ""location"": ""GPS: 45.0800 N, -120.0800 W"", ""battery_status"": 95}",2026-09-28 08:24:48 UTC,1,2bd3400be2f11d95ea302f691f626095ed65bf83ea8febabbac80f57c2e5ecd3,SYNCED,0,
1430,SENSOR_LOG,"{""sensor_id"": ""SNS-MH-1008"", ""batch_id"": ""BTC-SEA-5004"", ""shipment_id"": ""SHP-2026-104"", ""timestamp"": ""2026-09-28 02:39:46 UTC"", ""temperature"": -21.24, ""humidity"": 86.7, ""location"": ""GPS: 45.0800 N, -120.0900 W"", ""battery_status"": 95}",2026-09-28 08:24:48 UTC,1,4537cbae6fec00ee6bc095a147343168d02516cb10c31411ba5f988089c2d484,SYNCED,0,
1431,SENSOR_LOG,"{""sensor_id"": ""SNS-MH-1008"", ""batch_id"": ""BTC-SEA-5004"", ""shipment_id"": ""SHP-2026-104"", ""timestamp"": ""2026-09-28 02:54:46 UTC"", ""temperature"": -21.69, ""humidity"": 88.3, ""location"": ""GPS: 45.0800 N, -120.1000 W"", ""battery_status"": 95}",2026-09-28 08:24:48 UTC,1,f872f2118978cddd068db910ca1854dc0649ed40db12a6e8c131f0cd7e1742de,SYNCED,0,
1432,SENSOR_LOG,"{""sensor_id"": ""SNS-MH-1008"", ""batch_id"": ""BTC-SEA-5004"", ""shipment_id"": ""SHP-2026-104"", ""timestamp"": ""2026-09-28 03:09:46 UTC"", ""temperature"": -19.96, ""humidity"": 93.3, ""location"": ""GPS: 45.0800 N, -120.1100 W"", ""battery_status"": 95}",2026-09-28 08:24:48 UTC,1,00192c2b61647a37d35a95013853f0ca9ee4550c84f6d14548c8d2d2ef0a7233,SYNCED,0,
1433,SENSOR_LOG,"{""sensor_id"": ""SNS-MH-1008"", ""batch_id"": ""BTC-SEA-5004"", ""shipment_id"": ""SHP-2026-104"", ""timestamp"": ""2026-09-28 03:24:46 UTC"", ""temperature"": -18.78, ""humidity"": 93.8, ""location"": ""GPS: 45.0800 N, -120.1200 W"", ""battery_status"": 95}",2026-09-28 08:24:48 UTC,1,ac019ac28b037e6aeefd9e31a9cbccb9d836371c64a21106b5312b8775dd1beb,SYNCED,0,
1434,SENSOR_LOG,"{""sensor_id"": ""SNS-MH-1008"", ""batch_id"": ""BTC-SEA-5004"", ""shipment_id"": ""SHP-2026-104"", ""timestamp"": ""2026-09-28 03:39:46 UTC"", ""temperature"": -20.62, ""humidity"": 85.3, ""location"": ""GPS: 45.0800 N, -120.1300 W"", ""battery_status"": 95}",2026-09-28 08:24:48 UTC,1,d373fe9e9bd15020398ba0703ce51eaa5d8793df91174c7a427041d9b74066ec,SYNCED,0,
1435,SENSOR_LOG,"{""sensor_id"": ""SNS-MH-1008"", ""batch_id"": ""BTC-SEA-5004"", ""shipment_id"": ""SHP-2026-104"", ""timestamp"": ""2026-09-28 03:54:46 UTC"", ""temperature"": -21.26, ""humidity"": 90.7, ""location"": ""GPS: 45.0800 N, -120.1400 W"", ""battery_status"": 95}",2026-09-28 08:24:48 UTC,1,19c254057cd7cfcb6f3ca7927f349cf834f906387484c23179b60696659f2308,SYNCED,0,
1436,SENSOR_LOG,"{""sensor_id"": ""SNS-MH-1008"", ""batch_id"": ""BTC-SEA-5004"", ""shipment_id"": ""SHP-2026-104"", ""timestamp"": ""2026-09-28 04:09:46 UTC"", ""temperature"": -21.18, ""humidity"": 87.0, ""location"": ""GPS: 45.0800 N, -120.1500 W"", ""battery_status"": 95}",2026-09-28 08:24:48 UTC,1,4df654fa07d76952611df7b9be12019275dff4462f7f6a3c753fac7f63ba4be4,SYNCED,0,
1437,SENSOR_LOG,"{""sensor_id"": ""SNS-MH-1008"", ""batch_id"": ""BTC-SEA-5004"", ""shipment_id"": ""SHP-2026-104"", ""timestamp"": ""2026-09-28 04:24:46 UTC"", ""temperature"": -19.01, ""humidity"": 94.5, ""location"": ""GPS: 45.0800 N, -120.1600 W"", ""battery_status"": 95}",2026-09-28 08:24:48 UTC,1,2671814b3a9dd1c90e4e6f129b2949f4a18daa622dc1a6c2e7ac413ed1bc32fc,SYNCED,0,
1438,SENSOR_LOG,"{""sensor_id"": ""SNS-MH-1008"", ""batch_id"": ""BTC-SEA-5004"", ""shipment_id"": ""SHP-2026-104"", ""timestamp"": ""2026-09-28 04:39:46 UTC"", ""temperature"": -20.95, ""humidity"": 85.7, ""location"": ""GPS: 45.0800 N, -120.1700 W"", ""battery_status"": 95}",2026-09-28 08:24:48 UTC,1,8a48b2a06d32a4d66e8ed28858ea869eb47b016242c4ea005185f3c491a2d22e,SYNCED,0,
1439,SENSOR_LOG,"{""sensor_id"": ""SNS-MH-1008"", ""batch_id"": ""BTC-SEA-5004"", ""shipment_id"": ""SHP-2026-104"", ""timestamp"": ""2026-09-28 04:54:46 UTC"", ""temperature"": -20.73, ""humidity"": 88.2, ""location"": ""GPS: 45.0800 N, -120.1800 W"", ""battery_status"": 95}",2026-09-28 08:24:48 UTC,1,1c22375d6d980301af067ff4b83a75a8c0d9e188ac3d55872c106cbb349c5e34,SYNCED,0,
1440,SENSOR_LOG,"{""sensor_id"": ""SNS-MH-1008"", ""batch_id"": ""BTC-SEA-5004"", ""shipment_id"": ""SHP-2026-104"", ""timestamp"": ""2026-09-28 05:09:46 UTC"", ""temperature"": -18.89, ""humidity"": 85.9, ""location"": ""GPS: 45.0800 N, -120.1900 W"", ""battery_status"": 95}",2026-09-28 08:24:48 UTC,1,a6e34ef969fe45194fe0779484960b261c926678c2f7475689fefbbbb57865bf,SYNCED,0,
1441,SENSOR_LOG,"{""sensor_id"": ""SNS-MH-1008"", ""batch_id"": ""BTC-SEA-5004"", ""shipment_id"": ""SHP-2026-104"", ""timestamp"": ""2026-09-28 05:24:46 UTC"", ""temperature"": -18.33, ""humidity"": 93.3, ""location"": ""GPS: 45.0800 N, -120.2000 W"", ""battery_status"": 95}",2026-09-28 08:24:48 UTC,1,f0683fda226d3a909801a8d93c0d361ef340874cf84e43b5f020343c009b5b61,SYNCED,0,
1442,SENSOR_LOG,"{""sensor_id"": ""SNS-MH-1008"", ""batch_id"": ""BTC-SEA-5004"", ""shipment_id"": ""SHP-2026-104"", ""timestamp"": ""2026-09-28 05:39:46 UTC"", ""temperature"": -21.49, ""humidity"": 88.8, ""location"": ""GPS: 45.0800 N, -120.2100 W"", ""battery_status"": 95}",2026-09-28 08:24:48 UTC,1,a47d5f328c6c12221d1983e081df4a0f446865983288e9ef9a2c0215c2d8b42b,SYNCED,0,
1443,SENSOR_LOG,"{""sensor_id"": ""SNS-MH-1008"", ""batch_id"": ""BTC-SEA-5004"", ""shipment_id"": ""SHP-2026-104"", ""timestamp"": ""2026-09-28 05:54:46 UTC"", ""temperature"": -20.48, ""humidity"": 92.2, ""location"": ""GPS: 45.0800 N, -120.2200 W"", ""battery_status"": 95}",2026-09-28 08:24:48 UTC,1,16f272dbfcfc44d20ab7cb3adb44337c10a1785be4d46d90f378dd54ffe87be8,SYNCED,0,
1444,SENSOR_LOG,"{""sensor_id"": ""SNS-MH-1008"", ""batch_id"": ""BTC-SEA-5004"", ""shipment_id"": ""SHP-2026-104"", ""timestamp"": ""2026-09-28 06:09:46 UTC"", ""temperature"": -18.75, ""humidity"": 87.1, ""location"": ""GPS: 45.0800 N, -120.2300 W"", ""battery_status"": 95}",2026-09-28 08:24:48 UTC,1,fecd1bae439d72b84d3008efced125b3c6db996ed6c811e4fa36b4a5858faad4,SYNCED,0,
1445,SENSOR_LOG,"{""sensor_id"": ""SNS-MH-1008"", ""batch_id"": ""BTC-SEA-5004"", ""shipment_id"": ""SHP-2026-104"", ""timestamp"": ""2026-09-28 06:24:46 UTC"", ""temperature"": -21.77, ""humidity"": 86.7, ""location"": ""GPS: 45.0800 N, -120.2400 W"", ""battery_status"": 95}",2026-09-28 08:24:48 UTC,1,55bd97ff5d7477a5e50fd820e00b00573a871db6e68e0f938c8556bf03fffd77,SYNCED,0,
1446,SENSOR_LOG,"{""sensor_id"": ""SNS-MH-1008"", ""batch_id"": ""BTC-SEA-5004"", ""shipment_id"": ""SHP-2026-104"", ""timestamp"": ""2026-09-28 06:39:46 UTC"", ""temperature"": -19.42, ""humidity"": 86.7, ""location"": ""GPS: 45.0800 N, -120.2500 W"", ""battery_status"": 95}",2026-09-28 08:24:48 UTC,1,e7a8afd3ad7fc9bc93db4c2f012010bad34fc1ce8c92b42ae5d6b131686c1d2d,SYNCED,0,
1447,SENSOR_LOG,"{""sensor_id"": ""SNS-MH-1008"", ""batch_id"": ""BTC-SEA-5004"", ""shipment_id"": ""SHP-2026-104"", ""timestamp"": ""2026-09-28 06:54:46 UTC"", ""temperature"": -19.68, ""humidity"": 94.0, ""location"": ""GPS: 45.0800 N, -120.2600 W"", ""battery_status"": 95}",2026-09-28 08:24:48 UTC,1,889ea2788123c23937e3eedd89117759781a75ed787da470824cd38c27edacc9,SYNCED,0,
1448,SENSOR_LOG,"{""sensor_id"": ""SNS-MH-1008"", ""batch_id"": ""BTC-SEA-5004"", ""shipment_id"": ""SHP-2026-104"", ""timestamp"": ""2026-09-28 07:09:46 UTC"", ""temperature"": -21.22, ""humidity"": 89.5, ""location"": ""GPS: 45.0800 N, -120.2700 W"", ""battery_status"": 95}",2026-09-28 08:24:48 UTC,1,70bb9443bb9514ac15b3da8ad62fc555d70c0e3c22c1ea4db12e37f8fe99b51c,SYNCED,0,
1449,SENSOR_LOG,"{""sensor_id"": ""SNS-MH-1008"", ""batch_id"": ""BTC-SEA-5004"", ""shipment_id"": ""SHP-2026-104"", ""timestamp"": ""2026-09-28 07:24:46 UTC"", ""temperature"": -21.47, ""humidity"": 90.7, ""location"": ""GPS: 45.0800 N, -120.2800 W"", ""battery_status"": 95}",2026-09-28 08:24:48 UTC,1,a2e1175fb7684b792bd43f74695b068876d46a7d5fd62e7b07e78a9863c97777,SYNCED,0,
1450,SENSOR_LOG,"{""sensor_id"": ""SNS-MH-1008"", ""batch_id"": ""BTC-SEA-5004"", ""shipment_id"": ""SHP-2026-104"", ""timestamp"": ""2026-09-28 07:39:46 UTC"", ""temperature"": -18.4, ""humidity"": 88.0, ""location"": ""GPS: 45.0800 N, -120.2900 W"", ""battery_status"": 95}",2026-09-28 08:24:48 UTC,1,26de80355772bcb2de59744b6189f3d5e8a6b63823dffbc43d22db813753f733,SYNCED,0,
1451,SENSOR_LOG,"{""sensor_id"": ""SNS-MH-1008"", ""batch_id"": ""BTC-SEA-5004"", ""shipment_id"": ""SHP-2026-104"", ""timestamp"": ""2026-09-28 07:54:46 UTC"", ""temperature"": -20.24, ""humidity"": 95.0, ""location"": ""GPS: 45.0800 N, -120.3000 W"", ""battery_status"": 95}",2026-09-28 08:24:48 UTC,1,a402f25a9891db691152d123e8e4c54ed9f0ef1841e368f9028807774477d5c3,SYNCED,0,
1452,SENSOR_LOG,"{""sensor_id"": ""SNS-MH-1008"", ""batch_id"": ""BTC-SEA-5004"", ""shipment_id"": ""SHP-2026-104"", ""timestamp"": ""2026-09-28 08:09:46 UTC"", ""temperature"": -18.55, ""humidity"": 87.9, ""location"": ""GPS: 45.0800 N, -120.3100 W"", ""battery_status"": 95}",2026-09-28 08:24:48 UTC,1,d83ba95e3a15effc59e00b8433d4552c5c9f112280c345602d3981d93e8ac90e,SYNCED,0,
1453,SENSOR_LOG,"{""sensor_id"": ""SNS-MH-1009"", ""batch_id"": ""BTC-SEA-5005"", ""shipment_id"": ""SHP-2026-105"", ""timestamp"": ""2026-09-28 00:24:46 UTC"", ""temperature"": -19.52, ""humidity"": 85.8, ""location"": ""GPS: 45.0900 N, -120.0000 W"", ""battery_status"": 95}",2026-09-28 08:24:48 UTC,1,070809a1beb486977328e314ca76067605c860974cb959e34de1c50650cecace,SYNCED,0,
1454,SENSOR_LOG,"{""sensor_id"": ""SNS-MH-1009"", ""batch_id"": ""BTC-SEA-5005"", ""shipment_id"": ""SHP-2026-105"", ""timestamp"": ""2026-09-28 00:39:46 UTC"", ""temperature"": -18.23, ""humidity"": 91.8, ""location"": ""GPS: 45.0900 N, -120.0100 W"", ""battery_status"": 95}",2026-09-28 08:24:48 UTC,1,15a8f7282d22b3128ee6a960dbdb337371a4c0ef226cc9bfb11fafc9ea0f993b,SYNCED,0,
1455,SENSOR_LOG,"{""sensor_id"": ""SNS-MH-1009"", ""batch_id"": ""BTC-SEA-5005"", ""shipment_id"": ""SHP-2026-105"", ""timestamp"": ""2026-09-28 00:54:46 UTC"", ""temperature"": -21.15, ""humidity"": 93.3, ""location"": ""GPS: 45.0900 N, -120.0200 W"", ""battery_status"": 95}",2026-09-28 08:24:48 UTC,1,9c865f31006837ef19ba59e717c1aa60d3275b7cb8b36b22de1940d348c6d0c2,SYNCED,0,
1456,SENSOR_LOG,"{""sensor_id"": ""SNS-MH-1009"", ""batch_id"": ""BTC-SEA-5005"", ""shipment_id"": ""SHP-2026-105"", ""timestamp"": ""2026-09-28 01:09:46 UTC"", ""temperature"": -20.42, ""humidity"": 92.0, ""location"": ""GPS: 45.0900 N, -120.0300 W"", ""battery_status"": 95}",2026-09-28 08:24:48 UTC,1,1b20546bf5c00ae4af21d705a53c8ae734267f6ab7512a26acc0056ef676858b,SYNCED,0,
1457,SENSOR_LOG,"{""sensor_id"": ""SNS-MH-1009"", ""batch_id"": ""BTC-SEA-5005"", ""shipment_id"": ""SHP-2026-105"", ""timestamp"": ""2026-09-28 01:24:46 UTC"", ""temperature"": -21.4, ""humidity"": 85.5, ""location"": ""GPS: 45.0900 N, -120.0400 W"", ""battery_status"": 95}",2026-09-28 08:24:48 UTC,1,b3ee6587e6186fe6976ffdecba2da92cc79f3272d048a3ad859c6454e8c302ec,SYNCED,0,
1458,SENSOR_LOG,"{""sensor_id"": ""SNS-MH-1009"", ""batch_id"": ""BTC-SEA-5005"", ""shipment_id"": ""SHP-2026-105"", ""timestamp"": ""2026-09-28 01:39:46 UTC"", ""temperature"": -19.24, ""humidity"": 94.7, ""location"": ""GPS: 45.0900 N, -120.0500 W"", ""battery_status"": 95}",2026-09-28 08:24:48 UTC,1,b5cb9261b61243755f3aee04829ee2198accc3d1b9405ada0efeb3f49c605195,SYNCED,0,
1459,SENSOR_LOG,"{""sensor_id"": ""SNS-MH-1009"", ""batch_id"": ""BTC-SEA-5005"", ""shipment_id"": ""SHP-2026-105"", ""timestamp"": ""2026-09-28 01:54:46 UTC"", ""temperature"": -19.31, ""humidity"": 85.9, ""location"": ""GPS: 45.0900 N, -120.0600 W"", ""battery_status"": 95}",2026-09-28 08:24:48 UTC,1,361e27b6064bbac0b8dc20407f0bb67129cad4c092e6bfe1408f8898f3533633,SYNCED,0,
1460,SENSOR_LOG,"{""sensor_id"": ""SNS-MH-1009"", ""batch_id"": ""BTC-SEA-5005"", ""shipment_id"": ""SHP-2026-105"", ""timestamp"": ""2026-09-28 02:09:46 UTC"", ""temperature"": -20.71, ""humidity"": 90.6, ""location"": ""GPS: 45.0900 N, -120.0700 W"", ""battery_status"": 95}",2026-09-28 08:24:48 UTC,1,e79b30342e100835cd949d50bdc7a3f72090f60efd3a2f462d757ef5496f33d9,SYNCED,0,
1461,SENSOR_LOG,"{""sensor_id"": ""SNS-MH-1009"", ""batch_id"": ""BTC-SEA-5005"", ""shipment_id"": ""SHP-2026-105"", ""timestamp"": ""2026-09-28 02:24:46 UTC"", ""temperature"": -19.7, ""humidity"": 93.7, ""location"": ""GPS: 45.0900 N, -120.0800 W"", ""battery_status"": 95}",2026-09-28 08:24:48 UTC,1,8f530b879936781c663a1be1e97615bfeefd605e5017bf010336b4a7778c4f72,SYNCED,0,
1462,SENSOR_LOG,"{""sensor_id"": ""SNS-MH-1009"", ""batch_id"": ""BTC-SEA-5005"", ""shipment_id"": ""SHP-2026-105"", ""timestamp"": ""2026-09-28 02:39:46 UTC"", ""temperature"": -20.01, ""humidity"": 87.6, ""location"": ""GPS: 45.0900 N, -120.0900 W"", ""battery_status"": 95}",2026-09-28 08:24:48 UTC,1,4c8f66fa07a05580853b7feb8fd214d944059251f38f65d618c09903330f13e5,SYNCED,0,
1463,SENSOR_LOG,"{""sensor_id"": ""SNS-MH-1009"", ""batch_id"": ""BTC-SEA-5005"", ""shipment_id"": ""SHP-2026-105"", ""timestamp"": ""2026-09-28 02:54:46 UTC"", ""temperature"": -18.12, ""humidity"": 94.8, ""location"": ""GPS: 45.0900 N, -120.1000 W"", ""battery_status"": 95}",2026-09-28 08:24:48 UTC,1,f9dd07910c252f420cbd18d9c58fd15b950927a49c9feb97e83329dedaaaf355,SYNCED,0,
1464,SENSOR_LOG,"{""sensor_id"": ""SNS-MH-1009"", ""batch_id"": ""BTC-SEA-5005"", ""shipment_id"": ""SHP-2026-105"", ""timestamp"": ""2026-09-28 03:09:46 UTC"", ""temperature"": -18.06, ""humidity"": 92.7, ""location"": ""GPS: 45.0900 N, -120.1100 W"", ""battery_status"": 95}",2026-09-28 08:24:48 UTC,1,4cd3efe3905fd6c2fd6567f761513a9836818bc1aecdfbb8c5cf96e8b3691432,SYNCED,0,
1465,SENSOR_LOG,"{""sensor_id"": ""SNS-MH-1009"", ""batch_id"": ""BTC-SEA-5005"", ""shipment_id"": ""SHP-2026-105"", ""timestamp"": ""2026-09-28 03:24:46 UTC"", ""temperature"": -19.24, ""humidity"": 88.1, ""location"": ""GPS: 45.0900 N, -120.1200 W"", ""battery_status"": 95}",2026-09-28 08:24:48 UTC,1,7fc75e1eaa4c0205d157a234a2797a75262dbb2d8dd5f02f50b9a53a4dd1588e,SYNCED,0,
1466,SENSOR_LOG,"{""sensor_id"": ""SNS-MH-1009"", ""batch_id"": ""BTC-SEA-5005"", ""shipment_id"": ""SHP-2026-105"", ""timestamp"": ""2026-09-28 03:39:46 UTC"", ""temperature"": -18.39, ""humidity"": 85.4, ""location"": ""GPS: 45.0900 N, -120.1300 W"", ""battery_status"": 95}",2026-09-28 08:24:48 UTC,1,61106d7f75037eb15cc40b9cc10cd7b587e7e5e9a8482dd94eea053e15290f0a,SYNCED,0,
1467,SENSOR_LOG,"{""sensor_id"": ""SNS-MH-1009"", ""batch_id"": ""BTC-SEA-5005"", ""shipment_id"": ""SHP-2026-105"", ""timestamp"": ""2026-09-28 03:54:46 UTC"", ""temperature"": -21.53, ""humidity"": 89.3, ""location"": ""GPS: 45.0900 N, -120.1400 W"", ""battery_status"": 95}",2026-09-28 08:24:48 UTC,1,dd78bd91393f2cf7a02b71ceb6e305a983a39b2597ccaf860680a949d2670e20,SYNCED,0,
1468,SENSOR_LOG,"{""sensor_id"": ""SNS-MH-1009"", ""batch_id"": ""BTC-SEA-5005"", ""shipment_id"": ""SHP-2026-105"", ""timestamp"": ""2026-09-28 04:09:46 UTC"", ""temperature"": -21.27, ""humidity"": 87.4, ""location"": ""GPS: 45.0900 N, -120.1500 W"", ""battery_status"": 95}",2026-09-28 08:24:48 UTC,1,38dd9275582c2083a21da58bf115eb349554ddee62ca9010475adef3b6be3bf6,SYNCED,0,
1469,SENSOR_LOG,"{""sensor_id"": ""SNS-MH-1009"", ""batch_id"": ""BTC-SEA-5005"", ""shipment_id"": ""SHP-2026-105"", ""timestamp"": ""2026-09-28 04:24:46 UTC"", ""temperature"": -20.16, ""humidity"": 90.0, ""location"": ""GPS: 45.0900 N, -120.1600 W"", ""battery_status"": 95}",2026-09-28 08:24:48 UTC,1,2aed7890a7b78f92088d762f14b4855ff9e1e255ef4fe37fdd75819082459d7b,SYNCED,0,
1470,SENSOR_LOG,"{""sensor_id"": ""SNS-MH-1009"", ""batch_id"": ""BTC-SEA-5005"", ""shipment_id"": ""SHP-2026-105"", ""timestamp"": ""2026-09-28 04:39:46 UTC"", ""temperature"": -21.63, ""humidity"": 85.4, ""location"": ""GPS: 45.0900 N, -120.1700 W"", ""battery_status"": 95}",2026-09-28 08:24:48 UTC,1,d051c7a7bf1d1c738b95918c1c230d1f1f18546971b3e560400c516436fb229a,SYNCED,0,
1471,SENSOR_LOG,"{""sensor_id"": ""SNS-MH-1009"", ""batch_id"": ""BTC-SEA-5005"", ""shipment_id"": ""SHP-2026-105"", ""timestamp"": ""2026-09-28 04:54:46 UTC"", ""temperature"": -20.99, ""humidity"": 89.6, ""location"": ""GPS: 45.0900 N, -120.1800 W"", ""battery_status"": 95}",2026-09-28 08:24:49 UTC,1,930178dc35407765caf77d9ed4a56ea6e24497af886a54f42dfd22d974023da4,SYNCED,0,
1472,SENSOR_LOG,"{""sensor_id"": ""SNS-MH-1009"", ""batch_id"": ""BTC-SEA-5005"", ""shipment_id"": ""SHP-2026-105"", ""timestamp"": ""2026-09-28 05:09:46 UTC"", ""temperature"": -21.02, ""humidity"": 85.2, ""location"": ""GPS: 45.0900 N, -120.1900 W"", ""battery_status"": 95}",2026-09-28 08:24:49 UTC,1,bde17b15709d93caceb632363f567fc05bcd14595171219f9c5aa56cacfd95d6,SYNCED,0,
1473,SENSOR_LOG,"{""sensor_id"": ""SNS-MH-1009"", ""batch_id"": ""BTC-SEA-5005"", ""shipment_id"": ""SHP-2026-105"", ""timestamp"": ""2026-09-28 05:24:46 UTC"", ""temperature"": -20.04, ""humidity"": 87.0, ""location"": ""GPS: 45.0900 N, -120.2000 W"", ""battery_status"": 95}",2026-09-28 08:24:49 UTC,1,06ddf512c793d01ae52bcdaac8b3ef2eb84bce93c3adf34d8d64f6bf5c545e41,SYNCED,0,
1474,SENSOR_LOG,"{""sensor_id"": ""SNS-MH-1009"", ""batch_id"": ""BTC-SEA-5005"", ""shipment_id"": ""SHP-2026-105"", ""timestamp"": ""2026-09-28 05:39:46 UTC"", ""temperature"": -18.84, ""humidity"": 93.4, ""location"": ""GPS: 45.0900 N, -120.2100 W"", ""battery_status"": 95}",2026-09-28 08:24:49 UTC,1,4d4c6e0323226d5256cbb6d8f2f78e468616eae0357e0ede8d3d0e66255ed778,SYNCED,0,
1475,SENSOR_LOG,"{""sensor_id"": ""SNS-MH-1009"", ""batch_id"": ""BTC-SEA-5005"", ""shipment_id"": ""SHP-2026-105"", ""timestamp"": ""2026-09-28 05:54:46 UTC"", ""temperature"": -18.13, ""humidity"": 92.5, ""location"": ""GPS: 45.0900 N, -120.2200 W"", ""battery_status"": 95}",2026-09-28 08:24:49 UTC,1,feae2a79b0ecf43ca10a3d906f9f1d577393c1782691ad5ba67d18864cab81ce,SYNCED,0,
1476,SENSOR_LOG,"{""sensor_id"": ""SNS-MH-1009"", ""batch_id"": ""BTC-SEA-5005"", ""shipment_id"": ""SHP-2026-105"", ""timestamp"": ""2026-09-28 06:09:46 UTC"", ""temperature"": -20.38, ""humidity"": 89.3, ""location"": ""GPS: 45.0900 N, -120.2300 W"", ""battery_status"": 95}",2026-09-28 08:24:49 UTC,1,7831b0c77e812c662989c45bf576cbad68390f8fe8b63944bb154e417c5b37aa,SYNCED,0,
1477,SENSOR_LOG,"{""sensor_id"": ""SNS-MH-1009"", ""batch_id"": ""BTC-SEA-5005"", ""shipment_id"": ""SHP-2026-105"", ""timestamp"": ""2026-09-28 06:24:46 UTC"", ""temperature"": -21.05, ""humidity"": 89.7, ""location"": ""GPS: 45.0900 N, -120.2400 W"", ""battery_status"": 95}",2026-09-28 08:24:49 UTC,1,0069273793076066c16d11d615e3e9f763de0ad37b4ef679407d981b115b4945,SYNCED,0,
1478,SENSOR_LOG,"{""sensor_id"": ""SNS-MH-1009"", ""batch_id"": ""BTC-SEA-5005"", ""shipment_id"": ""SHP-2026-105"", ""timestamp"": ""2026-09-28 06:39:46 UTC"", ""temperature"": -21.5, ""humidity"": 89.4, ""location"": ""GPS: 45.0900 N, -120.2500 W"", ""battery_status"": 95}",2026-09-28 08:24:49 UTC,1,29ccc5d669469766b7557fdf8d64a606dca4826016ac56c8fdefbb77affa998a,SYNCED,0,
1479,SENSOR_LOG,"{""sensor_id"": ""SNS-MH-1009"", ""batch_id"": ""BTC-SEA-5005"", ""shipment_id"": ""SHP-2026-105"", ""timestamp"": ""2026-09-28 06:54:46 UTC"", ""temperature"": -18.75, ""humidity"": 94.2, ""location"": ""GPS: 45.0900 N, -120.2600 W"", ""battery_status"": 95}",2026-09-28 08:24:49 UTC,1,e9547a9285b0115128f6a2506b51b0f0332e46be34481cf97c9b1110bbb59061,SYNCED,0,
1480,SENSOR_LOG,"{""sensor_id"": ""SNS-MH-1009"", ""batch_id"": ""BTC-SEA-5005"", ""shipment_id"": ""SHP-2026-105"", ""timestamp"": ""2026-09-28 07:09:46 UTC"", ""temperature"": -18.33, ""humidity"": 85.1, ""location"": ""GPS: 45.0900 N, -120.2700 W"", ""battery_status"": 95}",2026-09-28 08:24:49 UTC,1,71d7847416d519e8d878c5a0b585c97a1c76ee1c8c78e1649ff4723bc4b429e2,SYNCED,0,
1481,SENSOR_LOG,"{""sensor_id"": ""SNS-MH-1009"", ""batch_id"": ""BTC-SEA-5005"", ""shipment_id"": ""SHP-2026-105"", ""timestamp"": ""2026-09-28 07:24:46 UTC"", ""temperature"": -19.71, ""humidity"": 95.0, ""location"": ""GPS: 45.0900 N, -120.2800 W"", ""battery_status"": 95}",2026-09-28 08:24:49 UTC,1,15136b551ffe2f72583081efe6650c87fdb8370e1c9e7d487dadcb416499fb7e,SYNCED,0,
1482,SENSOR_LOG,"{""sensor_id"": ""SNS-MH-1009"", ""batch_id"": ""BTC-SEA-5005"", ""shipment_id"": ""SHP-2026-105"", ""timestamp"": ""2026-09-28 07:39:46 UTC"", ""temperature"": -20.81, ""humidity"": 90.8, ""location"": ""GPS: 45.0900 N, -120.2900 W"", ""battery_status"": 95}",2026-09-28 08:24:49 UTC,1,095ad3bac8f8ce317ee603d06334ea6f33708ebb75ae67782b01e7562af7db7f,SYNCED,0,
1483,SENSOR_LOG,"{""sensor_id"": ""SNS-MH-1009"", ""batch_id"": ""BTC-SEA-5005"", ""shipment_id"": ""SHP-2026-105"", ""timestamp"": ""2026-09-28 07:54:46 UTC"", ""temperature"": -19.48, ""humidity"": 92.7, ""location"": ""GPS: 45.0900 N, -120.3000 W"", ""battery_status"": 95}",2026-09-28 08:24:49 UTC,1,6394721b9cf42291bd3df7e91957571bbba1d47daddbd6c2353e0611a39077e2,SYNCED,0,
1484,SENSOR_LOG,"{""sensor_id"": ""SNS-MH-1009"", ""batch_id"": ""BTC-SEA-5005"", ""shipment_id"": ""SHP-2026-105"", ""timestamp"": ""2026-09-28 08:09:46 UTC"", ""temperature"": -19.39, ""humidity"": 88.3, ""location"": ""GPS: 45.0900 N, -120.3100 W"", ""battery_status"": 95}",2026-09-28 08:24:49 UTC,1,83bfebf3d5e1d3e513bbcf5e528ed545b770c647c493e449d9daa09344379888,SYNCED,0,
1485,SENSOR_LOG,"{""sensor_id"": ""SNS-MH-1010"", ""batch_id"": ""BTC-SEA-5001"", ""shipment_id"": ""SHP-2026-101"", ""timestamp"": ""2026-09-28 00:24:46 UTC"", ""temperature"": -21.35, ""humidity"": 89.7, ""location"": ""GPS: 45.1000 N, -120.0000 W"", ""battery_status"": 95}",2026-09-28 08:24:49 UTC,1,ff79b7867ca33509f2f80c33c9898aef8328c2da793ace0690407d0e11ed62b6,SYNCED,0,
1486,SENSOR_LOG,"{""sensor_id"": ""SNS-MH-1010"", ""batch_id"": ""BTC-SEA-5001"", ""shipment_id"": ""SHP-2026-101"", ""timestamp"": ""2026-09-28 00:39:46 UTC"", ""temperature"": -19.2, ""humidity"": 94.8, ""location"": ""GPS: 45.1000 N, -120.0100 W"", ""battery_status"": 95}",2026-09-28 08:24:49 UTC,1,a885f32707deed11bcf5e42b80915a91159ab2e9f877fbd4ced5b3395834fa4e,SYNCED,0,
1487,SENSOR_LOG,"{""sensor_id"": ""SNS-MH-1010"", ""batch_id"": ""BTC-SEA-5001"", ""shipment_id"": ""SHP-2026-101"", ""timestamp"": ""2026-09-28 00:54:46 UTC"", ""temperature"": -18.96, ""humidity"": 94.3, ""location"": ""GPS: 45.1000 N, -120.0200 W"", ""battery_status"": 95}",2026-09-28 08:24:49 UTC,1,e3f3cc97dcd6b4b379648dfc296d9db84eeafe29e6f0e677c1efecb9b32b261a,SYNCED,0,
1488,SENSOR_LOG,"{""sensor_id"": ""SNS-MH-1010"", ""batch_id"": ""BTC-SEA-5001"", ""shipment_id"": ""SHP-2026-101"", ""timestamp"": ""2026-09-28 01:09:46 UTC"", ""temperature"": -20.59, ""humidity"": 91.2, ""location"": ""GPS: 45.1000 N, -120.0300 W"", ""battery_status"": 95}",2026-09-28 08:24:49 UTC,1,a5fbbcf560f1da1dd9756409f857fafefefcc768258f9f67e808a901e7431778,SYNCED,0,
1489,SENSOR_LOG,"{""sensor_id"": ""SNS-MH-1010"", ""batch_id"": ""BTC-SEA-5001"", ""shipment_id"": ""SHP-2026-101"", ""timestamp"": ""2026-09-28 01:24:46 UTC"", ""temperature"": -20.83, ""humidity"": 90.6, ""location"": ""GPS: 45.1000 N, -120.0400 W"", ""battery_status"": 95}",2026-09-28 08:24:49 UTC,1,dbf8b7041a99b11dc8f78aafc28931bffbf54b5336deed88ebdfc349b61ea731,SYNCED,0,
1490,SENSOR_LOG,"{""sensor_id"": ""SNS-MH-1010"", ""batch_id"": ""BTC-SEA-5001"", ""shipment_id"": ""SHP-2026-101"", ""timestamp"": ""2026-09-28 01:39:46 UTC"", ""temperature"": -21.8, ""humidity"": 90.7, ""location"": ""GPS: 45.1000 N, -120.0500 W"", ""battery_status"": 95}",2026-09-28 08:24:49 UTC,1,2f921bafb187b5cd2ab973bc274218deabae9c68c1b3baaa8431550ababa345a,SYNCED,0,
1491,SENSOR_LOG,"{""sensor_id"": ""SNS-MH-1010"", ""batch_id"": ""BTC-SEA-5001"", ""shipment_id"": ""SHP-2026-101"", ""timestamp"": ""2026-09-28 01:54:46 UTC"", ""temperature"": -18.98, ""humidity"": 90.4, ""location"": ""GPS: 45.1000 N, -120.0600 W"", ""battery_status"": 95}",2026-09-28 08:24:49 UTC,1,2b7c6b13e99b11fcb4ba47b935293ae87d7314cb836119374d80f173b9bdf95b,SYNCED,0,
1492,SENSOR_LOG,"{""sensor_id"": ""SNS-MH-1010"", ""batch_id"": ""BTC-SEA-5001"", ""shipment_id"": ""SHP-2026-101"", ""timestamp"": ""2026-09-28 02:09:46 UTC"", ""temperature"": -18.34, ""humidity"": 94.8, ""location"": ""GPS: 45.1000 N, -120.0700 W"", ""battery_status"": 95}",2026-09-28 08:24:49 UTC,1,b50d27aeb994d8bbb2527720ce69164ca8a3a92d83d945eebb32bddcb8958d8a,SYNCED,0,
1493,SENSOR_LOG,"{""sensor_id"": ""SNS-MH-1010"", ""batch_id"": ""BTC-SEA-5001"", ""shipment_id"": ""SHP-2026-101"", ""timestamp"": ""2026-09-28 02:24:46 UTC"", ""temperature"": -20.67, ""humidity"": 91.7, ""location"": ""GPS: 45.1000 N, -120.0800 W"", ""battery_status"": 95}",2026-09-28 08:24:49 UTC,1,ac0f2796a50036fc9eb446859717431b535ba6764a8092bcf85965f743732ab0,SYNCED,0,
1494,SENSOR_LOG,"{""sensor_id"": ""SNS-MH-1010"", ""batch_id"": ""BTC-SEA-5001"", ""shipment_id"": ""SHP-2026-101"", ""timestamp"": ""2026-09-28 02:39:46 UTC"", ""temperature"": -20.27, ""humidity"": 91.5, ""location"": ""GPS: 45.1000 N, -120.0900 W"", ""battery_status"": 95}",2026-09-28 08:24:49 UTC,1,b76dc4913aae2b891d16b4154d4a1e5ca8b345428346b1d84cf3d98dfb1d1482,SYNCED,0,
1495,SENSOR_LOG,"{""sensor_id"": ""SNS-MH-1010"", ""batch_id"": ""BTC-SEA-5001"", ""shipment_id"": ""SHP-2026-101"", ""timestamp"": ""2026-09-28 02:54:46 UTC"", ""temperature"": -21.48, ""humidity"": 88.4, ""location"": ""GPS: 45.1000 N, -120.1000 W"", ""battery_status"": 95}",2026-09-28 08:24:49 UTC,1,e0c40af714305dd4bc3287c11747263f3d49435bf8b363d6db608eb150764621,SYNCED,0,
1496,SENSOR_LOG,"{""sensor_id"": ""SNS-MH-1010"", ""batch_id"": ""BTC-SEA-5001"", ""shipment_id"": ""SHP-2026-101"", ""timestamp"": ""2026-09-28 03:09:46 UTC"", ""temperature"": -21.18, ""humidity"": 88.0, ""location"": ""GPS: 45.1000 N, -120.1100 W"", ""battery_status"": 95}",2026-09-28 08:24:49 UTC,1,dbe007575da21011517cfd8444b1a1beb9cb6b61c8f94f58730ccd560ec46626,SYNCED,0,
1497,SENSOR_LOG,"{""sensor_id"": ""SNS-MH-1010"", ""batch_id"": ""BTC-SEA-5001"", ""shipment_id"": ""SHP-2026-101"", ""timestamp"": ""2026-09-28 03:24:46 UTC"", ""temperature"": -21.52, ""humidity"": 95.0, ""location"": ""GPS: 45.1000 N, -120.1200 W"", ""battery_status"": 95}",2026-09-28 08:24:49 UTC,1,df4d4fa1c9485758d67ffd0f24a09feb9c1b7f7fba53b3edb752291d1c9d1791,SYNCED,0,
1498,SENSOR_LOG,"{""sensor_id"": ""SNS-MH-1010"", ""batch_id"": ""BTC-SEA-5001"", ""shipment_id"": ""SHP-2026-101"", ""timestamp"": ""2026-09-28 03:39:46 UTC"", ""temperature"": -21.21, ""humidity"": 94.6, ""location"": ""GPS: 45.1000 N, -120.1300 W"", ""battery_status"": 95}",2026-09-28 08:24:49 UTC,1,cc8c6719140bfb99e6c9004a28b495b0b9a322134f88e81a54da00449d03f1f7,SYNCED,0,
1499,SENSOR_LOG,"{""sensor_id"": ""SNS-MH-1010"", ""batch_id"": ""BTC-SEA-5001"", ""shipment_id"": ""SHP-2026-101"", ""timestamp"": ""2026-09-28 03:54:46 UTC"", ""temperature"": -18.8, ""humidity"": 88.7, ""location"": ""GPS: 45.1000 N, -120.1400 W"", ""battery_status"": 95}",2026-09-28 08:24:49 UTC,1,0b47ef745e00842c1dfb2e5cc2bab9ba51acc759369e5510996ffa8e064486c7,SYNCED,0,
1500,SENSOR_LOG,"{""sensor_id"": ""SNS-MH-1010"", ""batch_id"": ""BTC-SEA-5001"", ""shipment_id"": ""SHP-2026-101"", ""timestamp"": ""2026-09-28 04:09:46 UTC"", ""temperature"": -20.6, ""humidity"": 89.4, ""location"": ""GPS: 45.1000 N, -120.1500 W"", ""battery_status"": 95}",2026-09-28 08:24:49 UTC,1,0b95c751e05b5b67cdc92af5a5880ab6e31a7a5f95f7f480751c0de76cb1ed13,SYNCED,0,
1501,SENSOR_LOG,"{""sensor_id"": ""SNS-MH-1010"", ""batch_id"": ""BTC-SEA-5001"", ""shipment_id"": ""SHP-2026-101"", ""timestamp"": ""2026-09-28 04:24:46 UTC"", ""temperature"": -21.8, ""humidity"": 90.4, ""location"": ""GPS: 45.1000 N, -120.1600 W"", ""battery_status"": 95}",2026-09-28 08:24:49 UTC,1,4f90eb078f3581dea80ce351f8ecd342a7f3f404bb4511fc471a4f10d4b8879c,SYNCED,0,
1502,SENSOR_LOG,"{""sensor_id"": ""SNS-MH-1010"", ""batch_id"": ""BTC-SEA-5001"", ""shipment_id"": ""SHP-2026-101"", ""timestamp"": ""2026-09-28 04:39:46 UTC"", ""temperature"": -21.36, ""humidity"": 94.7, ""location"": ""GPS: 45.1000 N, -120.1700 W"", ""battery_status"": 95}",2026-09-28 08:24:49 UTC,1,df0d2354fbc629dfd8ef3e4af5f080a3791e4c12ab81c620abfa9adccb328510,SYNCED,0,
1503,SENSOR_LOG,"{""sensor_id"": ""SNS-MH-1010"", ""batch_id"": ""BTC-SEA-5001"", ""shipment_id"": ""SHP-2026-101"", ""timestamp"": ""2026-09-28 04:54:46 UTC"", ""temperature"": -20.51, ""humidity"": 86.4, ""location"": ""GPS: 45.1000 N, -120.1800 W"", ""battery_status"": 95}",2026-09-28 08:24:49 UTC,1,d96e1104ef6dc14d73d3431c6fd17f914a6395d94e8b887ae18fd78fb00ac3ed,SYNCED,0,
1504,SENSOR_LOG,"{""sensor_id"": ""SNS-MH-1010"", ""batch_id"": ""BTC-SEA-5001"", ""shipment_id"": ""SHP-2026-101"", ""timestamp"": ""2026-09-28 05:09:46 UTC"", ""temperature"": -19.1, ""humidity"": 87.7, ""location"": ""GPS: 45.1000 N, -120.1900 W"", ""battery_status"": 95}",2026-09-28 08:24:49 UTC,1,8ec04ba2818b4a174a4ebf4bbd20d879a27e1226d62757d074857972809c13d0,SYNCED,0,
1505,SENSOR_LOG,"{""sensor_id"": ""SNS-MH-1010"", ""batch_id"": ""BTC-SEA-5001"", ""shipment_id"": ""SHP-2026-101"", ""timestamp"": ""2026-09-28 05:24:46 UTC"", ""temperature"": -21.1, ""humidity"": 92.2, ""location"": ""GPS: 45.1000 N, -120.2000 W"", ""battery_status"": 95}",2026-09-28 08:24:49 UTC,1,3332bfd388885b345ea1865313ea4cd6dce38a44529706afa4405cb4a1766a1a,SYNCED,0,
1506,SENSOR_LOG,"{""sensor_id"": ""SNS-MH-1010"", ""batch_id"": ""BTC-SEA-5001"", ""shipment_id"": ""SHP-2026-101"", ""timestamp"": ""2026-09-28 05:39:46 UTC"", ""temperature"": -18.25, ""humidity"": 85.4, ""location"": ""GPS: 45.1000 N, -120.2100 W"", ""battery_status"": 95}",2026-09-28 08:24:49 UTC,1,e9b874bd0290cf82f103566142c3e40baba63e12c859c1e80f8628dfc1cdfb67,SYNCED,0,
1507,SENSOR_LOG,"{""sensor_id"": ""SNS-MH-1010"", ""batch_id"": ""BTC-SEA-5001"", ""shipment_id"": ""SHP-2026-101"", ""timestamp"": ""2026-09-28 05:54:46 UTC"", ""temperature"": -18.6, ""humidity"": 93.3, ""location"": ""GPS: 45.1000 N, -120.2200 W"", ""battery_status"": 95}",2026-09-28 08:24:49 UTC,1,03cb5f5bcac3b345478bea6c5dd08bd022b3b8c27d49845251dfa010f914973d,SYNCED,0,
1508,SENSOR_LOG,"{""sensor_id"": ""SNS-MH-1010"", ""batch_id"": ""BTC-SEA-5001"", ""shipment_id"": ""SHP-2026-101"", ""timestamp"": ""2026-09-28 06:09:46 UTC"", ""temperature"": -20.36, ""humidity"": 88.4, ""location"": ""GPS: 45.1000 N, -120.2300 W"", ""battery_status"": 95}",2026-09-28 08:24:49 UTC,1,6c5708a041142afee48dc752212f8fc4d8d97cab02faca39561d58d952373824,SYNCED,0,
1509,SENSOR_LOG,"{""sensor_id"": ""SNS-MH-1010"", ""batch_id"": ""BTC-SEA-5001"", ""shipment_id"": ""SHP-2026-101"", ""timestamp"": ""2026-09-28 06:24:46 UTC"", ""temperature"": -19.98, ""humidity"": 88.9, ""location"": ""GPS: 45.1000 N, -120.2400 W"", ""battery_status"": 95}",2026-09-28 08:24:49 UTC,1,ac6696248104b9c837045151eb73e1a9e4d0a5463668c6c67e1af4a149fea4d3,SYNCED,0,
1510,SENSOR_LOG,"{""sensor_id"": ""SNS-MH-1010"", ""batch_id"": ""BTC-SEA-5001"", ""shipment_id"": ""SHP-2026-101"", ""timestamp"": ""2026-09-28 06:39:46 UTC"", ""temperature"": -20.47, ""humidity"": 90.6, ""location"": ""GPS: 45.1000 N, -120.2500 W"", ""battery_status"": 95}",2026-09-28 08:24:49 UTC,1,140b9f527f69d3ae7c918bf98a13437259a2be45e0dd11a5cfce08a298a0eda1,SYNCED,0,
1511,SENSOR_LOG,"{""sensor_id"": ""SNS-MH-1010"", ""batch_id"": ""BTC-SEA-5001"", ""shipment_id"": ""SHP-2026-101"", ""timestamp"": ""2026-09-28 06:54:46 UTC"", ""temperature"": -21.55, ""humidity"": 91.6, ""location"": ""GPS: 45.1000 N, -120.2600 W"", ""battery_status"": 95}",2026-09-28 08:24:49 UTC,1,3f07c76aac4573264dc03a815d58a3d266c3afc1ffe9253b4b2f2f1141499df5,SYNCED,0,
1512,SENSOR_LOG,"{""sensor_id"": ""SNS-MH-1010"", ""batch_id"": ""BTC-SEA-5001"", ""shipment_id"": ""SHP-2026-101"", ""timestamp"": ""2026-09-28 07:09:46 UTC"", ""temperature"": -21.8, ""humidity"": 91.5, ""location"": ""GPS: 45.1000 N, -120.2700 W"", ""battery_status"": 95}",2026-09-28 08:24:49 UTC,1,d78dafb47704eec184a632aead9be4ea7bddfc70f49ae7c9fccbd4aa392730c9,SYNCED,0,
1513,SENSOR_LOG,"{""sensor_id"": ""SNS-MH-1010"", ""batch_id"": ""BTC-SEA-5001"", ""shipment_id"": ""SHP-2026-101"", ""timestamp"": ""2026-09-28 07:24:46 UTC"", ""temperature"": -21.13, ""humidity"": 90.4, ""location"": ""GPS: 45.1000 N, -120.2800 W"", ""battery_status"": 95}",2026-09-28 08:24:49 UTC,1,7bc5988cb660fd9e052374ca9a3b05349268916084df224a20067025e05598bd,SYNCED,0,
1514,SENSOR_LOG,"{""sensor_id"": ""SNS-MH-1010"", ""batch_id"": ""BTC-SEA-5001"", ""shipment_id"": ""SHP-2026-101"", ""timestamp"": ""2026-09-28 07:39:46 UTC"", ""temperature"": -20.86, ""humidity"": 90.1, ""location"": ""GPS: 45.1000 N, -120.2900 W"", ""battery_status"": 95}",2026-09-28 08:24:49 UTC,1,0e49afcf99ba26401bd5219528a8fc99a4f61eec87ef50cd87499dc76163ea43,SYNCED,0,
1515,SENSOR_LOG,"{""sensor_id"": ""SNS-MH-1010"", ""batch_id"": ""BTC-SEA-5001"", ""shipment_id"": ""SHP-2026-101"", ""timestamp"": ""2026-09-28 07:54:46 UTC"", ""temperature"": -20.17, ""humidity"": 88.2, ""location"": ""GPS: 45.1000 N, -120.3000 W"", ""battery_status"": 95}",2026-09-28 08:24:49 UTC,1,b9102f645515d5ef59f38e3c3ddc2dfcedb7922075c47bcccd68138c87d21dce,SYNCED,0,
1516,SENSOR_LOG,"{""sensor_id"": ""SNS-MH-1010"", ""batch_id"": ""BTC-SEA-5001"", ""shipment_id"": ""SHP-2026-101"", ""timestamp"": ""2026-09-28 08:09:46 UTC"", ""temperature"": -20.56, ""humidity"": 87.8, ""location"": ""GPS: 45.1000 N, -120.3100 W"", ""battery_status"": 95}",2026-09-28 08:24:49 UTC,1,1dd5d32b443205a893ea606865c161954612104502dbb015cea9f60459f4670f,SYNCED,0,
1517,SENSOR_LOG,"{""sensor_id"": ""SNS-MH-1011"", ""batch_id"": ""BTC-SEA-5002"", ""shipment_id"": ""SHP-2026-102"", ""timestamp"": ""2026-09-28 00:24:46 UTC"", ""temperature"": -21.63, ""humidity"": 94.7, ""location"": ""GPS: 45.1100 N, -120.0000 W"", ""battery_status"": 95}",2026-09-28 08:24:49 UTC,1,c3f58a6b7114b6f41b121f4caec0e71c06cc518531cba5b23a9e4cd3e5f9513f,SYNCED,0,
1518,SENSOR_LOG,"{""sensor_id"": ""SNS-MH-1011"", ""batch_id"": ""BTC-SEA-5002"", ""shipment_id"": ""SHP-2026-102"", ""timestamp"": ""2026-09-28 00:39:46 UTC"", ""temperature"": -21.74, ""humidity"": 87.3, ""location"": ""GPS: 45.1100 N, -120.0100 W"", ""battery_status"": 95}",2026-09-28 08:24:49 UTC,1,620ca8c24bd0cc874ee6c4f7120f78441e6fed4fa8c5588a1b621e49145be608,SYNCED,0,
1519,SENSOR_LOG,"{""sensor_id"": ""SNS-MH-1011"", ""batch_id"": ""BTC-SEA-5002"", ""shipment_id"": ""SHP-2026-102"", ""timestamp"": ""2026-09-28 00:54:46 UTC"", ""temperature"": -21.48, ""humidity"": 85.2, ""location"": ""GPS: 45.1100 N, -120.0200 W"", ""battery_status"": 95}",2026-09-28 08:24:49 UTC,1,cd7e18413032222e8dfdca23051b120af90ad83dd87d9e156665af5d2826b8ca,SYNCED,0,
1520,SENSOR_LOG,"{""sensor_id"": ""SNS-MH-1011"", ""batch_id"": ""BTC-SEA-5002"", ""shipment_id"": ""SHP-2026-102"", ""timestamp"": ""2026-09-28 01:09:46 UTC"", ""temperature"": -19.28, ""humidity"": 90.5, ""location"": ""GPS: 45.1100 N, -120.0300 W"", ""battery_status"": 95}",2026-09-28 08:24:49 UTC,1,1b0617a83c34d7007dcd053c11033684b9dc922e59dcb470d612a40edd08f257,SYNCED,0,
1521,SENSOR_LOG,"{""sensor_id"": ""SNS-MH-1011"", ""batch_id"": ""BTC-SEA-5002"", ""shipment_id"": ""SHP-2026-102"", ""timestamp"": ""2026-09-28 01:24:46 UTC"", ""temperature"": -20.82, ""humidity"": 94.5, ""location"": ""GPS: 45.1100 N, -120.0400 W"", ""battery_status"": 95}",2026-09-28 08:24:49 UTC,1,f5be93f038d502353cc90b3772e5f710d51ba5bb18bb6c3e508d93346bd96bd7,SYNCED,0,
1522,SENSOR_LOG,"{""sensor_id"": ""SNS-MH-1011"", ""batch_id"": ""BTC-SEA-5002"", ""shipment_id"": ""SHP-2026-102"", ""timestamp"": ""2026-09-28 01:39:46 UTC"", ""temperature"": -21.92, ""humidity"": 87.3, ""location"": ""GPS: 45.1100 N, -120.0500 W"", ""battery_status"": 95}",2026-09-28 08:24:49 UTC,1,c43cd945256efb6757384e8e89f974109b6e28fd54d4870ea4a7df63f7df97a1,SYNCED,0,
1523,SENSOR_LOG,"{""sensor_id"": ""SNS-MH-1011"", ""batch_id"": ""BTC-SEA-5002"", ""shipment_id"": ""SHP-2026-102"", ""timestamp"": ""2026-09-28 01:54:46 UTC"", ""temperature"": -18.34, ""humidity"": 89.6, ""location"": ""GPS: 45.1100 N, -120.0600 W"", ""battery_status"": 95}",2026-09-28 08:24:49 UTC,1,69910205a6648a0620a87e7228fd73fdbadd5cd512dd91e175d58804b5e89f03,SYNCED,0,
1524,SENSOR_LOG,"{""sensor_id"": ""SNS-MH-1011"", ""batch_id"": ""BTC-SEA-5002"", ""shipment_id"": ""SHP-2026-102"", ""timestamp"": ""2026-09-28 02:09:46 UTC"", ""temperature"": -19.16, ""humidity"": 90.0, ""location"": ""GPS: 45.1100 N, -120.0700 W"", ""battery_status"": 95}",2026-09-28 08:24:49 UTC,1,4eaa55e9f2175fc0999f9bdc47f2cd6af72e71568d536a9a50554465403b8e2f,SYNCED,0,
1525,SENSOR_LOG,"{""sensor_id"": ""SNS-MH-1011"", ""batch_id"": ""BTC-SEA-5002"", ""shipment_id"": ""SHP-2026-102"", ""timestamp"": ""2026-09-28 02:24:46 UTC"", ""temperature"": -20.43, ""humidity"": 93.7, ""location"": ""GPS: 45.1100 N, -120.0800 W"", ""battery_status"": 95}",2026-09-28 08:24:49 UTC,1,5ff12996ec3245984336bd67429878e1fae9fce50ccea86958f5bbadddff5229,SYNCED,0,
1526,SENSOR_LOG,"{""sensor_id"": ""SNS-MH-1011"", ""batch_id"": ""BTC-SEA-5002"", ""shipment_id"": ""SHP-2026-102"", ""timestamp"": ""2026-09-28 02:39:46 UTC"", ""temperature"": -19.52, ""humidity"": 92.2, ""location"": ""GPS: 45.1100 N, -120.0900 W"", ""battery_status"": 95}",2026-09-28 08:24:49 UTC,1,bd4858179b7dbede1e611e6c729ffbb4c003d427d46ee22815394ff836fab091,SYNCED,0,
1527,SENSOR_LOG,"{""sensor_id"": ""SNS-MH-1011"", ""batch_id"": ""BTC-SEA-5002"", ""shipment_id"": ""SHP-2026-102"", ""timestamp"": ""2026-09-28 02:54:46 UTC"", ""temperature"": -18.2, ""humidity"": 88.2, ""location"": ""GPS: 45.1100 N, -120.1000 W"", ""battery_status"": 95}",2026-09-28 08:24:49 UTC,1,7f1a65888d9d99a2419d7f8a3f07b3c361cbfffd03be22213ef0b2b1ed447eaa,SYNCED,0,
1528,SENSOR_LOG,"{""sensor_id"": ""SNS-MH-1011"", ""batch_id"": ""BTC-SEA-5002"", ""shipment_id"": ""SHP-2026-102"", ""timestamp"": ""2026-09-28 03:09:46 UTC"", ""temperature"": -19.65, ""humidity"": 92.1, ""location"": ""GPS: 45.1100 N, -120.1100 W"", ""battery_status"": 95}",2026-09-28 08:24:49 UTC,1,f2f1918750188c07d4e5a151b715c25a273ef1d7ea860424224434644bf8293f,SYNCED,0,
1529,SENSOR_LOG,"{""sensor_id"": ""SNS-MH-1011"", ""batch_id"": ""BTC-SEA-5002"", ""shipment_id"": ""SHP-2026-102"", ""timestamp"": ""2026-09-28 03:24:46 UTC"", ""temperature"": -18.78, ""humidity"": 91.8, ""location"": ""GPS: 45.1100 N, -120.1200 W"", ""battery_status"": 95}",2026-09-28 08:24:49 UTC,1,d45027dc54027be52ebb68916d4d0b461104a5d6ad72ccc7e771510cb1a338ed,SYNCED,0,
1530,SENSOR_LOG,"{""sensor_id"": ""SNS-MH-1011"", ""batch_id"": ""BTC-SEA-5002"", ""shipment_id"": ""SHP-2026-102"", ""timestamp"": ""2026-09-28 03:39:46 UTC"", ""temperature"": -20.92, ""humidity"": 86.6, ""location"": ""GPS: 45.1100 N, -120.1300 W"", ""battery_status"": 95}",2026-09-28 08:24:49 UTC,1,741230cbfd820d284c7044fc3ddcdc46bb7dc91a0f87439a42cfe1fa183a7c37,SYNCED,0,
1531,SENSOR_LOG,"{""sensor_id"": ""SNS-MH-1011"", ""batch_id"": ""BTC-SEA-5002"", ""shipment_id"": ""SHP-2026-102"", ""timestamp"": ""2026-09-28 03:54:46 UTC"", ""temperature"": -20.51, ""humidity"": 90.6, ""location"": ""GPS: 45.1100 N, -120.1400 W"", ""battery_status"": 95}",2026-09-28 08:24:49 UTC,1,c7a9c2c7096ccab3af8b52e2aca192b0670560634b9ffa987c091bc6009a98eb,SYNCED,0,
1532,SENSOR_LOG,"{""sensor_id"": ""SNS-MH-1011"", ""batch_id"": ""BTC-SEA-5002"", ""shipment_id"": ""SHP-2026-102"", ""timestamp"": ""2026-09-28 04:09:46 UTC"", ""temperature"": -18.82, ""humidity"": 89.2, ""location"": ""GPS: 45.1100 N, -120.1500 W"", ""battery_status"": 95}",2026-09-28 08:24:49 UTC,1,988a322347643cbe2869344cee32ab9c967833fc9ffd2d310425342bdb8e227b,SYNCED,0,
1533,SENSOR_LOG,"{""sensor_id"": ""SNS-MH-1011"", ""batch_id"": ""BTC-SEA-5002"", ""shipment_id"": ""SHP-2026-102"", ""timestamp"": ""2026-09-28 04:24:46 UTC"", ""temperature"": -20.42, ""humidity"": 88.4, ""location"": ""GPS: 45.1100 N, -120.1600 W"", ""battery_status"": 95}",2026-09-28 08:24:49 UTC,1,7574ea0553c8d339565912f9cd316628ad78f9e43cc87c25fe51cf9f71281468,SYNCED,0,
1534,SENSOR_LOG,"{""sensor_id"": ""SNS-MH-1011"", ""batch_id"": ""BTC-SEA-5002"", ""shipment_id"": ""SHP-2026-102"", ""timestamp"": ""2026-09-28 04:39:46 UTC"", ""temperature"": -21.49, ""humidity"": 92.2, ""location"": ""GPS: 45.1100 N, -120.1700 W"", ""battery_status"": 95}",2026-09-28 08:24:49 UTC,1,9d5f9428b8e1193165e423bc92ba322a85d57b39f218671c2e2e715536d4c18b,SYNCED,0,
1535,SENSOR_LOG,"{""sensor_id"": ""SNS-MH-1011"", ""batch_id"": ""BTC-SEA-5002"", ""shipment_id"": ""SHP-2026-102"", ""timestamp"": ""2026-09-28 04:54:46 UTC"", ""temperature"": -20.43, ""humidity"": 91.8, ""location"": ""GPS: 45.1100 N, -120.1800 W"", ""battery_status"": 95}",2026-09-28 08:24:49 UTC,1,1532ebfec613ce05451a177552d527a2fc02cc4c476393955e88769694a1c69f,SYNCED,0,
1536,SENSOR_LOG,"{""sensor_id"": ""SNS-MH-1011"", ""batch_id"": ""BTC-SEA-5002"", ""shipment_id"": ""SHP-2026-102"", ""timestamp"": ""2026-09-28 05:09:46 UTC"", ""temperature"": -20.78, ""humidity"": 92.9, ""location"": ""GPS: 45.1100 N, -120.1900 W"", ""battery_status"": 95}",2026-09-28 08:24:49 UTC,1,ff07f9ae392d0e8bf5cfd2ba44d5270488c31f69c959d2ad75e2c50536906b6c,SYNCED,0,
1537,SENSOR_LOG,"{""sensor_id"": ""SNS-MH-1011"", ""batch_id"": ""BTC-SEA-5002"", ""shipment_id"": ""SHP-2026-102"", ""timestamp"": ""2026-09-28 05:24:46 UTC"", ""temperature"": -21.95, ""humidity"": 86.8, ""location"": ""GPS: 45.1100 N, -120.2000 W"", ""battery_status"": 95}",2026-09-28 08:24:49 UTC,1,3882d8e2394d4030206fb18de16b1e64ea3fe48607de9339314a8a7d5852e93f,SYNCED,0,
1538,SENSOR_LOG,"{""sensor_id"": ""SNS-MH-1011"", ""batch_id"": ""BTC-SEA-5002"", ""shipment_id"": ""SHP-2026-102"", ""timestamp"": ""2026-09-28 05:39:46 UTC"", ""temperature"": -18.05, ""humidity"": 88.6, ""location"": ""GPS: 45.1100 N, -120.2100 W"", ""battery_status"": 95}",2026-09-28 08:24:49 UTC,1,4ac8da38dfec83836e14d0e799368f6b7c60462b1aa2c68b73e60a526f1cfcc4,SYNCED,0,
1539,SENSOR_LOG,"{""sensor_id"": ""SNS-MH-1011"", ""batch_id"": ""BTC-SEA-5002"", ""shipment_id"": ""SHP-2026-102"", ""timestamp"": ""2026-09-28 05:54:46 UTC"", ""temperature"": -21.6, ""humidity"": 93.9, ""location"": ""GPS: 45.1100 N, -120.2200 W"", ""battery_status"": 95}",2026-09-28 08:24:49 UTC,1,177668167bdae84bd386abdf8a710c7144c6e084fb7aa3904a70ba21d789ebf0,SYNCED,0,
1540,SENSOR_LOG,"{""sensor_id"": ""SNS-MH-1011"", ""batch_id"": ""BTC-SEA-5002"", ""shipment_id"": ""SHP-2026-102"", ""timestamp"": ""2026-09-28 06:09:46 UTC"", ""temperature"": -19.51, ""humidity"": 86.7, ""location"": ""GPS: 45.1100 N, -120.2300 W"", ""battery_status"": 95}",2026-09-28 08:24:49 UTC,1,19959cdf3d49517afda477548f30824fd39cfc479edf0ec014b5d2d3ddca56b9,SYNCED,0,
1541,SENSOR_LOG,"{""sensor_id"": ""SNS-MH-1011"", ""batch_id"": ""BTC-SEA-5002"", ""shipment_id"": ""SHP-2026-102"", ""timestamp"": ""2026-09-28 06:24:46 UTC"", ""temperature"": -21.13, ""humidity"": 88.1, ""location"": ""GPS: 45.1100 N, -120.2400 W"", ""battery_status"": 95}",2026-09-28 08:24:49 UTC,1,87b79410779112904ffce31d3a68a438d4121686f3e4862d4957305397be8517,SYNCED,0,
1542,SENSOR_LOG,"{""sensor_id"": ""SNS-MH-1011"", ""batch_id"": ""BTC-SEA-5002"", ""shipment_id"": ""SHP-2026-102"", ""timestamp"": ""2026-09-28 06:39:46 UTC"", ""temperature"": -21.88, ""humidity"": 90.8, ""location"": ""GPS: 45.1100 N, -120.2500 W"", ""battery_status"": 95}",2026-09-28 08:24:49 UTC,1,a9ee444ddf893142a02b55f6bcc85e62e994e576cf28573f033c19d710c429af,SYNCED,0,
1543,SENSOR_LOG,"{""sensor_id"": ""SNS-MH-1011"", ""batch_id"": ""BTC-SEA-5002"", ""shipment_id"": ""SHP-2026-102"", ""timestamp"": ""2026-09-28 06:54:46 UTC"", ""temperature"": -18.95, ""humidity"": 92.9, ""location"": ""GPS: 45.1100 N, -120.2600 W"", ""battery_status"": 95}",2026-09-28 08:24:49 UTC,1,93cfa51d3795d577b3811f7760edef38cb6689ff620fade404edb2f0accde79d,SYNCED,0,
1544,SENSOR_LOG,"{""sensor_id"": ""SNS-MH-1011"", ""batch_id"": ""BTC-SEA-5002"", ""shipment_id"": ""SHP-2026-102"", ""timestamp"": ""2026-09-28 07:09:46 UTC"", ""temperature"": -18.2, ""humidity"": 86.6, ""location"": ""GPS: 45.1100 N, -120.2700 W"", ""battery_status"": 95}",2026-09-28 08:24:49 UTC,1,2cb05f8a4d76b6cbcb7d053e5f7c937b203f999da64024f04c89469502cf5a48,SYNCED,0,
1545,SENSOR_LOG,"{""sensor_id"": ""SNS-MH-1011"", ""batch_id"": ""BTC-SEA-5002"", ""shipment_id"": ""SHP-2026-102"", ""timestamp"": ""2026-09-28 07:24:46 UTC"", ""temperature"": -19.58, ""humidity"": 88.7, ""location"": ""GPS: 45.1100 N, -120.2800 W"", ""battery_status"": 95}",2026-09-28 08:24:49 UTC,1,9ae08404dbe48374d91ac456ae5d2aef79a1d57f06dc14a9d47856ae27bb3502,SYNCED,0,
1546,SENSOR_LOG,"{""sensor_id"": ""SNS-MH-1011"", ""batch_id"": ""BTC-SEA-5002"", ""shipment_id"": ""SHP-2026-102"", ""timestamp"": ""2026-09-28 07:39:46 UTC"", ""temperature"": -21.09, ""humidity"": 94.2, ""location"": ""GPS: 45.1100 N, -120.2900 W"", ""battery_status"": 95}",2026-09-28 08:24:49 UTC,1,bca97cfea9f9294233f1095803e4184308cfe8949e79f5fa8f241ead0080ca9f,SYNCED,0,
1547,SENSOR_LOG,"{""sensor_id"": ""SNS-MH-1011"", ""batch_id"": ""BTC-SEA-5002"", ""shipment_id"": ""SHP-2026-102"", ""timestamp"": ""2026-09-28 07:54:46 UTC"", ""temperature"": -19.28, ""humidity"": 90.5, ""location"": ""GPS: 45.1100 N, -120.3000 W"", ""battery_status"": 95}",2026-09-28 08:24:49 UTC,1,a8c7b937d5df95ab90229ebd44fd0693195d6bfde1cb4cbd4d4f2938d3efea54,SYNCED,0,
1548,SENSOR_LOG,"{""sensor_id"": ""SNS-MH-1011"", ""batch_id"": ""BTC-SEA-5002"", ""shipment_id"": ""SHP-2026-102"", ""timestamp"": ""2026-09-28 08:09:46 UTC"", ""temperature"": -18.3, ""humidity"": 88.0, ""location"": ""GPS: 45.1100 N, -120.3100 W"", ""battery_status"": 95}",2026-09-28 08:24:49 UTC,1,adcac53a96e4e15a81c4492c9578c0dbeff3da1e8da6d2df459f299a25e3c97d,SYNCED,0,
1549,SENSOR_LOG,"{""sensor_id"": ""SNS-MH-1012"", ""batch_id"": ""BTC-SEA-5003"", ""shipment_id"": ""SHP-2026-103"", ""timestamp"": ""2026-09-28 00:24:46 UTC"", ""temperature"": -19.25, ""humidity"": 85.4, ""location"": ""GPS: 45.1200 N, -120.0000 W"", ""battery_status"": 95}",2026-09-28 08:24:49 UTC,1,0796ca82ba87dd60aacfd7fd3c6080a102c1694f2b1d67806ca2d6c35b8ea430,SYNCED,0,
1550,SENSOR_LOG,"{""sensor_id"": ""SNS-MH-1012"", ""batch_id"": ""BTC-SEA-5003"", ""shipment_id"": ""SHP-2026-103"", ""timestamp"": ""2026-09-28 00:39:46 UTC"", ""temperature"": -21.17, ""humidity"": 91.0, ""location"": ""GPS: 45.1200 N, -120.0100 W"", ""battery_status"": 95}",2026-09-28 08:24:49 UTC,1,19aafc246bbc57d4b19b3b2150f1e634392caaf61a61b44c06737c869605e647,SYNCED,0,
1551,SENSOR_LOG,"{""sensor_id"": ""SNS-MH-1012"", ""batch_id"": ""BTC-SEA-5003"", ""shipment_id"": ""SHP-2026-103"", ""timestamp"": ""2026-09-28 00:54:46 UTC"", ""temperature"": -18.35, ""humidity"": 92.7, ""location"": ""GPS: 45.1200 N, -120.0200 W"", ""battery_status"": 95}",2026-09-28 08:24:49 UTC,1,33294e029e3b0fe59542d45b9e05b0caca67b10432b4554bc2a2821d4405fa51,SYNCED,0,
1552,SENSOR_LOG,"{""sensor_id"": ""SNS-MH-1012"", ""batch_id"": ""BTC-SEA-5003"", ""shipment_id"": ""SHP-2026-103"", ""timestamp"": ""2026-09-28 01:09:46 UTC"", ""temperature"": -18.46, ""humidity"": 91.3, ""location"": ""GPS: 45.1200 N, -120.0300 W"", ""battery_status"": 95}",2026-09-28 08:24:49 UTC,1,697c861d26d2edebcfe21291dc889bdbae9d2b81e2af643e4830f94dc72849df,SYNCED,0,
1553,SENSOR_LOG,"{""sensor_id"": ""SNS-MH-1012"", ""batch_id"": ""BTC-SEA-5003"", ""shipment_id"": ""SHP-2026-103"", ""timestamp"": ""2026-09-28 01:24:46 UTC"", ""temperature"": -21.01, ""humidity"": 88.3, ""location"": ""GPS: 45.1200 N, -120.0400 W"", ""battery_status"": 95}",2026-09-28 08:24:49 UTC,1,aec73d0abe2d373ad7c2462315638c5cdb7fe7a70cfcd2341bbf7c2254164056,SYNCED,0,
1554,SENSOR_LOG,"{""sensor_id"": ""SNS-MH-1012"", ""batch_id"": ""BTC-SEA-5003"", ""shipment_id"": ""SHP-2026-103"", ""timestamp"": ""2026-09-28 01:39:46 UTC"", ""temperature"": -19.87, ""humidity"": 94.5, ""location"": ""GPS: 45.1200 N, -120.0500 W"", ""battery_status"": 95}",2026-09-28 08:24:49 UTC,1,5a82ee62087970ac7c6f026c04d0db2fdea970c563bc0536dbaa57b5f077f823,SYNCED,0,
1555,SENSOR_LOG,"{""sensor_id"": ""SNS-MH-1012"", ""batch_id"": ""BTC-SEA-5003"", ""shipment_id"": ""SHP-2026-103"", ""timestamp"": ""2026-09-28 01:54:46 UTC"", ""temperature"": -19.54, ""humidity"": 95.0, ""location"": ""GPS: 45.1200 N, -120.0600 W"", ""battery_status"": 95}",2026-09-28 08:24:49 UTC,1,e3b656fc16e9205edbf1739fafbfa24013651a07d4e170a3eb0283e09bbc2c51,SYNCED,0,
1556,SENSOR_LOG,"{""sensor_id"": ""SNS-MH-1012"", ""batch_id"": ""BTC-SEA-5003"", ""shipment_id"": ""SHP-2026-103"", ""timestamp"": ""2026-09-28 02:09:46 UTC"", ""temperature"": -20.08, ""humidity"": 93.6, ""location"": ""GPS: 45.1200 N, -120.0700 W"", ""battery_status"": 95}",2026-09-28 08:24:49 UTC,1,7f4c29243b4ced9a664f1be6716e160ed082592b07a480d095f2a319cf341cd1,SYNCED,0,
1557,SENSOR_LOG,"{""sensor_id"": ""SNS-MH-1012"", ""batch_id"": ""BTC-SEA-5003"", ""shipment_id"": ""SHP-2026-103"", ""timestamp"": ""2026-09-28 02:24:46 UTC"", ""temperature"": -21.96, ""humidity"": 91.6, ""location"": ""GPS: 45.1200 N, -120.0800 W"", ""battery_status"": 95}",2026-09-28 08:24:49 UTC,1,819178d00bc894736dd7c40b579da151184230d5b427e585255a3e9a63f54ba1,SYNCED,0,
1558,SENSOR_LOG,"{""sensor_id"": ""SNS-MH-1012"", ""batch_id"": ""BTC-SEA-5003"", ""shipment_id"": ""SHP-2026-103"", ""timestamp"": ""2026-09-28 02:39:46 UTC"", ""temperature"": -18.87, ""humidity"": 89.3, ""location"": ""GPS: 45.1200 N, -120.0900 W"", ""battery_status"": 95}",2026-09-28 08:24:49 UTC,1,e547557744366d57071840f9dce0a9d5d20069fc2f130a39ea71cb655b1e2ee1,SYNCED,0,
1559,SENSOR_LOG,"{""sensor_id"": ""SNS-MH-1012"", ""batch_id"": ""BTC-SEA-5003"", ""shipment_id"": ""SHP-2026-103"", ""timestamp"": ""2026-09-28 02:54:46 UTC"", ""temperature"": -19.89, ""humidity"": 89.4, ""location"": ""GPS: 45.1200 N, -120.1000 W"", ""battery_status"": 95}",2026-09-28 08:24:49 UTC,1,72a5b151d5de8b5b14a6d64538d29c37d0bc2caf1a9c7a0c0638d41e26a6b25e,SYNCED,0,
1560,SENSOR_LOG,"{""sensor_id"": ""SNS-MH-1012"", ""batch_id"": ""BTC-SEA-5003"", ""shipment_id"": ""SHP-2026-103"", ""timestamp"": ""2026-09-28 03:09:46 UTC"", ""temperature"": -21.08, ""humidity"": 89.2, ""location"": ""GPS: 45.1200 N, -120.1100 W"", ""battery_status"": 95}",2026-09-28 08:24:49 UTC,1,ddd96e18d3aca0ea92d991bc20ee7bc0ca973d4363c3cdd518101720f2548d14,SYNCED,0,
1561,SENSOR_LOG,"{""sensor_id"": ""SNS-MH-1012"", ""batch_id"": ""BTC-SEA-5003"", ""shipment_id"": ""SHP-2026-103"", ""timestamp"": ""2026-09-28 03:24:46 UTC"", ""temperature"": -19.32, ""humidity"": 86.0, ""location"": ""GPS: 45.1200 N, -120.1200 W"", ""battery_status"": 95}",2026-09-28 08:24:49 UTC,1,9655109e1e47d97b03770b7764977182f4cc6bc880f0b8db5eb7426de12e8fd8,SYNCED,0,
1562,SENSOR_LOG,"{""sensor_id"": ""SNS-MH-1012"", ""batch_id"": ""BTC-SEA-5003"", ""shipment_id"": ""SHP-2026-103"", ""timestamp"": ""2026-09-28 03:39:46 UTC"", ""temperature"": -19.76, ""humidity"": 93.9, ""location"": ""GPS: 45.1200 N, -120.1300 W"", ""battery_status"": 95}",2026-09-28 08:24:49 UTC,1,d8a44f98f8a19efecf20395fe24a02c538482bc56629f8a1c6e64c3519aa9ca4,SYNCED,0,
1563,SENSOR_LOG,"{""sensor_id"": ""SNS-MH-1012"", ""batch_id"": ""BTC-SEA-5003"", ""shipment_id"": ""SHP-2026-103"", ""timestamp"": ""2026-09-28 03:54:46 UTC"", ""temperature"": -21.38, ""humidity"": 87.1, ""location"": ""GPS: 45.1200 N, -120.1400 W"", ""battery_status"": 95}",2026-09-28 08:24:49 UTC,1,80e35883309166c2308a40f68568a103c2cd0144075c14f1e794e6bd2df1c876,SYNCED,0,
1564,SENSOR_LOG,"{""sensor_id"": ""SNS-MH-1012"", ""batch_id"": ""BTC-SEA-5003"", ""shipment_id"": ""SHP-2026-103"", ""timestamp"": ""2026-09-28 04:09:46 UTC"", ""temperature"": -20.22, ""humidity"": 89.3, ""location"": ""GPS: 45.1200 N, -120.1500 W"", ""battery_status"": 95}",2026-09-28 08:24:49 UTC,1,07bc11875652921600e6d0fe5967944de0534f42347fded6540d9d3edb14d673,SYNCED,0,
1565,SENSOR_LOG,"{""sensor_id"": ""SNS-MH-1012"", ""batch_id"": ""BTC-SEA-5003"", ""shipment_id"": ""SHP-2026-103"", ""timestamp"": ""2026-09-28 04:24:46 UTC"", ""temperature"": -19.47, ""humidity"": 87.6, ""location"": ""GPS: 45.1200 N, -120.1600 W"", ""battery_status"": 95}",2026-09-28 08:24:49 UTC,1,2efaa1be9ddbde09646563d591437a0172677fc75c03aefb6c9cbfad7be06841,SYNCED,0,
1566,SENSOR_LOG,"{""sensor_id"": ""SNS-MH-1012"", ""batch_id"": ""BTC-SEA-5003"", ""shipment_id"": ""SHP-2026-103"", ""timestamp"": ""2026-09-28 04:39:46 UTC"", ""temperature"": -20.08, ""humidity"": 94.2, ""location"": ""GPS: 45.1200 N, -120.1700 W"", ""battery_status"": 95}",2026-09-28 08:24:49 UTC,1,fec437484561348bed00fb36ad70b553cb3669c3d780143e8b532b2fcc20a8fe,SYNCED,0,
1567,SENSOR_LOG,"{""sensor_id"": ""SNS-MH-1012"", ""batch_id"": ""BTC-SEA-5003"", ""shipment_id"": ""SHP-2026-103"", ""timestamp"": ""2026-09-28 04:54:46 UTC"", ""temperature"": -18.62, ""humidity"": 86.2, ""location"": ""GPS: 45.1200 N, -120.1800 W"", ""battery_status"": 95}",2026-09-28 08:24:49 UTC,1,b75fea031d6a002863d2305b683fe3e5bd406e71724179865c683f3a062a5371,SYNCED,0,
1568,SENSOR_LOG,"{""sensor_id"": ""SNS-MH-1012"", ""batch_id"": ""BTC-SEA-5003"", ""shipment_id"": ""SHP-2026-103"", ""timestamp"": ""2026-09-28 05:09:46 UTC"", ""temperature"": -19.52, ""humidity"": 86.6, ""location"": ""GPS: 45.1200 N, -120.1900 W"", ""battery_status"": 95}",2026-09-28 08:24:49 UTC,1,82d251280289c35199aa39255632d06089fef230d5e39bdbdc59cb809e2d9396,SYNCED,0,
1569,SENSOR_LOG,"{""sensor_id"": ""SNS-MH-1012"", ""batch_id"": ""BTC-SEA-5003"", ""shipment_id"": ""SHP-2026-103"", ""timestamp"": ""2026-09-28 05:24:46 UTC"", ""temperature"": -21.64, ""humidity"": 92.7, ""location"": ""GPS: 45.1200 N, -120.2000 W"", ""battery_status"": 95}",2026-09-28 08:24:49 UTC,1,028054fae2e090056d2f540366cdf9a1d37740a56d49701ad2321cf93fbf3a1e,SYNCED,0,
1570,SENSOR_LOG,"{""sensor_id"": ""SNS-MH-1012"", ""batch_id"": ""BTC-SEA-5003"", ""shipment_id"": ""SHP-2026-103"", ""timestamp"": ""2026-09-28 05:39:46 UTC"", ""temperature"": -19.94, ""humidity"": 94.5, ""location"": ""GPS: 45.1200 N, -120.2100 W"", ""battery_status"": 95}",2026-09-28 08:24:49 UTC,1,afe68575f6700573fc641239d2bf83a4015373a937c3940875c9c694128f9762,SYNCED,0,
1571,SENSOR_LOG,"{""sensor_id"": ""SNS-MH-1012"", ""batch_id"": ""BTC-SEA-5003"", ""shipment_id"": ""SHP-2026-103"", ""timestamp"": ""2026-09-28 05:54:46 UTC"", ""temperature"": -19.35, ""humidity"": 94.2, ""location"": ""GPS: 45.1200 N, -120.2200 W"", ""battery_status"": 95}",2026-09-28 08:24:49 UTC,1,86bac63009965ef7d19060d519414e1b43a9e54dd50ce29038597e3709fc339f,SYNCED,0,
1572,SENSOR_LOG,"{""sensor_id"": ""SNS-MH-1012"", ""batch_id"": ""BTC-SEA-5003"", ""shipment_id"": ""SHP-2026-103"", ""timestamp"": ""2026-09-28 06:09:46 UTC"", ""temperature"": -21.35, ""humidity"": 94.3, ""location"": ""GPS: 45.1200 N, -120.2300 W"", ""battery_status"": 95}",2026-09-28 08:24:49 UTC,1,2b822a22170f89268e913df1b7e3b0c39bdf89765f5a577a64992ccb9e7b3dcd,SYNCED,0,
1573,SENSOR_LOG,"{""sensor_id"": ""SNS-MH-1012"", ""batch_id"": ""BTC-SEA-5003"", ""shipment_id"": ""SHP-2026-103"", ""timestamp"": ""2026-09-28 06:24:46 UTC"", ""temperature"": -21.66, ""humidity"": 93.3, ""location"": ""GPS: 45.1200 N, -120.2400 W"", ""battery_status"": 95}",2026-09-28 08:24:50 UTC,1,4dfcfd75681cd6be90f0d61961bf81bcef3af86b0eb264b6bc5816793f3220fd,SYNCED,0,
1574,SENSOR_LOG,"{""sensor_id"": ""SNS-MH-1012"", ""batch_id"": ""BTC-SEA-5003"", ""shipment_id"": ""SHP-2026-103"", ""timestamp"": ""2026-09-28 06:39:46 UTC"", ""temperature"": -18.58, ""humidity"": 93.6, ""location"": ""GPS: 45.1200 N, -120.2500 W"", ""battery_status"": 95}",2026-09-28 08:24:50 UTC,1,28d30aa42eccfeb275fa3a5062343359a7c64a8a169076e66f2fb45e10ed8cee,SYNCED,0,
1575,SENSOR_LOG,"{""sensor_id"": ""SNS-MH-1012"", ""batch_id"": ""BTC-SEA-5003"", ""shipment_id"": ""SHP-2026-103"", ""timestamp"": ""2026-09-28 06:54:46 UTC"", ""temperature"": -18.68, ""humidity"": 88.1, ""location"": ""GPS: 45.1200 N, -120.2600 W"", ""battery_status"": 95}",2026-09-28 08:24:50 UTC,1,e124c2b94d1650d9498d2fd15f50eef258c101d479ad312ee2510b65615805f7,SYNCED,0,
1576,SENSOR_LOG,"{""sensor_id"": ""SNS-MH-1012"", ""batch_id"": ""BTC-SEA-5003"", ""shipment_id"": ""SHP-2026-103"", ""timestamp"": ""2026-09-28 07:09:46 UTC"", ""temperature"": -19.94, ""humidity"": 89.1, ""location"": ""GPS: 45.1200 N, -120.2700 W"", ""battery_status"": 95}",2026-09-28 08:24:50 UTC,1,6adc3d9f7590219f7e58d30616d6de69c6e176fc4de1b83ade65cd9e18bc8700,SYNCED,0,
1577,SENSOR_LOG,"{""sensor_id"": ""SNS-MH-1012"", ""batch_id"": ""BTC-SEA-5003"", ""shipment_id"": ""SHP-2026-103"", ""timestamp"": ""2026-09-28 07:24:46 UTC"", ""temperature"": -20.78, ""humidity"": 93.6, ""location"": ""GPS: 45.1200 N, -120.2800 W"", ""battery_status"": 95}",2026-09-28 08:24:50 UTC,1,25129d42a458ebf326a627d200a6cd2488b73d8ef4be84e7e9e73211d362d670,SYNCED,0,
1578,SENSOR_LOG,"{""sensor_id"": ""SNS-MH-1012"", ""batch_id"": ""BTC-SEA-5003"", ""shipment_id"": ""SHP-2026-103"", ""timestamp"": ""2026-09-28 07:39:46 UTC"", ""temperature"": -18.57, ""humidity"": 92.6, ""location"": ""GPS: 45.1200 N, -120.2900 W"", ""battery_status"": 95}",2026-09-28 08:24:50 UTC,1,d29d2fa37406f206430730b78d64c7ec7dbef318a3dd46e668b587769906b15a,SYNCED,0,
1579,SENSOR_LOG,"{""sensor_id"": ""SNS-MH-1012"", ""batch_id"": ""BTC-SEA-5003"", ""shipment_id"": ""SHP-2026-103"", ""timestamp"": ""2026-09-28 07:54:46 UTC"", ""temperature"": -19.94, ""humidity"": 92.2, ""location"": ""GPS: 45.1200 N, -120.3000 W"", ""battery_status"": 95}",2026-09-28 08:24:50 UTC,1,fc9b21bb22d83330db520192265c0266d94592fc08419e8de126db1a3ca12c42,SYNCED,0,
1580,SENSOR_LOG,"{""sensor_id"": ""SNS-MH-1012"", ""batch_id"": ""BTC-SEA-5003"", ""shipment_id"": ""SHP-2026-103"", ""timestamp"": ""2026-09-28 08:09:46 UTC"", ""temperature"": -20.62, ""humidity"": 90.7, ""location"": ""GPS: 45.1200 N, -120.3100 W"", ""battery_status"": 95}",2026-09-28 08:24:50 UTC,1,6dbce0a1c4d9bafaa68da594144f4a0dee2ebfd2f97fc76b297c71dd31a4dbdf,SYNCED,0,
1581,SENSOR_LOG,"{""sensor_id"": ""SNS-MH-1013"", ""batch_id"": ""BTC-SEA-5004"", ""shipment_id"": ""SHP-2026-104"", ""timestamp"": ""2026-09-28 00:24:46 UTC"", ""temperature"": -21.58, ""humidity"": 92.4, ""location"": ""GPS: 45.1300 N, -120.0000 W"", ""battery_status"": 95}",2026-09-28 08:24:50 UTC,1,6c52ff8bd1bb4cad645228829d978f00037d375d80d1bac6de0ec3270bf99bd5,SYNCED,0,
1582,SENSOR_LOG,"{""sensor_id"": ""SNS-MH-1013"", ""batch_id"": ""BTC-SEA-5004"", ""shipment_id"": ""SHP-2026-104"", ""timestamp"": ""2026-09-28 00:39:46 UTC"", ""temperature"": -20.64, ""humidity"": 94.1, ""location"": ""GPS: 45.1300 N, -120.0100 W"", ""battery_status"": 95}",2026-09-28 08:24:50 UTC,1,acbac46606e6518011adc923149375cd9171b0dcd1cae52309a5a60841e0e1ac,SYNCED,0,
1583,SENSOR_LOG,"{""sensor_id"": ""SNS-MH-1013"", ""batch_id"": ""BTC-SEA-5004"", ""shipment_id"": ""SHP-2026-104"", ""timestamp"": ""2026-09-28 00:54:46 UTC"", ""temperature"": -19.6, ""humidity"": 94.4, ""location"": ""GPS: 45.1300 N, -120.0200 W"", ""battery_status"": 95}",2026-09-28 08:24:50 UTC,1,4058372165ca5f535ebc745fcfc918a0dd220e18dccc4e22b5c7e4e7189cf8de,SYNCED,0,
1584,SENSOR_LOG,"{""sensor_id"": ""SNS-MH-1013"", ""batch_id"": ""BTC-SEA-5004"", ""shipment_id"": ""SHP-2026-104"", ""timestamp"": ""2026-09-28 01:09:46 UTC"", ""temperature"": -21.02, ""humidity"": 86.2, ""location"": ""GPS: 45.1300 N, -120.0300 W"", ""battery_status"": 95}",2026-09-28 08:24:50 UTC,1,b9f1adec1a703db3b5f9bff2cc7dd5783c0985f0cc4aeeb80d89c0fa42c894ed,SYNCED,0,
1585,SENSOR_LOG,"{""sensor_id"": ""SNS-MH-1013"", ""batch_id"": ""BTC-SEA-5004"", ""shipment_id"": ""SHP-2026-104"", ""timestamp"": ""2026-09-28 01:24:46 UTC"", ""temperature"": -18.93, ""humidity"": 91.9, ""location"": ""GPS: 45.1300 N, -120.0400 W"", ""battery_status"": 95}",2026-09-28 08:24:50 UTC,1,c913a87b52b6974501cd58372a0c2a94f386127956f3879bfd53c78fbfab2f58,SYNCED,0,
1586,SENSOR_LOG,"{""sensor_id"": ""SNS-MH-1013"", ""batch_id"": ""BTC-SEA-5004"", ""shipment_id"": ""SHP-2026-104"", ""timestamp"": ""2026-09-28 01:39:46 UTC"", ""temperature"": -19.93, ""humidity"": 88.6, ""location"": ""GPS: 45.1300 N, -120.0500 W"", ""battery_status"": 95}",2026-09-28 08:24:50 UTC,1,1fd2e3a8eef2e993199a8499600deb517f26c504d4f88f1d150f512b95265f9a,SYNCED,0,
1587,SENSOR_LOG,"{""sensor_id"": ""SNS-MH-1013"", ""batch_id"": ""BTC-SEA-5004"", ""shipment_id"": ""SHP-2026-104"", ""timestamp"": ""2026-09-28 01:54:46 UTC"", ""temperature"": -18.53, ""humidity"": 90.1, ""location"": ""GPS: 45.1300 N, -120.0600 W"", ""battery_status"": 95}",2026-09-28 08:24:50 UTC,1,343c69283d9a1380ecdb8f38d8d67df4df92933c54e05ee9598a5933b866dfa7,SYNCED,0,
1588,SENSOR_LOG,"{""sensor_id"": ""SNS-MH-1013"", ""batch_id"": ""BTC-SEA-5004"", ""shipment_id"": ""SHP-2026-104"", ""timestamp"": ""2026-09-28 02:09:46 UTC"", ""temperature"": -21.55, ""humidity"": 90.8, ""location"": ""GPS: 45.1300 N, -120.0700 W"", ""battery_status"": 95}",2026-09-28 08:24:50 UTC,1,38b7347e22d0feb752bc071cde02eb572fd7bb92676fb3812ae31a633af51a7d,SYNCED,0,
1589,SENSOR_LOG,"{""sensor_id"": ""SNS-MH-1013"", ""batch_id"": ""BTC-SEA-5004"", ""shipment_id"": ""SHP-2026-104"", ""timestamp"": ""2026-09-28 02:24:46 UTC"", ""temperature"": -20.0, ""humidity"": 86.7, ""location"": ""GPS: 45.1300 N, -120.0800 W"", ""battery_status"": 95}",2026-09-28 08:24:50 UTC,1,dbb14e8be340bd469fec5c2b4cb822520f80913fd7b6c67df0297960060743db,SYNCED,0,
1590,SENSOR_LOG,"{""sensor_id"": ""SNS-MH-1013"", ""batch_id"": ""BTC-SEA-5004"", ""shipment_id"": ""SHP-2026-104"", ""timestamp"": ""2026-09-28 02:39:46 UTC"", ""temperature"": -20.71, ""humidity"": 86.9, ""location"": ""GPS: 45.1300 N, -120.0900 W"", ""battery_status"": 95}",2026-09-28 08:24:50 UTC,1,4042f1fbe11628b5347671568b04a9f0145a3561c9a09676d01c2e8652bdef52,SYNCED,0,
1591,SENSOR_LOG,"{""sensor_id"": ""SNS-MH-1013"", ""batch_id"": ""BTC-SEA-5004"", ""shipment_id"": ""SHP-2026-104"", ""timestamp"": ""2026-09-28 02:54:46 UTC"", ""temperature"": -18.16, ""humidity"": 92.5, ""location"": ""GPS: 45.1300 N, -120.1000 W"", ""battery_status"": 95}",2026-09-28 08:24:50 UTC,1,84b45215f728ceb492846198f9d7aab8454fcb57d346e4557be54242a30285fe,SYNCED,0,
1592,SENSOR_LOG,"{""sensor_id"": ""SNS-MH-1013"", ""batch_id"": ""BTC-SEA-5004"", ""shipment_id"": ""SHP-2026-104"", ""timestamp"": ""2026-09-28 03:09:46 UTC"", ""temperature"": -21.22, ""humidity"": 92.6, ""location"": ""GPS: 45.1300 N, -120.1100 W"", ""battery_status"": 95}",2026-09-28 08:24:50 UTC,1,0451cc3d6de7b40d44d924f56ecb0ef1d99bd935b181ea835798f2c1e7d4725a,SYNCED,0,
1593,SENSOR_LOG,"{""sensor_id"": ""SNS-MH-1013"", ""batch_id"": ""BTC-SEA-5004"", ""shipment_id"": ""SHP-2026-104"", ""timestamp"": ""2026-09-28 03:24:46 UTC"", ""temperature"": -18.22, ""humidity"": 85.7, ""location"": ""GPS: 45.1300 N, -120.1200 W"", ""battery_status"": 95}",2026-09-28 08:24:50 UTC,1,cb12c2dcb1b0217a04010b0e279a6b94f9d5b6e9f02c85ef1cb189db8bc5078f,SYNCED,0,
1594,SENSOR_LOG,"{""sensor_id"": ""SNS-MH-1013"", ""batch_id"": ""BTC-SEA-5004"", ""shipment_id"": ""SHP-2026-104"", ""timestamp"": ""2026-09-28 03:39:46 UTC"", ""temperature"": -19.08, ""humidity"": 91.7, ""location"": ""GPS: 45.1300 N, -120.1300 W"", ""battery_status"": 95}",2026-09-28 08:24:50 UTC,1,04737de2b83b7f3c17116dd854b6d5416b001928470a91082678f90dfd6026f1,SYNCED,0,
1595,SENSOR_LOG,"{""sensor_id"": ""SNS-MH-1013"", ""batch_id"": ""BTC-SEA-5004"", ""shipment_id"": ""SHP-2026-104"", ""timestamp"": ""2026-09-28 03:54:46 UTC"", ""temperature"": -19.39, ""humidity"": 91.4, ""location"": ""GPS: 45.1300 N, -120.1400 W"", ""battery_status"": 95}",2026-09-28 08:24:50 UTC,1,e929722e043804de578595d3a5132c76475d294923329f23fcca736db58263f2,SYNCED,0,
1596,SENSOR_LOG,"{""sensor_id"": ""SNS-MH-1013"", ""batch_id"": ""BTC-SEA-5004"", ""shipment_id"": ""SHP-2026-104"", ""timestamp"": ""2026-09-28 04:09:46 UTC"", ""temperature"": -20.48, ""humidity"": 90.4, ""location"": ""GPS: 45.1300 N, -120.1500 W"", ""battery_status"": 95}",2026-09-28 08:24:50 UTC,1,7ff9a618d499c6ad511babc9f2243f73d6c313865d5ac4446fd90c7eba7f9d85,SYNCED,0,
1597,SENSOR_LOG,"{""sensor_id"": ""SNS-MH-1013"", ""batch_id"": ""BTC-SEA-5004"", ""shipment_id"": ""SHP-2026-104"", ""timestamp"": ""2026-09-28 04:24:46 UTC"", ""temperature"": -21.72, ""humidity"": 87.3, ""location"": ""GPS: 45.1300 N, -120.1600 W"", ""battery_status"": 95}",2026-09-28 08:24:50 UTC,1,1d00740017375f87525e0fccf79649f0aea22a2b393bf3aa3250b6c532161bb5,SYNCED,0,
1598,SENSOR_LOG,"{""sensor_id"": ""SNS-MH-1013"", ""batch_id"": ""BTC-SEA-5004"", ""shipment_id"": ""SHP-2026-104"", ""timestamp"": ""2026-09-28 04:39:46 UTC"", ""temperature"": -19.09, ""humidity"": 90.6, ""location"": ""GPS: 45.1300 N, -120.1700 W"", ""battery_status"": 95}",2026-09-28 08:24:50 UTC,1,cae30c5ca264099d60eb70e6f9bc8e4849569d893881b570d92d191b1ef12a68,SYNCED,0,
1599,SENSOR_LOG,"{""sensor_id"": ""SNS-MH-1013"", ""batch_id"": ""BTC-SEA-5004"", ""shipment_id"": ""SHP-2026-104"", ""timestamp"": ""2026-09-28 04:54:46 UTC"", ""temperature"": -21.16, ""humidity"": 93.4, ""location"": ""GPS: 45.1300 N, -120.1800 W"", ""battery_status"": 95}",2026-09-28 08:24:50 UTC,1,031e8e3bf0a872d13984a8fed5a8aa3b13f586217c00f99c455e6ca69c488491,SYNCED,0,
1600,SENSOR_LOG,"{""sensor_id"": ""SNS-MH-1013"", ""batch_id"": ""BTC-SEA-5004"", ""shipment_id"": ""SHP-2026-104"", ""timestamp"": ""2026-09-28 05:09:46 UTC"", ""temperature"": -20.43, ""humidity"": 86.9, ""location"": ""GPS: 45.1300 N, -120.1900 W"", ""battery_status"": 95}",2026-09-28 08:24:50 UTC,1,2ace26186eea5c7228b94e118036c74ef9b67fedd3926cc50abd8f06c2f9346f,SYNCED,0,
1601,SENSOR_LOG,"{""sensor_id"": ""SNS-MH-1013"", ""batch_id"": ""BTC-SEA-5004"", ""shipment_id"": ""SHP-2026-104"", ""timestamp"": ""2026-09-28 05:24:46 UTC"", ""temperature"": -20.46, ""humidity"": 94.2, ""location"": ""GPS: 45.1300 N, -120.2000 W"", ""battery_status"": 95}",2026-09-28 08:24:50 UTC,1,7b32542ee2673168b6226f70a351ed998e76985e4579280fad09e9f6abdc6b02,SYNCED,0,
1602,SENSOR_LOG,"{""sensor_id"": ""SNS-MH-1013"", ""batch_id"": ""BTC-SEA-5004"", ""shipment_id"": ""SHP-2026-104"", ""timestamp"": ""2026-09-28 05:39:46 UTC"", ""temperature"": -20.91, ""humidity"": 93.2, ""location"": ""GPS: 45.1300 N, -120.2100 W"", ""battery_status"": 95}",2026-09-28 08:24:50 UTC,1,3e9ce6f3a1347e9612fef78b390c18c79f2a6ad62a7a9e012d52caeed551a324,SYNCED,0,
1603,SENSOR_LOG,"{""sensor_id"": ""SNS-MH-1013"", ""batch_id"": ""BTC-SEA-5004"", ""shipment_id"": ""SHP-2026-104"", ""timestamp"": ""2026-09-28 05:54:46 UTC"", ""temperature"": -21.69, ""humidity"": 93.4, ""location"": ""GPS: 45.1300 N, -120.2200 W"", ""battery_status"": 95}",2026-09-28 08:24:50 UTC,1,1f428bf1d9b684c72c65312b4c14f29649606936c2708d5c75630a1b89bf2ae3,SYNCED,0,
1604,SENSOR_LOG,"{""sensor_id"": ""SNS-MH-1013"", ""batch_id"": ""BTC-SEA-5004"", ""shipment_id"": ""SHP-2026-104"", ""timestamp"": ""2026-09-28 06:09:46 UTC"", ""temperature"": -18.03, ""humidity"": 87.7, ""location"": ""GPS: 45.1300 N, -120.2300 W"", ""battery_status"": 95}",2026-09-28 08:24:50 UTC,1,f67a756d41aff0c7194175f16a95382273a49f67ca6167964510c49f8cca5101,SYNCED,0,
1605,SENSOR_LOG,"{""sensor_id"": ""SNS-MH-1013"", ""batch_id"": ""BTC-SEA-5004"", ""shipment_id"": ""SHP-2026-104"", ""timestamp"": ""2026-09-28 06:24:46 UTC"", ""temperature"": -21.1, ""humidity"": 86.6, ""location"": ""GPS: 45.1300 N, -120.2400 W"", ""battery_status"": 95}",2026-09-28 08:24:50 UTC,1,300d8419069696393488546b965f135bca061d12c0122624cfadb3ce6dbc930d,SYNCED,0,
1606,SENSOR_LOG,"{""sensor_id"": ""SNS-MH-1013"", ""batch_id"": ""BTC-SEA-5004"", ""shipment_id"": ""SHP-2026-104"", ""timestamp"": ""2026-09-28 06:39:46 UTC"", ""temperature"": -21.98, ""humidity"": 89.8, ""location"": ""GPS: 45.1300 N, -120.2500 W"", ""battery_status"": 95}",2026-09-28 08:24:50 UTC,1,3aaa742868e6907917c7f79b5646871e416055899e053337f55b4f635c03bf0f,SYNCED,0,
1607,SENSOR_LOG,"{""sensor_id"": ""SNS-MH-1013"", ""batch_id"": ""BTC-SEA-5004"", ""shipment_id"": ""SHP-2026-104"", ""timestamp"": ""2026-09-28 06:54:46 UTC"", ""temperature"": -21.07, ""humidity"": 94.9, ""location"": ""GPS: 45.1300 N, -120.2600 W"", ""battery_status"": 95}",2026-09-28 08:24:50 UTC,1,7364a69be9ffdab68a5d75448e4045d2f3dfeb9eb625ad5c95fcde8f410bc5b0,SYNCED,0,
1608,SENSOR_LOG,"{""sensor_id"": ""SNS-MH-1013"", ""batch_id"": ""BTC-SEA-5004"", ""shipment_id"": ""SHP-2026-104"", ""timestamp"": ""2026-09-28 07:09:46 UTC"", ""temperature"": -18.59, ""humidity"": 91.4, ""location"": ""GPS: 45.1300 N, -120.2700 W"", ""battery_status"": 95}",2026-09-28 08:24:50 UTC,1,04bb3bd5593e3fd8edce0f68b03fd9a49caf224bf1862e71c6d2ab6180b3a0cd,SYNCED,0,
1609,SENSOR_LOG,"{""sensor_id"": ""SNS-MH-1013"", ""batch_id"": ""BTC-SEA-5004"", ""shipment_id"": ""SHP-2026-104"", ""timestamp"": ""2026-09-28 07:24:46 UTC"", ""temperature"": -19.02, ""humidity"": 94.8, ""location"": ""GPS: 45.1300 N, -120.2800 W"", ""battery_status"": 95}",2026-09-28 08:24:50 UTC,1,0910b7126dd72f3fe2ac7ce532fae94a585c3cd7209f1b1a6c20d006623e1632,SYNCED,0,
1610,SENSOR_LOG,"{""sensor_id"": ""SNS-MH-1013"", ""batch_id"": ""BTC-SEA-5004"", ""shipment_id"": ""SHP-2026-104"", ""timestamp"": ""2026-09-28 07:39:46 UTC"", ""temperature"": -20.3, ""humidity"": 86.1, ""location"": ""GPS: 45.1300 N, -120.2900 W"", ""battery_status"": 95}",2026-09-28 08:24:50 UTC,1,0665f2e9280d7f2c93b4142dc01cf4ab6f8ea6223ed240b9a6336733a22f766e,SYNCED,0,
1611,SENSOR_LOG,"{""sensor_id"": ""SNS-MH-1013"", ""batch_id"": ""BTC-SEA-5004"", ""shipment_id"": ""SHP-2026-104"", ""timestamp"": ""2026-09-28 07:54:46 UTC"", ""temperature"": -20.32, ""humidity"": 86.0, ""location"": ""GPS: 45.1300 N, -120.3000 W"", ""battery_status"": 95}",2026-09-28 08:24:50 UTC,1,2a2eba36c8befa1806fb896357a7b7f727c15b588a68864e69682a844a2c6aa1,SYNCED,0,
1612,SENSOR_LOG,"{""sensor_id"": ""SNS-MH-1013"", ""batch_id"": ""BTC-SEA-5004"", ""shipment_id"": ""SHP-2026-104"", ""timestamp"": ""2026-09-28 08:09:46 UTC"", ""temperature"": -21.97, ""humidity"": 94.2, ""location"": ""GPS: 45.1300 N, -120.3100 W"", ""battery_status"": 95}",2026-09-28 08:24:50 UTC,1,762778c18f66a6f0e03f92e9de5e51d75d4bde22a1ee92d8a7578fb6af5fa39e,SYNCED,0,
1613,SENSOR_LOG,"{""sensor_id"": ""SNS-MH-1014"", ""batch_id"": ""BTC-SEA-5005"", ""shipment_id"": ""SHP-2026-105"", ""timestamp"": ""2026-09-28 00:24:46 UTC"", ""temperature"": -20.07, ""humidity"": 90.9, ""location"": ""GPS: 45.1400 N, -120.0000 W"", ""battery_status"": 95}",2026-09-28 08:24:50 UTC,1,8c031fb4a9b36ba432e804ed01517ac1e6706a9282397134229b926390fe30af,SYNCED,0,
1614,SENSOR_LOG,"{""sensor_id"": ""SNS-MH-1014"", ""batch_id"": ""BTC-SEA-5005"", ""shipment_id"": ""SHP-2026-105"", ""timestamp"": ""2026-09-28 00:39:46 UTC"", ""temperature"": -19.9, ""humidity"": 89.5, ""location"": ""GPS: 45.1400 N, -120.0100 W"", ""battery_status"": 95}",2026-09-28 08:24:50 UTC,1,fdb33081e5b9b8ab4acd3ad4d06b57cc77ff283a4e477beaf5cec0f7e605f3cc,SYNCED,0,
1615,SENSOR_LOG,"{""sensor_id"": ""SNS-MH-1014"", ""batch_id"": ""BTC-SEA-5005"", ""shipment_id"": ""SHP-2026-105"", ""timestamp"": ""2026-09-28 00:54:46 UTC"", ""temperature"": -21.53, ""humidity"": 87.0, ""location"": ""GPS: 45.1400 N, -120.0200 W"", ""battery_status"": 95}",2026-09-28 08:24:50 UTC,1,128e32c7ab16eb42abb0ca046e831957886260e3e4e4fc4c0ce0f674f99ea3f2,SYNCED,0,
1616,SENSOR_LOG,"{""sensor_id"": ""SNS-MH-1014"", ""batch_id"": ""BTC-SEA-5005"", ""shipment_id"": ""SHP-2026-105"", ""timestamp"": ""2026-09-28 01:09:46 UTC"", ""temperature"": -20.59, ""humidity"": 85.6, ""location"": ""GPS: 45.1400 N, -120.0300 W"", ""battery_status"": 95}",2026-09-28 08:24:50 UTC,1,62dfb7ca22379120302c61e1347a6948e2216e0e2f214b79ff13e823468088b5,SYNCED,0,
1617,SENSOR_LOG,"{""sensor_id"": ""SNS-MH-1014"", ""batch_id"": ""BTC-SEA-5005"", ""shipment_id"": ""SHP-2026-105"", ""timestamp"": ""2026-09-28 01:24:46 UTC"", ""temperature"": -18.91, ""humidity"": 93.8, ""location"": ""GPS: 45.1400 N, -120.0400 W"", ""battery_status"": 95}",2026-09-28 08:24:50 UTC,1,4142654d51b1533c53fa662fdfc94e23db43b2f488de8be54e98875f242dfcdc,SYNCED,0,
1618,SENSOR_LOG,"{""sensor_id"": ""SNS-MH-1014"", ""batch_id"": ""BTC-SEA-5005"", ""shipment_id"": ""SHP-2026-105"", ""timestamp"": ""2026-09-28 01:39:46 UTC"", ""temperature"": -21.96, ""humidity"": 94.3, ""location"": ""GPS: 45.1400 N, -120.0500 W"", ""battery_status"": 95}",2026-09-28 08:24:50 UTC,1,94ad2cb0dd458587e3321b2fb5fb79fd412ee1cb4cd9d8a8b2bc47de03a59d99,SYNCED,0,
1619,SENSOR_LOG,"{""sensor_id"": ""SNS-MH-1014"", ""batch_id"": ""BTC-SEA-5005"", ""shipment_id"": ""SHP-2026-105"", ""timestamp"": ""2026-09-28 01:54:46 UTC"", ""temperature"": -18.83, ""humidity"": 94.1, ""location"": ""GPS: 45.1400 N, -120.0600 W"", ""battery_status"": 95}",2026-09-28 08:24:50 UTC,1,ea2c989b59ccd4602e2e7a737e55252e364cd1f35bd602ce4d361593d65f2ab7,SYNCED,0,
1620,SENSOR_LOG,"{""sensor_id"": ""SNS-MH-1014"", ""batch_id"": ""BTC-SEA-5005"", ""shipment_id"": ""SHP-2026-105"", ""timestamp"": ""2026-09-28 02:09:46 UTC"", ""temperature"": -18.72, ""humidity"": 93.5, ""location"": ""GPS: 45.1400 N, -120.0700 W"", ""battery_status"": 95}",2026-09-28 08:24:50 UTC,1,4dd8c9c5395c516d200fe2031b1f527f029fe03aaf64d428239e8eb377125027,SYNCED,0,
1621,SENSOR_LOG,"{""sensor_id"": ""SNS-MH-1014"", ""batch_id"": ""BTC-SEA-5005"", ""shipment_id"": ""SHP-2026-105"", ""timestamp"": ""2026-09-28 02:24:46 UTC"", ""temperature"": -18.51, ""humidity"": 85.8, ""location"": ""GPS: 45.1400 N, -120.0800 W"", ""battery_status"": 95}",2026-09-28 08:24:50 UTC,1,2bd4179c4d3f08a9cd7025f88d17123171acdb1d7662b4afcf05752c13a399b7,SYNCED,0,
1622,SENSOR_LOG,"{""sensor_id"": ""SNS-MH-1014"", ""batch_id"": ""BTC-SEA-5005"", ""shipment_id"": ""SHP-2026-105"", ""timestamp"": ""2026-09-28 02:39:46 UTC"", ""temperature"": -21.54, ""humidity"": 95.0, ""location"": ""GPS: 45.1400 N, -120.0900 W"", ""battery_status"": 95}",2026-09-28 08:24:50 UTC,1,bf6aaa5fe7582da9847f81364c0fe88cbc9e7f8679cc62e506f78efef960e2ae,SYNCED,0,
1623,SENSOR_LOG,"{""sensor_id"": ""SNS-MH-1014"", ""batch_id"": ""BTC-SEA-5005"", ""shipment_id"": ""SHP-2026-105"", ""timestamp"": ""2026-09-28 02:54:46 UTC"", ""temperature"": -18.5, ""humidity"": 90.7, ""location"": ""GPS: 45.1400 N, -120.1000 W"", ""battery_status"": 95}",2026-09-28 08:24:50 UTC,1,640a61dab97b0ccca4b8930dfac69a4e1383ea775e1481f3ba95489bcd674480,SYNCED,0,
1624,SENSOR_LOG,"{""sensor_id"": ""SNS-MH-1014"", ""batch_id"": ""BTC-SEA-5005"", ""shipment_id"": ""SHP-2026-105"", ""timestamp"": ""2026-09-28 03:09:46 UTC"", ""temperature"": -18.02, ""humidity"": 87.7, ""location"": ""GPS: 45.1400 N, -120.1100 W"", ""battery_status"": 95}",2026-09-28 08:24:50 UTC,1,f192c34914a7a25239b8cf0c54f45a6db34699e440e6e3f103878c81d8cf0628,SYNCED,0,
1625,SENSOR_LOG,"{""sensor_id"": ""SNS-MH-1014"", ""batch_id"": ""BTC-SEA-5005"", ""shipment_id"": ""SHP-2026-105"", ""timestamp"": ""2026-09-28 03:24:46 UTC"", ""temperature"": -18.23, ""humidity"": 94.2, ""location"": ""GPS: 45.1400 N, -120.1200 W"", ""battery_status"": 95}",2026-09-28 08:24:50 UTC,1,c6ae0eeabb7b5aa8fd5e0eccf446c6ace3d83e1787ec99aceb19862a1d55e88b,SYNCED,0,
1626,SENSOR_LOG,"{""sensor_id"": ""SNS-MH-1014"", ""batch_id"": ""BTC-SEA-5005"", ""shipment_id"": ""SHP-2026-105"", ""timestamp"": ""2026-09-28 03:39:46 UTC"", ""temperature"": -21.8, ""humidity"": 87.9, ""location"": ""GPS: 45.1400 N, -120.1300 W"", ""battery_status"": 95}",2026-09-28 08:24:50 UTC,1,117acc107024a4f7212024fb8faa1b9f5dd6b98824a8bc01d4cab120f54c693d,SYNCED,0,
1627,SENSOR_LOG,"{""sensor_id"": ""SNS-MH-1014"", ""batch_id"": ""BTC-SEA-5005"", ""shipment_id"": ""SHP-2026-105"", ""timestamp"": ""2026-09-28 03:54:46 UTC"", ""temperature"": -20.98, ""humidity"": 91.7, ""location"": ""GPS: 45.1400 N, -120.1400 W"", ""battery_status"": 95}",2026-09-28 08:24:50 UTC,1,3f4ec6f7f79e69e31f3a63e768b71ffc443fb9a8bc6ac2ff5675dacbdb237266,SYNCED,0,
1628,SENSOR_LOG,"{""sensor_id"": ""SNS-MH-1014"", ""batch_id"": ""BTC-SEA-5005"", ""shipment_id"": ""SHP-2026-105"", ""timestamp"": ""2026-09-28 04:09:46 UTC"", ""temperature"": -21.14, ""humidity"": 89.4, ""location"": ""GPS: 45.1400 N, -120.1500 W"", ""battery_status"": 95}",2026-09-28 08:24:50 UTC,1,3d72aed307e400b58a8dbf58119bf20fcb9ace5a869fdab7dfa1c67a1858f099,SYNCED,0,
1629,SENSOR_LOG,"{""sensor_id"": ""SNS-MH-1014"", ""batch_id"": ""BTC-SEA-5005"", ""shipment_id"": ""SHP-2026-105"", ""timestamp"": ""2026-09-28 04:24:46 UTC"", ""temperature"": -19.02, ""humidity"": 94.8, ""location"": ""GPS: 45.1400 N, -120.1600 W"", ""battery_status"": 95}",2026-09-28 08:24:50 UTC,1,547227683ea767be081c3e3bbfd15f281bc03bb2fe7c295ab4ce997ff34d858d,SYNCED,0,
1630,SENSOR_LOG,"{""sensor_id"": ""SNS-MH-1014"", ""batch_id"": ""BTC-SEA-5005"", ""shipment_id"": ""SHP-2026-105"", ""timestamp"": ""2026-09-28 04:39:46 UTC"", ""temperature"": -21.74, ""humidity"": 94.6, ""location"": ""GPS: 45.1400 N, -120.1700 W"", ""battery_status"": 95}",2026-09-28 08:24:50 UTC,1,3da08216bdb2a72b15b475bc1b858c3432fdaf8a6fbc37b25781bb1e89e2ed1b,SYNCED,0,
1631,SENSOR_LOG,"{""sensor_id"": ""SNS-MH-1014"", ""batch_id"": ""BTC-SEA-5005"", ""shipment_id"": ""SHP-2026-105"", ""timestamp"": ""2026-09-28 04:54:46 UTC"", ""temperature"": -18.87, ""humidity"": 90.9, ""location"": ""GPS: 45.1400 N, -120.1800 W"", ""battery_status"": 95}",2026-09-28 08:24:50 UTC,1,c25344d2d1c110c80a80122faba645b0aa5630025810f81d0b3d63abfe15e90a,SYNCED,0,
1632,SENSOR_LOG,"{""sensor_id"": ""SNS-MH-1014"", ""batch_id"": ""BTC-SEA-5005"", ""shipment_id"": ""SHP-2026-105"", ""timestamp"": ""2026-09-28 05:09:46 UTC"", ""temperature"": -21.79, ""humidity"": 90.1, ""location"": ""GPS: 45.1400 N, -120.1900 W"", ""battery_status"": 95}",2026-09-28 08:24:50 UTC,1,32e7b38beeed8d43fae340173123db108194ec2b145867b2c0efaa1dc309b9f6,SYNCED,0,
1633,SENSOR_LOG,"{""sensor_id"": ""SNS-MH-1014"", ""batch_id"": ""BTC-SEA-5005"", ""shipment_id"": ""SHP-2026-105"", ""timestamp"": ""2026-09-28 05:24:46 UTC"", ""temperature"": -20.81, ""humidity"": 86.9, ""location"": ""GPS: 45.1400 N, -120.2000 W"", ""battery_status"": 95}",2026-09-28 08:24:50 UTC,1,2b0e031fbac8486134757af2ab97087cc6116ed0b504b2b5dd14ec78929f733a,SYNCED,0,
1634,SENSOR_LOG,"{""sensor_id"": ""SNS-MH-1014"", ""batch_id"": ""BTC-SEA-5005"", ""shipment_id"": ""SHP-2026-105"", ""timestamp"": ""2026-09-28 05:39:46 UTC"", ""temperature"": -21.17, ""humidity"": 87.7, ""location"": ""GPS: 45.1400 N, -120.2100 W"", ""battery_status"": 95}",2026-09-28 08:24:50 UTC,1,8d69674bc10aabf4ed9bb24f74467486114ea3301dfc789814df7005a0c61ff3,SYNCED,0,
1635,SENSOR_LOG,"{""sensor_id"": ""SNS-MH-1014"", ""batch_id"": ""BTC-SEA-5005"", ""shipment_id"": ""SHP-2026-105"", ""timestamp"": ""2026-09-28 05:54:46 UTC"", ""temperature"": -18.8, ""humidity"": 92.0, ""location"": ""GPS: 45.1400 N, -120.2200 W"", ""battery_status"": 95}",2026-09-28 08:24:50 UTC,1,c41adc9e7e2c223ddf9c5c053005beb30fc6073030d644784878356ebe5f05a5,SYNCED,0,
1636,SENSOR_LOG,"{""sensor_id"": ""SNS-MH-1014"", ""batch_id"": ""BTC-SEA-5005"", ""shipment_id"": ""SHP-2026-105"", ""timestamp"": ""2026-09-28 06:09:46 UTC"", ""temperature"": -19.53, ""humidity"": 87.1, ""location"": ""GPS: 45.1400 N, -120.2300 W"", ""battery_status"": 95}",2026-09-28 08:24:50 UTC,1,f2375a6a10fc19016098de21c4ce0aa09a2b146fdaaf728d1c6e1b59fe1661fb,SYNCED,0,
1637,SENSOR_LOG,"{""sensor_id"": ""SNS-MH-1014"", ""batch_id"": ""BTC-SEA-5005"", ""shipment_id"": ""SHP-2026-105"", ""timestamp"": ""2026-09-28 06:24:46 UTC"", ""temperature"": -19.85, ""humidity"": 90.2, ""location"": ""GPS: 45.1400 N, -120.2400 W"", ""battery_status"": 95}",2026-09-28 08:24:50 UTC,1,9e4f7a3a47ca1c57e2595e89765eb278da779c94a960f7bae5c9a069075c8575,SYNCED,0,
1638,SENSOR_LOG,"{""sensor_id"": ""SNS-MH-1014"", ""batch_id"": ""BTC-SEA-5005"", ""shipment_id"": ""SHP-2026-105"", ""timestamp"": ""2026-09-28 06:39:46 UTC"", ""temperature"": -19.62, ""humidity"": 94.8, ""location"": ""GPS: 45.1400 N, -120.2500 W"", ""battery_status"": 95}",2026-09-28 08:24:50 UTC,1,e134653b3660ba83e5ed3e5908344d2b3cb77d3ee5e534acb3bd72328b358a87,SYNCED,0,
1639,SENSOR_LOG,"{""sensor_id"": ""SNS-MH-1014"", ""batch_id"": ""BTC-SEA-5005"", ""shipment_id"": ""SHP-2026-105"", ""timestamp"": ""2026-09-28 06:54:46 UTC"", ""temperature"": -20.55, ""humidity"": 87.4, ""location"": ""GPS: 45.1400 N, -120.2600 W"", ""battery_status"": 95}",2026-09-28 08:24:50 UTC,1,783e0ad7082ee7ce6962883145ba2fd0bc759b3d576e6eb4f3fd2355d40bb56d,SYNCED,0,
1640,SENSOR_LOG,"{""sensor_id"": ""SNS-MH-1014"", ""batch_id"": ""BTC-SEA-5005"", ""shipment_id"": ""SHP-2026-105"", ""timestamp"": ""2026-09-28 07:09:46 UTC"", ""temperature"": -20.89, ""humidity"": 92.6, ""location"": ""GPS: 45.1400 N, -120.2700 W"", ""battery_status"": 95}",2026-09-28 08:24:50 UTC,1,f6e4e0fa34d9c190e316a084a8a79f502af1baae75240ba7e23de8d623c73d8a,SYNCED,0,
1641,SENSOR_LOG,"{""sensor_id"": ""SNS-MH-1014"", ""batch_id"": ""BTC-SEA-5005"", ""shipment_id"": ""SHP-2026-105"", ""timestamp"": ""2026-09-28 07:24:46 UTC"", ""temperature"": -18.55, ""humidity"": 94.0, ""location"": ""GPS: 45.1400 N, -120.2800 W"", ""battery_status"": 95}",2026-09-28 08:24:50 UTC,1,72a16e4685d8f41f088d0ff56d46f1c483d2fd7b3802e1060f175f06c5b9c118,SYNCED,0,
1642,SENSOR_LOG,"{""sensor_id"": ""SNS-MH-1014"", ""batch_id"": ""BTC-SEA-5005"", ""shipment_id"": ""SHP-2026-105"", ""timestamp"": ""2026-09-28 07:39:46 UTC"", ""temperature"": -21.58, ""humidity"": 87.3, ""location"": ""GPS: 45.1400 N, -120.2900 W"", ""battery_status"": 95}",2026-09-28 08:24:50 UTC,1,3634c8dadc6d36c62ce39cb93e906ec5eda66c29c2ebd4bd14fd4f659da9e67a,SYNCED,0,
1643,SENSOR_LOG,"{""sensor_id"": ""SNS-MH-1014"", ""batch_id"": ""BTC-SEA-5005"", ""shipment_id"": ""SHP-2026-105"", ""timestamp"": ""2026-09-28 07:54:46 UTC"", ""temperature"": -18.93, ""humidity"": 85.5, ""location"": ""GPS: 45.1400 N, -120.3000 W"", ""battery_status"": 95}",2026-09-28 08:24:50 UTC,1,a43da9bbdfb062c381318d37c5e4967543fa415e03484adc519b03da167109ea,SYNCED,0,
1644,SENSOR_LOG,"{""sensor_id"": ""SNS-MH-1014"", ""batch_id"": ""BTC-SEA-5005"", ""shipment_id"": ""SHP-2026-105"", ""timestamp"": ""2026-09-28 08:09:46 UTC"", ""temperature"": -21.71, ""humidity"": 85.0, ""location"": ""GPS: 45.1400 N, -120.3100 W"", ""battery_status"": 95}",2026-09-28 08:24:50 UTC,1,9f3ffc9a7ed8fce300f1800516d61f4dad304cfdd6c4b6c228f19301b1ba7494,SYNCED,0,
1645,SENSOR_LOG,"{""sensor_id"": ""SNS-SEQ-0"", ""batch_id"": ""BTC-SEA-5001"", ""shipment_id"": ""SHP-2026-101"", ""timestamp"": ""2026-09-28 08:24:53 UTC"", ""temperature"": -19.8, ""seq_num"": 2, ""cycle"": 0}",2026-09-28 08:24:51 UTC,1,dbb4bc89203ba6097c825360c06af1c6ed6c594f78ca0111723d98c18a3540c3,SYNCED,0,
1646,SENSOR_LOG,"{""sensor_id"": ""SNS-SEQ-0"", ""batch_id"": ""BTC-SEA-5001"", ""shipment_id"": ""SHP-2026-101"", ""timestamp"": ""2026-09-28 08:24:54 UTC"", ""temperature"": -19.7, ""seq_num"": 3, ""cycle"": 0}",2026-09-28 08:24:51 UTC,1,84b370ba3b624c3f9bbeba41acfddbddd239951632772c5077d9e0da907389a3,SYNCED,0,
1647,SENSOR_LOG,"{""sensor_id"": ""SNS-SEQ-0"", ""batch_id"": ""BTC-SEA-5001"", ""shipment_id"": ""SHP-2026-101"", ""timestamp"": ""2026-09-28 08:24:55 UTC"", ""temperature"": -19.6, ""seq_num"": 4, ""cycle"": 0}",2026-09-28 08:24:51 UTC,1,1e2d8f46b745d5aa8d65ba60ed6d2b6463062d76214d9dec68f8edfdeb5a1fa0,SYNCED,0,
1648,SENSOR_LOG,"{""sensor_id"": ""SNS-SEQ-0"", ""batch_id"": ""BTC-SEA-5001"", ""shipment_id"": ""SHP-2026-101"", ""timestamp"": ""2026-09-28 08:24:56 UTC"", ""temperature"": -19.5, ""seq_num"": 5, ""cycle"": 0}",2026-09-28 08:24:51 UTC,1,77ad53255b5eac5c4f9ab60da5dc7780703883a4cab755edc5d7b07d108c0765,SYNCED,0,
1649,SENSOR_LOG,"{""sensor_id"": ""SNS-SEQ-1"", ""batch_id"": ""BTC-SEA-5001"", ""shipment_id"": ""SHP-2026-101"", ""timestamp"": ""2026-09-28 08:26:33 UTC"", ""temperature"": -19.8, ""seq_num"": 2, ""cycle"": 1}",2026-09-28 08:24:51 UTC,1,cb8a992d743ebeb597024587eb756a18e795eebee523e9e8c6eddfd57aa39e56,SYNCED,0,
1650,SENSOR_LOG,"{""sensor_id"": ""SNS-SEQ-1"", ""batch_id"": ""BTC-SEA-5001"", ""shipment_id"": ""SHP-2026-101"", ""timestamp"": ""2026-09-28 08:26:34 UTC"", ""temperature"": -19.7, ""seq_num"": 3, ""cycle"": 1}",2026-09-28 08:24:51 UTC,1,e49fad4ab6744ef513485dc11a495be42b454dd4836a7d2176c79ee2ac1f41b0,SYNCED,0,
1651,SENSOR_LOG,"{""sensor_id"": ""SNS-SEQ-1"", ""batch_id"": ""BTC-SEA-5001"", ""shipment_id"": ""SHP-2026-101"", ""timestamp"": ""2026-09-28 08:26:35 UTC"", ""temperature"": -19.6, ""seq_num"": 4, ""cycle"": 1}",2026-09-28 08:24:51 UTC,1,e52725597194a9bfefd0cb5498f5f5311228e6c43f29296f3d860a6268fcedd6,SYNCED,0,
1652,SENSOR_LOG,"{""sensor_id"": ""SNS-SEQ-1"", ""batch_id"": ""BTC-SEA-5001"", ""shipment_id"": ""SHP-2026-101"", ""timestamp"": ""2026-09-28 08:26:36 UTC"", ""temperature"": -19.5, ""seq_num"": 5, ""cycle"": 1}",2026-09-28 08:24:51 UTC,1,693a4768e78baf6924354b03a023c95215fe1b9d4acdfdf9c49ebc9ff0a10d60,SYNCED,0,
1653,SENSOR_LOG,"{""sensor_id"": ""SNS-SEQ-2"", ""batch_id"": ""BTC-SEA-5001"", ""shipment_id"": ""SHP-2026-101"", ""timestamp"": ""2026-09-28 08:28:13 UTC"", ""temperature"": -19.8, ""seq_num"": 2, ""cycle"": 2}",2026-09-28 08:24:51 UTC,1,318ee51b39d737f08dfdcbb303bef3cbe4b7ac1ef66dce308a76e0ee0fc6df66,SYNCED,0,
1654,SENSOR_LOG,"{""sensor_id"": ""SNS-SEQ-2"", ""batch_id"": ""BTC-SEA-5001"", ""shipment_id"": ""SHP-2026-101"", ""timestamp"": ""2026-09-28 08:28:14 UTC"", ""temperature"": -19.7, ""seq_num"": 3, ""cycle"": 2}",2026-09-28 08:24:51 UTC,1,a173b0e996312d8aabe68b6bf932ed70221f790bd87ebb2cd29c5c36b57ca789,SYNCED,0,
1655,SENSOR_LOG,"{""sensor_id"": ""SNS-SEQ-2"", ""batch_id"": ""BTC-SEA-5001"", ""shipment_id"": ""SHP-2026-101"", ""timestamp"": ""2026-09-28 08:28:15 UTC"", ""temperature"": -19.6, ""seq_num"": 4, ""cycle"": 2}",2026-09-28 08:24:51 UTC,1,44e4588988ddcc04150125de1119acb5b6002529adcb7f3e02f0ff198a26f1ee,SYNCED,0,
1656,SENSOR_LOG,"{""sensor_id"": ""SNS-SEQ-2"", ""batch_id"": ""BTC-SEA-5001"", ""shipment_id"": ""SHP-2026-101"", ""timestamp"": ""2026-09-28 08:28:16 UTC"", ""temperature"": -19.5, ""seq_num"": 5, ""cycle"": 2}",2026-09-28 08:24:51 UTC,1,d190af09ddd45ca2905310f551c84193c2b20b7d6b6bf80202e5c5449f03c1ed,SYNCED,0,
1657,SENSOR_LOG,"{""sensor_id"": ""SNS-SEQ-3"", ""batch_id"": ""BTC-SEA-5001"", ""shipment_id"": ""SHP-2026-101"", ""timestamp"": ""2026-09-28 08:29:53 UTC"", ""temperature"": -19.8, ""seq_num"": 2, ""cycle"": 3}",2026-09-28 08:24:51 UTC,1,003c15317caa925c8c7fd37f93a8fde06e15f9e8709ad262994f7740a94dc894,SYNCED,0,
1658,SENSOR_LOG,"{""sensor_id"": ""SNS-SEQ-3"", ""batch_id"": ""BTC-SEA-5001"", ""shipment_id"": ""SHP-2026-101"", ""timestamp"": ""2026-09-28 08:29:54 UTC"", ""temperature"": -19.7, ""seq_num"": 3, ""cycle"": 3}",2026-09-28 08:24:51 UTC,1,3d0160ca60293f9e3f5f966bd3db5f252b942c37d31124e056b4ffe3673c0d27,SYNCED,0,
1659,SENSOR_LOG,"{""sensor_id"": ""SNS-SEQ-3"", ""batch_id"": ""BTC-SEA-5001"", ""shipment_id"": ""SHP-2026-101"", ""timestamp"": ""2026-09-28 08:29:55 UTC"", ""temperature"": -19.6, ""seq_num"": 4, ""cycle"": 3}",2026-09-28 08:24:51 UTC,1,27c9db72ec3257cd673fd364f8d74babe9021ee2e4c7917bf484f0371fb85126,SYNCED,0,
1660,SENSOR_LOG,"{""sensor_id"": ""SNS-SEQ-3"", ""batch_id"": ""BTC-SEA-5001"", ""shipment_id"": ""SHP-2026-101"", ""timestamp"": ""2026-09-28 08:29:56 UTC"", ""temperature"": -19.5, ""seq_num"": 5, ""cycle"": 3}",2026-09-28 08:24:51 UTC,1,4cfc3ec1b6d6435dba84c4869040ddcb4be7b1ed0c6f50ee0bc2ef2fd238ad79,SYNCED,0,
1661,SENSOR_LOG,"{""sensor_id"": ""SNS-SEQ-4"", ""batch_id"": ""BTC-SEA-5001"", ""shipment_id"": ""SHP-2026-101"", ""timestamp"": ""2026-09-28 08:31:33 UTC"", ""temperature"": -19.8, ""seq_num"": 2, ""cycle"": 4}",2026-09-28 08:24:51 UTC,1,db829ac5e498a9fb9bbd151462609b0c060d9edebeaa83e6f2df8c7dbe28a61d,SYNCED,0,
1662,SENSOR_LOG,"{""sensor_id"": ""SNS-SEQ-4"", ""batch_id"": ""BTC-SEA-5001"", ""shipment_id"": ""SHP-2026-101"", ""timestamp"": ""2026-09-28 08:31:34 UTC"", ""temperature"": -19.7, ""seq_num"": 3, ""cycle"": 4}",2026-09-28 08:24:51 UTC,1,8fc40dc597765b440f97e1861e238fa3c1241b48c70230c8d9b0a3c2424fa59c,SYNCED,0,
1663,SENSOR_LOG,"{""sensor_id"": ""SNS-SEQ-4"", ""batch_id"": ""BTC-SEA-5001"", ""shipment_id"": ""SHP-2026-101"", ""timestamp"": ""2026-09-28 08:31:35 UTC"", ""temperature"": -19.6, ""seq_num"": 4, ""cycle"": 4}",2026-09-28 08:24:51 UTC,1,787f874dbbbe5445b3481e87d7424b978b768874367bbbea3eb57599129e7157,SYNCED,0,
1664,SENSOR_LOG,"{""sensor_id"": ""SNS-SEQ-4"", ""batch_id"": ""BTC-SEA-5001"", ""shipment_id"": ""SHP-2026-101"", ""timestamp"": ""2026-09-28 08:31:36 UTC"", ""temperature"": -19.5, ""seq_num"": 5, ""cycle"": 4}",2026-09-28 08:24:51 UTC,1,1193dc07d2f20f9909b58cacbfbbc00d27941c11ed38d33b89ae08f1208ff4aa,SYNCED,0,
1665,SENSOR_LOG,"{""sensor_id"": ""SNS-MH-1000"", ""batch_id"": ""BTC-SEA-5001"", ""shipment_id"": ""SHP-2026-101"", ""timestamp"": ""2026-09-28 07:27:03 UTC"", ""temperature"": -19.02, ""humidity"": 91.4, ""location"": ""GPS: 45.0000 N, -120.0000 W"", ""battery_status"": 95}",2026-09-28 08:27:03 UTC,1,f6485e7c38ea431a0b98a9bf7c274c800eed1b3338087ae1c587da77db90e51f,SYNCED,0,
1666,SENSOR_LOG,"{""sensor_id"": ""SNS-MH-1000"", ""batch_id"": ""BTC-SEA-5001"", ""shipment_id"": ""SHP-2026-101"", ""timestamp"": ""2026-09-28 07:33:03 UTC"", ""temperature"": -20.2, ""humidity"": 94.2, ""location"": ""GPS: 45.0000 N, -120.0100 W"", ""battery_status"": 95}",2026-09-28 08:27:03 UTC,1,b6932cf3cc743ca0da2e0bb43414553b1b1601b3d81f79023ca5139d74177824,SYNCED,0,
1667,SENSOR_LOG,"{""sensor_id"": ""SNS-MH-1000"", ""batch_id"": ""BTC-SEA-5001"", ""shipment_id"": ""SHP-2026-101"", ""timestamp"": ""2026-09-28 07:39:03 UTC"", ""temperature"": -21.99, ""humidity"": 85.2, ""location"": ""GPS: 45.0000 N, -120.0200 W"", ""battery_status"": 95}",2026-09-28 08:27:03 UTC,1,30c0b092f1eb96283a5cba37abbce81da807d14c04fb949fd0bbf9aed63ba114,SYNCED,0,
1668,SENSOR_LOG,"{""sensor_id"": ""SNS-MH-1000"", ""batch_id"": ""BTC-SEA-5001"", ""shipment_id"": ""SHP-2026-101"", ""timestamp"": ""2026-09-28 07:45:03 UTC"", ""temperature"": -18.0, ""humidity"": 92.8, ""location"": ""GPS: 45.0000 N, -120.0300 W"", ""battery_status"": 95}",2026-09-28 08:27:03 UTC,1,5405b4d0f3bb709c913ab433488b8cb2423bb631013f570c7e9006627bf55544,SYNCED,0,
1669,SENSOR_LOG,"{""sensor_id"": ""SNS-MH-1000"", ""batch_id"": ""BTC-SEA-5001"", ""shipment_id"": ""SHP-2026-101"", ""timestamp"": ""2026-09-28 07:51:03 UTC"", ""temperature"": -18.39, ""humidity"": 87.5, ""location"": ""GPS: 45.0000 N, -120.0400 W"", ""battery_status"": 95}",2026-09-28 08:27:03 UTC,1,e07a425ca54eb899d5792f67b1ebada28d4ad708318a37b176d56494db2379c6,SYNCED,0,
1670,SENSOR_LOG,"{""sensor_id"": ""SNS-MH-1000"", ""batch_id"": ""BTC-SEA-5001"", ""shipment_id"": ""SHP-2026-101"", ""timestamp"": ""2026-09-28 07:57:03 UTC"", ""temperature"": -20.19, ""humidity"": 87.9, ""location"": ""GPS: 45.0000 N, -120.0500 W"", ""battery_status"": 95}",2026-09-28 08:27:03 UTC,1,e05453aa5808dce3aa666b456c902687239434896a095f9cd34bda508f46dddc,SYNCED,0,
1671,SENSOR_LOG,"{""sensor_id"": ""SNS-MH-1000"", ""batch_id"": ""BTC-SEA-5001"", ""shipment_id"": ""SHP-2026-101"", ""timestamp"": ""2026-09-28 08:03:03 UTC"", ""temperature"": -20.23, ""humidity"": 93.9, ""location"": ""GPS: 45.0000 N, -120.0600 W"", ""battery_status"": 95}",2026-09-28 08:27:03 UTC,1,da5e5b682c251487c8760eb74962b688cfe99fa72fa06abea999be9f5c27eae6,SYNCED,0,
1672,SENSOR_LOG,"{""sensor_id"": ""SNS-MH-1000"", ""batch_id"": ""BTC-SEA-5001"", ""shipment_id"": ""SHP-2026-101"", ""timestamp"": ""2026-09-28 08:09:03 UTC"", ""temperature"": -19.54, ""humidity"": 88.1, ""location"": ""GPS: 45.0000 N, -120.0700 W"", ""battery_status"": 95}",2026-09-28 08:27:03 UTC,1,126ef760072f8bb147550c021e02f4edf30aab612ffeab85e01cddfae5108248,SYNCED,0,
1673,SENSOR_LOG,"{""sensor_id"": ""SNS-MH-1000"", ""batch_id"": ""BTC-SEA-5001"", ""shipment_id"": ""SHP-2026-101"", ""timestamp"": ""2026-09-28 08:15:03 UTC"", ""temperature"": -20.79, ""humidity"": 92.1, ""location"": ""GPS: 45.0000 N, -120.0800 W"", ""battery_status"": 95}",2026-09-28 08:27:03 UTC,1,f23cdb1fe8626a7e8f28979a1b422972356d1cb90f5d844bbf6c847a704accef,SYNCED,0,
1674,SENSOR_LOG,"{""sensor_id"": ""SNS-MH-1000"", ""batch_id"": ""BTC-SEA-5001"", ""shipment_id"": ""SHP-2026-101"", ""timestamp"": ""2026-09-28 08:21:03 UTC"", ""temperature"": -19.15, ""humidity"": 93.8, ""location"": ""GPS: 45.0000 N, -120.0900 W"", ""battery_status"": 95}",2026-09-28 08:27:03 UTC,1,c853f565e6f8fccd3bba87c3e3d42d549c15ce90856911891c7d00670b85f437,SYNCED,0,
1675,SENSOR_LOG,"{""sensor_id"": ""SNS-MH-1001"", ""batch_id"": ""BTC-SEA-5002"", ""shipment_id"": ""SHP-2026-102"", ""timestamp"": ""2026-09-28 07:27:03 UTC"", ""temperature"": -21.22, ""humidity"": 89.0, ""location"": ""GPS: 45.0100 N, -120.0000 W"", ""battery_status"": 95}",2026-09-28 08:27:03 UTC,1,f176531547b4eeecbb8f2fc8890192bc210ab5da48b6cc54d5b347b8c2207364,SYNCED,0,
1676,SENSOR_LOG,"{""sensor_id"": ""SNS-MH-1001"", ""batch_id"": ""BTC-SEA-5002"", ""shipment_id"": ""SHP-2026-102"", ""timestamp"": ""2026-09-28 07:33:03 UTC"", ""temperature"": -21.46, ""humidity"": 89.5, ""location"": ""GPS: 45.0100 N, -120.0100 W"", ""battery_status"": 95}",2026-09-28 08:27:03 UTC,1,81b07b19d54251d9387afd34d59cef0addde2c54294d1919f869bd002e407d6a,SYNCED,0,
1677,SENSOR_LOG,"{""sensor_id"": ""SNS-MH-1001"", ""batch_id"": ""BTC-SEA-5002"", ""shipment_id"": ""SHP-2026-102"", ""timestamp"": ""2026-09-28 07:39:03 UTC"", ""temperature"": -21.77, ""humidity"": 87.1, ""location"": ""GPS: 45.0100 N, -120.0200 W"", ""battery_status"": 95}",2026-09-28 08:27:03 UTC,1,57c11607abcbae078efd59515d3fcce993f81a186d03d34582fc9bc05275582f,SYNCED,0,
1678,SENSOR_LOG,"{""sensor_id"": ""SNS-MH-1001"", ""batch_id"": ""BTC-SEA-5002"", ""shipment_id"": ""SHP-2026-102"", ""timestamp"": ""2026-09-28 07:45:03 UTC"", ""temperature"": -20.48, ""humidity"": 94.3, ""location"": ""GPS: 45.0100 N, -120.0300 W"", ""battery_status"": 95}",2026-09-28 08:27:03 UTC,1,c153f0c1cd527d7ae02328c3fa6af5c554a73f70a1ae1b5493b29a48f1495ee7,SYNCED,0,
1679,SENSOR_LOG,"{""sensor_id"": ""SNS-MH-1001"", ""batch_id"": ""BTC-SEA-5002"", ""shipment_id"": ""SHP-2026-102"", ""timestamp"": ""2026-09-28 07:51:03 UTC"", ""temperature"": -19.56, ""humidity"": 85.6, ""location"": ""GPS: 45.0100 N, -120.0400 W"", ""battery_status"": 95}",2026-09-28 08:27:03 UTC,1,fc2e98330e036076a99e9d5e19989629c34924c3f26e49a8c2ecfaee461df5c0,SYNCED,0,
1680,SENSOR_LOG,"{""sensor_id"": ""SNS-MH-1001"", ""batch_id"": ""BTC-SEA-5002"", ""shipment_id"": ""SHP-2026-102"", ""timestamp"": ""2026-09-28 07:57:03 UTC"", ""temperature"": -21.9, ""humidity"": 93.2, ""location"": ""GPS: 45.0100 N, -120.0500 W"", ""battery_status"": 95}",2026-09-28 08:27:03 UTC,1,7d7119bbbdaf9888ab9b57264b4cc7ac963269ec58f1da1f6f898fece7c267cb,SYNCED,0,
1681,SENSOR_LOG,"{""sensor_id"": ""SNS-MH-1001"", ""batch_id"": ""BTC-SEA-5002"", ""shipment_id"": ""SHP-2026-102"", ""timestamp"": ""2026-09-28 08:03:03 UTC"", ""temperature"": -20.46, ""humidity"": 91.1, ""location"": ""GPS: 45.0100 N, -120.0600 W"", ""battery_status"": 95}",2026-09-28 08:27:03 UTC,1,2d43f1854455e0eab094fe392878ee3d28e552b3364faf44dd1245c5746d45af,SYNCED,0,
1682,SENSOR_LOG,"{""sensor_id"": ""SNS-MH-1001"", ""batch_id"": ""BTC-SEA-5002"", ""shipment_id"": ""SHP-2026-102"", ""timestamp"": ""2026-09-28 08:09:03 UTC"", ""temperature"": -20.69, ""humidity"": 94.7, ""location"": ""GPS: 45.0100 N, -120.0700 W"", ""battery_status"": 95}",2026-09-28 08:27:03 UTC,1,4c332afe056248298271705f65e1d33a3fd032baad980cc68ec2b06e01bb8c10,SYNCED,0,
1683,SENSOR_LOG,"{""sensor_id"": ""SNS-MH-1001"", ""batch_id"": ""BTC-SEA-5002"", ""shipment_id"": ""SHP-2026-102"", ""timestamp"": ""2026-09-28 08:15:03 UTC"", ""temperature"": -20.37, ""humidity"": 85.8, ""location"": ""GPS: 45.0100 N, -120.0800 W"", ""battery_status"": 95}",2026-09-28 08:27:03 UTC,1,45532d5037c4371473b16a142ad12b5e6be346c12625aa58ff9c468d4a37a85b,SYNCED,0,
1684,SENSOR_LOG,"{""sensor_id"": ""SNS-MH-1001"", ""batch_id"": ""BTC-SEA-5002"", ""shipment_id"": ""SHP-2026-102"", ""timestamp"": ""2026-09-28 08:21:03 UTC"", ""temperature"": -20.12, ""humidity"": 88.7, ""location"": ""GPS: 45.0100 N, -120.0900 W"", ""battery_status"": 95}",2026-09-28 08:27:03 UTC,1,ee07a01edc7575f1a24091fb323d17657703dad58d691be9df73d1a5a1547946,SYNCED,0,
1685,SENSOR_LOG,"{""sensor_id"": ""SNS-MH-1002"", ""batch_id"": ""BTC-SEA-5003"", ""shipment_id"": ""SHP-2026-103"", ""timestamp"": ""2026-09-28 07:27:03 UTC"", ""temperature"": -20.16, ""humidity"": 90.4, ""location"": ""GPS: 45.0200 N, -120.0000 W"", ""battery_status"": 95}",2026-09-28 08:27:03 UTC,1,f8d306819fe830bd18ed5466fbde751825668fce2e8236756602e0747ecbc8f5,SYNCED,0,
1686,SENSOR_LOG,"{""sensor_id"": ""SNS-MH-1002"", ""batch_id"": ""BTC-SEA-5003"", ""shipment_id"": ""SHP-2026-103"", ""timestamp"": ""2026-09-28 07:33:03 UTC"", ""temperature"": -21.46, ""humidity"": 92.6, ""location"": ""GPS: 45.0200 N, -120.0100 W"", ""battery_status"": 95}",2026-09-28 08:27:03 UTC,1,e93ee728fa158b7e60cf9a87271ab632ec7fb33d06ad66ba4e080a2f490e0909,SYNCED,0,
1687,SENSOR_LOG,"{""sensor_id"": ""SNS-MH-1002"", ""batch_id"": ""BTC-SEA-5003"", ""shipment_id"": ""SHP-2026-103"", ""timestamp"": ""2026-09-28 07:39:03 UTC"", ""temperature"": -18.27, ""humidity"": 89.0, ""location"": ""GPS: 45.0200 N, -120.0200 W"", ""battery_status"": 95}",2026-09-28 08:27:04 UTC,1,77a8d321de2eb402203b3a4d3d59fb1c136168debf8d2443b9f611cdd6db9130,SYNCED,0,
1688,SENSOR_LOG,"{""sensor_id"": ""SNS-MH-1002"", ""batch_id"": ""BTC-SEA-5003"", ""shipment_id"": ""SHP-2026-103"", ""timestamp"": ""2026-09-28 07:45:03 UTC"", ""temperature"": -19.05, ""humidity"": 88.0, ""location"": ""GPS: 45.0200 N, -120.0300 W"", ""battery_status"": 95}",2026-09-28 08:27:04 UTC,1,d970a3bc80283838fd74f650403f08c19b5d88e03c48b32dbff2cc617c3a4cba,SYNCED,0,
1689,SENSOR_LOG,"{""sensor_id"": ""SNS-MH-1002"", ""batch_id"": ""BTC-SEA-5003"", ""shipment_id"": ""SHP-2026-103"", ""timestamp"": ""2026-09-28 07:51:03 UTC"", ""temperature"": -20.68, ""humidity"": 89.4, ""location"": ""GPS: 45.0200 N, -120.0400 W"", ""battery_status"": 95}",2026-09-28 08:27:04 UTC,1,194abe699d85d6957127ef44d44db6ef0ff52a6f5f7d1c85356f4d68eaa167ab,SYNCED,0,
1690,SENSOR_LOG,"{""sensor_id"": ""SNS-MH-1002"", ""batch_id"": ""BTC-SEA-5003"", ""shipment_id"": ""SHP-2026-103"", ""timestamp"": ""2026-09-28 07:57:03 UTC"", ""temperature"": -19.34, ""humidity"": 94.3, ""location"": ""GPS: 45.0200 N, -120.0500 W"", ""battery_status"": 95}",2026-09-28 08:27:04 UTC,1,3f3503a153a7c07489dcc7b5d09dc50a87c583a8743a1426fd1465aad75b6784,SYNCED,0,
1691,SENSOR_LOG,"{""sensor_id"": ""SNS-MH-1002"", ""batch_id"": ""BTC-SEA-5003"", ""shipment_id"": ""SHP-2026-103"", ""timestamp"": ""2026-09-28 08:03:03 UTC"", ""temperature"": -18.58, ""humidity"": 92.6, ""location"": ""GPS: 45.0200 N, -120.0600 W"", ""battery_status"": 95}",2026-09-28 08:27:04 UTC,1,a9f1a78fe8cf01cdd3db5fd828638a96f521626bdc7f923abd74bacb3851ee94,SYNCED,0,
1692,SENSOR_LOG,"{""sensor_id"": ""SNS-MH-1002"", ""batch_id"": ""BTC-SEA-5003"", ""shipment_id"": ""SHP-2026-103"", ""timestamp"": ""2026-09-28 08:09:03 UTC"", ""temperature"": -19.86, ""humidity"": 89.6, ""location"": ""GPS: 45.0200 N, -120.0700 W"", ""battery_status"": 95}",2026-09-28 08:27:04 UTC,1,051756f8bdabaf5d31a67f66b35062a2260153cfd98019cd86a7462840078845,SYNCED,0,
1693,SENSOR_LOG,"{""sensor_id"": ""SNS-MH-1002"", ""batch_id"": ""BTC-SEA-5003"", ""shipment_id"": ""SHP-2026-103"", ""timestamp"": ""2026-09-28 08:15:03 UTC"", ""temperature"": -18.6, ""humidity"": 91.9, ""location"": ""GPS: 45.0200 N, -120.0800 W"", ""battery_status"": 95}",2026-09-28 08:27:04 UTC,1,1a4eacec9bb0f75dc38bfd7e30c3869624336145831c12848479171e70ba97e9,SYNCED,0,
1694,SENSOR_LOG,"{""sensor_id"": ""SNS-MH-1002"", ""batch_id"": ""BTC-SEA-5003"", ""shipment_id"": ""SHP-2026-103"", ""timestamp"": ""2026-09-28 08:21:03 UTC"", ""temperature"": -21.99, ""humidity"": 87.7, ""location"": ""GPS: 45.0200 N, -120.0900 W"", ""battery_status"": 95}",2026-09-28 08:27:04 UTC,1,f62251d38138081449a43a61b88b665933319c6da9073ea738f407fa4afd62cd,SYNCED,0,
1695,SENSOR_LOG,"{""sensor_id"": ""SNS-MH-1000"", ""batch_id"": ""BTC-SEA-5001"", ""shipment_id"": ""SHP-2026-101"", ""timestamp"": ""2026-09-28 06:27:04 UTC"", ""temperature"": -19.62, ""humidity"": 94.7, ""location"": ""GPS: 45.0000 N, -120.0000 W"", ""battery_status"": 95}",2026-09-28 08:27:04 UTC,1,c788a6590043b83d05e826e0f0db73b68f84fbdb6048b94c99b993ea44470de5,SYNCED,0,
1696,SENSOR_LOG,"{""sensor_id"": ""SNS-MH-1000"", ""batch_id"": ""BTC-SEA-5001"", ""shipment_id"": ""SHP-2026-101"", ""timestamp"": ""2026-09-28 06:33:04 UTC"", ""temperature"": -20.17, ""humidity"": 87.1, ""location"": ""GPS: 45.0000 N, -120.0100 W"", ""battery_status"": 95}",2026-09-28 08:27:04 UTC,1,77d833da37b18bdaf333b0b4297cdf926f34bc080f58bc7e299b89cd43a9eadb,SYNCED,0,
1697,SENSOR_LOG,"{""sensor_id"": ""SNS-MH-1000"", ""batch_id"": ""BTC-SEA-5001"", ""shipment_id"": ""SHP-2026-101"", ""timestamp"": ""2026-09-28 06:39:04 UTC"", ""temperature"": -20.39, ""humidity"": 87.2, ""location"": ""GPS: 45.0000 N, -120.0200 W"", ""battery_status"": 95}",2026-09-28 08:27:04 UTC,1,46413811f76bab479987b2fc3d574c2cb497a4f78ab9765f249bb9e6da0805ce,SYNCED,0,
1698,SENSOR_LOG,"{""sensor_id"": ""SNS-MH-1000"", ""batch_id"": ""BTC-SEA-5001"", ""shipment_id"": ""SHP-2026-101"", ""timestamp"": ""2026-09-28 06:45:04 UTC"", ""temperature"": -19.17, ""humidity"": 89.3, ""location"": ""GPS: 45.0000 N, -120.0300 W"", ""battery_status"": 95}",2026-09-28 08:27:04 UTC,1,8599d0e687a4572fe1cc84b9e9466b0152373693b3a6221eb33ffae5b96dd69e,SYNCED,0,
1699,SENSOR_LOG,"{""sensor_id"": ""SNS-MH-1000"", ""batch_id"": ""BTC-SEA-5001"", ""shipment_id"": ""SHP-2026-101"", ""timestamp"": ""2026-09-28 06:51:04 UTC"", ""temperature"": -21.85, ""humidity"": 90.3, ""location"": ""GPS: 45.0000 N, -120.0400 W"", ""battery_status"": 95}",2026-09-28 08:27:04 UTC,1,6177e3c62dce6348d20a3a010cbb0022aaafc4f020698045e2a5268ce3b758f9,SYNCED,0,
1700,SENSOR_LOG,"{""sensor_id"": ""SNS-MH-1000"", ""batch_id"": ""BTC-SEA-5001"", ""shipment_id"": ""SHP-2026-101"", ""timestamp"": ""2026-09-28 06:57:04 UTC"", ""temperature"": -21.19, ""humidity"": 90.8, ""location"": ""GPS: 45.0000 N, -120.0500 W"", ""battery_status"": 95}",2026-09-28 08:27:04 UTC,1,1f214f8f3a61222d38e0604b8c3e3a1396056000731f0b2831624de1aae329c4,SYNCED,0,
1701,SENSOR_LOG,"{""sensor_id"": ""SNS-MH-1000"", ""batch_id"": ""BTC-SEA-5001"", ""shipment_id"": ""SHP-2026-101"", ""timestamp"": ""2026-09-28 07:03:04 UTC"", ""temperature"": -19.7, ""humidity"": 89.9, ""location"": ""GPS: 45.0000 N, -120.0600 W"", ""battery_status"": 95}",2026-09-28 08:27:04 UTC,1,040448f55d8d266271fb33266977ea5dab9c9789b9cb595e20193bc6d19429d1,SYNCED,0,
1702,SENSOR_LOG,"{""sensor_id"": ""SNS-MH-1000"", ""batch_id"": ""BTC-SEA-5001"", ""shipment_id"": ""SHP-2026-101"", ""timestamp"": ""2026-09-28 07:09:04 UTC"", ""temperature"": -20.31, ""humidity"": 94.3, ""location"": ""GPS: 45.0000 N, -120.0700 W"", ""battery_status"": 95}",2026-09-28 08:27:04 UTC,1,ab519dd3f5a0e73ccec286bda0f9d99f2bfd9975f585da35346ecb9c7d70d8b3,SYNCED,0,
1703,SENSOR_LOG,"{""sensor_id"": ""SNS-MH-1000"", ""batch_id"": ""BTC-SEA-5001"", ""shipment_id"": ""SHP-2026-101"", ""timestamp"": ""2026-09-28 07:15:04 UTC"", ""temperature"": -20.21, ""humidity"": 93.7, ""location"": ""GPS: 45.0000 N, -120.0800 W"", ""battery_status"": 95}",2026-09-28 08:27:04 UTC,1,8f096e266ebddb90b4c1511832b0678f2ee20f8a858ed907e56c90e9db98e132,SYNCED,0,
1704,SENSOR_LOG,"{""sensor_id"": ""SNS-MH-1000"", ""batch_id"": ""BTC-SEA-5001"", ""shipment_id"": ""SHP-2026-101"", ""timestamp"": ""2026-09-28 07:21:04 UTC"", ""temperature"": -21.54, ""humidity"": 93.9, ""location"": ""GPS: 45.0000 N, -120.0900 W"", ""battery_status"": 95}",2026-09-28 08:27:04 UTC,1,69b6cab63ea7f242c0c5219ce73880b3f7a03f3c998365ced394b2e92e81d909,SYNCED,0,
1705,SENSOR_LOG,"{""sensor_id"": ""SNS-MH-1000"", ""batch_id"": ""BTC-SEA-5001"", ""shipment_id"": ""SHP-2026-101"", ""timestamp"": ""2026-09-28 07:27:04 UTC"", ""temperature"": -21.76, ""humidity"": 89.5, ""location"": ""GPS: 45.0000 N, -120.1000 W"", ""battery_status"": 95}",2026-09-28 08:27:04 UTC,1,0a665159e2197cbeae2bfa82018ab3a73744a59b656f5a68671b1e4633288c54,SYNCED,0,
1706,SENSOR_LOG,"{""sensor_id"": ""SNS-MH-1000"", ""batch_id"": ""BTC-SEA-5001"", ""shipment_id"": ""SHP-2026-101"", ""timestamp"": ""2026-09-28 07:33:04 UTC"", ""temperature"": -20.4, ""humidity"": 88.0, ""location"": ""GPS: 45.0000 N, -120.1100 W"", ""battery_status"": 95}",2026-09-28 08:27:04 UTC,1,52354dfd25dad0fab4a037553cd18359b2673fbfc9691fd9972ecb1bb8b576d0,SYNCED,0,
1707,SENSOR_LOG,"{""sensor_id"": ""SNS-MH-1000"", ""batch_id"": ""BTC-SEA-5001"", ""shipment_id"": ""SHP-2026-101"", ""timestamp"": ""2026-09-28 07:39:04 UTC"", ""temperature"": -20.55, ""humidity"": 88.8, ""location"": ""GPS: 45.0000 N, -120.1200 W"", ""battery_status"": 95}",2026-09-28 08:27:04 UTC,1,f047bd1479a90e95d26e39e4ea64e93a883b9b63cdfbe68eb3f637c56cc800e1,SYNCED,0,
1708,SENSOR_LOG,"{""sensor_id"": ""SNS-MH-1000"", ""batch_id"": ""BTC-SEA-5001"", ""shipment_id"": ""SHP-2026-101"", ""timestamp"": ""2026-09-28 07:45:04 UTC"", ""temperature"": -20.17, ""humidity"": 94.8, ""location"": ""GPS: 45.0000 N, -120.1300 W"", ""battery_status"": 95}",2026-09-28 08:27:04 UTC,1,6e8e51da12cebe57565b84c735191055f82b0a4e789aadb223dd9bb6b5225e0b,SYNCED,0,
1709,SENSOR_LOG,"{""sensor_id"": ""SNS-MH-1000"", ""batch_id"": ""BTC-SEA-5001"", ""shipment_id"": ""SHP-2026-101"", ""timestamp"": ""2026-09-28 07:51:04 UTC"", ""temperature"": -18.66, ""humidity"": 87.8, ""location"": ""GPS: 45.0000 N, -120.1400 W"", ""battery_status"": 95}",2026-09-28 08:27:04 UTC,1,77328afdd6316f6d50060f577a16267647458e64210109eb2283dd64069351cd,SYNCED,0,
1710,SENSOR_LOG,"{""sensor_id"": ""SNS-MH-1000"", ""batch_id"": ""BTC-SEA-5001"", ""shipment_id"": ""SHP-2026-101"", ""timestamp"": ""2026-09-28 07:57:04 UTC"", ""temperature"": -20.55, ""humidity"": 85.2, ""location"": ""GPS: 45.0000 N, -120.1500 W"", ""battery_status"": 95}",2026-09-28 08:27:04 UTC,1,65474b05383b7613f9dc5774304ce020595a93ed75c476ffe2a05a32af917077,SYNCED,0,
1711,SENSOR_LOG,"{""sensor_id"": ""SNS-MH-1000"", ""batch_id"": ""BTC-SEA-5001"", ""shipment_id"": ""SHP-2026-101"", ""timestamp"": ""2026-09-28 08:03:04 UTC"", ""temperature"": -19.39, ""humidity"": 87.2, ""location"": ""GPS: 45.0000 N, -120.1600 W"", ""battery_status"": 95}",2026-09-28 08:27:04 UTC,1,ca31fddae570e1bdcccd34c21517690e66f10553ea82785d9d7fca60e12dc72a,SYNCED,0,
1712,SENSOR_LOG,"{""sensor_id"": ""SNS-MH-1000"", ""batch_id"": ""BTC-SEA-5001"", ""shipment_id"": ""SHP-2026-101"", ""timestamp"": ""2026-09-28 08:09:04 UTC"", ""temperature"": -19.28, ""humidity"": 87.1, ""location"": ""GPS: 45.0000 N, -120.1700 W"", ""battery_status"": 95}",2026-09-28 08:27:04 UTC,1,0f756bb015e0e701d376e3362ec39fe9e29529c895ba0adc32715cdd2c72ad90,SYNCED,0,
1713,SENSOR_LOG,"{""sensor_id"": ""SNS-MH-1000"", ""batch_id"": ""BTC-SEA-5001"", ""shipment_id"": ""SHP-2026-101"", ""timestamp"": ""2026-09-28 08:15:04 UTC"", ""temperature"": -20.9, ""humidity"": 89.0, ""location"": ""GPS: 45.0000 N, -120.1800 W"", ""battery_status"": 95}",2026-09-28 08:27:04 UTC,1,e77f7cd5260c1f123e6e2e2a8ee6923694298ca97bb64040aa0ec1358b5dcf21,SYNCED,0,
1714,SENSOR_LOG,"{""sensor_id"": ""SNS-MH-1000"", ""batch_id"": ""BTC-SEA-5001"", ""shipment_id"": ""SHP-2026-101"", ""timestamp"": ""2026-09-28 08:21:04 UTC"", ""temperature"": -18.58, ""humidity"": 88.8, ""location"": ""GPS: 45.0000 N, -120.1900 W"", ""battery_status"": 95}",2026-09-28 08:27:04 UTC,1,f7c3d7ccbc9c6328fbd61ba88d2bd9cb1f96008d069dc27c1e94216c1f5643b3,SYNCED,0,
1715,SENSOR_LOG,"{""sensor_id"": ""SNS-MH-1001"", ""batch_id"": ""BTC-SEA-5002"", ""shipment_id"": ""SHP-2026-102"", ""timestamp"": ""2026-09-28 06:27:04 UTC"", ""temperature"": -20.36, ""humidity"": 91.3, ""location"": ""GPS: 45.0100 N, -120.0000 W"", ""battery_status"": 95}",2026-09-28 08:27:04 UTC,1,6094283035d1591c64c0b1fe7ccec24c1b9941f1c757b5ec0fb7cbae5e93cf4f,SYNCED,0,
1716,SENSOR_LOG,"{""sensor_id"": ""SNS-MH-1001"", ""batch_id"": ""BTC-SEA-5002"", ""shipment_id"": ""SHP-2026-102"", ""timestamp"": ""2026-09-28 06:33:04 UTC"", ""temperature"": -19.11, ""humidity"": 85.3, ""location"": ""GPS: 45.0100 N, -120.0100 W"", ""battery_status"": 95}",2026-09-28 08:27:04 UTC,1,7a7a1a438c92b98f0851de8daa2ef8ec75749dcc1c3590344b953f8f1480a06b,SYNCED,0,
1717,SENSOR_LOG,"{""sensor_id"": ""SNS-MH-1001"", ""batch_id"": ""BTC-SEA-5002"", ""shipment_id"": ""SHP-2026-102"", ""timestamp"": ""2026-09-28 06:39:04 UTC"", ""temperature"": -20.32, ""humidity"": 86.2, ""location"": ""GPS: 45.0100 N, -120.0200 W"", ""battery_status"": 95}",2026-09-28 08:27:04 UTC,1,1df6055f44f997441f7c7f783205c193d5154011e306c9fe7315ed9ade0d9722,SYNCED,0,
1718,SENSOR_LOG,"{""sensor_id"": ""SNS-MH-1001"", ""batch_id"": ""BTC-SEA-5002"", ""shipment_id"": ""SHP-2026-102"", ""timestamp"": ""2026-09-28 06:45:04 UTC"", ""temperature"": -20.18, ""humidity"": 87.4, ""location"": ""GPS: 45.0100 N, -120.0300 W"", ""battery_status"": 95}",2026-09-28 08:27:04 UTC,1,1873cf0790b98df57deb661827d7e32fda0db465efc0ba3f8759448d5df0b245,SYNCED,0,
1719,SENSOR_LOG,"{""sensor_id"": ""SNS-MH-1001"", ""batch_id"": ""BTC-SEA-5002"", ""shipment_id"": ""SHP-2026-102"", ""timestamp"": ""2026-09-28 06:51:04 UTC"", ""temperature"": -18.23, ""humidity"": 85.8, ""location"": ""GPS: 45.0100 N, -120.0400 W"", ""battery_status"": 95}",2026-09-28 08:27:04 UTC,1,c4e55ad23ceec0d1defcab40952fa24ae1a6292be042dc88fb25f1f986335e47,SYNCED,0,
1720,SENSOR_LOG,"{""sensor_id"": ""SNS-MH-1001"", ""batch_id"": ""BTC-SEA-5002"", ""shipment_id"": ""SHP-2026-102"", ""timestamp"": ""2026-09-28 06:57:04 UTC"", ""temperature"": -20.03, ""humidity"": 88.2, ""location"": ""GPS: 45.0100 N, -120.0500 W"", ""battery_status"": 95}",2026-09-28 08:27:04 UTC,1,b3b3c2885e8092b2053c38202ede57350b95815d055675487f8a95d4dbe91904,SYNCED,0,
1721,SENSOR_LOG,"{""sensor_id"": ""SNS-MH-1001"", ""batch_id"": ""BTC-SEA-5002"", ""shipment_id"": ""SHP-2026-102"", ""timestamp"": ""2026-09-28 07:03:04 UTC"", ""temperature"": -21.04, ""humidity"": 94.3, ""location"": ""GPS: 45.0100 N, -120.0600 W"", ""battery_status"": 95}",2026-09-28 08:27:04 UTC,1,caf756e2db80e4c7bcd005753132464f849d73b698da25a84818f776ad09bacb,SYNCED,0,
1722,SENSOR_LOG,"{""sensor_id"": ""SNS-MH-1001"", ""batch_id"": ""BTC-SEA-5002"", ""shipment_id"": ""SHP-2026-102"", ""timestamp"": ""2026-09-28 07:09:04 UTC"", ""temperature"": -18.78, ""humidity"": 92.1, ""location"": ""GPS: 45.0100 N, -120.0700 W"", ""battery_status"": 95}",2026-09-28 08:27:04 UTC,1,75338b32402b125abd1b044669133aff6c4ee9042cf7431e9cf270155e9cd73f,SYNCED,0,
1723,SENSOR_LOG,"{""sensor_id"": ""SNS-MH-1001"", ""batch_id"": ""BTC-SEA-5002"", ""shipment_id"": ""SHP-2026-102"", ""timestamp"": ""2026-09-28 07:15:04 UTC"", ""temperature"": -18.5, ""humidity"": 94.6, ""location"": ""GPS: 45.0100 N, -120.0800 W"", ""battery_status"": 95}",2026-09-28 08:27:04 UTC,1,94feefc3e49dc39f8e51de5ff539f8ab9fb7397aa3cdec4d68de5c144dcc1f29,SYNCED,0,
1724,SENSOR_LOG,"{""sensor_id"": ""SNS-MH-1001"", ""batch_id"": ""BTC-SEA-5002"", ""shipment_id"": ""SHP-2026-102"", ""timestamp"": ""2026-09-28 07:21:04 UTC"", ""temperature"": -20.44, ""humidity"": 91.7, ""location"": ""GPS: 45.0100 N, -120.0900 W"", ""battery_status"": 95}",2026-09-28 08:27:04 UTC,1,72e028e85aa0bdd302f08594603801e6285cfce7a9661fe03952eeee2cb82a4c,SYNCED,0,
1725,SENSOR_LOG,"{""sensor_id"": ""SNS-MH-1001"", ""batch_id"": ""BTC-SEA-5002"", ""shipment_id"": ""SHP-2026-102"", ""timestamp"": ""2026-09-28 07:27:04 UTC"", ""temperature"": -21.61, ""humidity"": 93.0, ""location"": ""GPS: 45.0100 N, -120.1000 W"", ""battery_status"": 95}",2026-09-28 08:27:04 UTC,1,1a72c0ef30e116c316e436ba3ba6a84a545fa22860cdf3505b58cbae67637652,SYNCED,0,
1726,SENSOR_LOG,"{""sensor_id"": ""SNS-MH-1001"", ""batch_id"": ""BTC-SEA-5002"", ""shipment_id"": ""SHP-2026-102"", ""timestamp"": ""2026-09-28 07:33:04 UTC"", ""temperature"": -18.35, ""humidity"": 94.0, ""location"": ""GPS: 45.0100 N, -120.1100 W"", ""battery_status"": 95}",2026-09-28 08:27:04 UTC,1,515daf37e3cc45f005f0fa9eee85089eaeb0ad5e674687ccea7f05e36e365cc8,SYNCED,0,
1727,SENSOR_LOG,"{""sensor_id"": ""SNS-MH-1001"", ""batch_id"": ""BTC-SEA-5002"", ""shipment_id"": ""SHP-2026-102"", ""timestamp"": ""2026-09-28 07:39:04 UTC"", ""temperature"": -19.85, ""humidity"": 86.8, ""location"": ""GPS: 45.0100 N, -120.1200 W"", ""battery_status"": 95}",2026-09-28 08:27:04 UTC,1,a112676a38283be343a16bd000ec7d0136426033536a47dbb563fa8c29fba9cf,SYNCED,0,
1728,SENSOR_LOG,"{""sensor_id"": ""SNS-MH-1001"", ""batch_id"": ""BTC-SEA-5002"", ""shipment_id"": ""SHP-2026-102"", ""timestamp"": ""2026-09-28 07:45:04 UTC"", ""temperature"": -20.87, ""humidity"": 87.0, ""location"": ""GPS: 45.0100 N, -120.1300 W"", ""battery_status"": 95}",2026-09-28 08:27:04 UTC,1,700e380d8146d3f0539a5faa85085c7bd039d201e0ca67fa00f5c4fa6a9e3a80,SYNCED,0,
1729,SENSOR_LOG,"{""sensor_id"": ""SNS-MH-1001"", ""batch_id"": ""BTC-SEA-5002"", ""shipment_id"": ""SHP-2026-102"", ""timestamp"": ""2026-09-28 07:51:04 UTC"", ""temperature"": -19.85, ""humidity"": 85.8, ""location"": ""GPS: 45.0100 N, -120.1400 W"", ""battery_status"": 95}",2026-09-28 08:27:04 UTC,1,e2cb3793ef9c680f1ef33d101caf72ceb333505534ee8c78b3556618ca067b8c,SYNCED,0,
1730,SENSOR_LOG,"{""sensor_id"": ""SNS-MH-1001"", ""batch_id"": ""BTC-SEA-5002"", ""shipment_id"": ""SHP-2026-102"", ""timestamp"": ""2026-09-28 07:57:04 UTC"", ""temperature"": -20.65, ""humidity"": 85.7, ""location"": ""GPS: 45.0100 N, -120.1500 W"", ""battery_status"": 95}",2026-09-28 08:27:04 UTC,1,e8abd90ddffc8b2cdafb8271a435f563cbc9916a27c5d810b4a76dd2367e055a,SYNCED,0,
1731,SENSOR_LOG,"{""sensor_id"": ""SNS-MH-1001"", ""batch_id"": ""BTC-SEA-5002"", ""shipment_id"": ""SHP-2026-102"", ""timestamp"": ""2026-09-28 08:03:04 UTC"", ""temperature"": -21.75, ""humidity"": 90.2, ""location"": ""GPS: 45.0100 N, -120.1600 W"", ""battery_status"": 95}",2026-09-28 08:27:04 UTC,1,0a4a70860e4797f8a39f4d05afec43f2c2542b39d3bd69052ebba7e6ac06ad68,SYNCED,0,
1732,SENSOR_LOG,"{""sensor_id"": ""SNS-MH-1001"", ""batch_id"": ""BTC-SEA-5002"", ""shipment_id"": ""SHP-2026-102"", ""timestamp"": ""2026-09-28 08:09:04 UTC"", ""temperature"": -19.2, ""humidity"": 86.1, ""location"": ""GPS: 45.0100 N, -120.1700 W"", ""battery_status"": 95}",2026-09-28 08:27:04 UTC,1,d2d9a46123b093d399096d17282896e93ec8ee5b0cc44a43737230ca7aa0493a,SYNCED,0,
1733,SENSOR_LOG,"{""sensor_id"": ""SNS-MH-1001"", ""batch_id"": ""BTC-SEA-5002"", ""shipment_id"": ""SHP-2026-102"", ""timestamp"": ""2026-09-28 08:15:04 UTC"", ""temperature"": -21.45, ""humidity"": 91.6, ""location"": ""GPS: 45.0100 N, -120.1800 W"", ""battery_status"": 95}",2026-09-28 08:27:04 UTC,1,7136d30c288f9ded6f8e6da70f8ebf186564c943ce65590f0b506e5e10bec779,SYNCED,0,
1734,SENSOR_LOG,"{""sensor_id"": ""SNS-MH-1001"", ""batch_id"": ""BTC-SEA-5002"", ""shipment_id"": ""SHP-2026-102"", ""timestamp"": ""2026-09-28 08:21:04 UTC"", ""temperature"": -18.55, ""humidity"": 92.1, ""location"": ""GPS: 45.0100 N, -120.1900 W"", ""battery_status"": 95}",2026-09-28 08:27:04 UTC,1,f251375eee30cc3f0d9c0f68ef8ffc38648891a2d368f85330dcf96d5ac2417d,SYNCED,0,
1735,SENSOR_LOG,"{""sensor_id"": ""SNS-MH-1002"", ""batch_id"": ""BTC-SEA-5003"", ""shipment_id"": ""SHP-2026-103"", ""timestamp"": ""2026-09-28 06:27:04 UTC"", ""temperature"": -19.26, ""humidity"": 85.6, ""location"": ""GPS: 45.0200 N, -120.0000 W"", ""battery_status"": 95}",2026-09-28 08:27:04 UTC,1,f8d8bcaff6a8c06aac4b8439a3848bf552f2b5e8d0950c57abdb0065650fb8d9,SYNCED,0,
1736,SENSOR_LOG,"{""sensor_id"": ""SNS-MH-1002"", ""batch_id"": ""BTC-SEA-5003"", ""shipment_id"": ""SHP-2026-103"", ""timestamp"": ""2026-09-28 06:33:04 UTC"", ""temperature"": -20.56, ""humidity"": 85.8, ""location"": ""GPS: 45.0200 N, -120.0100 W"", ""battery_status"": 95}",2026-09-28 08:27:04 UTC,1,23e92814f53d247d9bbcd8743344268d02861859b4ae464ff4fa032bd8a82d96,SYNCED,0,
1737,SENSOR_LOG,"{""sensor_id"": ""SNS-MH-1002"", ""batch_id"": ""BTC-SEA-5003"", ""shipment_id"": ""SHP-2026-103"", ""timestamp"": ""2026-09-28 06:39:04 UTC"", ""temperature"": -20.5, ""humidity"": 92.0, ""location"": ""GPS: 45.0200 N, -120.0200 W"", ""battery_status"": 95}",2026-09-28 08:27:04 UTC,1,e91d2ca6e53227a3ed8d90d0e260b74e8b7203de4bb1628059a6aa15990f459d,SYNCED,0,
1738,SENSOR_LOG,"{""sensor_id"": ""SNS-MH-1002"", ""batch_id"": ""BTC-SEA-5003"", ""shipment_id"": ""SHP-2026-103"", ""timestamp"": ""2026-09-28 06:45:04 UTC"", ""temperature"": -19.18, ""humidity"": 87.7, ""location"": ""GPS: 45.0200 N, -120.0300 W"", ""battery_status"": 95}",2026-09-28 08:27:04 UTC,1,5cb5ab31f12698cb15d0bd2ed33a317ddfc1a46bc488f5019c1665fe45c91ad6,SYNCED,0,
1739,SENSOR_LOG,"{""sensor_id"": ""SNS-MH-1002"", ""batch_id"": ""BTC-SEA-5003"", ""shipment_id"": ""SHP-2026-103"", ""timestamp"": ""2026-09-28 06:51:04 UTC"", ""temperature"": -18.64, ""humidity"": 87.2, ""location"": ""GPS: 45.0200 N, -120.0400 W"", ""battery_status"": 95}",2026-09-28 08:27:04 UTC,1,320428c09e30b895a19ead36ee70f948f3ac50a2da38e4ec7a449fb67650a40f,SYNCED,0,
1740,SENSOR_LOG,"{""sensor_id"": ""SNS-MH-1002"", ""batch_id"": ""BTC-SEA-5003"", ""shipment_id"": ""SHP-2026-103"", ""timestamp"": ""2026-09-28 06:57:04 UTC"", ""temperature"": -21.01, ""humidity"": 85.1, ""location"": ""GPS: 45.0200 N, -120.0500 W"", ""battery_status"": 95}",2026-09-28 08:27:04 UTC,1,9c042ab4a7036309ad85946182b57a76b1fabc3824a6fc17c7cb1be96c6076ab,SYNCED,0,
1741,SENSOR_LOG,"{""sensor_id"": ""SNS-MH-1002"", ""batch_id"": ""BTC-SEA-5003"", ""shipment_id"": ""SHP-2026-103"", ""timestamp"": ""2026-09-28 07:03:04 UTC"", ""temperature"": -18.65, ""humidity"": 93.5, ""location"": ""GPS: 45.0200 N, -120.0600 W"", ""battery_status"": 95}",2026-09-28 08:27:04 UTC,1,d1be3657469cfbc41a9374b1639c647c726f012cff6cc65b921cccea8a2d242b,SYNCED,0,
1742,SENSOR_LOG,"{""sensor_id"": ""SNS-MH-1002"", ""batch_id"": ""BTC-SEA-5003"", ""shipment_id"": ""SHP-2026-103"", ""timestamp"": ""2026-09-28 07:09:04 UTC"", ""temperature"": -21.04, ""humidity"": 86.9, ""location"": ""GPS: 45.0200 N, -120.0700 W"", ""battery_status"": 95}",2026-09-28 08:27:04 UTC,1,40de83e7bf3797c11000e9762e0f8d45678e4a0d7956ee45820a073ce13b813a,SYNCED,0,
1743,SENSOR_LOG,"{""sensor_id"": ""SNS-MH-1002"", ""batch_id"": ""BTC-SEA-5003"", ""shipment_id"": ""SHP-2026-103"", ""timestamp"": ""2026-09-28 07:15:04 UTC"", ""temperature"": -21.43, ""humidity"": 91.4, ""location"": ""GPS: 45.0200 N, -120.0800 W"", ""battery_status"": 95}",2026-09-28 08:27:04 UTC,1,67a5c88923e843c8c10a15dc8c1176655c92e35a645e5eb6905e2ee2566cdfd0,SYNCED,0,
1744,SENSOR_LOG,"{""sensor_id"": ""SNS-MH-1002"", ""batch_id"": ""BTC-SEA-5003"", ""shipment_id"": ""SHP-2026-103"", ""timestamp"": ""2026-09-28 07:21:04 UTC"", ""temperature"": -21.72, ""humidity"": 93.0, ""location"": ""GPS: 45.0200 N, -120.0900 W"", ""battery_status"": 95}",2026-09-28 08:27:04 UTC,1,ba10328bcaba091409add9d97b30195d38c6639dc52f35ef926e2c8fe2752def,SYNCED,0,
1745,SENSOR_LOG,"{""sensor_id"": ""SNS-MH-1002"", ""batch_id"": ""BTC-SEA-5003"", ""shipment_id"": ""SHP-2026-103"", ""timestamp"": ""2026-09-28 07:27:04 UTC"", ""temperature"": -20.59, ""humidity"": 92.3, ""location"": ""GPS: 45.0200 N, -120.1000 W"", ""battery_status"": 95}",2026-09-28 08:27:04 UTC,1,4cf5f9c1c21b899caea8304972a64b4ef1a32053547d8a744ff25c081fa92e03,SYNCED,0,
1746,SENSOR_LOG,"{""sensor_id"": ""SNS-MH-1002"", ""batch_id"": ""BTC-SEA-5003"", ""shipment_id"": ""SHP-2026-103"", ""timestamp"": ""2026-09-28 07:33:04 UTC"", ""temperature"": -19.07, ""humidity"": 93.6, ""location"": ""GPS: 45.0200 N, -120.1100 W"", ""battery_status"": 95}",2026-09-28 08:27:04 UTC,1,59c9cfe43b00bd988cd88dc4602b14d0155b6f22e2dab3f6cb04db481b123af4,SYNCED,0,
1747,SENSOR_LOG,"{""sensor_id"": ""SNS-MH-1002"", ""batch_id"": ""BTC-SEA-5003"", ""shipment_id"": ""SHP-2026-103"", ""timestamp"": ""2026-09-28 07:39:04 UTC"", ""temperature"": -21.75, ""humidity"": 86.5, ""location"": ""GPS: 45.0200 N, -120.1200 W"", ""battery_status"": 95}",2026-09-28 08:27:04 UTC,1,bf3fb11a76202c20a3132600942c2e69bcc5e1df4bf5820f2e1572ad765b9b0d,SYNCED,0,
1748,SENSOR_LOG,"{""sensor_id"": ""SNS-MH-1002"", ""batch_id"": ""BTC-SEA-5003"", ""shipment_id"": ""SHP-2026-103"", ""timestamp"": ""2026-09-28 07:45:04 UTC"", ""temperature"": -19.5, ""humidity"": 88.9, ""location"": ""GPS: 45.0200 N, -120.1300 W"", ""battery_status"": 95}",2026-09-28 08:27:04 UTC,1,741415790a6954ac4bc463ef2ee2269222c3942d4e2c5ddf5cb0b6a901777177,SYNCED,0,
1749,SENSOR_LOG,"{""sensor_id"": ""SNS-MH-1002"", ""batch_id"": ""BTC-SEA-5003"", ""shipment_id"": ""SHP-2026-103"", ""timestamp"": ""2026-09-28 07:51:04 UTC"", ""temperature"": -20.14, ""humidity"": 87.5, ""location"": ""GPS: 45.0200 N, -120.1400 W"", ""battery_status"": 95}",2026-09-28 08:27:04 UTC,1,a1dbff0f6a2e20fb23190e07396b9323d673e33049b623c1deb098386bd82cf9,SYNCED,0,
1750,SENSOR_LOG,"{""sensor_id"": ""SNS-MH-1002"", ""batch_id"": ""BTC-SEA-5003"", ""shipment_id"": ""SHP-2026-103"", ""timestamp"": ""2026-09-28 07:57:04 UTC"", ""temperature"": -18.63, ""humidity"": 85.2, ""location"": ""GPS: 45.0200 N, -120.1500 W"", ""battery_status"": 95}",2026-09-28 08:27:04 UTC,1,e0021fae2473db88d08c066e9892a5c8f84239d1cf9990be5e334eaeb01467e8,SYNCED,0,
1751,SENSOR_LOG,"{""sensor_id"": ""SNS-MH-1002"", ""batch_id"": ""BTC-SEA-5003"", ""shipment_id"": ""SHP-2026-103"", ""timestamp"": ""2026-09-28 08:03:04 UTC"", ""temperature"": -19.43, ""humidity"": 90.4, ""location"": ""GPS: 45.0200 N, -120.1600 W"", ""battery_status"": 95}",2026-09-28 08:27:04 UTC,1,9ef30008982d55ce8928f7d51dbc5fc3a74fff625669f1dcfa66fab799f09764,SYNCED,0,
1752,SENSOR_LOG,"{""sensor_id"": ""SNS-MH-1002"", ""batch_id"": ""BTC-SEA-5003"", ""shipment_id"": ""SHP-2026-103"", ""timestamp"": ""2026-09-28 08:09:04 UTC"", ""temperature"": -20.12, ""humidity"": 94.0, ""location"": ""GPS: 45.0200 N, -120.1700 W"", ""battery_status"": 95}",2026-09-28 08:27:04 UTC,1,c763166dcaa5ffbcb92f183318d2d665db058f01b1dffc89b8b18e9c8dc4ee15,SYNCED,0,
1753,SENSOR_LOG,"{""sensor_id"": ""SNS-MH-1002"", ""batch_id"": ""BTC-SEA-5003"", ""shipment_id"": ""SHP-2026-103"", ""timestamp"": ""2026-09-28 08:15:04 UTC"", ""temperature"": -19.07, ""humidity"": 87.8, ""location"": ""GPS: 45.0200 N, -120.1800 W"", ""battery_status"": 95}",2026-09-28 08:27:04 UTC,1,594d84b2ba61fd4738a91f6fa55d65b765feb5b57a974b96e71a94efbfc705d4,SYNCED,0,
1754,SENSOR_LOG,"{""sensor_id"": ""SNS-MH-1002"", ""batch_id"": ""BTC-SEA-5003"", ""shipment_id"": ""SHP-2026-103"", ""timestamp"": ""2026-09-28 08:21:04 UTC"", ""temperature"": -18.37, ""humidity"": 86.1, ""location"": ""GPS: 45.0200 N, -120.1900 W"", ""battery_status"": 95}",2026-09-28 08:27:04 UTC,1,396c4fb76c0272e5ec9a283645526dc9df39e01efbc800d45b793ac575bccfc7,SYNCED,0,
1755,SENSOR_LOG,"{""sensor_id"": ""SNS-MH-1003"", ""batch_id"": ""BTC-SEA-5004"", ""shipment_id"": ""SHP-2026-104"", ""timestamp"": ""2026-09-28 06:27:04 UTC"", ""temperature"": -20.9, ""humidity"": 94.7, ""location"": ""GPS: 45.0300 N, -120.0000 W"", ""battery_status"": 95}",2026-09-28 08:27:04 UTC,1,f086963b86acbb6924324f9b9e046aab4605d7c5aa74f0830d6e50e255c7216b,SYNCED,0,
1756,SENSOR_LOG,"{""sensor_id"": ""SNS-MH-1003"", ""batch_id"": ""BTC-SEA-5004"", ""shipment_id"": ""SHP-2026-104"", ""timestamp"": ""2026-09-28 06:33:04 UTC"", ""temperature"": -21.0, ""humidity"": 86.7, ""location"": ""GPS: 45.0300 N, -120.0100 W"", ""battery_status"": 95}",2026-09-28 08:27:04 UTC,1,37c6bfee702dfe34e4ef498df748112b0b56b9416d034dca96e500b8f771e34c,SYNCED,0,
1757,SENSOR_LOG,"{""sensor_id"": ""SNS-MH-1003"", ""batch_id"": ""BTC-SEA-5004"", ""shipment_id"": ""SHP-2026-104"", ""timestamp"": ""2026-09-28 06:39:04 UTC"", ""temperature"": -18.0, ""humidity"": 94.1, ""location"": ""GPS: 45.0300 N, -120.0200 W"", ""battery_status"": 95}",2026-09-28 08:27:04 UTC,1,f10174c1ccba9f82f08191a90bbdc9f863544dd5f88782d52e816bafd994fa9a,SYNCED,0,
1758,SENSOR_LOG,"{""sensor_id"": ""SNS-MH-1003"", ""batch_id"": ""BTC-SEA-5004"", ""shipment_id"": ""SHP-2026-104"", ""timestamp"": ""2026-09-28 06:45:04 UTC"", ""temperature"": -19.13, ""humidity"": 90.4, ""location"": ""GPS: 45.0300 N, -120.0300 W"", ""battery_status"": 95}",2026-09-28 08:27:04 UTC,1,ced7974ec836e5eac9d67012dd1f72a9a481606635845c8949f8e4dc6ee57a94,SYNCED,0,
1759,SENSOR_LOG,"{""sensor_id"": ""SNS-MH-1003"", ""batch_id"": ""BTC-SEA-5004"", ""shipment_id"": ""SHP-2026-104"", ""timestamp"": ""2026-09-28 06:51:04 UTC"", ""temperature"": -19.25, ""humidity"": 85.4, ""location"": ""GPS: 45.0300 N, -120.0400 W"", ""battery_status"": 95}",2026-09-28 08:27:04 UTC,1,a49a24b764666df08282821458a8bd5f084f6e31123701a2a7494d5e4238f528,SYNCED,0,
1760,SENSOR_LOG,"{""sensor_id"": ""SNS-MH-1003"", ""batch_id"": ""BTC-SEA-5004"", ""shipment_id"": ""SHP-2026-104"", ""timestamp"": ""2026-09-28 06:57:04 UTC"", ""temperature"": -18.97, ""humidity"": 87.0, ""location"": ""GPS: 45.0300 N, -120.0500 W"", ""battery_status"": 95}",2026-09-28 08:27:04 UTC,1,121808c20343780460fc1017754d06204575e3b0ea9463e1c92f676c527abda9,SYNCED,0,
1761,SENSOR_LOG,"{""sensor_id"": ""SNS-MH-1003"", ""batch_id"": ""BTC-SEA-5004"", ""shipment_id"": ""SHP-2026-104"", ""timestamp"": ""2026-09-28 07:03:04 UTC"", ""temperature"": -21.06, ""humidity"": 92.1, ""location"": ""GPS: 45.0300 N, -120.0600 W"", ""battery_status"": 95}",2026-09-28 08:27:04 UTC,1,14f57c98adc7f5cec491a6258d0a7d85eb71ec34e72edbc16ee3d13adef68d24,SYNCED,0,
1762,SENSOR_LOG,"{""sensor_id"": ""SNS-MH-1003"", ""batch_id"": ""BTC-SEA-5004"", ""shipment_id"": ""SHP-2026-104"", ""timestamp"": ""2026-09-28 07:09:04 UTC"", ""temperature"": -20.17, ""humidity"": 86.5, ""location"": ""GPS: 45.0300 N, -120.0700 W"", ""battery_status"": 95}",2026-09-28 08:27:04 UTC,1,63106375340e494e0f4ac28585c28892ab984269b35aeeab76dc84b62a1481a3,SYNCED,0,
1763,SENSOR_LOG,"{""sensor_id"": ""SNS-MH-1003"", ""batch_id"": ""BTC-SEA-5004"", ""shipment_id"": ""SHP-2026-104"", ""timestamp"": ""2026-09-28 07:15:04 UTC"", ""temperature"": -18.7, ""humidity"": 86.8, ""location"": ""GPS: 45.0300 N, -120.0800 W"", ""battery_status"": 95}",2026-09-28 08:27:04 UTC,1,1bbc00e51b3c0ccd9e1fa89dc4b742e0c10a97539d97b8ea10d3e1d924ac9b54,SYNCED,0,
1764,SENSOR_LOG,"{""sensor_id"": ""SNS-MH-1003"", ""batch_id"": ""BTC-SEA-5004"", ""shipment_id"": ""SHP-2026-104"", ""timestamp"": ""2026-09-28 07:21:04 UTC"", ""temperature"": -19.25, ""humidity"": 88.2, ""location"": ""GPS: 45.0300 N, -120.0900 W"", ""battery_status"": 95}",2026-09-28 08:27:04 UTC,1,fcbbcd99fd2b3df5f970d2fe68db39196ce76efb5518c466e48dc56a9c7d0a2c,SYNCED,0,
1765,SENSOR_LOG,"{""sensor_id"": ""SNS-MH-1003"", ""batch_id"": ""BTC-SEA-5004"", ""shipment_id"": ""SHP-2026-104"", ""timestamp"": ""2026-09-28 07:27:04 UTC"", ""temperature"": -21.02, ""humidity"": 87.1, ""location"": ""GPS: 45.0300 N, -120.1000 W"", ""battery_status"": 95}",2026-09-28 08:27:04 UTC,1,fabdf3621db00297f981fdcfb40d9fa475d1e13c62e060ac97f1e0e2cd241359,SYNCED,0,
1766,SENSOR_LOG,"{""sensor_id"": ""SNS-MH-1003"", ""batch_id"": ""BTC-SEA-5004"", ""shipment_id"": ""SHP-2026-104"", ""timestamp"": ""2026-09-28 07:33:04 UTC"", ""temperature"": -20.02, ""humidity"": 86.1, ""location"": ""GPS: 45.0300 N, -120.1100 W"", ""battery_status"": 95}",2026-09-28 08:27:04 UTC,1,987ef2034a7a4f780949ddb8e57ac7687bdc2c39c79709e0c5cbd02da86da43e,SYNCED,0,
1767,SENSOR_LOG,"{""sensor_id"": ""SNS-MH-1003"", ""batch_id"": ""BTC-SEA-5004"", ""shipment_id"": ""SHP-2026-104"", ""timestamp"": ""2026-09-28 07:39:04 UTC"", ""temperature"": -21.68, ""humidity"": 93.5, ""location"": ""GPS: 45.0300 N, -120.1200 W"", ""battery_status"": 95}",2026-09-28 08:27:04 UTC,1,a14f6c67227b7ea1d9bb94b8341cbe98c542591794837dc7d6ddf1021f98a2ed,SYNCED,0,
1768,SENSOR_LOG,"{""sensor_id"": ""SNS-MH-1003"", ""batch_id"": ""BTC-SEA-5004"", ""shipment_id"": ""SHP-2026-104"", ""timestamp"": ""2026-09-28 07:45:04 UTC"", ""temperature"": -19.79, ""humidity"": 85.3, ""location"": ""GPS: 45.0300 N, -120.1300 W"", ""battery_status"": 95}",2026-09-28 08:27:04 UTC,1,080bf55d20b2be0d9e25e098f470e90f1b07b6d6ef872b9bfffb35ac5ac8d0ff,SYNCED,0,
1769,SENSOR_LOG,"{""sensor_id"": ""SNS-MH-1003"", ""batch_id"": ""BTC-SEA-5004"", ""shipment_id"": ""SHP-2026-104"", ""timestamp"": ""2026-09-28 07:51:04 UTC"", ""temperature"": -18.56, ""humidity"": 86.0, ""location"": ""GPS: 45.0300 N, -120.1400 W"", ""battery_status"": 95}",2026-09-28 08:27:04 UTC,1,6dbd025b323981128f4d0509be90c6b2f6e85e3f691db4442d9a187183c9b24e,SYNCED,0,
1770,SENSOR_LOG,"{""sensor_id"": ""SNS-MH-1003"", ""batch_id"": ""BTC-SEA-5004"", ""shipment_id"": ""SHP-2026-104"", ""timestamp"": ""2026-09-28 07:57:04 UTC"", ""temperature"": -18.38, ""humidity"": 92.5, ""location"": ""GPS: 45.0300 N, -120.1500 W"", ""battery_status"": 95}",2026-09-28 08:27:04 UTC,1,2a5021a75350b23649bdb04cf6cff22c9b52245d61e8ec896653adf32c788edd,SYNCED,0,
1771,SENSOR_LOG,"{""sensor_id"": ""SNS-MH-1003"", ""batch_id"": ""BTC-SEA-5004"", ""shipment_id"": ""SHP-2026-104"", ""timestamp"": ""2026-09-28 08:03:04 UTC"", ""temperature"": -19.35, ""humidity"": 89.5, ""location"": ""GPS: 45.0300 N, -120.1600 W"", ""battery_status"": 95}",2026-09-28 08:27:04 UTC,1,d94e30ecb4bd3b344cbadfbee9ff4a3cb4ab5245f2685a83f63292c4eef99244,SYNCED,0,
1772,SENSOR_LOG,"{""sensor_id"": ""SNS-MH-1003"", ""batch_id"": ""BTC-SEA-5004"", ""shipment_id"": ""SHP-2026-104"", ""timestamp"": ""2026-09-28 08:09:04 UTC"", ""temperature"": -18.96, ""humidity"": 88.1, ""location"": ""GPS: 45.0300 N, -120.1700 W"", ""battery_status"": 95}",2026-09-28 08:27:04 UTC,1,80625a87d91a1e51bf4d4158d7a883bd24909129037b45963709c9d7572a3847,SYNCED,0,
1773,SENSOR_LOG,"{""sensor_id"": ""SNS-MH-1003"", ""batch_id"": ""BTC-SEA-5004"", ""shipment_id"": ""SHP-2026-104"", ""timestamp"": ""2026-09-28 08:15:04 UTC"", ""temperature"": -20.41, ""humidity"": 88.8, ""location"": ""GPS: 45.0300 N, -120.1800 W"", ""battery_status"": 95}",2026-09-28 08:27:04 UTC,1,1e5e1e3dad9078abf1c5c02491540c1444e5e37e6c3f88ca11e89753dbabc401,SYNCED,0,
1774,SENSOR_LOG,"{""sensor_id"": ""SNS-MH-1003"", ""batch_id"": ""BTC-SEA-5004"", ""shipment_id"": ""SHP-2026-104"", ""timestamp"": ""2026-09-28 08:21:04 UTC"", ""temperature"": -19.02, ""humidity"": 91.7, ""location"": ""GPS: 45.0300 N, -120.1900 W"", ""battery_status"": 95}",2026-09-28 08:27:04 UTC,1,62e648a34342e033e1616df11d7f4e66bda67e965dc76edd46f6b31d3b047842,SYNCED,0,
1775,SENSOR_LOG,"{""sensor_id"": ""SNS-MH-1004"", ""batch_id"": ""BTC-SEA-5005"", ""shipment_id"": ""SHP-2026-105"", ""timestamp"": ""2026-09-28 06:27:04 UTC"", ""temperature"": -21.38, ""humidity"": 92.5, ""location"": ""GPS: 45.0400 N, -120.0000 W"", ""battery_status"": 95}",2026-09-28 08:27:04 UTC,1,c98a59ef954e2cf688ff7872046899bbd37da62512e7cc90562f5676128b96dd,SYNCED,0,
1776,SENSOR_LOG,"{""sensor_id"": ""SNS-MH-1004"", ""batch_id"": ""BTC-SEA-5005"", ""shipment_id"": ""SHP-2026-105"", ""timestamp"": ""2026-09-28 06:33:04 UTC"", ""temperature"": -20.86, ""humidity"": 92.8, ""location"": ""GPS: 45.0400 N, -120.0100 W"", ""battery_status"": 95}",2026-09-28 08:27:05 UTC,1,a854d4bd3c2ff17ab2e5cd8a9b663cb030d949e3ecf131dd6d19b2451785c959,SYNCED,0,
1777,SENSOR_LOG,"{""sensor_id"": ""SNS-MH-1004"", ""batch_id"": ""BTC-SEA-5005"", ""shipment_id"": ""SHP-2026-105"", ""timestamp"": ""2026-09-28 06:39:04 UTC"", ""temperature"": -19.69, ""humidity"": 87.7, ""location"": ""GPS: 45.0400 N, -120.0200 W"", ""battery_status"": 95}",2026-09-28 08:27:05 UTC,1,b5bd270736d995e8328e775839cf28b066d0192de0f2c069cf04c4e115749a80,SYNCED,0,
1778,SENSOR_LOG,"{""sensor_id"": ""SNS-MH-1004"", ""batch_id"": ""BTC-SEA-5005"", ""shipment_id"": ""SHP-2026-105"", ""timestamp"": ""2026-09-28 06:45:04 UTC"", ""temperature"": -18.97, ""humidity"": 86.9, ""location"": ""GPS: 45.0400 N, -120.0300 W"", ""battery_status"": 95}",2026-09-28 08:27:05 UTC,1,b322dc0becc8d8e7f000e5304150405e2f32656b8bfd9c599242f9f2c6739bba,SYNCED,0,
1779,SENSOR_LOG,"{""sensor_id"": ""SNS-MH-1004"", ""batch_id"": ""BTC-SEA-5005"", ""shipment_id"": ""SHP-2026-105"", ""timestamp"": ""2026-09-28 06:51:04 UTC"", ""temperature"": -19.11, ""humidity"": 90.4, ""location"": ""GPS: 45.0400 N, -120.0400 W"", ""battery_status"": 95}",2026-09-28 08:27:05 UTC,1,7630147721ca86ee24de315ad33e9d6d1825eedbd885c02dde35fb94684c3f65,SYNCED,0,
1780,SENSOR_LOG,"{""sensor_id"": ""SNS-MH-1004"", ""batch_id"": ""BTC-SEA-5005"", ""shipment_id"": ""SHP-2026-105"", ""timestamp"": ""2026-09-28 06:57:04 UTC"", ""temperature"": -19.1, ""humidity"": 87.0, ""location"": ""GPS: 45.0400 N, -120.0500 W"", ""battery_status"": 95}",2026-09-28 08:27:05 UTC,1,9b0861a176084e7e701d2671fb1244634c231c52dc5e9ca9c9c3e269864d51a9,SYNCED,0,
1781,SENSOR_LOG,"{""sensor_id"": ""SNS-MH-1004"", ""batch_id"": ""BTC-SEA-5005"", ""shipment_id"": ""SHP-2026-105"", ""timestamp"": ""2026-09-28 07:03:04 UTC"", ""temperature"": -21.56, ""humidity"": 89.6, ""location"": ""GPS: 45.0400 N, -120.0600 W"", ""battery_status"": 95}",2026-09-28 08:27:05 UTC,1,0c303fded8ac00b5de2de612a028507e60d2a6d6b7e3b244b88b17fa089dbac0,SYNCED,0,
1782,SENSOR_LOG,"{""sensor_id"": ""SNS-MH-1004"", ""batch_id"": ""BTC-SEA-5005"", ""shipment_id"": ""SHP-2026-105"", ""timestamp"": ""2026-09-28 07:09:04 UTC"", ""temperature"": -19.27, ""humidity"": 90.1, ""location"": ""GPS: 45.0400 N, -120.0700 W"", ""battery_status"": 95}",2026-09-28 08:27:05 UTC,1,08a4d67c0de6b462450299a5dafb23dfddd02aaa0f2353f8514f47868c736c8c,SYNCED,0,
1783,SENSOR_LOG,"{""sensor_id"": ""SNS-MH-1004"", ""batch_id"": ""BTC-SEA-5005"", ""shipment_id"": ""SHP-2026-105"", ""timestamp"": ""2026-09-28 07:15:04 UTC"", ""temperature"": -18.61, ""humidity"": 91.5, ""location"": ""GPS: 45.0400 N, -120.0800 W"", ""battery_status"": 95}",2026-09-28 08:27:05 UTC,1,2e53ddd307a9d58d16ce9feed24067e90492abbcd0faeeea6a10678cbf4538f6,SYNCED,0,
1784,SENSOR_LOG,"{""sensor_id"": ""SNS-MH-1004"", ""batch_id"": ""BTC-SEA-5005"", ""shipment_id"": ""SHP-2026-105"", ""timestamp"": ""2026-09-28 07:21:04 UTC"", ""temperature"": -21.25, ""humidity"": 85.5, ""location"": ""GPS: 45.0400 N, -120.0900 W"", ""battery_status"": 95}",2026-09-28 08:27:05 UTC,1,f5eee3e1805a3bfed2ad6f977b17ce2950e45674987884e884bfd175101823bb,SYNCED,0,
1785,SENSOR_LOG,"{""sensor_id"": ""SNS-MH-1004"", ""batch_id"": ""BTC-SEA-5005"", ""shipment_id"": ""SHP-2026-105"", ""timestamp"": ""2026-09-28 07:27:04 UTC"", ""temperature"": -20.84, ""humidity"": 91.9, ""location"": ""GPS: 45.0400 N, -120.1000 W"", ""battery_status"": 95}",2026-09-28 08:27:05 UTC,1,fd5bd68fc96e3de733a9b4656b03f7fb50ae6203bddabce9ec1bc99000105012,SYNCED,0,
1786,SENSOR_LOG,"{""sensor_id"": ""SNS-MH-1004"", ""batch_id"": ""BTC-SEA-5005"", ""shipment_id"": ""SHP-2026-105"", ""timestamp"": ""2026-09-28 07:33:04 UTC"", ""temperature"": -20.14, ""humidity"": 88.7, ""location"": ""GPS: 45.0400 N, -120.1100 W"", ""battery_status"": 95}",2026-09-28 08:27:05 UTC,1,113914d696b39f0afc7194dfec96f939dae47a5b5248de503fcc06f9e6d4cfd4,SYNCED,0,
1787,SENSOR_LOG,"{""sensor_id"": ""SNS-MH-1004"", ""batch_id"": ""BTC-SEA-5005"", ""shipment_id"": ""SHP-2026-105"", ""timestamp"": ""2026-09-28 07:39:04 UTC"", ""temperature"": -21.21, ""humidity"": 88.9, ""location"": ""GPS: 45.0400 N, -120.1200 W"", ""battery_status"": 95}",2026-09-28 08:27:05 UTC,1,242fabf9de80e3139ddf46c268a745c8c22adfa813b79feaa2054b8df20dba18,SYNCED,0,
1788,SENSOR_LOG,"{""sensor_id"": ""SNS-MH-1004"", ""batch_id"": ""BTC-SEA-5005"", ""shipment_id"": ""SHP-2026-105"", ""timestamp"": ""2026-09-28 07:45:04 UTC"", ""temperature"": -21.8, ""humidity"": 87.0, ""location"": ""GPS: 45.0400 N, -120.1300 W"", ""battery_status"": 95}",2026-09-28 08:27:05 UTC,1,e12dff456f3cbea1a3c5c230f006c33fe151ca55e8c25d08111182df7de32e46,SYNCED,0,
1789,SENSOR_LOG,"{""sensor_id"": ""SNS-MH-1004"", ""batch_id"": ""BTC-SEA-5005"", ""shipment_id"": ""SHP-2026-105"", ""timestamp"": ""2026-09-28 07:51:04 UTC"", ""temperature"": -20.01, ""humidity"": 86.8, ""location"": ""GPS: 45.0400 N, -120.1400 W"", ""battery_status"": 95}",2026-09-28 08:27:05 UTC,1,0d9198e3f447983ee34b16f1a81b96d208f990055c655486d32bbf35ee6b3d34,SYNCED,0,
1790,SENSOR_LOG,"{""sensor_id"": ""SNS-MH-1004"", ""batch_id"": ""BTC-SEA-5005"", ""shipment_id"": ""SHP-2026-105"", ""timestamp"": ""2026-09-28 07:57:04 UTC"", ""temperature"": -20.15, ""humidity"": 87.7, ""location"": ""GPS: 45.0400 N, -120.1500 W"", ""battery_status"": 95}",2026-09-28 08:27:05 UTC,1,b149dd63a3adb0745b0ad812ae9864695410895e9c58e3fd00331ef29456f0d0,SYNCED,0,
1791,SENSOR_LOG,"{""sensor_id"": ""SNS-MH-1004"", ""batch_id"": ""BTC-SEA-5005"", ""shipment_id"": ""SHP-2026-105"", ""timestamp"": ""2026-09-28 08:03:04 UTC"", ""temperature"": -18.59, ""humidity"": 89.0, ""location"": ""GPS: 45.0400 N, -120.1600 W"", ""battery_status"": 95}",2026-09-28 08:27:05 UTC,1,533d74009aaa18208f73ed9150e569ca6fad63e53d5dd50d1d75dffe9425dd77,SYNCED,0,
1792,SENSOR_LOG,"{""sensor_id"": ""SNS-MH-1004"", ""batch_id"": ""BTC-SEA-5005"", ""shipment_id"": ""SHP-2026-105"", ""timestamp"": ""2026-09-28 08:09:04 UTC"", ""temperature"": -19.94, ""humidity"": 88.1, ""location"": ""GPS: 45.0400 N, -120.1700 W"", ""battery_status"": 95}",2026-09-28 08:27:05 UTC,1,9e2a360827da75cd7a1b42c6e4f0caef4d8355014855aa3af5a70fc93e7b4440,SYNCED,0,
1793,SENSOR_LOG,"{""sensor_id"": ""SNS-MH-1004"", ""batch_id"": ""BTC-SEA-5005"", ""shipment_id"": ""SHP-2026-105"", ""timestamp"": ""2026-09-28 08:15:04 UTC"", ""temperature"": -19.38, ""humidity"": 85.3, ""location"": ""GPS: 45.0400 N, -120.1800 W"", ""battery_status"": 95}",2026-09-28 08:27:05 UTC,1,24d88413ac79238275cdcbe715363ab77971bb08293b934562034700c2c8a321,SYNCED,0,
1794,SENSOR_LOG,"{""sensor_id"": ""SNS-MH-1004"", ""batch_id"": ""BTC-SEA-5005"", ""shipment_id"": ""SHP-2026-105"", ""timestamp"": ""2026-09-28 08:21:04 UTC"", ""temperature"": -18.08, ""humidity"": 91.5, ""location"": ""GPS: 45.0400 N, -120.1900 W"", ""battery_status"": 95}",2026-09-28 08:27:05 UTC,1,a31add13c63ec81c1da4df9d1a8e27c12dc35eb1b1d8903ba23cc6fa9bd96d3c,SYNCED,0,
1795,SENSOR_LOG,"{""sensor_id"": ""SNS-MH-1000"", ""batch_id"": ""BTC-SEA-5001"", ""shipment_id"": ""SHP-2026-101"", ""timestamp"": ""2026-09-28 04:27:05 UTC"", ""temperature"": -21.91, ""humidity"": 85.4, ""location"": ""GPS: 45.0000 N, -120.0000 W"", ""battery_status"": 95}",2026-09-28 08:27:05 UTC,1,54541a14ec6058386b736335a1361e081c64b142388b14f10006b8ccd970cbcf,SYNCED,0,
1796,SENSOR_LOG,"{""sensor_id"": ""SNS-MH-1000"", ""batch_id"": ""BTC-SEA-5001"", ""shipment_id"": ""SHP-2026-101"", ""timestamp"": ""2026-09-28 04:33:05 UTC"", ""temperature"": -19.85, ""humidity"": 87.7, ""location"": ""GPS: 45.0000 N, -120.0100 W"", ""battery_status"": 95}",2026-09-28 08:27:05 UTC,1,155746b4ab6e76f5f4cf445d052711b73405a400534cba8d82609ffa03e591a0,SYNCED,0,
1797,SENSOR_LOG,"{""sensor_id"": ""SNS-MH-1000"", ""batch_id"": ""BTC-SEA-5001"", ""shipment_id"": ""SHP-2026-101"", ""timestamp"": ""2026-09-28 04:39:05 UTC"", ""temperature"": -19.42, ""humidity"": 91.1, ""location"": ""GPS: 45.0000 N, -120.0200 W"", ""battery_status"": 95}",2026-09-28 08:27:05 UTC,1,b9583a2be94d10b6f5dd5fb4653dfbb2f0aa3d0b1358f869dc1751cacbf636a1,SYNCED,0,
1798,SENSOR_LOG,"{""sensor_id"": ""SNS-MH-1000"", ""batch_id"": ""BTC-SEA-5001"", ""shipment_id"": ""SHP-2026-101"", ""timestamp"": ""2026-09-28 04:45:05 UTC"", ""temperature"": -20.33, ""humidity"": 85.4, ""location"": ""GPS: 45.0000 N, -120.0300 W"", ""battery_status"": 95}",2026-09-28 08:27:05 UTC,1,5ec789c6bd5a1169de0cbc77d90aa4d63a724dd3367d2b03052dad9dcb5e824c,SYNCED,0,
1799,SENSOR_LOG,"{""sensor_id"": ""SNS-MH-1000"", ""batch_id"": ""BTC-SEA-5001"", ""shipment_id"": ""SHP-2026-101"", ""timestamp"": ""2026-09-28 04:51:05 UTC"", ""temperature"": -21.61, ""humidity"": 91.1, ""location"": ""GPS: 45.0000 N, -120.0400 W"", ""battery_status"": 95}",2026-09-28 08:27:05 UTC,1,256c9f61fa139200b484b0babf7df7a8dfda46178c2b417eaffd9a6c9d634315,SYNCED,0,
1800,SENSOR_LOG,"{""sensor_id"": ""SNS-MH-1000"", ""batch_id"": ""BTC-SEA-5001"", ""shipment_id"": ""SHP-2026-101"", ""timestamp"": ""2026-09-28 04:57:05 UTC"", ""temperature"": -19.56, ""humidity"": 94.5, ""location"": ""GPS: 45.0000 N, -120.0500 W"", ""battery_status"": 95}",2026-09-28 08:27:05 UTC,1,472862a0d65008d7be582b20fb248cdb9c717c0e1c264ab54af9556c9eca07fc,SYNCED,0,
1801,SENSOR_LOG,"{""sensor_id"": ""SNS-MH-1000"", ""batch_id"": ""BTC-SEA-5001"", ""shipment_id"": ""SHP-2026-101"", ""timestamp"": ""2026-09-28 05:03:05 UTC"", ""temperature"": -20.18, ""humidity"": 89.8, ""location"": ""GPS: 45.0000 N, -120.0600 W"", ""battery_status"": 95}",2026-09-28 08:27:05 UTC,1,cfb48e7fc7da8cf596700e1adddcf6b5287129d388650c81900dd685444a8b06,SYNCED,0,
1802,SENSOR_LOG,"{""sensor_id"": ""SNS-MH-1000"", ""batch_id"": ""BTC-SEA-5001"", ""shipment_id"": ""SHP-2026-101"", ""timestamp"": ""2026-09-28 05:09:05 UTC"", ""temperature"": -19.41, ""humidity"": 94.7, ""location"": ""GPS: 45.0000 N, -120.0700 W"", ""battery_status"": 95}",2026-09-28 08:27:05 UTC,1,1b1d991f151f190fab547e779d065fd266c984dd4f5b67163d6382251327f20e,SYNCED,0,
1803,SENSOR_LOG,"{""sensor_id"": ""SNS-MH-1000"", ""batch_id"": ""BTC-SEA-5001"", ""shipment_id"": ""SHP-2026-101"", ""timestamp"": ""2026-09-28 05:15:05 UTC"", ""temperature"": -18.48, ""humidity"": 87.0, ""location"": ""GPS: 45.0000 N, -120.0800 W"", ""battery_status"": 95}",2026-09-28 08:27:05 UTC,1,cbccc05dd94989989eadbe970c568b0e0c7373d894b9833fe79a989e6ccad4a8,SYNCED,0,
1804,SENSOR_LOG,"{""sensor_id"": ""SNS-MH-1000"", ""batch_id"": ""BTC-SEA-5001"", ""shipment_id"": ""SHP-2026-101"", ""timestamp"": ""2026-09-28 05:21:05 UTC"", ""temperature"": -20.52, ""humidity"": 90.4, ""location"": ""GPS: 45.0000 N, -120.0900 W"", ""battery_status"": 95}",2026-09-28 08:27:05 UTC,1,d1db6619544214153b1fb9101c5688d3870f1f9fbdf5026cce49ea9572940ace,SYNCED,0,
1805,SENSOR_LOG,"{""sensor_id"": ""SNS-MH-1000"", ""batch_id"": ""BTC-SEA-5001"", ""shipment_id"": ""SHP-2026-101"", ""timestamp"": ""2026-09-28 05:27:05 UTC"", ""temperature"": -19.13, ""humidity"": 87.6, ""location"": ""GPS: 45.0000 N, -120.1000 W"", ""battery_status"": 95}",2026-09-28 08:27:05 UTC,1,07174d8c7767b97cdc0211d88a8cf7b3d59b2a4ad87b222b58adae6abd8eadd8,SYNCED,0,
1806,SENSOR_LOG,"{""sensor_id"": ""SNS-MH-1000"", ""batch_id"": ""BTC-SEA-5001"", ""shipment_id"": ""SHP-2026-101"", ""timestamp"": ""2026-09-28 05:33:05 UTC"", ""temperature"": -21.5, ""humidity"": 92.3, ""location"": ""GPS: 45.0000 N, -120.1100 W"", ""battery_status"": 95}",2026-09-28 08:27:05 UTC,1,fc5357001222641b3c8e8d113566a0617c208392fe80d721f13e03bb0e23e90e,SYNCED,0,
1807,SENSOR_LOG,"{""sensor_id"": ""SNS-MH-1000"", ""batch_id"": ""BTC-SEA-5001"", ""shipment_id"": ""SHP-2026-101"", ""timestamp"": ""2026-09-28 05:39:05 UTC"", ""temperature"": -20.3, ""humidity"": 89.4, ""location"": ""GPS: 45.0000 N, -120.1200 W"", ""battery_status"": 95}",2026-09-28 08:27:05 UTC,1,b2991334c5838268c8ece5eb323877dd79849d14d71dc78bb051867a67e2f836,SYNCED,0,
1808,SENSOR_LOG,"{""sensor_id"": ""SNS-MH-1000"", ""batch_id"": ""BTC-SEA-5001"", ""shipment_id"": ""SHP-2026-101"", ""timestamp"": ""2026-09-28 05:45:05 UTC"", ""temperature"": -20.55, ""humidity"": 85.7, ""location"": ""GPS: 45.0000 N, -120.1300 W"", ""battery_status"": 95}",2026-09-28 08:27:05 UTC,1,2e7d4aba43b9a155e795b76901d03ddc42a957aa9c0296e453a90629c56c7ec0,SYNCED,0,
1809,SENSOR_LOG,"{""sensor_id"": ""SNS-MH-1000"", ""batch_id"": ""BTC-SEA-5001"", ""shipment_id"": ""SHP-2026-101"", ""timestamp"": ""2026-09-28 05:51:05 UTC"", ""temperature"": -20.53, ""humidity"": 91.7, ""location"": ""GPS: 45.0000 N, -120.1400 W"", ""battery_status"": 95}",2026-09-28 08:27:05 UTC,1,1d799bfcc841ac1b816327083d3721a03c79e4d4fcff8ea03023fca9e037c559,SYNCED,0,
1810,SENSOR_LOG,"{""sensor_id"": ""SNS-MH-1000"", ""batch_id"": ""BTC-SEA-5001"", ""shipment_id"": ""SHP-2026-101"", ""timestamp"": ""2026-09-28 05:57:05 UTC"", ""temperature"": -18.16, ""humidity"": 86.9, ""location"": ""GPS: 45.0000 N, -120.1500 W"", ""battery_status"": 95}",2026-09-28 08:27:05 UTC,1,2b31fbb407ff97dbd32f5acd66f105d86d7641d1c3c7a346a1feac82191afc9b,SYNCED,0,
1811,SENSOR_LOG,"{""sensor_id"": ""SNS-MH-1000"", ""batch_id"": ""BTC-SEA-5001"", ""shipment_id"": ""SHP-2026-101"", ""timestamp"": ""2026-09-28 06:03:05 UTC"", ""temperature"": -18.13, ""humidity"": 87.1, ""location"": ""GPS: 45.0000 N, -120.1600 W"", ""battery_status"": 95}",2026-09-28 08:27:05 UTC,1,9a6bcaba7278a7c93e8daeda5ab48bc3a26c2c1eaa8f7c78498e21cc01d5dfde,SYNCED,0,
1812,SENSOR_LOG,"{""sensor_id"": ""SNS-MH-1000"", ""batch_id"": ""BTC-SEA-5001"", ""shipment_id"": ""SHP-2026-101"", ""timestamp"": ""2026-09-28 06:09:05 UTC"", ""temperature"": -18.7, ""humidity"": 92.9, ""location"": ""GPS: 45.0000 N, -120.1700 W"", ""battery_status"": 95}",2026-09-28 08:27:05 UTC,1,473765e310039adbee01740dd2d6471478820f2a745649d1c6f1c03a45a7c78f,SYNCED,0,
1813,SENSOR_LOG,"{""sensor_id"": ""SNS-MH-1000"", ""batch_id"": ""BTC-SEA-5001"", ""shipment_id"": ""SHP-2026-101"", ""timestamp"": ""2026-09-28 06:15:05 UTC"", ""temperature"": -18.58, ""humidity"": 91.6, ""location"": ""GPS: 45.0000 N, -120.1800 W"", ""battery_status"": 95}",2026-09-28 08:27:05 UTC,1,ce3cc4ef4acb69355f0f60bf7c915e8616b45c4ecc0a07ef298be7c910496e24,SYNCED,0,
1814,SENSOR_LOG,"{""sensor_id"": ""SNS-MH-1000"", ""batch_id"": ""BTC-SEA-5001"", ""shipment_id"": ""SHP-2026-101"", ""timestamp"": ""2026-09-28 06:21:05 UTC"", ""temperature"": -18.22, ""humidity"": 85.8, ""location"": ""GPS: 45.0000 N, -120.1900 W"", ""battery_status"": 95}",2026-09-28 08:27:05 UTC,1,b230967fe40431902386363a9a1bf9804ee7207819310ffbec4ba6b366fd11e7,SYNCED,0,
1815,SENSOR_LOG,"{""sensor_id"": ""SNS-MH-1000"", ""batch_id"": ""BTC-SEA-5001"", ""shipment_id"": ""SHP-2026-101"", ""timestamp"": ""2026-09-28 06:27:05 UTC"", ""temperature"": -18.06, ""humidity"": 87.8, ""location"": ""GPS: 45.0000 N, -120.2000 W"", ""battery_status"": 95}",2026-09-28 08:27:05 UTC,1,cbae5dd22cdf6153567c4f1dc840997dca1d9107b018b8546227afb168517f32,SYNCED,0,
1816,SENSOR_LOG,"{""sensor_id"": ""SNS-MH-1000"", ""batch_id"": ""BTC-SEA-5001"", ""shipment_id"": ""SHP-2026-101"", ""timestamp"": ""2026-09-28 06:33:05 UTC"", ""temperature"": -18.82, ""humidity"": 91.0, ""location"": ""GPS: 45.0000 N, -120.2100 W"", ""battery_status"": 95}",2026-09-28 08:27:05 UTC,1,019b6e92a6b148a84729d21a6f3bf0def7c08b3f59b2baa98b4f6974a6bf39cb,SYNCED,0,
1817,SENSOR_LOG,"{""sensor_id"": ""SNS-MH-1000"", ""batch_id"": ""BTC-SEA-5001"", ""shipment_id"": ""SHP-2026-101"", ""timestamp"": ""2026-09-28 06:39:05 UTC"", ""temperature"": -19.2, ""humidity"": 94.6, ""location"": ""GPS: 45.0000 N, -120.2200 W"", ""battery_status"": 95}",2026-09-28 08:27:05 UTC,1,9558e2cafe5686f707f72b6ad34e186c2910d19d47eabf195971f4ab92cfea1b,SYNCED,0,
1818,SENSOR_LOG,"{""sensor_id"": ""SNS-MH-1000"", ""batch_id"": ""BTC-SEA-5001"", ""shipment_id"": ""SHP-2026-101"", ""timestamp"": ""2026-09-28 06:45:05 UTC"", ""temperature"": -20.25, ""humidity"": 86.6, ""location"": ""GPS: 45.0000 N, -120.2300 W"", ""battery_status"": 95}",2026-09-28 08:27:05 UTC,1,2f9e76af6f827ffd22604752151b1a70b98d18f71f6246921088c25884b11e7d,SYNCED,0,
1819,SENSOR_LOG,"{""sensor_id"": ""SNS-MH-1000"", ""batch_id"": ""BTC-SEA-5001"", ""shipment_id"": ""SHP-2026-101"", ""timestamp"": ""2026-09-28 06:51:05 UTC"", ""temperature"": -21.72, ""humidity"": 93.1, ""location"": ""GPS: 45.0000 N, -120.2400 W"", ""battery_status"": 95}",2026-09-28 08:27:05 UTC,1,aead887335808313e6b0e70bba4dad9e7c1a1e085357fa63c95629eb8e446f5f,SYNCED,0,
1820,SENSOR_LOG,"{""sensor_id"": ""SNS-MH-1000"", ""batch_id"": ""BTC-SEA-5001"", ""shipment_id"": ""SHP-2026-101"", ""timestamp"": ""2026-09-28 06:57:05 UTC"", ""temperature"": -20.89, ""humidity"": 88.9, ""location"": ""GPS: 45.0000 N, -120.2500 W"", ""battery_status"": 95}",2026-09-28 08:27:05 UTC,1,522a992119baf4851cb0d018a82a0f8d590c477c1d335d30ea6358b104961578,SYNCED,0,
1821,SENSOR_LOG,"{""sensor_id"": ""SNS-MH-1000"", ""batch_id"": ""BTC-SEA-5001"", ""shipment_id"": ""SHP-2026-101"", ""timestamp"": ""2026-09-28 07:03:05 UTC"", ""temperature"": -20.68, ""humidity"": 85.0, ""location"": ""GPS: 45.0000 N, -120.2600 W"", ""battery_status"": 95}",2026-09-28 08:27:05 UTC,1,d53e6c9e4f133652aff5030b89b6041dd7de0c28f02edbcbb76ca91ed4676b3c,SYNCED,0,
1822,SENSOR_LOG,"{""sensor_id"": ""SNS-MH-1000"", ""batch_id"": ""BTC-SEA-5001"", ""shipment_id"": ""SHP-2026-101"", ""timestamp"": ""2026-09-28 07:09:05 UTC"", ""temperature"": -21.88, ""humidity"": 94.2, ""location"": ""GPS: 45.0000 N, -120.2700 W"", ""battery_status"": 95}",2026-09-28 08:27:05 UTC,1,c4168ed635fd23ad09dcb0ba2126e4a2aff68ed6778ce2294afcc19fca9c0dfc,SYNCED,0,
1823,SENSOR_LOG,"{""sensor_id"": ""SNS-MH-1000"", ""batch_id"": ""BTC-SEA-5001"", ""shipment_id"": ""SHP-2026-101"", ""timestamp"": ""2026-09-28 07:15:05 UTC"", ""temperature"": -19.25, ""humidity"": 88.7, ""location"": ""GPS: 45.0000 N, -120.2800 W"", ""battery_status"": 95}",2026-09-28 08:27:05 UTC,1,aabd47d538b6c25f21a5e944b51a967a00f18ca30a260fffa988870f5224de5b,SYNCED,0,
1824,SENSOR_LOG,"{""sensor_id"": ""SNS-MH-1000"", ""batch_id"": ""BTC-SEA-5001"", ""shipment_id"": ""SHP-2026-101"", ""timestamp"": ""2026-09-28 07:21:05 UTC"", ""temperature"": -18.57, ""humidity"": 85.1, ""location"": ""GPS: 45.0000 N, -120.2900 W"", ""battery_status"": 95}",2026-09-28 08:27:05 UTC,1,771e872f11c5938f8f5c6ea63c4f54037bdc199ecac804fbff5294110d592585,SYNCED,0,
1825,SENSOR_LOG,"{""sensor_id"": ""SNS-MH-1000"", ""batch_id"": ""BTC-SEA-5001"", ""shipment_id"": ""SHP-2026-101"", ""timestamp"": ""2026-09-28 07:27:05 UTC"", ""temperature"": -19.0, ""humidity"": 85.5, ""location"": ""GPS: 45.0000 N, -120.3000 W"", ""battery_status"": 95}",2026-09-28 08:27:05 UTC,1,ee669fc8ada8eeef8ba68a17d0c224d4a128166c47676989fdaf21a1321fce8a,SYNCED,0,
1826,SENSOR_LOG,"{""sensor_id"": ""SNS-MH-1000"", ""batch_id"": ""BTC-SEA-5001"", ""shipment_id"": ""SHP-2026-101"", ""timestamp"": ""2026-09-28 07:33:05 UTC"", ""temperature"": -21.28, ""humidity"": 93.0, ""location"": ""GPS: 45.0000 N, -120.3100 W"", ""battery_status"": 95}",2026-09-28 08:27:05 UTC,1,248bcd98a85e1793020f886f29012882fa2e2ff61764c677c23c1defd9050cb9,SYNCED,0,
1827,SENSOR_LOG,"{""sensor_id"": ""SNS-MH-1000"", ""batch_id"": ""BTC-SEA-5001"", ""shipment_id"": ""SHP-2026-101"", ""timestamp"": ""2026-09-28 07:39:05 UTC"", ""temperature"": -21.25, ""humidity"": 86.3, ""location"": ""GPS: 45.0000 N, -120.3200 W"", ""battery_status"": 95}",2026-09-28 08:27:05 UTC,1,a42a4550f5e1365fcbc995a1efccc8116acefe903a2d165f4a43adb52d51a850,SYNCED,0,
1828,SENSOR_LOG,"{""sensor_id"": ""SNS-MH-1000"", ""batch_id"": ""BTC-SEA-5001"", ""shipment_id"": ""SHP-2026-101"", ""timestamp"": ""2026-09-28 07:45:05 UTC"", ""temperature"": -21.05, ""humidity"": 88.2, ""location"": ""GPS: 45.0000 N, -120.3300 W"", ""battery_status"": 95}",2026-09-28 08:27:05 UTC,1,85da88294ecb61222fabe2b86d60d9626aee77c25093b3081f2ba0c767068b22,SYNCED,0,
1829,SENSOR_LOG,"{""sensor_id"": ""SNS-MH-1000"", ""batch_id"": ""BTC-SEA-5001"", ""shipment_id"": ""SHP-2026-101"", ""timestamp"": ""2026-09-28 07:51:05 UTC"", ""temperature"": -18.15, ""humidity"": 94.6, ""location"": ""GPS: 45.0000 N, -120.3400 W"", ""battery_status"": 95}",2026-09-28 08:27:05 UTC,1,b60cd91e559c2681570f013d701bd241fa75d416e737c2da805c20a3e18daf37,SYNCED,0,
1830,SENSOR_LOG,"{""sensor_id"": ""SNS-MH-1000"", ""batch_id"": ""BTC-SEA-5001"", ""shipment_id"": ""SHP-2026-101"", ""timestamp"": ""2026-09-28 07:57:05 UTC"", ""temperature"": -20.45, ""humidity"": 87.9, ""location"": ""GPS: 45.0000 N, -120.3500 W"", ""battery_status"": 95}",2026-09-28 08:27:05 UTC,1,251006c193f393efc90dcbc5a2f2fbd90214f0e6c982207449d6a5a29da5325e,SYNCED,0,
1831,SENSOR_LOG,"{""sensor_id"": ""SNS-MH-1000"", ""batch_id"": ""BTC-SEA-5001"", ""shipment_id"": ""SHP-2026-101"", ""timestamp"": ""2026-09-28 08:03:05 UTC"", ""temperature"": -19.45, ""humidity"": 86.8, ""location"": ""GPS: 45.0000 N, -120.3600 W"", ""battery_status"": 95}",2026-09-28 08:27:05 UTC,1,e18fa1f7c03b931d75b186d9572c760115d88a4b541ed27f727a394b8aad269b,SYNCED,0,
1832,SENSOR_LOG,"{""sensor_id"": ""SNS-MH-1000"", ""batch_id"": ""BTC-SEA-5001"", ""shipment_id"": ""SHP-2026-101"", ""timestamp"": ""2026-09-28 08:09:05 UTC"", ""temperature"": -19.52, ""humidity"": 90.7, ""location"": ""GPS: 45.0000 N, -120.3700 W"", ""battery_status"": 95}",2026-09-28 08:27:05 UTC,1,843834e1f1bd81b5bfdf3abb1b70a8b4a59a06ce293d56ab88a0b8506eaea46c,SYNCED,0,
1833,SENSOR_LOG,"{""sensor_id"": ""SNS-MH-1000"", ""batch_id"": ""BTC-SEA-5001"", ""shipment_id"": ""SHP-2026-101"", ""timestamp"": ""2026-09-28 08:15:05 UTC"", ""temperature"": -18.12, ""humidity"": 87.9, ""location"": ""GPS: 45.0000 N, -120.3800 W"", ""battery_status"": 95}",2026-09-28 08:27:05 UTC,1,3e771082b8205d113f3c37c4a66f3712a7a4e3819b8edf818c41afc10ae34070,SYNCED,0,
1834,SENSOR_LOG,"{""sensor_id"": ""SNS-MH-1000"", ""batch_id"": ""BTC-SEA-5001"", ""shipment_id"": ""SHP-2026-101"", ""timestamp"": ""2026-09-28 08:21:05 UTC"", ""temperature"": -19.15, ""humidity"": 90.4, ""location"": ""GPS: 45.0000 N, -120.3900 W"", ""battery_status"": 95}",2026-09-28 08:27:05 UTC,1,f9013773a3273926c02c172c6ab24f2c10a8e95fa8fe5d5a9afba015a480a8ec,SYNCED,0,
1835,SENSOR_LOG,"{""sensor_id"": ""SNS-MH-1001"", ""batch_id"": ""BTC-SEA-5002"", ""shipment_id"": ""SHP-2026-102"", ""timestamp"": ""2026-09-28 04:27:05 UTC"", ""temperature"": -21.73, ""humidity"": 91.6, ""location"": ""GPS: 45.0100 N, -120.0000 W"", ""battery_status"": 95}",2026-09-28 08:27:05 UTC,1,c1b1ea8b2ce1f867c9e417901dea9d8f72df1da595ac9c7d553574f8420a7d2c,SYNCED,0,
1836,SENSOR_LOG,"{""sensor_id"": ""SNS-MH-1001"", ""batch_id"": ""BTC-SEA-5002"", ""shipment_id"": ""SHP-2026-102"", ""timestamp"": ""2026-09-28 04:33:05 UTC"", ""temperature"": -18.18, ""humidity"": 86.6, ""location"": ""GPS: 45.0100 N, -120.0100 W"", ""battery_status"": 95}",2026-09-28 08:27:05 UTC,1,fd50f54fedebd0c711d8f55dbb82282a20c7540f9509579bfd0eefd33a0f87b9,SYNCED,0,
1837,SENSOR_LOG,"{""sensor_id"": ""SNS-MH-1001"", ""batch_id"": ""BTC-SEA-5002"", ""shipment_id"": ""SHP-2026-102"", ""timestamp"": ""2026-09-28 04:39:05 UTC"", ""temperature"": -20.84, ""humidity"": 87.3, ""location"": ""GPS: 45.0100 N, -120.0200 W"", ""battery_status"": 95}",2026-09-28 08:27:05 UTC,1,d5eda2f81c79c2f55713ab6e24b225b38a924cfc40a3dfe8f4b40b2971915aeb,SYNCED,0,
1838,SENSOR_LOG,"{""sensor_id"": ""SNS-MH-1001"", ""batch_id"": ""BTC-SEA-5002"", ""shipment_id"": ""SHP-2026-102"", ""timestamp"": ""2026-09-28 04:45:05 UTC"", ""temperature"": -21.78, ""humidity"": 90.4, ""location"": ""GPS: 45.0100 N, -120.0300 W"", ""battery_status"": 95}",2026-09-28 08:27:05 UTC,1,0bef879bf20d3ed772005c3f5e32f95225554584537be6181b5f31856dbf6303,SYNCED,0,
1839,SENSOR_LOG,"{""sensor_id"": ""SNS-MH-1001"", ""batch_id"": ""BTC-SEA-5002"", ""shipment_id"": ""SHP-2026-102"", ""timestamp"": ""2026-09-28 04:51:05 UTC"", ""temperature"": -18.32, ""humidity"": 85.4, ""location"": ""GPS: 45.0100 N, -120.0400 W"", ""battery_status"": 95}",2026-09-28 08:27:05 UTC,1,cd927f5c52652665307b5aa78ba3324b13c9ec6a22f8b88c246f0b09dccda645,SYNCED,0,
1840,SENSOR_LOG,"{""sensor_id"": ""SNS-MH-1001"", ""batch_id"": ""BTC-SEA-5002"", ""shipment_id"": ""SHP-2026-102"", ""timestamp"": ""2026-09-28 04:57:05 UTC"", ""temperature"": -19.33, ""humidity"": 90.6, ""location"": ""GPS: 45.0100 N, -120.0500 W"", ""battery_status"": 95}",2026-09-28 08:27:05 UTC,1,cd7af377d43674df9e23ffe54edeae41875dcb9c789d4cf5f8a608c9f6a20895,SYNCED,0,
1841,SENSOR_LOG,"{""sensor_id"": ""SNS-MH-1001"", ""batch_id"": ""BTC-SEA-5002"", ""shipment_id"": ""SHP-2026-102"", ""timestamp"": ""2026-09-28 05:03:05 UTC"", ""temperature"": -21.95, ""humidity"": 89.2, ""location"": ""GPS: 45.0100 N, -120.0600 W"", ""battery_status"": 95}",2026-09-28 08:27:05 UTC,1,36436a3600984e1285121ea0db0e6219056ae9fea95faad47859285660250843,SYNCED,0,
1842,SENSOR_LOG,"{""sensor_id"": ""SNS-MH-1001"", ""batch_id"": ""BTC-SEA-5002"", ""shipment_id"": ""SHP-2026-102"", ""timestamp"": ""2026-09-28 05:09:05 UTC"", ""temperature"": -21.4, ""humidity"": 92.1, ""location"": ""GPS: 45.0100 N, -120.0700 W"", ""battery_status"": 95}",2026-09-28 08:27:05 UTC,1,49ea7b65e51534d0a96876cf7fdaedc52d29c40b1e0e09a3351f286bdcdaf88c,SYNCED,0,
1843,SENSOR_LOG,"{""sensor_id"": ""SNS-MH-1001"", ""batch_id"": ""BTC-SEA-5002"", ""shipment_id"": ""SHP-2026-102"", ""timestamp"": ""2026-09-28 05:15:05 UTC"", ""temperature"": -20.28, ""humidity"": 87.9, ""location"": ""GPS: 45.0100 N, -120.0800 W"", ""battery_status"": 95}",2026-09-28 08:27:06 UTC,1,907915e5899f79f9a27145d1f3cc36c5fb324901777543da49e8b9a47b9ed725,SYNCED,0,
1844,SENSOR_LOG,"{""sensor_id"": ""SNS-MH-1001"", ""batch_id"": ""BTC-SEA-5002"", ""shipment_id"": ""SHP-2026-102"", ""timestamp"": ""2026-09-28 05:21:05 UTC"", ""temperature"": -20.89, ""humidity"": 94.3, ""location"": ""GPS: 45.0100 N, -120.0900 W"", ""battery_status"": 95}",2026-09-28 08:27:06 UTC,1,053dcc920f7ce819b4fe1a3c2bb4a3e52441687953dd62c87b968c5634bcf57f,SYNCED,0,
1845,SENSOR_LOG,"{""sensor_id"": ""SNS-MH-1001"", ""batch_id"": ""BTC-SEA-5002"", ""shipment_id"": ""SHP-2026-102"", ""timestamp"": ""2026-09-28 05:27:05 UTC"", ""temperature"": -19.74, ""humidity"": 86.4, ""location"": ""GPS: 45.0100 N, -120.1000 W"", ""battery_status"": 95}",2026-09-28 08:27:06 UTC,1,bd99a18d59c316c06ec697dc680d53a8774461225c2e410c4ab3c1926981bf78,SYNCED,0,
1846,SENSOR_LOG,"{""sensor_id"": ""SNS-MH-1001"", ""batch_id"": ""BTC-SEA-5002"", ""shipment_id"": ""SHP-2026-102"", ""timestamp"": ""2026-09-28 05:33:05 UTC"", ""temperature"": -21.34, ""humidity"": 86.1, ""location"": ""GPS: 45.0100 N, -120.1100 W"", ""battery_status"": 95}",2026-09-28 08:27:06 UTC,1,803ceea2e38abaa12f6d650f7aafd99052206b51847b3c24b8b344b6d0d276e9,SYNCED,0,
1847,SENSOR_LOG,"{""sensor_id"": ""SNS-MH-1001"", ""batch_id"": ""BTC-SEA-5002"", ""shipment_id"": ""SHP-2026-102"", ""timestamp"": ""2026-09-28 05:39:05 UTC"", ""temperature"": -19.5, ""humidity"": 90.5, ""location"": ""GPS: 45.0100 N, -120.1200 W"", ""battery_status"": 95}",2026-09-28 08:27:06 UTC,1,a17f1fb26a6025f94c9fa908171352a4bc108252d027c80611fca99b5b0636d5,SYNCED,0,
1848,SENSOR_LOG,"{""sensor_id"": ""SNS-MH-1001"", ""batch_id"": ""BTC-SEA-5002"", ""shipment_id"": ""SHP-2026-102"", ""timestamp"": ""2026-09-28 05:45:05 UTC"", ""temperature"": -18.77, ""humidity"": 94.0, ""location"": ""GPS: 45.0100 N, -120.1300 W"", ""battery_status"": 95}",2026-09-28 08:27:06 UTC,1,1a5ca56349592b9542b94b20b7a2b65b8eb409819df89f26b30c2c054d7c0dba,SYNCED,0,
1849,SENSOR_LOG,"{""sensor_id"": ""SNS-MH-1001"", ""batch_id"": ""BTC-SEA-5002"", ""shipment_id"": ""SHP-2026-102"", ""timestamp"": ""2026-09-28 05:51:05 UTC"", ""temperature"": -21.55, ""humidity"": 88.2, ""location"": ""GPS: 45.0100 N, -120.1400 W"", ""battery_status"": 95}",2026-09-28 08:27:06 UTC,1,693ab7c58df20de3d92dc53a3a91e6bf6c4f33755f716dab4d98a46967ec471b,SYNCED,0,
1850,SENSOR_LOG,"{""sensor_id"": ""SNS-MH-1001"", ""batch_id"": ""BTC-SEA-5002"", ""shipment_id"": ""SHP-2026-102"", ""timestamp"": ""2026-09-28 05:57:05 UTC"", ""temperature"": -21.39, ""humidity"": 93.4, ""location"": ""GPS: 45.0100 N, -120.1500 W"", ""battery_status"": 95}",2026-09-28 08:27:06 UTC,1,e283eaf893a4c8f019a5194bbbcfd5483345d6da7764cfc428ec949ee4314feb,SYNCED,0,
1851,SENSOR_LOG,"{""sensor_id"": ""SNS-MH-1001"", ""batch_id"": ""BTC-SEA-5002"", ""shipment_id"": ""SHP-2026-102"", ""timestamp"": ""2026-09-28 06:03:05 UTC"", ""temperature"": -18.76, ""humidity"": 86.6, ""location"": ""GPS: 45.0100 N, -120.1600 W"", ""battery_status"": 95}",2026-09-28 08:27:06 UTC,1,633f47afe66464e5d7649a61fadd1baf55f27ed484f5788d9b39eec219c5ba34,SYNCED,0,
1852,SENSOR_LOG,"{""sensor_id"": ""SNS-MH-1001"", ""batch_id"": ""BTC-SEA-5002"", ""shipment_id"": ""SHP-2026-102"", ""timestamp"": ""2026-09-28 06:09:05 UTC"", ""temperature"": -18.82, ""humidity"": 94.7, ""location"": ""GPS: 45.0100 N, -120.1700 W"", ""battery_status"": 95}",2026-09-28 08:27:06 UTC,1,cd9f4e18155baaed68079a46302440d4e8af1b1ed18676282034cc14d46a1683,SYNCED,0,
1853,SENSOR_LOG,"{""sensor_id"": ""SNS-MH-1001"", ""batch_id"": ""BTC-SEA-5002"", ""shipment_id"": ""SHP-2026-102"", ""timestamp"": ""2026-09-28 06:15:05 UTC"", ""temperature"": -18.65, ""humidity"": 87.9, ""location"": ""GPS: 45.0100 N, -120.1800 W"", ""battery_status"": 95}",2026-09-28 08:27:06 UTC,1,0de44fc4e3f2489a7283cdfd4c69a25952a3c93d7d76e1080b77b1e881f2bf39,SYNCED,0,
1854,SENSOR_LOG,"{""sensor_id"": ""SNS-MH-1001"", ""batch_id"": ""BTC-SEA-5002"", ""shipment_id"": ""SHP-2026-102"", ""timestamp"": ""2026-09-28 06:21:05 UTC"", ""temperature"": -21.33, ""humidity"": 89.5, ""location"": ""GPS: 45.0100 N, -120.1900 W"", ""battery_status"": 95}",2026-09-28 08:27:06 UTC,1,770f3f295b6874fe7dd514ba209ed4f563c2696534ce916c377f65fdae66600f,SYNCED,0,
1855,SENSOR_LOG,"{""sensor_id"": ""SNS-MH-1001"", ""batch_id"": ""BTC-SEA-5002"", ""shipment_id"": ""SHP-2026-102"", ""timestamp"": ""2026-09-28 06:27:05 UTC"", ""temperature"": -19.6, ""humidity"": 86.9, ""location"": ""GPS: 45.0100 N, -120.2000 W"", ""battery_status"": 95}",2026-09-28 08:27:06 UTC,1,90115c22d60c2dbaef011bb53ebc630539c1bfb1fca9fedabee0edb7baab3590,SYNCED,0,
1856,SENSOR_LOG,"{""sensor_id"": ""SNS-MH-1001"", ""batch_id"": ""BTC-SEA-5002"", ""shipment_id"": ""SHP-2026-102"", ""timestamp"": ""2026-09-28 06:33:05 UTC"", ""temperature"": -19.34, ""humidity"": 85.0, ""location"": ""GPS: 45.0100 N, -120.2100 W"", ""battery_status"": 95}",2026-09-28 08:27:06 UTC,1,991ad854ae0f5555d38addebc0cc25588602fd75e01d3e002e5e9d4611dd4a35,SYNCED,0,
1857,SENSOR_LOG,"{""sensor_id"": ""SNS-MH-1001"", ""batch_id"": ""BTC-SEA-5002"", ""shipment_id"": ""SHP-2026-102"", ""timestamp"": ""2026-09-28 06:39:05 UTC"", ""temperature"": -21.63, ""humidity"": 93.5, ""location"": ""GPS: 45.0100 N, -120.2200 W"", ""battery_status"": 95}",2026-09-28 08:27:06 UTC,1,a696a69a73d4496e9a3b6ea27320586d5828b2f6e9ed4680fd5053a6b696b52c,SYNCED,0,
1858,SENSOR_LOG,"{""sensor_id"": ""SNS-MH-1001"", ""batch_id"": ""BTC-SEA-5002"", ""shipment_id"": ""SHP-2026-102"", ""timestamp"": ""2026-09-28 06:45:05 UTC"", ""temperature"": -19.39, ""humidity"": 94.3, ""location"": ""GPS: 45.0100 N, -120.2300 W"", ""battery_status"": 95}",2026-09-28 08:27:06 UTC,1,aff3c9ca2d4f205fd119237d7aed5952fd9a380a8433adedd148c184ad8ca860,SYNCED,0,
1859,SENSOR_LOG,"{""sensor_id"": ""SNS-MH-1001"", ""batch_id"": ""BTC-SEA-5002"", ""shipment_id"": ""SHP-2026-102"", ""timestamp"": ""2026-09-28 06:51:05 UTC"", ""temperature"": -18.97, ""humidity"": 92.8, ""location"": ""GPS: 45.0100 N, -120.2400 W"", ""battery_status"": 95}",2026-09-28 08:27:06 UTC,1,55e0d778ba7bee4aac5238c1d5c8550d672fd7896aa436cbee865532246289e0,SYNCED,0,
1860,SENSOR_LOG,"{""sensor_id"": ""SNS-MH-1001"", ""batch_id"": ""BTC-SEA-5002"", ""shipment_id"": ""SHP-2026-102"", ""timestamp"": ""2026-09-28 06:57:05 UTC"", ""temperature"": -20.91, ""humidity"": 86.5, ""location"": ""GPS: 45.0100 N, -120.2500 W"", ""battery_status"": 95}",2026-09-28 08:27:07 UTC,1,b6732df8704a6ef47ea54640cfdf72d3a8aaff5a94004120d4562b78da79750e,SYNCED,0,
1861,SENSOR_LOG,"{""sensor_id"": ""SNS-MH-1001"", ""batch_id"": ""BTC-SEA-5002"", ""shipment_id"": ""SHP-2026-102"", ""timestamp"": ""2026-09-28 07:03:05 UTC"", ""temperature"": -20.09, ""humidity"": 88.4, ""location"": ""GPS: 45.0100 N, -120.2600 W"", ""battery_status"": 95}",2026-09-28 08:27:07 UTC,1,ba6d420f990b364dd3f8261c4c4a85d0f5ff90d617d86831ccc510e0a69479ff,SYNCED,0,
1862,SENSOR_LOG,"{""sensor_id"": ""SNS-MH-1001"", ""batch_id"": ""BTC-SEA-5002"", ""shipment_id"": ""SHP-2026-102"", ""timestamp"": ""2026-09-28 07:09:05 UTC"", ""temperature"": -18.52, ""humidity"": 86.4, ""location"": ""GPS: 45.0100 N, -120.2700 W"", ""battery_status"": 95}",2026-09-28 08:27:07 UTC,1,3d360d39ac5c720215ec66cf977eeeacf4fb8fa6ed1da7d51a08a1b93cde8d42,SYNCED,0,
1863,SENSOR_LOG,"{""sensor_id"": ""SNS-MH-1001"", ""batch_id"": ""BTC-SEA-5002"", ""shipment_id"": ""SHP-2026-102"", ""timestamp"": ""2026-09-28 07:15:05 UTC"", ""temperature"": -21.23, ""humidity"": 94.3, ""location"": ""GPS: 45.0100 N, -120.2800 W"", ""battery_status"": 95}",2026-09-28 08:27:07 UTC,1,257e1b159681168e5b5a6e0940079769091903c43008f63267504e2d0081282b,SYNCED,0,
1864,SENSOR_LOG,"{""sensor_id"": ""SNS-MH-1001"", ""batch_id"": ""BTC-SEA-5002"", ""shipment_id"": ""SHP-2026-102"", ""timestamp"": ""2026-09-28 07:21:05 UTC"", ""temperature"": -21.34, ""humidity"": 85.2, ""location"": ""GPS: 45.0100 N, -120.2900 W"", ""battery_status"": 95}",2026-09-28 08:27:07 UTC,1,2bb3cb0a840c4d84182655c926bb47a7c19079e93185dbd52fdc7b198330c6bf,SYNCED,0,
1865,SENSOR_LOG,"{""sensor_id"": ""SNS-MH-1001"", ""batch_id"": ""BTC-SEA-5002"", ""shipment_id"": ""SHP-2026-102"", ""timestamp"": ""2026-09-28 07:27:05 UTC"", ""temperature"": -20.45, ""humidity"": 93.6, ""location"": ""GPS: 45.0100 N, -120.3000 W"", ""battery_status"": 95}",2026-09-28 08:27:07 UTC,1,ca75e89c5591ecd6d3e9047fd122563bb4fdce38286d6bc701e853c90da2bbf3,SYNCED,0,
1866,SENSOR_LOG,"{""sensor_id"": ""SNS-MH-1001"", ""batch_id"": ""BTC-SEA-5002"", ""shipment_id"": ""SHP-2026-102"", ""timestamp"": ""2026-09-28 07:33:05 UTC"", ""temperature"": -20.05, ""humidity"": 89.5, ""location"": ""GPS: 45.0100 N, -120.3100 W"", ""battery_status"": 95}",2026-09-28 08:27:07 UTC,1,fbcfd85d8bfe182b17b4ede6316b07c4bf4a8768480527150004d7fed12111f1,SYNCED,0,
1867,SENSOR_LOG,"{""sensor_id"": ""SNS-MH-1001"", ""batch_id"": ""BTC-SEA-5002"", ""shipment_id"": ""SHP-2026-102"", ""timestamp"": ""2026-09-28 07:39:05 UTC"", ""temperature"": -21.82, ""humidity"": 89.3, ""location"": ""GPS: 45.0100 N, -120.3200 W"", ""battery_status"": 95}",2026-09-28 08:27:07 UTC,1,cf6ab7256723e7f604ad75dbca400e16494178fac1f3c1abbf0d5dbaebb08a6d,SYNCED,0,
1868,SENSOR_LOG,"{""sensor_id"": ""SNS-MH-1001"", ""batch_id"": ""BTC-SEA-5002"", ""shipment_id"": ""SHP-2026-102"", ""timestamp"": ""2026-09-28 07:45:05 UTC"", ""temperature"": -19.92, ""humidity"": 94.0, ""location"": ""GPS: 45.0100 N, -120.3300 W"", ""battery_status"": 95}",2026-09-28 08:27:07 UTC,1,dc185247d2356fe18cb8ea96f25d9b10f5ee821d48ef005dd44a10c6186e0eb4,SYNCED,0,
1869,SENSOR_LOG,"{""sensor_id"": ""SNS-MH-1001"", ""batch_id"": ""BTC-SEA-5002"", ""shipment_id"": ""SHP-2026-102"", ""timestamp"": ""2026-09-28 07:51:05 UTC"", ""temperature"": -21.51, ""humidity"": 92.1, ""location"": ""GPS: 45.0100 N, -120.3400 W"", ""battery_status"": 95}",2026-09-28 08:27:07 UTC,1,3b65743958df2fd0d0ac72d8e34da9e2077b73f79d6f0e45fef14222cc3aee84,SYNCED,0,
1870,SENSOR_LOG,"{""sensor_id"": ""SNS-MH-1001"", ""batch_id"": ""BTC-SEA-5002"", ""shipment_id"": ""SHP-2026-102"", ""timestamp"": ""2026-09-28 07:57:05 UTC"", ""temperature"": -21.41, ""humidity"": 92.5, ""location"": ""GPS: 45.0100 N, -120.3500 W"", ""battery_status"": 95}",2026-09-28 08:27:07 UTC,1,28f17a7781b92470593ec7bdbaeebf54418feb95da12ea86574fd0cbd202797d,SYNCED,0,
1871,SENSOR_LOG,"{""sensor_id"": ""SNS-MH-1001"", ""batch_id"": ""BTC-SEA-5002"", ""shipment_id"": ""SHP-2026-102"", ""timestamp"": ""2026-09-28 08:03:05 UTC"", ""temperature"": -20.3, ""humidity"": 88.1, ""location"": ""GPS: 45.0100 N, -120.3600 W"", ""battery_status"": 95}",2026-09-28 08:27:07 UTC,1,cbac96a03ffd36620a0fc8fe02454c50eec22badb40e1c689b6f1783b9e31cca,SYNCED,0,
1872,SENSOR_LOG,"{""sensor_id"": ""SNS-MH-1001"", ""batch_id"": ""BTC-SEA-5002"", ""shipment_id"": ""SHP-2026-102"", ""timestamp"": ""2026-09-28 08:09:05 UTC"", ""temperature"": -18.89, ""humidity"": 85.0, ""location"": ""GPS: 45.0100 N, -120.3700 W"", ""battery_status"": 95}",2026-09-28 08:27:07 UTC,1,0af14f440597a435a00ff121c425be4404860524e71de044923d03ebdbb8b1b4,SYNCED,0,
1873,SENSOR_LOG,"{""sensor_id"": ""SNS-MH-1001"", ""batch_id"": ""BTC-SEA-5002"", ""shipment_id"": ""SHP-2026-102"", ""timestamp"": ""2026-09-28 08:15:05 UTC"", ""temperature"": -22.0, ""humidity"": 92.1, ""location"": ""GPS: 45.0100 N, -120.3800 W"", ""battery_status"": 95}",2026-09-28 08:27:07 UTC,1,e97fdbc1f618ef3f4e8e031576160e1515704645a13ce141406ef4c71e470419,SYNCED,0,
1874,SENSOR_LOG,"{""sensor_id"": ""SNS-MH-1001"", ""batch_id"": ""BTC-SEA-5002"", ""shipment_id"": ""SHP-2026-102"", ""timestamp"": ""2026-09-28 08:21:05 UTC"", ""temperature"": -20.02, ""humidity"": 90.6, ""location"": ""GPS: 45.0100 N, -120.3900 W"", ""battery_status"": 95}",2026-09-28 08:27:07 UTC,1,bca3c411af559bf3b62475f331996f455f772bf6cf67da43cf278289dcd23ed5,SYNCED,0,
1875,SENSOR_LOG,"{""sensor_id"": ""SNS-MH-1002"", ""batch_id"": ""BTC-SEA-5003"", ""shipment_id"": ""SHP-2026-103"", ""timestamp"": ""2026-09-28 04:27:05 UTC"", ""temperature"": -19.82, ""humidity"": 88.9, ""location"": ""GPS: 45.0200 N, -120.0000 W"", ""battery_status"": 95}",2026-09-28 08:27:07 UTC,1,7549724ad6dc21c021ca212a410d652fcc14d4448dbf3b5d190cf31d3550a695,SYNCED,0,
1876,SENSOR_LOG,"{""sensor_id"": ""SNS-MH-1002"", ""batch_id"": ""BTC-SEA-5003"", ""shipment_id"": ""SHP-2026-103"", ""timestamp"": ""2026-09-28 04:33:05 UTC"", ""temperature"": -18.24, ""humidity"": 93.6, ""location"": ""GPS: 45.0200 N, -120.0100 W"", ""battery_status"": 95}",2026-09-28 08:27:07 UTC,1,f384f2f887514e382186a3476799f5ae60b555ffa6fe20b14fccadff6c38835a,SYNCED,0,
1877,SENSOR_LOG,"{""sensor_id"": ""SNS-MH-1002"", ""batch_id"": ""BTC-SEA-5003"", ""shipment_id"": ""SHP-2026-103"", ""timestamp"": ""2026-09-28 04:39:05 UTC"", ""temperature"": -21.0, ""humidity"": 86.4, ""location"": ""GPS: 45.0200 N, -120.0200 W"", ""battery_status"": 95}",2026-09-28 08:27:07 UTC,1,913475606b03d771186532de200cd6e01f6468fd75112fec2ea9db97c7422785,SYNCED,0,
1878,SENSOR_LOG,"{""sensor_id"": ""SNS-MH-1002"", ""batch_id"": ""BTC-SEA-5003"", ""shipment_id"": ""SHP-2026-103"", ""timestamp"": ""2026-09-28 04:45:05 UTC"", ""temperature"": -18.06, ""humidity"": 85.8, ""location"": ""GPS: 45.0200 N, -120.0300 W"", ""battery_status"": 95}",2026-09-28 08:27:08 UTC,1,69831bf29c1ef0a313c459c8664af43a3b3ac952e00b869836b99db5e094d888,SYNCED,0,
1879,SENSOR_LOG,"{""sensor_id"": ""SNS-MH-1002"", ""batch_id"": ""BTC-SEA-5003"", ""shipment_id"": ""SHP-2026-103"", ""timestamp"": ""2026-09-28 04:51:05 UTC"", ""temperature"": -21.03, ""humidity"": 92.4, ""location"": ""GPS: 45.0200 N, -120.0400 W"", ""battery_status"": 95}",2026-09-28 08:27:08 UTC,1,63d0808a99f4cbf1d92898f2330accf0df4d49540dab412271d98e5ce1222a7c,SYNCED,0,
1880,SENSOR_LOG,"{""sensor_id"": ""SNS-MH-1002"", ""batch_id"": ""BTC-SEA-5003"", ""shipment_id"": ""SHP-2026-103"", ""timestamp"": ""2026-09-28 04:57:05 UTC"", ""temperature"": -18.98, ""humidity"": 88.6, ""location"": ""GPS: 45.0200 N, -120.0500 W"", ""battery_status"": 95}",2026-09-28 08:27:08 UTC,1,9a68b1335dac1394ddc4a6a48cfec76342db0feb6f26872dbe9c53f96777615c,SYNCED,0,
1881,SENSOR_LOG,"{""sensor_id"": ""SNS-MH-1002"", ""batch_id"": ""BTC-SEA-5003"", ""shipment_id"": ""SHP-2026-103"", ""timestamp"": ""2026-09-28 05:03:05 UTC"", ""temperature"": -21.51, ""humidity"": 89.2, ""location"": ""GPS: 45.0200 N, -120.0600 W"", ""battery_status"": 95}",2026-09-28 08:27:08 UTC,1,3d18f13a4b87a7ec7932ed2cd6590c432da4ac3c21e1303f87cbe4636fc75e52,SYNCED,0,
1882,SENSOR_LOG,"{""sensor_id"": ""SNS-MH-1002"", ""batch_id"": ""BTC-SEA-5003"", ""shipment_id"": ""SHP-2026-103"", ""timestamp"": ""2026-09-28 05:09:05 UTC"", ""temperature"": -19.87, ""humidity"": 85.2, ""location"": ""GPS: 45.0200 N, -120.0700 W"", ""battery_status"": 95}",2026-09-28 08:27:08 UTC,1,4e2046a84a15936dde1745bccb50ad431de59e2b123cc850ddab28a87b9320b0,SYNCED,0,
1883,SENSOR_LOG,"{""sensor_id"": ""SNS-MH-1002"", ""batch_id"": ""BTC-SEA-5003"", ""shipment_id"": ""SHP-2026-103"", ""timestamp"": ""2026-09-28 05:15:05 UTC"", ""temperature"": -21.18, ""humidity"": 93.0, ""location"": ""GPS: 45.0200 N, -120.0800 W"", ""battery_status"": 95}",2026-09-28 08:27:08 UTC,1,38a68416e0e745b580669f2424e78e08ad476d2d649ed35f4816419905b757a4,SYNCED,0,
1884,SENSOR_LOG,"{""sensor_id"": ""SNS-MH-1002"", ""batch_id"": ""BTC-SEA-5003"", ""shipment_id"": ""SHP-2026-103"", ""timestamp"": ""2026-09-28 05:21:05 UTC"", ""temperature"": -18.61, ""humidity"": 93.6, ""location"": ""GPS: 45.0200 N, -120.0900 W"", ""battery_status"": 95}",2026-09-28 08:27:08 UTC,1,35f44851927af46b7be3f478f31eb5ca6160dd66b086efdad7a89e3615045c1c,SYNCED,0,
1885,SENSOR_LOG,"{""sensor_id"": ""SNS-MH-1002"", ""batch_id"": ""BTC-SEA-5003"", ""shipment_id"": ""SHP-2026-103"", ""timestamp"": ""2026-09-28 05:27:05 UTC"", ""temperature"": -21.0, ""humidity"": 91.3, ""location"": ""GPS: 45.0200 N, -120.1000 W"", ""battery_status"": 95}",2026-09-28 08:27:08 UTC,1,cd338f6ec5ad0dea1cad4a9a2cd6531a4082d60a0eb1f12512d9b2c6fd5003a7,SYNCED,0,
1886,SENSOR_LOG,"{""sensor_id"": ""SNS-MH-1002"", ""batch_id"": ""BTC-SEA-5003"", ""shipment_id"": ""SHP-2026-103"", ""timestamp"": ""2026-09-28 05:33:05 UTC"", ""temperature"": -20.43, ""humidity"": 86.4, ""location"": ""GPS: 45.0200 N, -120.1100 W"", ""battery_status"": 95}",2026-09-28 08:27:08 UTC,1,96e167c9d02886e21183ee746f2ff24a72204198035048245671a9c1b0b489a7,SYNCED,0,
1887,SENSOR_LOG,"{""sensor_id"": ""SNS-MH-1002"", ""batch_id"": ""BTC-SEA-5003"", ""shipment_id"": ""SHP-2026-103"", ""timestamp"": ""2026-09-28 05:39:05 UTC"", ""temperature"": -19.22, ""humidity"": 85.7, ""location"": ""GPS: 45.0200 N, -120.1200 W"", ""battery_status"": 95}",2026-09-28 08:27:08 UTC,1,11d9507dd6c9d56aa5fe2df0491bf842edb9da917a8a65ae19c1d95694887c08,SYNCED,0,
1888,SENSOR_LOG,"{""sensor_id"": ""SNS-MH-1002"", ""batch_id"": ""BTC-SEA-5003"", ""shipment_id"": ""SHP-2026-103"", ""timestamp"": ""2026-09-28 05:45:05 UTC"", ""temperature"": -21.48, ""humidity"": 90.9, ""location"": ""GPS: 45.0200 N, -120.1300 W"", ""battery_status"": 95}",2026-09-28 08:27:08 UTC,1,562438aaab10c81f8940d6998cac2c08cb5a0f860a5727fea247f19659723b30,SYNCED,0,
1889,SENSOR_LOG,"{""sensor_id"": ""SNS-MH-1002"", ""batch_id"": ""BTC-SEA-5003"", ""shipment_id"": ""SHP-2026-103"", ""timestamp"": ""2026-09-28 05:51:05 UTC"", ""temperature"": -19.34, ""humidity"": 85.6, ""location"": ""GPS: 45.0200 N, -120.1400 W"", ""battery_status"": 95}",2026-09-28 08:27:09 UTC,1,2fbf975b0298d019adb800dbaa1adcc1d959de0a2bd53d5ff4a93526ab021b15,SYNCED,0,
1890,SENSOR_LOG,"{""sensor_id"": ""SNS-MH-1002"", ""batch_id"": ""BTC-SEA-5003"", ""shipment_id"": ""SHP-2026-103"", ""timestamp"": ""2026-09-28 05:57:05 UTC"", ""temperature"": -18.79, ""humidity"": 87.8, ""location"": ""GPS: 45.0200 N, -120.1500 W"", ""battery_status"": 95}",2026-09-28 08:27:09 UTC,1,ad6c2afec7f113bb87a484c86d49c659e25d528d370ae531fff3f20165262e16,SYNCED,0,
1891,SENSOR_LOG,"{""sensor_id"": ""SNS-MH-1002"", ""batch_id"": ""BTC-SEA-5003"", ""shipment_id"": ""SHP-2026-103"", ""timestamp"": ""2026-09-28 06:03:05 UTC"", ""temperature"": -20.85, ""humidity"": 85.7, ""location"": ""GPS: 45.0200 N, -120.1600 W"", ""battery_status"": 95}",2026-09-28 08:27:09 UTC,1,778baac2581feaded5907b785cc5b5fcb1311bbb4d90047329ce5a750b7b0c78,SYNCED,0,
1892,SENSOR_LOG,"{""sensor_id"": ""SNS-MH-1002"", ""batch_id"": ""BTC-SEA-5003"", ""shipment_id"": ""SHP-2026-103"", ""timestamp"": ""2026-09-28 06:09:05 UTC"", ""temperature"": -20.14, ""humidity"": 90.2, ""location"": ""GPS: 45.0200 N, -120.1700 W"", ""battery_status"": 95}",2026-09-28 08:27:09 UTC,1,a8a35badcfedf55d18bf37cf24395c181db78d24073e30192048af87259bd7d5,SYNCED,0,
1893,SENSOR_LOG,"{""sensor_id"": ""SNS-MH-1002"", ""batch_id"": ""BTC-SEA-5003"", ""shipment_id"": ""SHP-2026-103"", ""timestamp"": ""2026-09-28 06:15:05 UTC"", ""temperature"": -21.33, ""humidity"": 89.7, ""location"": ""GPS: 45.0200 N, -120.1800 W"", ""battery_status"": 95}",2026-09-28 08:27:09 UTC,1,1ca6d40a842cdfa1a86dc062b6fc15de0f2741eb15ad3882a765d1a5eb30b384,SYNCED,0,
1894,SENSOR_LOG,"{""sensor_id"": ""SNS-MH-1002"", ""batch_id"": ""BTC-SEA-5003"", ""shipment_id"": ""SHP-2026-103"", ""timestamp"": ""2026-09-28 06:21:05 UTC"", ""temperature"": -20.34, ""humidity"": 88.8, ""location"": ""GPS: 45.0200 N, -120.1900 W"", ""battery_status"": 95}",2026-09-28 08:27:09 UTC,1,ab4ce4dec94e416aec3fb1a9ded6603f7045bb98fb7d7d4a4d40b886d1c06c71,SYNCED,0,
1895,SENSOR_LOG,"{""sensor_id"": ""SNS-MH-1002"", ""batch_id"": ""BTC-SEA-5003"", ""shipment_id"": ""SHP-2026-103"", ""timestamp"": ""2026-09-28 06:27:05 UTC"", ""temperature"": -20.49, ""humidity"": 92.6, ""location"": ""GPS: 45.0200 N, -120.2000 W"", ""battery_status"": 95}",2026-09-28 08:27:09 UTC,1,203c5ea400895e7faa7ebc0adad2d57442e331f1ecea33d6cdf53559299c2f2b,SYNCED,0,
1896,SENSOR_LOG,"{""sensor_id"": ""SNS-MH-1002"", ""batch_id"": ""BTC-SEA-5003"", ""shipment_id"": ""SHP-2026-103"", ""timestamp"": ""2026-09-28 06:33:05 UTC"", ""temperature"": -19.68, ""humidity"": 91.2, ""location"": ""GPS: 45.0200 N, -120.2100 W"", ""battery_status"": 95}",2026-09-28 08:27:09 UTC,1,9c4f602b43d29b4fefb1263f25132a3470719539e0ae619d4fa9aeb178905a4c,SYNCED,0,
1897,SENSOR_LOG,"{""sensor_id"": ""SNS-MH-1002"", ""batch_id"": ""BTC-SEA-5003"", ""shipment_id"": ""SHP-2026-103"", ""timestamp"": ""2026-09-28 06:39:05 UTC"", ""temperature"": -21.81, ""humidity"": 90.5, ""location"": ""GPS: 45.0200 N, -120.2200 W"", ""battery_status"": 95}",2026-09-28 08:27:09 UTC,1,a6e1e6f2cd9e3bd85698fd48acf530b6355d76301837ca420dba9968b728d8aa,SYNCED,0,
1898,SENSOR_LOG,"{""sensor_id"": ""SNS-MH-1002"", ""batch_id"": ""BTC-SEA-5003"", ""shipment_id"": ""SHP-2026-103"", ""timestamp"": ""2026-09-28 06:45:05 UTC"", ""temperature"": -21.34, ""humidity"": 93.7, ""location"": ""GPS: 45.0200 N, -120.2300 W"", ""battery_status"": 95}",2026-09-28 08:27:09 UTC,1,d561404d27466486ccb190ef4c700b9c429a6f0190b5ffd043ef00f450c693af,SYNCED,0,
1899,SENSOR_LOG,"{""sensor_id"": ""SNS-MH-1002"", ""batch_id"": ""BTC-SEA-5003"", ""shipment_id"": ""SHP-2026-103"", ""timestamp"": ""2026-09-28 06:51:05 UTC"", ""temperature"": -21.43, ""humidity"": 94.1, ""location"": ""GPS: 45.0200 N, -120.2400 W"", ""battery_status"": 95}",2026-09-28 08:27:09 UTC,1,5c8e3f73fb9018f0b8780feec45c2c3a2f8de99b58aa15f6d40c7c2fb6c25358,SYNCED,0,
1900,SENSOR_LOG,"{""sensor_id"": ""SNS-MH-1002"", ""batch_id"": ""BTC-SEA-5003"", ""shipment_id"": ""SHP-2026-103"", ""timestamp"": ""2026-09-28 06:57:05 UTC"", ""temperature"": -18.34, ""humidity"": 92.9, ""location"": ""GPS: 45.0200 N, -120.2500 W"", ""battery_status"": 95}",2026-09-28 08:27:09 UTC,1,518dc198831d79b603f01efd3f8768716fe2163feb358750dede5083942f45a0,SYNCED,0,
1901,SENSOR_LOG,"{""sensor_id"": ""SNS-MH-1002"", ""batch_id"": ""BTC-SEA-5003"", ""shipment_id"": ""SHP-2026-103"", ""timestamp"": ""2026-09-28 07:03:05 UTC"", ""temperature"": -20.96, ""humidity"": 92.2, ""location"": ""GPS: 45.0200 N, -120.2600 W"", ""battery_status"": 95}",2026-09-28 08:27:09 UTC,1,a346a9f94528b59ddeadc2bb46c7d3f1f58c6f6070f8377aa4c5bf81482446e6,SYNCED,0,
1902,SENSOR_LOG,"{""sensor_id"": ""SNS-MH-1002"", ""batch_id"": ""BTC-SEA-5003"", ""shipment_id"": ""SHP-2026-103"", ""timestamp"": ""2026-09-28 07:09:05 UTC"", ""temperature"": -19.92, ""humidity"": 92.7, ""location"": ""GPS: 45.0200 N, -120.2700 W"", ""battery_status"": 95}",2026-09-28 08:27:09 UTC,1,7d2c087d91ddb83dd3f2ac49df9ef6772dbeca0f6b1cb8d930b9e6b439c7c403,SYNCED,0,
1903,SENSOR_LOG,"{""sensor_id"": ""SNS-MH-1002"", ""batch_id"": ""BTC-SEA-5003"", ""shipment_id"": ""SHP-2026-103"", ""timestamp"": ""2026-09-28 07:15:05 UTC"", ""temperature"": -19.66, ""humidity"": 90.0, ""location"": ""GPS: 45.0200 N, -120.2800 W"", ""battery_status"": 95}",2026-09-28 08:27:09 UTC,1,799917115d4e4c6307d20545b435ec8306e251daee739605a42e58523f28e31f,SYNCED,0,
1904,SENSOR_LOG,"{""sensor_id"": ""SNS-MH-1002"", ""batch_id"": ""BTC-SEA-5003"", ""shipment_id"": ""SHP-2026-103"", ""timestamp"": ""2026-09-28 07:21:05 UTC"", ""temperature"": -20.73, ""humidity"": 93.0, ""location"": ""GPS: 45.0200 N, -120.2900 W"", ""battery_status"": 95}",2026-09-28 08:27:09 UTC,1,79a67e800e96b4353bc6befed1edce4890f76d65a624e64aeeae21e3a554b194,SYNCED,0,
1905,SENSOR_LOG,"{""sensor_id"": ""SNS-MH-1002"", ""batch_id"": ""BTC-SEA-5003"", ""shipment_id"": ""SHP-2026-103"", ""timestamp"": ""2026-09-28 07:27:05 UTC"", ""temperature"": -21.63, ""humidity"": 91.4, ""location"": ""GPS: 45.0200 N, -120.3000 W"", ""battery_status"": 95}",2026-09-28 08:27:09 UTC,1,a52a9f56dae1508b29dfe12975aa4aae39ba119f2c106feec2f9dbc6933af745,SYNCED,0,
1906,SENSOR_LOG,"{""sensor_id"": ""SNS-MH-1002"", ""batch_id"": ""BTC-SEA-5003"", ""shipment_id"": ""SHP-2026-103"", ""timestamp"": ""2026-09-28 07:33:05 UTC"", ""temperature"": -20.45, ""humidity"": 89.3, ""location"": ""GPS: 45.0200 N, -120.3100 W"", ""battery_status"": 95}",2026-09-28 08:27:09 UTC,1,214f08df614a904eee99af5cd4539ed1f49315d69a3e200511bc5eff5e7fabae,SYNCED,0,
1907,SENSOR_LOG,"{""sensor_id"": ""SNS-MH-1002"", ""batch_id"": ""BTC-SEA-5003"", ""shipment_id"": ""SHP-2026-103"", ""timestamp"": ""2026-09-28 07:39:05 UTC"", ""temperature"": -20.5, ""humidity"": 86.9, ""location"": ""GPS: 45.0200 N, -120.3200 W"", ""battery_status"": 95}",2026-09-28 08:27:09 UTC,1,c9ac52a6ec6efedcd78ef08432b643a5db949a40d7633447c285bc4bbacf8fea,SYNCED,0,
1908,SENSOR_LOG,"{""sensor_id"": ""SNS-MH-1002"", ""batch_id"": ""BTC-SEA-5003"", ""shipment_id"": ""SHP-2026-103"", ""timestamp"": ""2026-09-28 07:45:05 UTC"", ""temperature"": -21.43, ""humidity"": 88.5, ""location"": ""GPS: 45.0200 N, -120.3300 W"", ""battery_status"": 95}",2026-09-28 08:27:09 UTC,1,e679d1eb9c32c72d31aab779f1f091e6270d1133f4fa7bc7881e46c5faa2cfab,SYNCED,0,
1909,SENSOR_LOG,"{""sensor_id"": ""SNS-MH-1002"", ""batch_id"": ""BTC-SEA-5003"", ""shipment_id"": ""SHP-2026-103"", ""timestamp"": ""2026-09-28 07:51:05 UTC"", ""temperature"": -19.39, ""humidity"": 88.8, ""location"": ""GPS: 45.0200 N, -120.3400 W"", ""battery_status"": 95}",2026-09-28 08:27:10 UTC,1,f660eac439d0f4d42d9aa42d298ec7804709c47b196cfd8d3e2bc0aaf79a0d10,SYNCED,0,
1910,SENSOR_LOG,"{""sensor_id"": ""SNS-MH-1002"", ""batch_id"": ""BTC-SEA-5003"", ""shipment_id"": ""SHP-2026-103"", ""timestamp"": ""2026-09-28 07:57:05 UTC"", ""temperature"": -20.18, ""humidity"": 93.3, ""location"": ""GPS: 45.0200 N, -120.3500 W"", ""battery_status"": 95}",2026-09-28 08:27:10 UTC,1,901b78633145978ddbc55943920d50ba970a405ad1fa7519d20a2cb18d07c1b7,SYNCED,0,
1911,SENSOR_LOG,"{""sensor_id"": ""SNS-MH-1002"", ""batch_id"": ""BTC-SEA-5003"", ""shipment_id"": ""SHP-2026-103"", ""timestamp"": ""2026-09-28 08:03:05 UTC"", ""temperature"": -20.13, ""humidity"": 87.1, ""location"": ""GPS: 45.0200 N, -120.3600 W"", ""battery_status"": 95}",2026-09-28 08:27:10 UTC,1,1ee64c9583c4e51500576a598d8b2bcd4938f408073c5d2ddfaf7ceb9e515802,SYNCED,0,
1912,SENSOR_LOG,"{""sensor_id"": ""SNS-MH-1002"", ""batch_id"": ""BTC-SEA-5003"", ""shipment_id"": ""SHP-2026-103"", ""timestamp"": ""2026-09-28 08:09:05 UTC"", ""temperature"": -19.13, ""humidity"": 88.8, ""location"": ""GPS: 45.0200 N, -120.3700 W"", ""battery_status"": 95}",2026-09-28 08:27:10 UTC,1,c1d99c7dcbf22e9ab1050d35ee0e2cd52bbfe5d0c120f8a9d40788a2d89d3d05,SYNCED,0,
1913,SENSOR_LOG,"{""sensor_id"": ""SNS-MH-1002"", ""batch_id"": ""BTC-SEA-5003"", ""shipment_id"": ""SHP-2026-103"", ""timestamp"": ""2026-09-28 08:15:05 UTC"", ""temperature"": -18.43, ""humidity"": 93.4, ""location"": ""GPS: 45.0200 N, -120.3800 W"", ""battery_status"": 95}",2026-09-28 08:27:10 UTC,1,3159a6043db2ef42b8c11b95dc894708545811694adb74534f96771f9518180d,SYNCED,0,
1914,SENSOR_LOG,"{""sensor_id"": ""SNS-MH-1002"", ""batch_id"": ""BTC-SEA-5003"", ""shipment_id"": ""SHP-2026-103"", ""timestamp"": ""2026-09-28 08:21:05 UTC"", ""temperature"": -20.75, ""humidity"": 93.6, ""location"": ""GPS: 45.0200 N, -120.3900 W"", ""battery_status"": 95}",2026-09-28 08:27:10 UTC,1,22148300d874ca0c337f63833240805dacc7611f05dff8aa1537f0013b30e11f,SYNCED,0,
1915,SENSOR_LOG,"{""sensor_id"": ""SNS-MH-1003"", ""batch_id"": ""BTC-SEA-5004"", ""shipment_id"": ""SHP-2026-104"", ""timestamp"": ""2026-09-28 04:27:05 UTC"", ""temperature"": -20.6, ""humidity"": 88.0, ""location"": ""GPS: 45.0300 N, -120.0000 W"", ""battery_status"": 95}",2026-09-28 08:27:10 UTC,1,5344f88a672d850bc1aa6661ea359abc99eaf9a85b09b89de738b2e177c1354e,SYNCED,0,
1916,SENSOR_LOG,"{""sensor_id"": ""SNS-MH-1003"", ""batch_id"": ""BTC-SEA-5004"", ""shipment_id"": ""SHP-2026-104"", ""timestamp"": ""2026-09-28 04:33:05 UTC"", ""temperature"": -21.27, ""humidity"": 85.8, ""location"": ""GPS: 45.0300 N, -120.0100 W"", ""battery_status"": 95}",2026-09-28 08:27:10 UTC,1,81310fd57e29acf9db040d82e784851cd1ae9fce0794b0c843844c0bbf445fd5,SYNCED,0,
1917,SENSOR_LOG,"{""sensor_id"": ""SNS-MH-1003"", ""batch_id"": ""BTC-SEA-5004"", ""shipment_id"": ""SHP-2026-104"", ""timestamp"": ""2026-09-28 04:39:05 UTC"", ""temperature"": -18.65, ""humidity"": 94.6, ""location"": ""GPS: 45.0300 N, -120.0200 W"", ""battery_status"": 95}",2026-09-28 08:27:10 UTC,1,ccb0488f893bcb04f30e201a8626c641d70c914c47dc80f76c95f981ab375181,SYNCED,0,
1918,SENSOR_LOG,"{""sensor_id"": ""SNS-MH-1003"", ""batch_id"": ""BTC-SEA-5004"", ""shipment_id"": ""SHP-2026-104"", ""timestamp"": ""2026-09-28 04:45:05 UTC"", ""temperature"": -19.0, ""humidity"": 86.8, ""location"": ""GPS: 45.0300 N, -120.0300 W"", ""battery_status"": 95}",2026-09-28 08:27:10 UTC,1,8a85ea622b143671b6f51910643dbbdf9d338fc9a4f0f9b85b4ec6592e2f2c6d,SYNCED,0,
1919,SENSOR_LOG,"{""sensor_id"": ""SNS-MH-1003"", ""batch_id"": ""BTC-SEA-5004"", ""shipment_id"": ""SHP-2026-104"", ""timestamp"": ""2026-09-28 04:51:05 UTC"", ""temperature"": -18.39, ""humidity"": 87.2, ""location"": ""GPS: 45.0300 N, -120.0400 W"", ""battery_status"": 95}",2026-09-28 08:27:10 UTC,1,675b6651e0e85d57e215d4831216a049c3e333e0a2ceac2412c24700b4da7eba,SYNCED,0,
1920,SENSOR_LOG,"{""sensor_id"": ""SNS-MH-1003"", ""batch_id"": ""BTC-SEA-5004"", ""shipment_id"": ""SHP-2026-104"", ""timestamp"": ""2026-09-28 04:57:05 UTC"", ""temperature"": -21.2, ""humidity"": 88.3, ""location"": ""GPS: 45.0300 N, -120.0500 W"", ""battery_status"": 95}",2026-09-28 08:27:10 UTC,1,64d32718ba71e6e82eba0fd2e1f73cc1d3dd0deaf208688dc4be45a46c353ba2,SYNCED,0,
1921,SENSOR_LOG,"{""sensor_id"": ""SNS-MH-1003"", ""batch_id"": ""BTC-SEA-5004"", ""shipment_id"": ""SHP-2026-104"", ""timestamp"": ""2026-09-28 05:03:05 UTC"", ""temperature"": -18.99, ""humidity"": 87.5, ""location"": ""GPS: 45.0300 N, -120.0600 W"", ""battery_status"": 95}",2026-09-28 08:27:10 UTC,1,14c9207a9385333882c77880a2858656bf583323641e6edc88ae20a7fa9dc613,SYNCED,0,
1922,SENSOR_LOG,"{""sensor_id"": ""SNS-MH-1003"", ""batch_id"": ""BTC-SEA-5004"", ""shipment_id"": ""SHP-2026-104"", ""timestamp"": ""2026-09-28 05:09:05 UTC"", ""temperature"": -18.23, ""humidity"": 89.9, ""location"": ""GPS: 45.0300 N, -120.0700 W"", ""battery_status"": 95}",2026-09-28 08:27:10 UTC,1,9a8b855f3f43951cf929479104c1fd3cb8bce43376f3e66ef129b3e84de2134f,SYNCED,0,
1923,SENSOR_LOG,"{""sensor_id"": ""SNS-MH-1003"", ""batch_id"": ""BTC-SEA-5004"", ""shipment_id"": ""SHP-2026-104"", ""timestamp"": ""2026-09-28 05:15:05 UTC"", ""temperature"": -18.11, ""humidity"": 92.8, ""location"": ""GPS: 45.0300 N, -120.0800 W"", ""battery_status"": 95}",2026-09-28 08:27:10 UTC,1,98d11117c42d2ddb2691355af549fa3172281a234bc195023d8336f552bc6845,SYNCED,0,
1924,SENSOR_LOG,"{""sensor_id"": ""SNS-MH-1003"", ""batch_id"": ""BTC-SEA-5004"", ""shipment_id"": ""SHP-2026-104"", ""timestamp"": ""2026-09-28 05:21:05 UTC"", ""temperature"": -20.38, ""humidity"": 92.7, ""location"": ""GPS: 45.0300 N, -120.0900 W"", ""battery_status"": 95}",2026-09-28 08:27:10 UTC,1,16eac38eb33b74e1f1236a535ea77ad56da5666d454a281a4e5ffbde8238338c,SYNCED,0,
1925,SENSOR_LOG,"{""sensor_id"": ""SNS-MH-1003"", ""batch_id"": ""BTC-SEA-5004"", ""shipment_id"": ""SHP-2026-104"", ""timestamp"": ""2026-09-28 05:27:05 UTC"", ""temperature"": -18.44, ""humidity"": 89.7, ""location"": ""GPS: 45.0300 N, -120.1000 W"", ""battery_status"": 95}",2026-09-28 08:27:10 UTC,1,557823186f6ca7b279a8dbf277b815e4e0849e23147fa66643050baf9879d8e3,SYNCED,0,
1926,SENSOR_LOG,"{""sensor_id"": ""SNS-MH-1003"", ""batch_id"": ""BTC-SEA-5004"", ""shipment_id"": ""SHP-2026-104"", ""timestamp"": ""2026-09-28 05:33:05 UTC"", ""temperature"": -20.0, ""humidity"": 92.9, ""location"": ""GPS: 45.0300 N, -120.1100 W"", ""battery_status"": 95}",2026-09-28 08:27:10 UTC,1,c9934cd70ceb7000e5b50a9465f59abff66cd93a18462d0ce36acbc8e49446e9,SYNCED,0,
1927,SENSOR_LOG,"{""sensor_id"": ""SNS-MH-1003"", ""batch_id"": ""BTC-SEA-5004"", ""shipment_id"": ""SHP-2026-104"", ""timestamp"": ""2026-09-28 05:39:05 UTC"", ""temperature"": -21.49, ""humidity"": 85.0, ""location"": ""GPS: 45.0300 N, -120.1200 W"", ""battery_status"": 95}",2026-09-28 08:27:10 UTC,1,4a900c0d0fd69c64f0b2fb475bee79cf511d7c9f17e70132a1b75449d36d115d,SYNCED,0,
1928,SENSOR_LOG,"{""sensor_id"": ""SNS-MH-1003"", ""batch_id"": ""BTC-SEA-5004"", ""shipment_id"": ""SHP-2026-104"", ""timestamp"": ""2026-09-28 05:45:05 UTC"", ""temperature"": -21.17, ""humidity"": 85.7, ""location"": ""GPS: 45.0300 N, -120.1300 W"", ""battery_status"": 95}",2026-09-28 08:27:10 UTC,1,ef271d78069b150d4e0d58a658c3ef91e6bc6caf515a43d49072b0a91e8f2f60,SYNCED,0,
1929,SENSOR_LOG,"{""sensor_id"": ""SNS-MH-1003"", ""batch_id"": ""BTC-SEA-5004"", ""shipment_id"": ""SHP-2026-104"", ""timestamp"": ""2026-09-28 05:51:05 UTC"", ""temperature"": -20.04, ""humidity"": 92.2, ""location"": ""GPS: 45.0300 N, -120.1400 W"", ""battery_status"": 95}",2026-09-28 08:27:10 UTC,1,d7d4f6a033e74757b624499196a8519758ca730191f50adc2cc6adefc3a7efe1,SYNCED,0,
1930,SENSOR_LOG,"{""sensor_id"": ""SNS-MH-1003"", ""batch_id"": ""BTC-SEA-5004"", ""shipment_id"": ""SHP-2026-104"", ""timestamp"": ""2026-09-28 05:57:05 UTC"", ""temperature"": -19.04, ""humidity"": 94.0, ""location"": ""GPS: 45.0300 N, -120.1500 W"", ""battery_status"": 95}",2026-09-28 08:27:10 UTC,1,cb81a0d229601e463cbb1f47d675f6c609b7637e670caa301ae1e614c653d8ea,SYNCED,0,
1931,SENSOR_LOG,"{""sensor_id"": ""SNS-MH-1003"", ""batch_id"": ""BTC-SEA-5004"", ""shipment_id"": ""SHP-2026-104"", ""timestamp"": ""2026-09-28 06:03:05 UTC"", ""temperature"": -18.03, ""humidity"": 87.6, ""location"": ""GPS: 45.0300 N, -120.1600 W"", ""battery_status"": 95}",2026-09-28 08:27:10 UTC,1,3d85a25c7dbfa6baee4738029b44a28d390eb54d987442af107f145b639a38ba,SYNCED,0,
1932,SENSOR_LOG,"{""sensor_id"": ""SNS-MH-1003"", ""batch_id"": ""BTC-SEA-5004"", ""shipment_id"": ""SHP-2026-104"", ""timestamp"": ""2026-09-28 06:09:05 UTC"", ""temperature"": -19.13, ""humidity"": 91.1, ""location"": ""GPS: 45.0300 N, -120.1700 W"", ""battery_status"": 95}",2026-09-28 08:27:10 UTC,1,84a748214741b817bee7bc14983f81b3bd20134453d6a03cc665857d539947ed,SYNCED,0,
1933,SENSOR_LOG,"{""sensor_id"": ""SNS-MH-1003"", ""batch_id"": ""BTC-SEA-5004"", ""shipment_id"": ""SHP-2026-104"", ""timestamp"": ""2026-09-28 06:15:05 UTC"", ""temperature"": -21.46, ""humidity"": 93.6, ""location"": ""GPS: 45.0300 N, -120.1800 W"", ""battery_status"": 95}",2026-09-28 08:27:10 UTC,1,0c1c210760032992f8da6215d871b8c99190d41caea7f752bd6631aa9fea6893,SYNCED,0,
1934,SENSOR_LOG,"{""sensor_id"": ""SNS-MH-1003"", ""batch_id"": ""BTC-SEA-5004"", ""shipment_id"": ""SHP-2026-104"", ""timestamp"": ""2026-09-28 06:21:05 UTC"", ""temperature"": -21.01, ""humidity"": 89.9, ""location"": ""GPS: 45.0300 N, -120.1900 W"", ""battery_status"": 95}",2026-09-28 08:27:10 UTC,1,e6b49052d59a909c5de707d0a2acd36b95b881780cca2ec27b85324c772dfa4e,SYNCED,0,
1935,SENSOR_LOG,"{""sensor_id"": ""SNS-MH-1003"", ""batch_id"": ""BTC-SEA-5004"", ""shipment_id"": ""SHP-2026-104"", ""timestamp"": ""2026-09-28 06:27:05 UTC"", ""temperature"": -18.79, ""humidity"": 86.8, ""location"": ""GPS: 45.0300 N, -120.2000 W"", ""battery_status"": 95}",2026-09-28 08:27:10 UTC,1,5036eac055aba679a3e6b765b326765ee245ec7530f71b20dfb58e0638320eff,SYNCED,0,
1936,SENSOR_LOG,"{""sensor_id"": ""SNS-MH-1003"", ""batch_id"": ""BTC-SEA-5004"", ""shipment_id"": ""SHP-2026-104"", ""timestamp"": ""2026-09-28 06:33:05 UTC"", ""temperature"": -21.83, ""humidity"": 87.0, ""location"": ""GPS: 45.0300 N, -120.2100 W"", ""battery_status"": 95}",2026-09-28 08:27:10 UTC,1,27084efa7ec9254e864d9d581caa4d056b63385a81d06f47ab2eb752a90f3cd0,SYNCED,0,
1937,SENSOR_LOG,"{""sensor_id"": ""SNS-MH-1003"", ""batch_id"": ""BTC-SEA-5004"", ""shipment_id"": ""SHP-2026-104"", ""timestamp"": ""2026-09-28 06:39:05 UTC"", ""temperature"": -18.54, ""humidity"": 88.0, ""location"": ""GPS: 45.0300 N, -120.2200 W"", ""battery_status"": 95}",2026-09-28 08:27:10 UTC,1,4d84e36f2776f26a0174fbce3a975cf59b75a3f4833d9a76f0fb0ceac5d0b50f,SYNCED,0,
1938,SENSOR_LOG,"{""sensor_id"": ""SNS-MH-1003"", ""batch_id"": ""BTC-SEA-5004"", ""shipment_id"": ""SHP-2026-104"", ""timestamp"": ""2026-09-28 06:45:05 UTC"", ""temperature"": -21.92, ""humidity"": 89.4, ""location"": ""GPS: 45.0300 N, -120.2300 W"", ""battery_status"": 95}",2026-09-28 08:27:10 UTC,1,7d7091bafabc77491238c9a83490d6eab6e7179775cdde4c9ce3f6450c03fc88,SYNCED,0,
1939,SENSOR_LOG,"{""sensor_id"": ""SNS-MH-1003"", ""batch_id"": ""BTC-SEA-5004"", ""shipment_id"": ""SHP-2026-104"", ""timestamp"": ""2026-09-28 06:51:05 UTC"", ""temperature"": -21.79, ""humidity"": 88.9, ""location"": ""GPS: 45.0300 N, -120.2400 W"", ""battery_status"": 95}",2026-09-28 08:27:10 UTC,1,333479d871af806f21dab3bd9f1368f861f8991f5c175b7a39e54061a1368a68,SYNCED,0,
1940,SENSOR_LOG,"{""sensor_id"": ""SNS-MH-1003"", ""batch_id"": ""BTC-SEA-5004"", ""shipment_id"": ""SHP-2026-104"", ""timestamp"": ""2026-09-28 06:57:05 UTC"", ""temperature"": -21.1, ""humidity"": 92.1, ""location"": ""GPS: 45.0300 N, -120.2500 W"", ""battery_status"": 95}",2026-09-28 08:27:10 UTC,1,96dbe0ee46552fd18b7a4d3b0321e0eac4bef76ad8fe1f0dd7c11bbf5af64e09,SYNCED,0,
1941,SENSOR_LOG,"{""sensor_id"": ""SNS-MH-1003"", ""batch_id"": ""BTC-SEA-5004"", ""shipment_id"": ""SHP-2026-104"", ""timestamp"": ""2026-09-28 07:03:05 UTC"", ""temperature"": -18.06, ""humidity"": 91.2, ""location"": ""GPS: 45.0300 N, -120.2600 W"", ""battery_status"": 95}",2026-09-28 08:27:10 UTC,1,f7c2fb6b40eaebe9d00ccd1ab77974d6ad4f4236efff246d473104c538c04288,SYNCED,0,
1942,SENSOR_LOG,"{""sensor_id"": ""SNS-MH-1003"", ""batch_id"": ""BTC-SEA-5004"", ""shipment_id"": ""SHP-2026-104"", ""timestamp"": ""2026-09-28 07:09:05 UTC"", ""temperature"": -19.69, ""humidity"": 90.0, ""location"": ""GPS: 45.0300 N, -120.2700 W"", ""battery_status"": 95}",2026-09-28 08:27:10 UTC,1,fc83e83fdde7180befe27e844868e600ce1572bde5cd0efb683ab8e5426f3d07,SYNCED,0,
1943,SENSOR_LOG,"{""sensor_id"": ""SNS-MH-1003"", ""batch_id"": ""BTC-SEA-5004"", ""shipment_id"": ""SHP-2026-104"", ""timestamp"": ""2026-09-28 07:15:05 UTC"", ""temperature"": -21.7, ""humidity"": 85.8, ""location"": ""GPS: 45.0300 N, -120.2800 W"", ""battery_status"": 95}",2026-09-28 08:27:10 UTC,1,b481d5473d891817d96fbc7593f138ad652298b95f46aa1cbab21f19584379db,SYNCED,0,
1944,SENSOR_LOG,"{""sensor_id"": ""SNS-MH-1003"", ""batch_id"": ""BTC-SEA-5004"", ""shipment_id"": ""SHP-2026-104"", ""timestamp"": ""2026-09-28 07:21:05 UTC"", ""temperature"": -20.09, ""humidity"": 87.6, ""location"": ""GPS: 45.0300 N, -120.2900 W"", ""battery_status"": 95}",2026-09-28 08:27:10 UTC,1,ba426af777a70d243c12bf8aa2493b48cb5875248d4067ce9c25d316c99bb0a2,SYNCED,0,
1945,SENSOR_LOG,"{""sensor_id"": ""SNS-MH-1003"", ""batch_id"": ""BTC-SEA-5004"", ""shipment_id"": ""SHP-2026-104"", ""timestamp"": ""2026-09-28 07:27:05 UTC"", ""temperature"": -19.11, ""humidity"": 88.7, ""location"": ""GPS: 45.0300 N, -120.3000 W"", ""battery_status"": 95}",2026-09-28 08:27:10 UTC,1,4b4c135a629ccaa69a3335f2b93bdfdc1f4921174cfda826f054ec3c624c1fc7,SYNCED,0,
1946,SENSOR_LOG,"{""sensor_id"": ""SNS-MH-1003"", ""batch_id"": ""BTC-SEA-5004"", ""shipment_id"": ""SHP-2026-104"", ""timestamp"": ""2026-09-28 07:33:05 UTC"", ""temperature"": -20.86, ""humidity"": 85.2, ""location"": ""GPS: 45.0300 N, -120.3100 W"", ""battery_status"": 95}",2026-09-28 08:27:10 UTC,1,2d2415b28fa5f2c2e52fe2df331876f28e73304e0df867c1448f51763d458ee3,SYNCED,0,
1947,SENSOR_LOG,"{""sensor_id"": ""SNS-MH-1003"", ""batch_id"": ""BTC-SEA-5004"", ""shipment_id"": ""SHP-2026-104"", ""timestamp"": ""2026-09-28 07:39:05 UTC"", ""temperature"": -19.4, ""humidity"": 86.8, ""location"": ""GPS: 45.0300 N, -120.3200 W"", ""battery_status"": 95}",2026-09-28 08:27:10 UTC,1,a47dbc6443255c59d5bdb0b328f3cb8add62e7f9361275dfdcc849514cc85f96,SYNCED,0,
1948,SENSOR_LOG,"{""sensor_id"": ""SNS-MH-1003"", ""batch_id"": ""BTC-SEA-5004"", ""shipment_id"": ""SHP-2026-104"", ""timestamp"": ""2026-09-28 07:45:05 UTC"", ""temperature"": -19.08, ""humidity"": 92.2, ""location"": ""GPS: 45.0300 N, -120.3300 W"", ""battery_status"": 95}",2026-09-28 08:27:10 UTC,1,f9a6bb9ccdbd96ca63289812ba6f1f8a9b73be3aceab2d8cb242516004f79cc1,SYNCED,0,
1949,SENSOR_LOG,"{""sensor_id"": ""SNS-MH-1003"", ""batch_id"": ""BTC-SEA-5004"", ""shipment_id"": ""SHP-2026-104"", ""timestamp"": ""2026-09-28 07:51:05 UTC"", ""temperature"": -18.9, ""humidity"": 91.9, ""location"": ""GPS: 45.0300 N, -120.3400 W"", ""battery_status"": 95}",2026-09-28 08:27:10 UTC,1,9f79963bda4bbd7154e7726cbf98301f4bf4a7e66998508f567e3192bd95db29,SYNCED,0,
1950,SENSOR_LOG,"{""sensor_id"": ""SNS-MH-1003"", ""batch_id"": ""BTC-SEA-5004"", ""shipment_id"": ""SHP-2026-104"", ""timestamp"": ""2026-09-28 07:57:05 UTC"", ""temperature"": -19.38, ""humidity"": 86.3, ""location"": ""GPS: 45.0300 N, -120.3500 W"", ""battery_status"": 95}",2026-09-28 08:27:10 UTC,1,c54df68a4527373caaf1fa49863e9942e757661bcb3df6b99940930b5d7dd88f,SYNCED,0,
1951,SENSOR_LOG,"{""sensor_id"": ""SNS-MH-1003"", ""batch_id"": ""BTC-SEA-5004"", ""shipment_id"": ""SHP-2026-104"", ""timestamp"": ""2026-09-28 08:03:05 UTC"", ""temperature"": -20.03, ""humidity"": 92.5, ""location"": ""GPS: 45.0300 N, -120.3600 W"", ""battery_status"": 95}",2026-09-28 08:27:10 UTC,1,90f76d2363a1c64b270386935a2393b74fc98882ce6498a0b29de3161e442212,SYNCED,0,
1952,SENSOR_LOG,"{""sensor_id"": ""SNS-MH-1003"", ""batch_id"": ""BTC-SEA-5004"", ""shipment_id"": ""SHP-2026-104"", ""timestamp"": ""2026-09-28 08:09:05 UTC"", ""temperature"": -21.72, ""humidity"": 90.0, ""location"": ""GPS: 45.0300 N, -120.3700 W"", ""battery_status"": 95}",2026-09-28 08:27:10 UTC,1,81dc5df23163adc2c2d99113209f9e54e93673308c4fc74eef7ae6453e011827,SYNCED,0,
1953,SENSOR_LOG,"{""sensor_id"": ""SNS-MH-1003"", ""batch_id"": ""BTC-SEA-5004"", ""shipment_id"": ""SHP-2026-104"", ""timestamp"": ""2026-09-28 08:15:05 UTC"", ""temperature"": -21.58, ""humidity"": 93.6, ""location"": ""GPS: 45.0300 N, -120.3800 W"", ""battery_status"": 95}",2026-09-28 08:27:10 UTC,1,f82f0e8c633d46e11b2c09070471c5f8f2bbff70c826b06c2669407ba3706b1d,SYNCED,0,
1954,SENSOR_LOG,"{""sensor_id"": ""SNS-MH-1003"", ""batch_id"": ""BTC-SEA-5004"", ""shipment_id"": ""SHP-2026-104"", ""timestamp"": ""2026-09-28 08:21:05 UTC"", ""temperature"": -18.96, ""humidity"": 90.7, ""location"": ""GPS: 45.0300 N, -120.3900 W"", ""battery_status"": 95}",2026-09-28 08:27:10 UTC,1,729bd3d462ed1dce619665eec870c1ab6e649f5a493b4c7bb888fa3d2c29c058,SYNCED,0,
1955,SENSOR_LOG,"{""sensor_id"": ""SNS-MH-1004"", ""batch_id"": ""BTC-SEA-5005"", ""shipment_id"": ""SHP-2026-105"", ""timestamp"": ""2026-09-28 04:27:05 UTC"", ""temperature"": -20.46, ""humidity"": 94.1, ""location"": ""GPS: 45.0400 N, -120.0000 W"", ""battery_status"": 95}",2026-09-28 08:27:10 UTC,1,b165b90c09b0b31c7e6a92b5c53fbcad875e1be0dd7b8b514c154cfdf47ac2d8,SYNCED,0,
1956,SENSOR_LOG,"{""sensor_id"": ""SNS-MH-1004"", ""batch_id"": ""BTC-SEA-5005"", ""shipment_id"": ""SHP-2026-105"", ""timestamp"": ""2026-09-28 04:33:05 UTC"", ""temperature"": -21.98, ""humidity"": 90.3, ""location"": ""GPS: 45.0400 N, -120.0100 W"", ""battery_status"": 95}",2026-09-28 08:27:10 UTC,1,c1bd5fad134c196964bc1e1646189d1004307b7739182936fc20bc3328cdc6d5,SYNCED,0,
1957,SENSOR_LOG,"{""sensor_id"": ""SNS-MH-1004"", ""batch_id"": ""BTC-SEA-5005"", ""shipment_id"": ""SHP-2026-105"", ""timestamp"": ""2026-09-28 04:39:05 UTC"", ""temperature"": -20.13, ""humidity"": 91.7, ""location"": ""GPS: 45.0400 N, -120.0200 W"", ""battery_status"": 95}",2026-09-28 08:27:10 UTC,1,8865fa789cfbcdc8aa0ba104c786298815b62b0be979571036c3bb4d0601814f,SYNCED,0,
1958,SENSOR_LOG,"{""sensor_id"": ""SNS-MH-1004"", ""batch_id"": ""BTC-SEA-5005"", ""shipment_id"": ""SHP-2026-105"", ""timestamp"": ""2026-09-28 04:45:05 UTC"", ""temperature"": -18.21, ""humidity"": 92.3, ""location"": ""GPS: 45.0400 N, -120.0300 W"", ""battery_status"": 95}",2026-09-28 08:27:10 UTC,1,2183c1386f0e64fc7b28fe5dbfd43ad731d161a7a5eaf0dbdad667e66ca5ca40,SYNCED,0,
1959,SENSOR_LOG,"{""sensor_id"": ""SNS-MH-1004"", ""batch_id"": ""BTC-SEA-5005"", ""shipment_id"": ""SHP-2026-105"", ""timestamp"": ""2026-09-28 04:51:05 UTC"", ""temperature"": -19.09, ""humidity"": 89.1, ""location"": ""GPS: 45.0400 N, -120.0400 W"", ""battery_status"": 95}",2026-09-28 08:27:10 UTC,1,8131572e6ca7d5598f0d767f25fccbd6462b8cd876368475015707d0fb92aed0,SYNCED,0,
1960,SENSOR_LOG,"{""sensor_id"": ""SNS-MH-1004"", ""batch_id"": ""BTC-SEA-5005"", ""shipment_id"": ""SHP-2026-105"", ""timestamp"": ""2026-09-28 04:57:05 UTC"", ""temperature"": -20.45, ""humidity"": 88.9, ""location"": ""GPS: 45.0400 N, -120.0500 W"", ""battery_status"": 95}",2026-09-28 08:27:10 UTC,1,2d08cda0f2a5a7e3052b56b1aaef79c83bec384137a62d4b11ccb0b9e8a95d38,SYNCED,0,
1961,SENSOR_LOG,"{""sensor_id"": ""SNS-MH-1004"", ""batch_id"": ""BTC-SEA-5005"", ""shipment_id"": ""SHP-2026-105"", ""timestamp"": ""2026-09-28 05:03:05 UTC"", ""temperature"": -21.48, ""humidity"": 90.5, ""location"": ""GPS: 45.0400 N, -120.0600 W"", ""battery_status"": 95}",2026-09-28 08:27:10 UTC,1,cb2ebc2af62f53754439a1fe6070643e8b86def350575c8be12773eeaba9b29d,SYNCED,0,
1962,SENSOR_LOG,"{""sensor_id"": ""SNS-MH-1004"", ""batch_id"": ""BTC-SEA-5005"", ""shipment_id"": ""SHP-2026-105"", ""timestamp"": ""2026-09-28 05:09:05 UTC"", ""temperature"": -21.17, ""humidity"": 93.1, ""location"": ""GPS: 45.0400 N, -120.0700 W"", ""battery_status"": 95}",2026-09-28 08:27:10 UTC,1,a20c492ddecc2ffdcb245158421db7672c62760d51eb526549b997761e6e17de,SYNCED,0,
1963,SENSOR_LOG,"{""sensor_id"": ""SNS-MH-1004"", ""batch_id"": ""BTC-SEA-5005"", ""shipment_id"": ""SHP-2026-105"", ""timestamp"": ""2026-09-28 05:15:05 UTC"", ""temperature"": -19.11, ""humidity"": 94.0, ""location"": ""GPS: 45.0400 N, -120.0800 W"", ""battery_status"": 95}",2026-09-28 08:27:10 UTC,1,0877f06d6a22db5385f847628f85d1238e0febefc283be153e4a0af7a4445c21,SYNCED,0,
1964,SENSOR_LOG,"{""sensor_id"": ""SNS-MH-1004"", ""batch_id"": ""BTC-SEA-5005"", ""shipment_id"": ""SHP-2026-105"", ""timestamp"": ""2026-09-28 05:21:05 UTC"", ""temperature"": -18.4, ""humidity"": 85.1, ""location"": ""GPS: 45.0400 N, -120.0900 W"", ""battery_status"": 95}",2026-09-28 08:27:10 UTC,1,46f36186e7fcdeb1b5abcca30d7b9aa846634b079d612ff906ff3166f78416f1,SYNCED,0,
1965,SENSOR_LOG,"{""sensor_id"": ""SNS-MH-1004"", ""batch_id"": ""BTC-SEA-5005"", ""shipment_id"": ""SHP-2026-105"", ""timestamp"": ""2026-09-28 05:27:05 UTC"", ""temperature"": -20.3, ""humidity"": 87.4, ""location"": ""GPS: 45.0400 N, -120.1000 W"", ""battery_status"": 95}",2026-09-28 08:27:11 UTC,1,cb9726266fd7a3cb39ff17bd58490c5793d7e35331eb27594df6c6ec1d426dd0,SYNCED,0,
1966,SENSOR_LOG,"{""sensor_id"": ""SNS-MH-1004"", ""batch_id"": ""BTC-SEA-5005"", ""shipment_id"": ""SHP-2026-105"", ""timestamp"": ""2026-09-28 05:33:05 UTC"", ""temperature"": -20.56, ""humidity"": 88.9, ""location"": ""GPS: 45.0400 N, -120.1100 W"", ""battery_status"": 95}",2026-09-28 08:27:11 UTC,1,c1b461872e9f28a6c78fef92ccd509c3ea3cfc19582add496e7314000a65299f,SYNCED,0,
1967,SENSOR_LOG,"{""sensor_id"": ""SNS-MH-1004"", ""batch_id"": ""BTC-SEA-5005"", ""shipment_id"": ""SHP-2026-105"", ""timestamp"": ""2026-09-28 05:39:05 UTC"", ""temperature"": -18.91, ""humidity"": 92.9, ""location"": ""GPS: 45.0400 N, -120.1200 W"", ""battery_status"": 95}",2026-09-28 08:27:11 UTC,1,c373ef2dcf82da7ec4ecc3c9e77f7d6bbfd77b96dbf13c65f0dfd84af3d6172a,SYNCED,0,
1968,SENSOR_LOG,"{""sensor_id"": ""SNS-MH-1004"", ""batch_id"": ""BTC-SEA-5005"", ""shipment_id"": ""SHP-2026-105"", ""timestamp"": ""2026-09-28 05:45:05 UTC"", ""temperature"": -19.01, ""humidity"": 92.9, ""location"": ""GPS: 45.0400 N, -120.1300 W"", ""battery_status"": 95}",2026-09-28 08:27:11 UTC,1,43ab73a1540ea6cbbc38fdf87aa62b21c996e146d6aca649c92eb397045a6117,SYNCED,0,
1969,SENSOR_LOG,"{""sensor_id"": ""SNS-MH-1004"", ""batch_id"": ""BTC-SEA-5005"", ""shipment_id"": ""SHP-2026-105"", ""timestamp"": ""2026-09-28 05:51:05 UTC"", ""temperature"": -19.3, ""humidity"": 86.1, ""location"": ""GPS: 45.0400 N, -120.1400 W"", ""battery_status"": 95}",2026-09-28 08:27:11 UTC,1,cddf50c2670f8803344364e85a79f3928ecd7bdeeb39d19d7dad4bb2dd1aea9a,SYNCED,0,
1970,SENSOR_LOG,"{""sensor_id"": ""SNS-MH-1004"", ""batch_id"": ""BTC-SEA-5005"", ""shipment_id"": ""SHP-2026-105"", ""timestamp"": ""2026-09-28 05:57:05 UTC"", ""temperature"": -20.24, ""humidity"": 93.7, ""location"": ""GPS: 45.0400 N, -120.1500 W"", ""battery_status"": 95}",2026-09-28 08:27:11 UTC,1,5b38db52bd52c32a342e6b4ded3d43b544f7cf3110d154a3bce5f3a45d08c248,SYNCED,0,
1971,SENSOR_LOG,"{""sensor_id"": ""SNS-MH-1004"", ""batch_id"": ""BTC-SEA-5005"", ""shipment_id"": ""SHP-2026-105"", ""timestamp"": ""2026-09-28 06:03:05 UTC"", ""temperature"": -18.16, ""humidity"": 93.8, ""location"": ""GPS: 45.0400 N, -120.1600 W"", ""battery_status"": 95}",2026-09-28 08:27:11 UTC,1,1ef4240356dc2cec94fe2ef64490b279f214ae2a08b8a95921967d3eadea562a,SYNCED,0,
1972,SENSOR_LOG,"{""sensor_id"": ""SNS-MH-1004"", ""batch_id"": ""BTC-SEA-5005"", ""shipment_id"": ""SHP-2026-105"", ""timestamp"": ""2026-09-28 06:09:05 UTC"", ""temperature"": -21.17, ""humidity"": 88.8, ""location"": ""GPS: 45.0400 N, -120.1700 W"", ""battery_status"": 95}",2026-09-28 08:27:11 UTC,1,c57f7c5b418cb78453da358520dd0241bfd64b465063f5a3db099f9193fb18e2,SYNCED,0,
1973,SENSOR_LOG,"{""sensor_id"": ""SNS-MH-1004"", ""batch_id"": ""BTC-SEA-5005"", ""shipment_id"": ""SHP-2026-105"", ""timestamp"": ""2026-09-28 06:15:05 UTC"", ""temperature"": -18.79, ""humidity"": 90.5, ""location"": ""GPS: 45.0400 N, -120.1800 W"", ""battery_status"": 95}",2026-09-28 08:27:11 UTC,1,0eb3aa68a900efa1837b44ef688b4cfb1c90c87fc0e702dec8c6b3fcd74faf74,SYNCED,0,
1974,SENSOR_LOG,"{""sensor_id"": ""SNS-MH-1004"", ""batch_id"": ""BTC-SEA-5005"", ""shipment_id"": ""SHP-2026-105"", ""timestamp"": ""2026-09-28 06:21:05 UTC"", ""temperature"": -18.07, ""humidity"": 89.0, ""location"": ""GPS: 45.0400 N, -120.1900 W"", ""battery_status"": 95}",2026-09-28 08:27:11 UTC,1,2caecfa4f3f6a014941f8fa1a7c77e57cdbfc3c42c4d7b5c72c9cf63a347e94f,SYNCED,0,
1975,SENSOR_LOG,"{""sensor_id"": ""SNS-MH-1004"", ""batch_id"": ""BTC-SEA-5005"", ""shipment_id"": ""SHP-2026-105"", ""timestamp"": ""2026-09-28 06:27:05 UTC"", ""temperature"": -20.01, ""humidity"": 92.1, ""location"": ""GPS: 45.0400 N, -120.2000 W"", ""battery_status"": 95}",2026-09-28 08:27:11 UTC,1,509ab7ccceed6456a27930c2c1e7237b236b8f329c3ed1c6e03f83837fd2fca0,SYNCED,0,
1976,SENSOR_LOG,"{""sensor_id"": ""SNS-MH-1004"", ""batch_id"": ""BTC-SEA-5005"", ""shipment_id"": ""SHP-2026-105"", ""timestamp"": ""2026-09-28 06:33:05 UTC"", ""temperature"": -19.34, ""humidity"": 86.8, ""location"": ""GPS: 45.0400 N, -120.2100 W"", ""battery_status"": 95}",2026-09-28 08:27:11 UTC,1,43541e697844727e6429b3f6dec8f8877da4ba83e5373edcc04462a80cb0c880,SYNCED,0,
1977,SENSOR_LOG,"{""sensor_id"": ""SNS-MH-1004"", ""batch_id"": ""BTC-SEA-5005"", ""shipment_id"": ""SHP-2026-105"", ""timestamp"": ""2026-09-28 06:39:05 UTC"", ""temperature"": -21.86, ""humidity"": 90.8, ""location"": ""GPS: 45.0400 N, -120.2200 W"", ""battery_status"": 95}",2026-09-28 08:27:11 UTC,1,f2749bfbfe9a272bfaa76043d55d35c008518e13d28a1f813b6fce0ecc6dbe3c,SYNCED,0,
1978,SENSOR_LOG,"{""sensor_id"": ""SNS-MH-1004"", ""batch_id"": ""BTC-SEA-5005"", ""shipment_id"": ""SHP-2026-105"", ""timestamp"": ""2026-09-28 06:45:05 UTC"", ""temperature"": -20.72, ""humidity"": 92.7, ""location"": ""GPS: 45.0400 N, -120.2300 W"", ""battery_status"": 95}",2026-09-28 08:27:11 UTC,1,a230054d69197967a87aa6e1d90abb608908eb66648d6e03e5e33e5872f17d97,SYNCED,0,
1979,SENSOR_LOG,"{""sensor_id"": ""SNS-MH-1004"", ""batch_id"": ""BTC-SEA-5005"", ""shipment_id"": ""SHP-2026-105"", ""timestamp"": ""2026-09-28 06:51:05 UTC"", ""temperature"": -19.17, ""humidity"": 90.9, ""location"": ""GPS: 45.0400 N, -120.2400 W"", ""battery_status"": 95}",2026-09-28 08:27:11 UTC,1,123348fbcda3784b4060734bd88612e608b03d9d91914ca2d93ee9fd28999d0e,SYNCED,0,
1980,SENSOR_LOG,"{""sensor_id"": ""SNS-MH-1004"", ""batch_id"": ""BTC-SEA-5005"", ""shipment_id"": ""SHP-2026-105"", ""timestamp"": ""2026-09-28 06:57:05 UTC"", ""temperature"": -19.22, ""humidity"": 87.2, ""location"": ""GPS: 45.0400 N, -120.2500 W"", ""battery_status"": 95}",2026-09-28 08:27:11 UTC,1,969da5b865fd26b2d248a1911026d9be07ff696618b1320addffdfad4f0897b1,SYNCED,0,
1981,SENSOR_LOG,"{""sensor_id"": ""SNS-MH-1004"", ""batch_id"": ""BTC-SEA-5005"", ""shipment_id"": ""SHP-2026-105"", ""timestamp"": ""2026-09-28 07:03:05 UTC"", ""temperature"": -19.32, ""humidity"": 88.6, ""location"": ""GPS: 45.0400 N, -120.2600 W"", ""battery_status"": 95}",2026-09-28 08:27:11 UTC,1,62193526c7a5ab35690d1638343b030d7c8668c472ffdc4909375a329721f195,SYNCED,0,
1982,SENSOR_LOG,"{""sensor_id"": ""SNS-MH-1004"", ""batch_id"": ""BTC-SEA-5005"", ""shipment_id"": ""SHP-2026-105"", ""timestamp"": ""2026-09-28 07:09:05 UTC"", ""temperature"": -20.57, ""humidity"": 87.7, ""location"": ""GPS: 45.0400 N, -120.2700 W"", ""battery_status"": 95}",2026-09-28 08:27:11 UTC,1,c512ac3ba859af894612de42e581a99c6d89a8bea68ab055e63a1c0ed63eed0b,SYNCED,0,
1983,SENSOR_LOG,"{""sensor_id"": ""SNS-MH-1004"", ""batch_id"": ""BTC-SEA-5005"", ""shipment_id"": ""SHP-2026-105"", ""timestamp"": ""2026-09-28 07:15:05 UTC"", ""temperature"": -18.65, ""humidity"": 90.9, ""location"": ""GPS: 45.0400 N, -120.2800 W"", ""battery_status"": 95}",2026-09-28 08:27:11 UTC,1,791379477ff40985244f7663ebdc5a4e2666b3dd574e699310f30e9f6f089931,SYNCED,0,
1984,SENSOR_LOG,"{""sensor_id"": ""SNS-MH-1004"", ""batch_id"": ""BTC-SEA-5005"", ""shipment_id"": ""SHP-2026-105"", ""timestamp"": ""2026-09-28 07:21:05 UTC"", ""temperature"": -21.17, ""humidity"": 92.2, ""location"": ""GPS: 45.0400 N, -120.2900 W"", ""battery_status"": 95}",2026-09-28 08:27:11 UTC,1,4941a0c5508036c4b315f321e62ea13ed4fc9796fac6e261a9706de7ceda3815,SYNCED,0,
1985,SENSOR_LOG,"{""sensor_id"": ""SNS-MH-1004"", ""batch_id"": ""BTC-SEA-5005"", ""shipment_id"": ""SHP-2026-105"", ""timestamp"": ""2026-09-28 07:27:05 UTC"", ""temperature"": -20.81, ""humidity"": 91.7, ""location"": ""GPS: 45.0400 N, -120.3000 W"", ""battery_status"": 95}",2026-09-28 08:27:11 UTC,1,0d243f694c4cfa5afa28ec93052ed6447cbfc4588e8ace48bf1dfe267f75fbe0,SYNCED,0,
1986,SENSOR_LOG,"{""sensor_id"": ""SNS-MH-1004"", ""batch_id"": ""BTC-SEA-5005"", ""shipment_id"": ""SHP-2026-105"", ""timestamp"": ""2026-09-28 07:33:05 UTC"", ""temperature"": -18.66, ""humidity"": 85.5, ""location"": ""GPS: 45.0400 N, -120.3100 W"", ""battery_status"": 95}",2026-09-28 08:27:11 UTC,1,5dca48703905816fbe94cbaf88a3395680ef7a49b2b3d98d7cf197c0fa7ee603,SYNCED,0,
1987,SENSOR_LOG,"{""sensor_id"": ""SNS-MH-1004"", ""batch_id"": ""BTC-SEA-5005"", ""shipment_id"": ""SHP-2026-105"", ""timestamp"": ""2026-09-28 07:39:05 UTC"", ""temperature"": -21.4, ""humidity"": 94.4, ""location"": ""GPS: 45.0400 N, -120.3200 W"", ""battery_status"": 95}",2026-09-28 08:27:11 UTC,1,dc185ece0db0fff142c77fdd949f19b106b416285072eecbf8e21ff2e1f839d7,SYNCED,0,
1988,SENSOR_LOG,"{""sensor_id"": ""SNS-MH-1004"", ""batch_id"": ""BTC-SEA-5005"", ""shipment_id"": ""SHP-2026-105"", ""timestamp"": ""2026-09-28 07:45:05 UTC"", ""temperature"": -18.27, ""humidity"": 91.8, ""location"": ""GPS: 45.0400 N, -120.3300 W"", ""battery_status"": 95}",2026-09-28 08:27:11 UTC,1,db60a27ffdd8414bb6ebbf215a836e5c363d8f1eed224850600053b7604e09d5,SYNCED,0,
1989,SENSOR_LOG,"{""sensor_id"": ""SNS-MH-1004"", ""batch_id"": ""BTC-SEA-5005"", ""shipment_id"": ""SHP-2026-105"", ""timestamp"": ""2026-09-28 07:51:05 UTC"", ""temperature"": -18.69, ""humidity"": 92.7, ""location"": ""GPS: 45.0400 N, -120.3400 W"", ""battery_status"": 95}",2026-09-28 08:27:11 UTC,1,eeed196d31b28a901dea3444e9a8030f30840959de8807677715d189a1132a53,SYNCED,0,
1990,SENSOR_LOG,"{""sensor_id"": ""SNS-MH-1004"", ""batch_id"": ""BTC-SEA-5005"", ""shipment_id"": ""SHP-2026-105"", ""timestamp"": ""2026-09-28 07:57:05 UTC"", ""temperature"": -21.99, ""humidity"": 90.6, ""location"": ""GPS: 45.0400 N, -120.3500 W"", ""battery_status"": 95}",2026-09-28 08:27:11 UTC,1,746057cb9c870ed30d846bdc8eab494d7b5b7073725beb4779059204584a3bb0,SYNCED,0,
1991,SENSOR_LOG,"{""sensor_id"": ""SNS-MH-1004"", ""batch_id"": ""BTC-SEA-5005"", ""shipment_id"": ""SHP-2026-105"", ""timestamp"": ""2026-09-28 08:03:05 UTC"", ""temperature"": -20.3, ""humidity"": 92.7, ""location"": ""GPS: 45.0400 N, -120.3600 W"", ""battery_status"": 95}",2026-09-28 08:27:11 UTC,1,9986282e9a7f1d90a850d6b601268f5c58029d9f0893ddad5d0880a217065c25,SYNCED,0,
1992,SENSOR_LOG,"{""sensor_id"": ""SNS-MH-1004"", ""batch_id"": ""BTC-SEA-5005"", ""shipment_id"": ""SHP-2026-105"", ""timestamp"": ""2026-09-28 08:09:05 UTC"", ""temperature"": -21.33, ""humidity"": 92.0, ""location"": ""GPS: 45.0400 N, -120.3700 W"", ""battery_status"": 95}",2026-09-28 08:27:11 UTC,1,bac00aa481e9b36afa22b5f1218922fcbcfc866461ea345b2b0123aae538c491,SYNCED,0,
1993,SENSOR_LOG,"{""sensor_id"": ""SNS-MH-1004"", ""batch_id"": ""BTC-SEA-5005"", ""shipment_id"": ""SHP-2026-105"", ""timestamp"": ""2026-09-28 08:15:05 UTC"", ""temperature"": -21.07, ""humidity"": 85.2, ""location"": ""GPS: 45.0400 N, -120.3800 W"", ""battery_status"": 95}",2026-09-28 08:27:11 UTC,1,07c2c3d6603880713eb1c01f47adfbba7948bf6a1863a16ddc597e59bd1c5614,SYNCED,0,
1994,SENSOR_LOG,"{""sensor_id"": ""SNS-MH-1004"", ""batch_id"": ""BTC-SEA-5005"", ""shipment_id"": ""SHP-2026-105"", ""timestamp"": ""2026-09-28 08:21:05 UTC"", ""temperature"": -19.49, ""humidity"": 87.8, ""location"": ""GPS: 45.0400 N, -120.3900 W"", ""battery_status"": 95}",2026-09-28 08:27:11 UTC,1,bbba20245e83a1d14bcffbec68a1e13c6bca66385c4fdb40637fe09b99674968,SYNCED,0,
1995,SENSOR_LOG,"{""sensor_id"": ""SNS-MH-1000"", ""batch_id"": ""BTC-SEA-5001"", ""shipment_id"": ""SHP-2026-101"", ""timestamp"": ""2026-09-28 00:27:11 UTC"", ""temperature"": -20.35, ""humidity"": 91.8, ""location"": ""GPS: 45.0000 N, -120.0000 W"", ""battery_status"": 95}",2026-09-28 08:27:11 UTC,1,ef4aee7cac96175cf73eff29033732b3ba80625c4264ff9679c282321bac1ea0,SYNCED,0,
1996,SENSOR_LOG,"{""sensor_id"": ""SNS-MH-1000"", ""batch_id"": ""BTC-SEA-5001"", ""shipment_id"": ""SHP-2026-101"", ""timestamp"": ""2026-09-28 00:33:11 UTC"", ""temperature"": -21.59, ""humidity"": 87.0, ""location"": ""GPS: 45.0000 N, -120.0100 W"", ""battery_status"": 95}",2026-09-28 08:27:11 UTC,1,30b9a92283666f860160a268855cf8572aab164f64065437fd60624a90f84194,SYNCED,0,
1997,SENSOR_LOG,"{""sensor_id"": ""SNS-MH-1000"", ""batch_id"": ""BTC-SEA-5001"", ""shipment_id"": ""SHP-2026-101"", ""timestamp"": ""2026-09-28 00:39:11 UTC"", ""temperature"": -18.24, ""humidity"": 89.0, ""location"": ""GPS: 45.0000 N, -120.0200 W"", ""battery_status"": 95}",2026-09-28 08:27:11 UTC,1,1adaa0dba0f2f5c7f421e8c72f9ec1934ed5211f29f105ee1c5f1f806265d133,SYNCED,0,
1998,SENSOR_LOG,"{""sensor_id"": ""SNS-MH-1000"", ""batch_id"": ""BTC-SEA-5001"", ""shipment_id"": ""SHP-2026-101"", ""timestamp"": ""2026-09-28 00:45:11 UTC"", ""temperature"": -21.52, ""humidity"": 87.3, ""location"": ""GPS: 45.0000 N, -120.0300 W"", ""battery_status"": 95}",2026-09-28 08:27:11 UTC,1,3ece01f5194dbe1ed81bf82e4b0a2bc45f30340d0ca5f239a31007adbb9e1fcc,SYNCED,0,
1999,SENSOR_LOG,"{""sensor_id"": ""SNS-MH-1000"", ""batch_id"": ""BTC-SEA-5001"", ""shipment_id"": ""SHP-2026-101"", ""timestamp"": ""2026-09-28 00:51:11 UTC"", ""temperature"": -20.46, ""humidity"": 91.2, ""location"": ""GPS: 45.0000 N, -120.0400 W"", ""battery_status"": 95}",2026-09-28 08:27:11 UTC,1,63f6aa2c1456e0f45a34a6912aa0c7e178bac3be48265b48a66ce38a99848339,SYNCED,0,
2000,SENSOR_LOG,"{""sensor_id"": ""SNS-MH-1000"", ""batch_id"": ""BTC-SEA-5001"", ""shipment_id"": ""SHP-2026-101"", ""timestamp"": ""2026-09-28 00:57:11 UTC"", ""temperature"": -21.66, ""humidity"": 93.3, ""location"": ""GPS: 45.0000 N, -120.0500 W"", ""battery_status"": 95}",2026-09-28 08:27:11 UTC,1,ad7e59f5b882c0eff4d5b606cc41cdca840156015026e625a49bdb27f0097371,SYNCED,0,
2001,SENSOR_LOG,"{""sensor_id"": ""SNS-MH-1000"", ""batch_id"": ""BTC-SEA-5001"", ""shipment_id"": ""SHP-2026-101"", ""timestamp"": ""2026-09-28 01:03:11 UTC"", ""temperature"": -20.63, ""humidity"": 86.4, ""location"": ""GPS: 45.0000 N, -120.0600 W"", ""battery_status"": 95}",2026-09-28 08:27:11 UTC,1,414db19c65e4839dc5056c4a2f0b90dec9d12cad127cab8842bd3aa87fc0769f,SYNCED,0,
2002,SENSOR_LOG,"{""sensor_id"": ""SNS-MH-1000"", ""batch_id"": ""BTC-SEA-5001"", ""shipment_id"": ""SHP-2026-101"", ""timestamp"": ""2026-09-28 01:09:11 UTC"", ""temperature"": -19.14, ""humidity"": 92.0, ""location"": ""GPS: 45.0000 N, -120.0700 W"", ""battery_status"": 95}",2026-09-28 08:27:11 UTC,1,dff99f91f07237f7c50d5401d8a803365c286c2950c60651752238cdac99289c,SYNCED,0,
2003,SENSOR_LOG,"{""sensor_id"": ""SNS-MH-1000"", ""batch_id"": ""BTC-SEA-5001"", ""shipment_id"": ""SHP-2026-101"", ""timestamp"": ""2026-09-28 01:15:11 UTC"", ""temperature"": -18.49, ""humidity"": 92.5, ""location"": ""GPS: 45.0000 N, -120.0800 W"", ""battery_status"": 95}",2026-09-28 08:27:11 UTC,1,02ee2bf1a97e7ace66287bec3b4ce76e5f1c2249cec4b4e50754c2161b3325b3,SYNCED,0,
2004,SENSOR_LOG,"{""sensor_id"": ""SNS-MH-1000"", ""batch_id"": ""BTC-SEA-5001"", ""shipment_id"": ""SHP-2026-101"", ""timestamp"": ""2026-09-28 01:21:11 UTC"", ""temperature"": -19.38, ""humidity"": 92.2, ""location"": ""GPS: 45.0000 N, -120.0900 W"", ""battery_status"": 95}",2026-09-28 08:27:11 UTC,1,16c63846f027a0e1525ccce37282451d2d9b59a8b07edf5ff2469b3ebb86061c,SYNCED,0,
2005,SENSOR_LOG,"{""sensor_id"": ""SNS-MH-1000"", ""batch_id"": ""BTC-SEA-5001"", ""shipment_id"": ""SHP-2026-101"", ""timestamp"": ""2026-09-28 01:27:11 UTC"", ""temperature"": -19.26, ""humidity"": 94.7, ""location"": ""GPS: 45.0000 N, -120.1000 W"", ""battery_status"": 95}",2026-09-28 08:27:11 UTC,1,49b61f2e6b68f7d637625625400566731bde6c108de440615ee7161e053a99d1,SYNCED,0,
2006,SENSOR_LOG,"{""sensor_id"": ""SNS-MH-1000"", ""batch_id"": ""BTC-SEA-5001"", ""shipment_id"": ""SHP-2026-101"", ""timestamp"": ""2026-09-28 01:33:11 UTC"", ""temperature"": -18.7, ""humidity"": 95.0, ""location"": ""GPS: 45.0000 N, -120.1100 W"", ""battery_status"": 95}",2026-09-28 08:27:11 UTC,1,61459461f83923a9091bb924f331a54a25eac0b432b1437fc87223ad31ba531d,SYNCED,0,
2007,SENSOR_LOG,"{""sensor_id"": ""SNS-MH-1000"", ""batch_id"": ""BTC-SEA-5001"", ""shipment_id"": ""SHP-2026-101"", ""timestamp"": ""2026-09-28 01:39:11 UTC"", ""temperature"": -20.19, ""humidity"": 92.6, ""location"": ""GPS: 45.0000 N, -120.1200 W"", ""battery_status"": 95}",2026-09-28 08:27:11 UTC,1,4e52d3ff28ac942f93f9dd49563468ea9327f15cc7640bd81de60c3e1767dfed,SYNCED,0,
2008,SENSOR_LOG,"{""sensor_id"": ""SNS-MH-1000"", ""batch_id"": ""BTC-SEA-5001"", ""shipment_id"": ""SHP-2026-101"", ""timestamp"": ""2026-09-28 01:45:11 UTC"", ""temperature"": -19.09, ""humidity"": 90.3, ""location"": ""GPS: 45.0000 N, -120.1300 W"", ""battery_status"": 95}",2026-09-28 08:27:11 UTC,1,2a7a813b9f9595166e0ce7f5520d48872b1b629ad4e9332a02cbb44724059da7,SYNCED,0,
2009,SENSOR_LOG,"{""sensor_id"": ""SNS-MH-1000"", ""batch_id"": ""BTC-SEA-5001"", ""shipment_id"": ""SHP-2026-101"", ""timestamp"": ""2026-09-28 01:51:11 UTC"", ""temperature"": -20.09, ""humidity"": 94.9, ""location"": ""GPS: 45.0000 N, -120.1400 W"", ""battery_status"": 95}",2026-09-28 08:27:11 UTC,1,37ba982bb881f0b1aea860441da0947547945f48258679b6ebb3337427a29ed2,SYNCED,0,
2010,SENSOR_LOG,"{""sensor_id"": ""SNS-MH-1000"", ""batch_id"": ""BTC-SEA-5001"", ""shipment_id"": ""SHP-2026-101"", ""timestamp"": ""2026-09-28 01:57:11 UTC"", ""temperature"": -18.21, ""humidity"": 93.0, ""location"": ""GPS: 45.0000 N, -120.1500 W"", ""battery_status"": 95}",2026-09-28 08:27:11 UTC,1,47451c79a3a97b6ffff3a29c3082def9a5eb26633baf1fa403450676fe58986b,SYNCED,0,
2011,SENSOR_LOG,"{""sensor_id"": ""SNS-MH-1000"", ""batch_id"": ""BTC-SEA-5001"", ""shipment_id"": ""SHP-2026-101"", ""timestamp"": ""2026-09-28 02:03:11 UTC"", ""temperature"": -18.39, ""humidity"": 90.0, ""location"": ""GPS: 45.0000 N, -120.1600 W"", ""battery_status"": 95}",2026-09-28 08:27:11 UTC,1,7ab4a46d1367e600b0f71f7b7b73fac57e5c44feca1f3ceadb86604bd9c5429e,SYNCED,0,
2012,SENSOR_LOG,"{""sensor_id"": ""SNS-MH-1000"", ""batch_id"": ""BTC-SEA-5001"", ""shipment_id"": ""SHP-2026-101"", ""timestamp"": ""2026-09-28 02:09:11 UTC"", ""temperature"": -21.41, ""humidity"": 91.9, ""location"": ""GPS: 45.0000 N, -120.1700 W"", ""battery_status"": 95}",2026-09-28 08:27:11 UTC,1,bf39d7fddb73f99342f28cb158884f2065bc1de17a8e0d29dc36df9810464916,SYNCED,0,
2013,SENSOR_LOG,"{""sensor_id"": ""SNS-MH-1000"", ""batch_id"": ""BTC-SEA-5001"", ""shipment_id"": ""SHP-2026-101"", ""timestamp"": ""2026-09-28 02:15:11 UTC"", ""temperature"": -21.45, ""humidity"": 86.6, ""location"": ""GPS: 45.0000 N, -120.1800 W"", ""battery_status"": 95}",2026-09-28 08:27:11 UTC,1,e2dae7eed76cea3b0d542acacdb4ff97a1e4214940ca534cb18334c3e28e62a9,SYNCED,0,
2014,SENSOR_LOG,"{""sensor_id"": ""SNS-MH-1000"", ""batch_id"": ""BTC-SEA-5001"", ""shipment_id"": ""SHP-2026-101"", ""timestamp"": ""2026-09-28 02:21:11 UTC"", ""temperature"": -18.08, ""humidity"": 92.5, ""location"": ""GPS: 45.0000 N, -120.1900 W"", ""battery_status"": 95}",2026-09-28 08:27:11 UTC,1,a2f9ce2263b610a86cf3737e123d4da8c69851522efbc18194bcffcc726ede88,SYNCED,0,
2015,SENSOR_LOG,"{""sensor_id"": ""SNS-MH-1000"", ""batch_id"": ""BTC-SEA-5001"", ""shipment_id"": ""SHP-2026-101"", ""timestamp"": ""2026-09-28 02:27:11 UTC"", ""temperature"": -19.55, ""humidity"": 89.8, ""location"": ""GPS: 45.0000 N, -120.2000 W"", ""battery_status"": 95}",2026-09-28 08:27:11 UTC,1,a635894554da627f6c259141f139b61a139e789044f43fb57d18b8856640df35,SYNCED,0,
2016,SENSOR_LOG,"{""sensor_id"": ""SNS-MH-1000"", ""batch_id"": ""BTC-SEA-5001"", ""shipment_id"": ""SHP-2026-101"", ""timestamp"": ""2026-09-28 02:33:11 UTC"", ""temperature"": -18.04, ""humidity"": 90.6, ""location"": ""GPS: 45.0000 N, -120.2100 W"", ""battery_status"": 95}",2026-09-28 08:27:11 UTC,1,4c323d2568548a6d2864fe37705e90b1e61fafd37fd180daba7eb796701c190c,SYNCED,0,
2017,SENSOR_LOG,"{""sensor_id"": ""SNS-MH-1000"", ""batch_id"": ""BTC-SEA-5001"", ""shipment_id"": ""SHP-2026-101"", ""timestamp"": ""2026-09-28 02:39:11 UTC"", ""temperature"": -19.65, ""humidity"": 90.6, ""location"": ""GPS: 45.0000 N, -120.2200 W"", ""battery_status"": 95}",2026-09-28 08:27:11 UTC,1,6814e04589b2aa1d99d82a571f5a126706f082c87d1bf53dc785334b76f75a8f,SYNCED,0,
2018,SENSOR_LOG,"{""sensor_id"": ""SNS-MH-1000"", ""batch_id"": ""BTC-SEA-5001"", ""shipment_id"": ""SHP-2026-101"", ""timestamp"": ""2026-09-28 02:45:11 UTC"", ""temperature"": -21.9, ""humidity"": 86.9, ""location"": ""GPS: 45.0000 N, -120.2300 W"", ""battery_status"": 95}",2026-09-28 08:27:11 UTC,1,e16aa3e39d3f3449c7ae6a40b4b73c0a0b71dec090bfc889e8a4b1b64f377ff4,SYNCED,0,
2019,SENSOR_LOG,"{""sensor_id"": ""SNS-MH-1000"", ""batch_id"": ""BTC-SEA-5001"", ""shipment_id"": ""SHP-2026-101"", ""timestamp"": ""2026-09-28 02:51:11 UTC"", ""temperature"": -21.47, ""humidity"": 86.9, ""location"": ""GPS: 45.0000 N, -120.2400 W"", ""battery_status"": 95}",2026-09-28 08:27:11 UTC,1,c50d7fb2edbac9cad73b225b916879c206e4d650d6755ccee83d5ebb37e4d634,SYNCED,0,
2020,SENSOR_LOG,"{""sensor_id"": ""SNS-MH-1000"", ""batch_id"": ""BTC-SEA-5001"", ""shipment_id"": ""SHP-2026-101"", ""timestamp"": ""2026-09-28 02:57:11 UTC"", ""temperature"": -19.77, ""humidity"": 94.8, ""location"": ""GPS: 45.0000 N, -120.2500 W"", ""battery_status"": 95}",2026-09-28 08:27:11 UTC,1,8e118387ab3f2f8794968925891dad5a446e7619c10a4092189394ffbe73c483,SYNCED,0,
2021,SENSOR_LOG,"{""sensor_id"": ""SNS-MH-1000"", ""batch_id"": ""BTC-SEA-5001"", ""shipment_id"": ""SHP-2026-101"", ""timestamp"": ""2026-09-28 03:03:11 UTC"", ""temperature"": -18.93, ""humidity"": 85.3, ""location"": ""GPS: 45.0000 N, -120.2600 W"", ""battery_status"": 95}",2026-09-28 08:27:11 UTC,1,399b256ef6da67940bf20c40ec4030867b1ca312b2e053a6f6434782c62c4794,SYNCED,0,
2022,SENSOR_LOG,"{""sensor_id"": ""SNS-MH-1000"", ""batch_id"": ""BTC-SEA-5001"", ""shipment_id"": ""SHP-2026-101"", ""timestamp"": ""2026-09-28 03:09:11 UTC"", ""temperature"": -18.5, ""humidity"": 90.7, ""location"": ""GPS: 45.0000 N, -120.2700 W"", ""battery_status"": 95}",2026-09-28 08:27:11 UTC,1,c3ef73bd7b53a9e1789a72fefde89eab25dcfd2b416a46691cbce7ba71e4d3a4,SYNCED,0,
2023,SENSOR_LOG,"{""sensor_id"": ""SNS-MH-1000"", ""batch_id"": ""BTC-SEA-5001"", ""shipment_id"": ""SHP-2026-101"", ""timestamp"": ""2026-09-28 03:15:11 UTC"", ""temperature"": -20.39, ""humidity"": 85.9, ""location"": ""GPS: 45.0000 N, -120.2800 W"", ""battery_status"": 95}",2026-09-28 08:27:11 UTC,1,f24e7c3c581118e0aacb5af72f73b9c5f9da892256b861a2131f8f7364c939f3,SYNCED,0,
2024,SENSOR_LOG,"{""sensor_id"": ""SNS-MH-1000"", ""batch_id"": ""BTC-SEA-5001"", ""shipment_id"": ""SHP-2026-101"", ""timestamp"": ""2026-09-28 03:21:11 UTC"", ""temperature"": -21.86, ""humidity"": 88.1, ""location"": ""GPS: 45.0000 N, -120.2900 W"", ""battery_status"": 95}",2026-09-28 08:27:11 UTC,1,c14e0dec598b3e022fc889d344fa265eb7ca4710728b81a75af8eb9e501a13fd,SYNCED,0,
2025,SENSOR_LOG,"{""sensor_id"": ""SNS-MH-1000"", ""batch_id"": ""BTC-SEA-5001"", ""shipment_id"": ""SHP-2026-101"", ""timestamp"": ""2026-09-28 03:27:11 UTC"", ""temperature"": -20.4, ""humidity"": 92.0, ""location"": ""GPS: 45.0000 N, -120.3000 W"", ""battery_status"": 95}",2026-09-28 08:27:11 UTC,1,3fed27d319ae487cf65bc5157bd80af4b77c8036b6ec0db2f1056b87f70701ea,SYNCED,0,
2026,SENSOR_LOG,"{""sensor_id"": ""SNS-MH-1000"", ""batch_id"": ""BTC-SEA-5001"", ""shipment_id"": ""SHP-2026-101"", ""timestamp"": ""2026-09-28 03:33:11 UTC"", ""temperature"": -18.33, ""humidity"": 92.8, ""location"": ""GPS: 45.0000 N, -120.3100 W"", ""battery_status"": 95}",2026-09-28 08:27:11 UTC,1,38cf2ec14dfec8e5abb0e42462c62bcf6072e1dcb6e4dd4846b0ce0ff9bd349e,SYNCED,0,
2027,SENSOR_LOG,"{""sensor_id"": ""SNS-MH-1000"", ""batch_id"": ""BTC-SEA-5001"", ""shipment_id"": ""SHP-2026-101"", ""timestamp"": ""2026-09-28 03:39:11 UTC"", ""temperature"": -18.99, ""humidity"": 93.0, ""location"": ""GPS: 45.0000 N, -120.3200 W"", ""battery_status"": 95}",2026-09-28 08:27:11 UTC,1,d6d5297c8cb6e22498292d4d6b87ee8affa323c980b1895cd6e226581acc65e1,SYNCED,0,
2028,SENSOR_LOG,"{""sensor_id"": ""SNS-MH-1000"", ""batch_id"": ""BTC-SEA-5001"", ""shipment_id"": ""SHP-2026-101"", ""timestamp"": ""2026-09-28 03:45:11 UTC"", ""temperature"": -19.84, ""humidity"": 91.7, ""location"": ""GPS: 45.0000 N, -120.3300 W"", ""battery_status"": 95}",2026-09-28 08:27:11 UTC,1,b39df4e4b0a4a97f2c6572e2bb998589429bb9b3151cb8f6d439ead2fe099eb1,SYNCED,0,
2029,SENSOR_LOG,"{""sensor_id"": ""SNS-MH-1000"", ""batch_id"": ""BTC-SEA-5001"", ""shipment_id"": ""SHP-2026-101"", ""timestamp"": ""2026-09-28 03:51:11 UTC"", ""temperature"": -19.92, ""humidity"": 90.8, ""location"": ""GPS: 45.0000 N, -120.3400 W"", ""battery_status"": 95}",2026-09-28 08:27:11 UTC,1,325faf1762571bf419eb5c326362f80328a1d90b1dd642c584ec7748d0f655c3,SYNCED,0,
2030,SENSOR_LOG,"{""sensor_id"": ""SNS-MH-1000"", ""batch_id"": ""BTC-SEA-5001"", ""shipment_id"": ""SHP-2026-101"", ""timestamp"": ""2026-09-28 03:57:11 UTC"", ""temperature"": -18.63, ""humidity"": 91.2, ""location"": ""GPS: 45.0000 N, -120.3500 W"", ""battery_status"": 95}",2026-09-28 08:27:11 UTC,1,9eb23dffd3fdb2b9a70a82379fbd7f3498cf540453a29d714ff0db39a75b30be,SYNCED,0,
2031,SENSOR_LOG,"{""sensor_id"": ""SNS-MH-1000"", ""batch_id"": ""BTC-SEA-5001"", ""shipment_id"": ""SHP-2026-101"", ""timestamp"": ""2026-09-28 04:03:11 UTC"", ""temperature"": -21.71, ""humidity"": 88.9, ""location"": ""GPS: 45.0000 N, -120.3600 W"", ""battery_status"": 95}",2026-09-28 08:27:11 UTC,1,96308403691226de3e22638c51a60adfd95b924e99329b760339c0be37472330,SYNCED,0,
2032,SENSOR_LOG,"{""sensor_id"": ""SNS-MH-1000"", ""batch_id"": ""BTC-SEA-5001"", ""shipment_id"": ""SHP-2026-101"", ""timestamp"": ""2026-09-28 04:09:11 UTC"", ""temperature"": -19.35, ""humidity"": 87.5, ""location"": ""GPS: 45.0000 N, -120.3700 W"", ""battery_status"": 95}",2026-09-28 08:27:11 UTC,1,758831322d50dd3152583f3820d0c6dd0297103e7267e2d12e8ecf2204df4292,SYNCED,0,
2033,SENSOR_LOG,"{""sensor_id"": ""SNS-MH-1000"", ""batch_id"": ""BTC-SEA-5001"", ""shipment_id"": ""SHP-2026-101"", ""timestamp"": ""2026-09-28 04:15:11 UTC"", ""temperature"": -20.35, ""humidity"": 85.6, ""location"": ""GPS: 45.0000 N, -120.3800 W"", ""battery_status"": 95}",2026-09-28 08:27:11 UTC,1,112d0cfec463317a76a7b9f49fc057c16fa3e2c1f9f33cf2aa4ee537ada9b771,SYNCED,0,
2034,SENSOR_LOG,"{""sensor_id"": ""SNS-MH-1000"", ""batch_id"": ""BTC-SEA-5001"", ""shipment_id"": ""SHP-2026-101"", ""timestamp"": ""2026-09-28 04:21:11 UTC"", ""temperature"": -19.47, ""humidity"": 86.2, ""location"": ""GPS: 45.0000 N, -120.3900 W"", ""battery_status"": 95}",2026-09-28 08:27:11 UTC,1,04643a73720e062295e47252a178ffa20fe844797ec5d5ff9d3fe1b9accd358f,SYNCED,0,
2035,SENSOR_LOG,"{""sensor_id"": ""SNS-MH-1000"", ""batch_id"": ""BTC-SEA-5001"", ""shipment_id"": ""SHP-2026-101"", ""timestamp"": ""2026-09-28 04:27:11 UTC"", ""temperature"": -19.74, ""humidity"": 85.6, ""location"": ""GPS: 45.0000 N, -120.4000 W"", ""battery_status"": 95}",2026-09-28 08:27:11 UTC,1,bd7853c30073a128fa093fe1f0e8d197692ee1f1a9f03cf3922aec8d32c57894,SYNCED,0,
2036,SENSOR_LOG,"{""sensor_id"": ""SNS-MH-1000"", ""batch_id"": ""BTC-SEA-5001"", ""shipment_id"": ""SHP-2026-101"", ""timestamp"": ""2026-09-28 04:33:11 UTC"", ""temperature"": -21.6, ""humidity"": 88.6, ""location"": ""GPS: 45.0000 N, -120.4100 W"", ""battery_status"": 95}",2026-09-28 08:27:11 UTC,1,ba95f914cad36402a4a070ce60d688861d285ff904f75ef2661af8bac63d689d,SYNCED,0,
2037,SENSOR_LOG,"{""sensor_id"": ""SNS-MH-1000"", ""batch_id"": ""BTC-SEA-5001"", ""shipment_id"": ""SHP-2026-101"", ""timestamp"": ""2026-09-28 04:39:11 UTC"", ""temperature"": -19.45, ""humidity"": 86.4, ""location"": ""GPS: 45.0000 N, -120.4200 W"", ""battery_status"": 95}",2026-09-28 08:27:11 UTC,1,936ef7bfa7e22e0bd770c6a57da8d3c624b00af8dc69ff15e35360fcf710fdd5,SYNCED,0,
2038,SENSOR_LOG,"{""sensor_id"": ""SNS-MH-1000"", ""batch_id"": ""BTC-SEA-5001"", ""shipment_id"": ""SHP-2026-101"", ""timestamp"": ""2026-09-28 04:45:11 UTC"", ""temperature"": -18.22, ""humidity"": 88.6, ""location"": ""GPS: 45.0000 N, -120.4300 W"", ""battery_status"": 95}",2026-09-28 08:27:11 UTC,1,876237e52d96acc06005659b37b66ad80a028e50bdefa34a3bb93c738efa2af8,SYNCED,0,
2039,SENSOR_LOG,"{""sensor_id"": ""SNS-MH-1000"", ""batch_id"": ""BTC-SEA-5001"", ""shipment_id"": ""SHP-2026-101"", ""timestamp"": ""2026-09-28 04:51:11 UTC"", ""temperature"": -19.44, ""humidity"": 91.2, ""location"": ""GPS: 45.0000 N, -120.4400 W"", ""battery_status"": 95}",2026-09-28 08:27:11 UTC,1,46bacdeb2ef275084aecfbea871f7d517b7f885fcc96676ccbe032d485b57d8b,SYNCED,0,
2040,SENSOR_LOG,"{""sensor_id"": ""SNS-MH-1000"", ""batch_id"": ""BTC-SEA-5001"", ""shipment_id"": ""SHP-2026-101"", ""timestamp"": ""2026-09-28 04:57:11 UTC"", ""temperature"": -18.76, ""humidity"": 87.9, ""location"": ""GPS: 45.0000 N, -120.4500 W"", ""battery_status"": 95}",2026-09-28 08:27:11 UTC,1,affb154913cc474151644ccab379b76a593ccd7840eb42ee6d8cd1318b34b509,SYNCED,0,
2041,SENSOR_LOG,"{""sensor_id"": ""SNS-MH-1000"", ""batch_id"": ""BTC-SEA-5001"", ""shipment_id"": ""SHP-2026-101"", ""timestamp"": ""2026-09-28 05:03:11 UTC"", ""temperature"": -20.45, ""humidity"": 94.9, ""location"": ""GPS: 45.0000 N, -120.4600 W"", ""battery_status"": 95}",2026-09-28 08:27:11 UTC,1,4a1600c51bb13954b40c2101bde0d81e2bdc41f5a4e8ff82b3a187eb800fb154,SYNCED,0,
2042,SENSOR_LOG,"{""sensor_id"": ""SNS-MH-1000"", ""batch_id"": ""BTC-SEA-5001"", ""shipment_id"": ""SHP-2026-101"", ""timestamp"": ""2026-09-28 05:09:11 UTC"", ""temperature"": -20.94, ""humidity"": 85.5, ""location"": ""GPS: 45.0000 N, -120.4700 W"", ""battery_status"": 95}",2026-09-28 08:27:11 UTC,1,9cbfaf74c05bef5534587af82c4e73113e4d4bdd7d96b1ced4391c0f3adb2e6c,SYNCED,0,
2043,SENSOR_LOG,"{""sensor_id"": ""SNS-MH-1000"", ""batch_id"": ""BTC-SEA-5001"", ""shipment_id"": ""SHP-2026-101"", ""timestamp"": ""2026-09-28 05:15:11 UTC"", ""temperature"": -19.73, ""humidity"": 93.7, ""location"": ""GPS: 45.0000 N, -120.4800 W"", ""battery_status"": 95}",2026-09-28 08:27:11 UTC,1,bc40be9f158b6d332637523b46a409b1dba3281e0b60768cb3b9d9ff6cede2e9,SYNCED,0,
2044,SENSOR_LOG,"{""sensor_id"": ""SNS-MH-1000"", ""batch_id"": ""BTC-SEA-5001"", ""shipment_id"": ""SHP-2026-101"", ""timestamp"": ""2026-09-28 05:21:11 UTC"", ""temperature"": -21.41, ""humidity"": 93.2, ""location"": ""GPS: 45.0000 N, -120.4900 W"", ""battery_status"": 95}",2026-09-28 08:27:11 UTC,1,3bf3ba804d12985518cad36ae48779c2bf892de7fc425814b7316316dfb7cf65,SYNCED,0,
2045,SENSOR_LOG,"{""sensor_id"": ""SNS-MH-1000"", ""batch_id"": ""BTC-SEA-5001"", ""shipment_id"": ""SHP-2026-101"", ""timestamp"": ""2026-09-28 05:27:11 UTC"", ""temperature"": -19.03, ""humidity"": 95.0, ""location"": ""GPS: 45.0000 N, -120.5000 W"", ""battery_status"": 95}",2026-09-28 08:27:11 UTC,1,83e5f9ea2332db65de9ccdc9be210a6f168c4d9412a0cfd11cc5d3710e59f5f8,SYNCED,0,
2046,SENSOR_LOG,"{""sensor_id"": ""SNS-MH-1000"", ""batch_id"": ""BTC-SEA-5001"", ""shipment_id"": ""SHP-2026-101"", ""timestamp"": ""2026-09-28 05:33:11 UTC"", ""temperature"": -20.69, ""humidity"": 92.6, ""location"": ""GPS: 45.0000 N, -120.5100 W"", ""battery_status"": 95}",2026-09-28 08:27:11 UTC,1,01660e81cb2125b259b009e14402a7d4e0208da48e985481cea47a64c5c52833,SYNCED,0,
2047,SENSOR_LOG,"{""sensor_id"": ""SNS-MH-1000"", ""batch_id"": ""BTC-SEA-5001"", ""shipment_id"": ""SHP-2026-101"", ""timestamp"": ""2026-09-28 05:39:11 UTC"", ""temperature"": -18.84, ""humidity"": 87.0, ""location"": ""GPS: 45.0000 N, -120.5200 W"", ""battery_status"": 95}",2026-09-28 08:27:11 UTC,1,f69f1bce2737c514df292f645e3de7052a5da1bed2758dde187cea458a7886a0,SYNCED,0,
2048,SENSOR_LOG,"{""sensor_id"": ""SNS-MH-1000"", ""batch_id"": ""BTC-SEA-5001"", ""shipment_id"": ""SHP-2026-101"", ""timestamp"": ""2026-09-28 05:45:11 UTC"", ""temperature"": -21.6, ""humidity"": 90.5, ""location"": ""GPS: 45.0000 N, -120.5300 W"", ""battery_status"": 95}",2026-09-28 08:27:11 UTC,1,518cc95d5570af6f166e6675470593792d90b371e04c3c64fa5061468002fc54,SYNCED,0,
2049,SENSOR_LOG,"{""sensor_id"": ""SNS-MH-1000"", ""batch_id"": ""BTC-SEA-5001"", ""shipment_id"": ""SHP-2026-101"", ""timestamp"": ""2026-09-28 05:51:11 UTC"", ""temperature"": -20.81, ""humidity"": 94.3, ""location"": ""GPS: 45.0000 N, -120.5400 W"", ""battery_status"": 95}",2026-09-28 08:27:11 UTC,1,d70085fa8081e96fdcd13e74d86b5c8ca7d90200005edcd2fda243021c6a5846,SYNCED,0,
2050,SENSOR_LOG,"{""sensor_id"": ""SNS-MH-1000"", ""batch_id"": ""BTC-SEA-5001"", ""shipment_id"": ""SHP-2026-101"", ""timestamp"": ""2026-09-28 05:57:11 UTC"", ""temperature"": -19.92, ""humidity"": 94.0, ""location"": ""GPS: 45.0000 N, -120.5500 W"", ""battery_status"": 95}",2026-09-28 08:27:11 UTC,1,2bb5e057477045d40e972ab36577f948356d1d192a4e567eb8cc011cd70066b0,SYNCED,0,
2051,SENSOR_LOG,"{""sensor_id"": ""SNS-MH-1000"", ""batch_id"": ""BTC-SEA-5001"", ""shipment_id"": ""SHP-2026-101"", ""timestamp"": ""2026-09-28 06:03:11 UTC"", ""temperature"": -18.25, ""humidity"": 87.7, ""location"": ""GPS: 45.0000 N, -120.5600 W"", ""battery_status"": 95}",2026-09-28 08:27:11 UTC,1,f56e395d613a38563ee240c8ee9395691fe887ab9dc55c521c2a4de190bdb0e0,SYNCED,0,
2052,SENSOR_LOG,"{""sensor_id"": ""SNS-MH-1000"", ""batch_id"": ""BTC-SEA-5001"", ""shipment_id"": ""SHP-2026-101"", ""timestamp"": ""2026-09-28 06:09:11 UTC"", ""temperature"": -20.04, ""humidity"": 91.7, ""location"": ""GPS: 45.0000 N, -120.5700 W"", ""battery_status"": 95}",2026-09-28 08:27:11 UTC,1,c94b0ce7ab8eee7ffee148f63558f4d6dc5ac5ab7dfb9d299a1e5fd195d0a8e1,SYNCED,0,
2053,SENSOR_LOG,"{""sensor_id"": ""SNS-MH-1000"", ""batch_id"": ""BTC-SEA-5001"", ""shipment_id"": ""SHP-2026-101"", ""timestamp"": ""2026-09-28 06:15:11 UTC"", ""temperature"": -21.98, ""humidity"": 94.9, ""location"": ""GPS: 45.0000 N, -120.5800 W"", ""battery_status"": 95}",2026-09-28 08:27:11 UTC,1,830ca8b15436d643213ea85a3670aafd7f3ffd8ab21908e539bd9d09f6ba3619,SYNCED,0,
2054,SENSOR_LOG,"{""sensor_id"": ""SNS-MH-1000"", ""batch_id"": ""BTC-SEA-5001"", ""shipment_id"": ""SHP-2026-101"", ""timestamp"": ""2026-09-28 06:21:11 UTC"", ""temperature"": -19.99, ""humidity"": 92.1, ""location"": ""GPS: 45.0000 N, -120.5900 W"", ""battery_status"": 95}",2026-09-28 08:27:11 UTC,1,fcb975c971c7583a719135e4f4ee7e23490fbc0442a758719a51c6e565f77c09,SYNCED,0,
2055,SENSOR_LOG,"{""sensor_id"": ""SNS-MH-1000"", ""batch_id"": ""BTC-SEA-5001"", ""shipment_id"": ""SHP-2026-101"", ""timestamp"": ""2026-09-28 06:27:11 UTC"", ""temperature"": -20.83, ""humidity"": 86.3, ""location"": ""GPS: 45.0000 N, -120.6000 W"", ""battery_status"": 95}",2026-09-28 08:27:11 UTC,1,1f641348c00e6f200a324119344fa60f58637244a85594989269fde5a62a631b,SYNCED,0,
2056,SENSOR_LOG,"{""sensor_id"": ""SNS-MH-1000"", ""batch_id"": ""BTC-SEA-5001"", ""shipment_id"": ""SHP-2026-101"", ""timestamp"": ""2026-09-28 06:33:11 UTC"", ""temperature"": -21.52, ""humidity"": 94.5, ""location"": ""GPS: 45.0000 N, -120.6100 W"", ""battery_status"": 95}",2026-09-28 08:27:11 UTC,1,83a8a6088a49a64776c1fe7c970683ad3997171b7a52b75c05397f30088031a2,SYNCED,0,
2057,SENSOR_LOG,"{""sensor_id"": ""SNS-MH-1000"", ""batch_id"": ""BTC-SEA-5001"", ""shipment_id"": ""SHP-2026-101"", ""timestamp"": ""2026-09-28 06:39:11 UTC"", ""temperature"": -20.37, ""humidity"": 86.1, ""location"": ""GPS: 45.0000 N, -120.6200 W"", ""battery_status"": 95}",2026-09-28 08:27:11 UTC,1,f49451af4a34877e1e772b2159ab16e1a78e325f37e3e533347d1ec04afc077b,SYNCED,0,
2058,SENSOR_LOG,"{""sensor_id"": ""SNS-MH-1000"", ""batch_id"": ""BTC-SEA-5001"", ""shipment_id"": ""SHP-2026-101"", ""timestamp"": ""2026-09-28 06:45:11 UTC"", ""temperature"": -20.68, ""humidity"": 90.3, ""location"": ""GPS: 45.0000 N, -120.6300 W"", ""battery_status"": 95}",2026-09-28 08:27:11 UTC,1,5f394839248b111ebf2cdc7e932989651c8a034a537943f8be0677ca9ce956a9,SYNCED,0,
2059,SENSOR_LOG,"{""sensor_id"": ""SNS-MH-1000"", ""batch_id"": ""BTC-SEA-5001"", ""shipment_id"": ""SHP-2026-101"", ""timestamp"": ""2026-09-28 06:51:11 UTC"", ""temperature"": -19.39, ""humidity"": 87.1, ""location"": ""GPS: 45.0000 N, -120.6400 W"", ""battery_status"": 95}",2026-09-28 08:27:11 UTC,1,ceda50f401a0aa4a7b18f105570d536100bebb2e3d74268fbae0f63994ddb6ac,SYNCED,0,
2060,SENSOR_LOG,"{""sensor_id"": ""SNS-MH-1000"", ""batch_id"": ""BTC-SEA-5001"", ""shipment_id"": ""SHP-2026-101"", ""timestamp"": ""2026-09-28 06:57:11 UTC"", ""temperature"": -18.07, ""humidity"": 94.4, ""location"": ""GPS: 45.0000 N, -120.6500 W"", ""battery_status"": 95}",2026-09-28 08:27:11 UTC,1,513e9250fda0c686c09163973b34522c47e261b5a57e57e6390c860fe42abaf6,SYNCED,0,
2061,SENSOR_LOG,"{""sensor_id"": ""SNS-MH-1000"", ""batch_id"": ""BTC-SEA-5001"", ""shipment_id"": ""SHP-2026-101"", ""timestamp"": ""2026-09-28 07:03:11 UTC"", ""temperature"": -21.13, ""humidity"": 88.1, ""location"": ""GPS: 45.0000 N, -120.6600 W"", ""battery_status"": 95}",2026-09-28 08:27:11 UTC,1,afc718af446f52ee3fc4c39a248567f0115d17b1c6f276f908195e0066274405,SYNCED,0,
2062,SENSOR_LOG,"{""sensor_id"": ""SNS-MH-1000"", ""batch_id"": ""BTC-SEA-5001"", ""shipment_id"": ""SHP-2026-101"", ""timestamp"": ""2026-09-28 07:09:11 UTC"", ""temperature"": -20.44, ""humidity"": 93.2, ""location"": ""GPS: 45.0000 N, -120.6700 W"", ""battery_status"": 95}",2026-09-28 08:27:11 UTC,1,6276f934be01ebff986904474a306af953edf5b9dc3aa5158a84cc060db259e3,SYNCED,0,
2063,SENSOR_LOG,"{""sensor_id"": ""SNS-MH-1000"", ""batch_id"": ""BTC-SEA-5001"", ""shipment_id"": ""SHP-2026-101"", ""timestamp"": ""2026-09-28 07:15:11 UTC"", ""temperature"": -19.61, ""humidity"": 88.5, ""location"": ""GPS: 45.0000 N, -120.6800 W"", ""battery_status"": 95}",2026-09-28 08:27:11 UTC,1,9cd9ce85ad05d50ac827698ad50544af878f47af117dd994777c72c7c72c4409,SYNCED,0,
2064,SENSOR_LOG,"{""sensor_id"": ""SNS-MH-1000"", ""batch_id"": ""BTC-SEA-5001"", ""shipment_id"": ""SHP-2026-101"", ""timestamp"": ""2026-09-28 07:21:11 UTC"", ""temperature"": -18.1, ""humidity"": 91.6, ""location"": ""GPS: 45.0000 N, -120.6900 W"", ""battery_status"": 95}",2026-09-28 08:27:11 UTC,1,08ba340cc6bec513fcbe9435530c8227f383b398067f8d83931f43b86dc65a42,SYNCED,0,
2065,SENSOR_LOG,"{""sensor_id"": ""SNS-MH-1000"", ""batch_id"": ""BTC-SEA-5001"", ""shipment_id"": ""SHP-2026-101"", ""timestamp"": ""2026-09-28 07:27:11 UTC"", ""temperature"": -18.41, ""humidity"": 88.2, ""location"": ""GPS: 45.0000 N, -120.7000 W"", ""battery_status"": 95}",2026-09-28 08:27:11 UTC,1,fd8e34907c5c44ee70368598076614b5826d8022876b56d20143e573384bba08,SYNCED,0,
2066,SENSOR_LOG,"{""sensor_id"": ""SNS-MH-1000"", ""batch_id"": ""BTC-SEA-5001"", ""shipment_id"": ""SHP-2026-101"", ""timestamp"": ""2026-09-28 07:33:11 UTC"", ""temperature"": -19.16, ""humidity"": 85.4, ""location"": ""GPS: 45.0000 N, -120.7100 W"", ""battery_status"": 95}",2026-09-28 08:27:11 UTC,1,715f2d42d6ad933eb065c07d66777ed149dd3b2ac86ba8f17fedc82eb1cd5dfc,SYNCED,0,
2067,SENSOR_LOG,"{""sensor_id"": ""SNS-MH-1000"", ""batch_id"": ""BTC-SEA-5001"", ""shipment_id"": ""SHP-2026-101"", ""timestamp"": ""2026-09-28 07:39:11 UTC"", ""temperature"": -21.4, ""humidity"": 92.0, ""location"": ""GPS: 45.0000 N, -120.7200 W"", ""battery_status"": 95}",2026-09-28 08:27:11 UTC,1,739e05dbbaa7d25b4fdd115379faf87485b6323d3c8ccb26dee9d8721bf57690,SYNCED,0,
2068,SENSOR_LOG,"{""sensor_id"": ""SNS-MH-1000"", ""batch_id"": ""BTC-SEA-5001"", ""shipment_id"": ""SHP-2026-101"", ""timestamp"": ""2026-09-28 07:45:11 UTC"", ""temperature"": -20.32, ""humidity"": 91.8, ""location"": ""GPS: 45.0000 N, -120.7300 W"", ""battery_status"": 95}",2026-09-28 08:27:11 UTC,1,b9d354aa9d862d91aa89ad0ed74c75a36e4e50ce2dbdc9399eaffd906be384da,SYNCED,0,
2069,SENSOR_LOG,"{""sensor_id"": ""SNS-MH-1000"", ""batch_id"": ""BTC-SEA-5001"", ""shipment_id"": ""SHP-2026-101"", ""timestamp"": ""2026-09-28 07:51:11 UTC"", ""temperature"": -20.84, ""humidity"": 94.3, ""location"": ""GPS: 45.0000 N, -120.7400 W"", ""battery_status"": 95}",2026-09-28 08:27:11 UTC,1,06aa2c6803a4f07d05f7abdf6ae47825973b5c3c6bc25afe529a9c7e4175d07d,SYNCED,0,
2070,SENSOR_LOG,"{""sensor_id"": ""SNS-MH-1000"", ""batch_id"": ""BTC-SEA-5001"", ""shipment_id"": ""SHP-2026-101"", ""timestamp"": ""2026-09-28 07:57:11 UTC"", ""temperature"": -18.6, ""humidity"": 89.5, ""location"": ""GPS: 45.0000 N, -120.7500 W"", ""battery_status"": 95}",2026-09-28 08:27:11 UTC,1,03c4b46b7ff9c9652063e89bed4f56d8bdee3bb135b1dbc69bf94159f8a4064e,SYNCED,0,
2071,SENSOR_LOG,"{""sensor_id"": ""SNS-MH-1000"", ""batch_id"": ""BTC-SEA-5001"", ""shipment_id"": ""SHP-2026-101"", ""timestamp"": ""2026-09-28 08:03:11 UTC"", ""temperature"": -20.3, ""humidity"": 92.0, ""location"": ""GPS: 45.0000 N, -120.7600 W"", ""battery_status"": 95}",2026-09-28 08:27:11 UTC,1,fa5adcad14aa296e786bb137d2d1174a57d3a963d77e8e3c98d16bdba3218175,SYNCED,0,
2072,SENSOR_LOG,"{""sensor_id"": ""SNS-MH-1000"", ""batch_id"": ""BTC-SEA-5001"", ""shipment_id"": ""SHP-2026-101"", ""timestamp"": ""2026-09-28 08:09:11 UTC"", ""temperature"": -20.52, ""humidity"": 92.1, ""location"": ""GPS: 45.0000 N, -120.7700 W"", ""battery_status"": 95}",2026-09-28 08:27:11 UTC,1,263338877af926cbcb689df3e76053c9db19c87a918769dd964980d81d09f051,SYNCED,0,
2073,SENSOR_LOG,"{""sensor_id"": ""SNS-MH-1000"", ""batch_id"": ""BTC-SEA-5001"", ""shipment_id"": ""SHP-2026-101"", ""timestamp"": ""2026-09-28 08:15:11 UTC"", ""temperature"": -20.25, ""humidity"": 93.3, ""location"": ""GPS: 45.0000 N, -120.7800 W"", ""battery_status"": 95}",2026-09-28 08:27:11 UTC,1,e901f018859e01a66bf9b03b2e2404f997a6fc013d0ca1b5f49752ce7c81e336,SYNCED,0,
2074,SENSOR_LOG,"{""sensor_id"": ""SNS-MH-1000"", ""batch_id"": ""BTC-SEA-5001"", ""shipment_id"": ""SHP-2026-101"", ""timestamp"": ""2026-09-28 08:21:11 UTC"", ""temperature"": -20.79, ""humidity"": 91.5, ""location"": ""GPS: 45.0000 N, -120.7900 W"", ""battery_status"": 95}",2026-09-28 08:27:11 UTC,1,27ea81a146736d897bbafd3c19cae7f341d9ed1387c88019de86750741c896ac,SYNCED,0,
2075,SENSOR_LOG,"{""sensor_id"": ""SNS-MH-1001"", ""batch_id"": ""BTC-SEA-5002"", ""shipment_id"": ""SHP-2026-102"", ""timestamp"": ""2026-09-28 00:27:11 UTC"", ""temperature"": -18.84, ""humidity"": 87.6, ""location"": ""GPS: 45.0100 N, -120.0000 W"", ""battery_status"": 95}",2026-09-28 08:27:11 UTC,1,ac77a8c227361617bc4e6154e5ba9e64bee51ddefcc04d6a586491a3aa877cda,SYNCED,0,
2076,SENSOR_LOG,"{""sensor_id"": ""SNS-MH-1001"", ""batch_id"": ""BTC-SEA-5002"", ""shipment_id"": ""SHP-2026-102"", ""timestamp"": ""2026-09-28 00:33:11 UTC"", ""temperature"": -21.79, ""humidity"": 94.2, ""location"": ""GPS: 45.0100 N, -120.0100 W"", ""battery_status"": 95}",2026-09-28 08:27:11 UTC,1,ec3bf238a00dee7a4124271c79f81e3623b7eaa015075111f02c69be83fa5abb,SYNCED,0,
2077,SENSOR_LOG,"{""sensor_id"": ""SNS-MH-1001"", ""batch_id"": ""BTC-SEA-5002"", ""shipment_id"": ""SHP-2026-102"", ""timestamp"": ""2026-09-28 00:39:11 UTC"", ""temperature"": -21.13, ""humidity"": 94.2, ""location"": ""GPS: 45.0100 N, -120.0200 W"", ""battery_status"": 95}",2026-09-28 08:27:11 UTC,1,16f60a8234dfe365870d7d14b4b896d1b22603ba7b604ae88a9621c0febaaf7c,SYNCED,0,
2078,SENSOR_LOG,"{""sensor_id"": ""SNS-MH-1001"", ""batch_id"": ""BTC-SEA-5002"", ""shipment_id"": ""SHP-2026-102"", ""timestamp"": ""2026-09-28 00:45:11 UTC"", ""temperature"": -21.62, ""humidity"": 92.8, ""location"": ""GPS: 45.0100 N, -120.0300 W"", ""battery_status"": 95}",2026-09-28 08:27:11 UTC,1,56abae92e730d5e9e8f12acb828e84f4fd32db70165943477efa66d3bd362474,SYNCED,0,
2079,SENSOR_LOG,"{""sensor_id"": ""SNS-MH-1001"", ""batch_id"": ""BTC-SEA-5002"", ""shipment_id"": ""SHP-2026-102"", ""timestamp"": ""2026-09-28 00:51:11 UTC"", ""temperature"": -21.42, ""humidity"": 93.0, ""location"": ""GPS: 45.0100 N, -120.0400 W"", ""battery_status"": 95}",2026-09-28 08:27:11 UTC,1,bd34bea1294c950832cedb63d4636582761b9f5fd3ee1247cd79874bc75eb69b,SYNCED,0,
2080,SENSOR_LOG,"{""sensor_id"": ""SNS-MH-1001"", ""batch_id"": ""BTC-SEA-5002"", ""shipment_id"": ""SHP-2026-102"", ""timestamp"": ""2026-09-28 00:57:11 UTC"", ""temperature"": -21.62, ""humidity"": 91.8, ""location"": ""GPS: 45.0100 N, -120.0500 W"", ""battery_status"": 95}",2026-09-28 08:27:11 UTC,1,a50dbb5ce90832d08ff805b1ce4781c68897de2951c90c09088cd12d8fcc32f0,SYNCED,0,
2081,SENSOR_LOG,"{""sensor_id"": ""SNS-MH-1001"", ""batch_id"": ""BTC-SEA-5002"", ""shipment_id"": ""SHP-2026-102"", ""timestamp"": ""2026-09-28 01:03:11 UTC"", ""temperature"": -18.98, ""humidity"": 92.2, ""location"": ""GPS: 45.0100 N, -120.0600 W"", ""battery_status"": 95}",2026-09-28 08:27:11 UTC,1,93a087f06801e756447e59ce930d053c364ec362eb7c5ef9e44b7bb395dc6492,SYNCED,0,
2082,SENSOR_LOG,"{""sensor_id"": ""SNS-MH-1001"", ""batch_id"": ""BTC-SEA-5002"", ""shipment_id"": ""SHP-2026-102"", ""timestamp"": ""2026-09-28 01:09:11 UTC"", ""temperature"": -21.76, ""humidity"": 86.7, ""location"": ""GPS: 45.0100 N, -120.0700 W"", ""battery_status"": 95}",2026-09-28 08:27:11 UTC,1,a05a66b50b53917e6f08158746f23a6527a1f5897fcbe207682f0a77dd6c99c6,SYNCED,0,
2083,SENSOR_LOG,"{""sensor_id"": ""SNS-MH-1001"", ""batch_id"": ""BTC-SEA-5002"", ""shipment_id"": ""SHP-2026-102"", ""timestamp"": ""2026-09-28 01:15:11 UTC"", ""temperature"": -18.2, ""humidity"": 89.7, ""location"": ""GPS: 45.0100 N, -120.0800 W"", ""battery_status"": 95}",2026-09-28 08:27:11 UTC,1,84a18ea067ce5764a6d23234bac478dc261395f4698bd3cdbc4dde2a53c0bf7a,SYNCED,0,
2084,SENSOR_LOG,"{""sensor_id"": ""SNS-MH-1001"", ""batch_id"": ""BTC-SEA-5002"", ""shipment_id"": ""SHP-2026-102"", ""timestamp"": ""2026-09-28 01:21:11 UTC"", ""temperature"": -21.26, ""humidity"": 85.2, ""location"": ""GPS: 45.0100 N, -120.0900 W"", ""battery_status"": 95}",2026-09-28 08:27:12 UTC,1,e23e06ddeaa1a01f18f0f3d6e176e21359a3b79e4f374e565e345e83a73cebca,SYNCED,0,
2085,SENSOR_LOG,"{""sensor_id"": ""SNS-MH-1001"", ""batch_id"": ""BTC-SEA-5002"", ""shipment_id"": ""SHP-2026-102"", ""timestamp"": ""2026-09-28 01:27:11 UTC"", ""temperature"": -18.96, ""humidity"": 92.0, ""location"": ""GPS: 45.0100 N, -120.1000 W"", ""battery_status"": 95}",2026-09-28 08:27:12 UTC,1,703878800eeb2264453042e78c8fa8c5ee1468d8b17430344f0866e5bb2d774e,SYNCED,0,
2086,SENSOR_LOG,"{""sensor_id"": ""SNS-MH-1001"", ""batch_id"": ""BTC-SEA-5002"", ""shipment_id"": ""SHP-2026-102"", ""timestamp"": ""2026-09-28 01:33:11 UTC"", ""temperature"": -20.68, ""humidity"": 90.7, ""location"": ""GPS: 45.0100 N, -120.1100 W"", ""battery_status"": 95}",2026-09-28 08:27:12 UTC,1,08ae3f022d9992687cdc357538349bc025c44e2460d98136a7fa3289bb6ef53c,SYNCED,0,
2087,SENSOR_LOG,"{""sensor_id"": ""SNS-MH-1001"", ""batch_id"": ""BTC-SEA-5002"", ""shipment_id"": ""SHP-2026-102"", ""timestamp"": ""2026-09-28 01:39:11 UTC"", ""temperature"": -20.03, ""humidity"": 89.4, ""location"": ""GPS: 45.0100 N, -120.1200 W"", ""battery_status"": 95}",2026-09-28 08:27:12 UTC,1,26e6302d192c907cb2e27be90f5166825c9d7749d70406ada00139d7ed62ba09,SYNCED,0,
2088,SENSOR_LOG,"{""sensor_id"": ""SNS-MH-1001"", ""batch_id"": ""BTC-SEA-5002"", ""shipment_id"": ""SHP-2026-102"", ""timestamp"": ""2026-09-28 01:45:11 UTC"", ""temperature"": -18.35, ""humidity"": 88.6, ""location"": ""GPS: 45.0100 N, -120.1300 W"", ""battery_status"": 95}",2026-09-28 08:27:12 UTC,1,a7b37e743ca7ef6bb568cad6483b4fb4b815a1f00898d30f130791e2006bb52c,SYNCED,0,
2089,SENSOR_LOG,"{""sensor_id"": ""SNS-MH-1001"", ""batch_id"": ""BTC-SEA-5002"", ""shipment_id"": ""SHP-2026-102"", ""timestamp"": ""2026-09-28 01:51:11 UTC"", ""temperature"": -21.88, ""humidity"": 85.4, ""location"": ""GPS: 45.0100 N, -120.1400 W"", ""battery_status"": 95}",2026-09-28 08:27:12 UTC,1,1f148fe9f6489e737aac015738dddea502ea62b62ee505dd64f249da2083981c,SYNCED,0,
2090,SENSOR_LOG,"{""sensor_id"": ""SNS-MH-1001"", ""batch_id"": ""BTC-SEA-5002"", ""shipment_id"": ""SHP-2026-102"", ""timestamp"": ""2026-09-28 01:57:11 UTC"", ""temperature"": -19.72, ""humidity"": 88.2, ""location"": ""GPS: 45.0100 N, -120.1500 W"", ""battery_status"": 95}",2026-09-28 08:27:12 UTC,1,f6b6757368686e5faaa65489dbb95a161dd4daee11c9be4d8b1aca01ca2289ad,SYNCED,0,
2091,SENSOR_LOG,"{""sensor_id"": ""SNS-MH-1001"", ""batch_id"": ""BTC-SEA-5002"", ""shipment_id"": ""SHP-2026-102"", ""timestamp"": ""2026-09-28 02:03:11 UTC"", ""temperature"": -18.93, ""humidity"": 89.0, ""location"": ""GPS: 45.0100 N, -120.1600 W"", ""battery_status"": 95}",2026-09-28 08:27:12 UTC,1,c9855da8c3b790991728189b39f503a127f9370dd3cd7d26277370b2a743b5c4,SYNCED,0,
2092,SENSOR_LOG,"{""sensor_id"": ""SNS-MH-1001"", ""batch_id"": ""BTC-SEA-5002"", ""shipment_id"": ""SHP-2026-102"", ""timestamp"": ""2026-09-28 02:09:11 UTC"", ""temperature"": -21.28, ""humidity"": 94.4, ""location"": ""GPS: 45.0100 N, -120.1700 W"", ""battery_status"": 95}",2026-09-28 08:27:12 UTC,1,95f623bbf9917c4fa051b04009474a0ac79004b9ee06a9f05fb617f693ee524d,SYNCED,0,
2093,SENSOR_LOG,"{""sensor_id"": ""SNS-MH-1001"", ""batch_id"": ""BTC-SEA-5002"", ""shipment_id"": ""SHP-2026-102"", ""timestamp"": ""2026-09-28 02:15:11 UTC"", ""temperature"": -20.88, ""humidity"": 90.5, ""location"": ""GPS: 45.0100 N, -120.1800 W"", ""battery_status"": 95}",2026-09-28 08:27:12 UTC,1,cc43aae4ba8225c35009a5526df99dfe797ea25961e1ac080faf2c8553a2f0b6,SYNCED,0,
2094,SENSOR_LOG,"{""sensor_id"": ""SNS-MH-1001"", ""batch_id"": ""BTC-SEA-5002"", ""shipment_id"": ""SHP-2026-102"", ""timestamp"": ""2026-09-28 02:21:11 UTC"", ""temperature"": -19.01, ""humidity"": 86.5, ""location"": ""GPS: 45.0100 N, -120.1900 W"", ""battery_status"": 95}",2026-09-28 08:27:12 UTC,1,054240083e576aa4c0392e2640d34eaa2a7cb9e6988f00b5d27c47ccbceafee6,SYNCED,0,
2095,SENSOR_LOG,"{""sensor_id"": ""SNS-MH-1001"", ""batch_id"": ""BTC-SEA-5002"", ""shipment_id"": ""SHP-2026-102"", ""timestamp"": ""2026-09-28 02:27:11 UTC"", ""temperature"": -20.3, ""humidity"": 93.8, ""location"": ""GPS: 45.0100 N, -120.2000 W"", ""battery_status"": 95}",2026-09-28 08:27:12 UTC,1,3caeb0275fccd4688d1f0be9033a42f923506700f1dadd73180238b6072b6811,SYNCED,0,
2096,SENSOR_LOG,"{""sensor_id"": ""SNS-MH-1001"", ""batch_id"": ""BTC-SEA-5002"", ""shipment_id"": ""SHP-2026-102"", ""timestamp"": ""2026-09-28 02:33:11 UTC"", ""temperature"": -18.1, ""humidity"": 92.8, ""location"": ""GPS: 45.0100 N, -120.2100 W"", ""battery_status"": 95}",2026-09-28 08:27:12 UTC,1,a8322456eba4826338ae362e1c800bc766cd38dcd66408a11da41678910bd135,SYNCED,0,
2097,SENSOR_LOG,"{""sensor_id"": ""SNS-MH-1001"", ""batch_id"": ""BTC-SEA-5002"", ""shipment_id"": ""SHP-2026-102"", ""timestamp"": ""2026-09-28 02:39:11 UTC"", ""temperature"": -21.69, ""humidity"": 92.8, ""location"": ""GPS: 45.0100 N, -120.2200 W"", ""battery_status"": 95}",2026-09-28 08:27:12 UTC,1,c6fcc6dca20b4e243f848bf391798467b5f3e9eb8e8b413ec853c87fe224946c,SYNCED,0,
2098,SENSOR_LOG,"{""sensor_id"": ""SNS-MH-1001"", ""batch_id"": ""BTC-SEA-5002"", ""shipment_id"": ""SHP-2026-102"", ""timestamp"": ""2026-09-28 02:45:11 UTC"", ""temperature"": -21.99, ""humidity"": 89.5, ""location"": ""GPS: 45.0100 N, -120.2300 W"", ""battery_status"": 95}",2026-09-28 08:27:12 UTC,1,1d464c9da138797ecf84239b98d3e56bd2876939935c2430dd3c366da58b5996,SYNCED,0,
2099,SENSOR_LOG,"{""sensor_id"": ""SNS-MH-1001"", ""batch_id"": ""BTC-SEA-5002"", ""shipment_id"": ""SHP-2026-102"", ""timestamp"": ""2026-09-28 02:51:11 UTC"", ""temperature"": -21.47, ""humidity"": 85.6, ""location"": ""GPS: 45.0100 N, -120.2400 W"", ""battery_status"": 95}",2026-09-28 08:27:12 UTC,1,64181c88a40bbdf1a9bb9b9d95cd183b72c6003e08d2032a66b16817e4382805,SYNCED,0,
2100,SENSOR_LOG,"{""sensor_id"": ""SNS-MH-1001"", ""batch_id"": ""BTC-SEA-5002"", ""shipment_id"": ""SHP-2026-102"", ""timestamp"": ""2026-09-28 02:57:11 UTC"", ""temperature"": -18.32, ""humidity"": 86.1, ""location"": ""GPS: 45.0100 N, -120.2500 W"", ""battery_status"": 95}",2026-09-28 08:27:12 UTC,1,50e6296896ee398baed835c68ddfc3885a92c3b8a5c966232f0f3763b135f3f6,SYNCED,0,
2101,SENSOR_LOG,"{""sensor_id"": ""SNS-MH-1001"", ""batch_id"": ""BTC-SEA-5002"", ""shipment_id"": ""SHP-2026-102"", ""timestamp"": ""2026-09-28 03:03:11 UTC"", ""temperature"": -20.13, ""humidity"": 89.7, ""location"": ""GPS: 45.0100 N, -120.2600 W"", ""battery_status"": 95}",2026-09-28 08:27:12 UTC,1,83c526284c8c94533b1d83bc8e554affd8554b5e38e3dbeb52dbf30b3f2ce5ad,SYNCED,0,
2102,SENSOR_LOG,"{""sensor_id"": ""SNS-MH-1001"", ""batch_id"": ""BTC-SEA-5002"", ""shipment_id"": ""SHP-2026-102"", ""timestamp"": ""2026-09-28 03:09:11 UTC"", ""temperature"": -20.54, ""humidity"": 90.4, ""location"": ""GPS: 45.0100 N, -120.2700 W"", ""battery_status"": 95}",2026-09-28 08:27:12 UTC,1,47bf38a994215d04da694a4dd16e6c6d2370cee2af88851f17eff3ccf152e677,SYNCED,0,
2103,SENSOR_LOG,"{""sensor_id"": ""SNS-MH-1001"", ""batch_id"": ""BTC-SEA-5002"", ""shipment_id"": ""SHP-2026-102"", ""timestamp"": ""2026-09-28 03:15:11 UTC"", ""temperature"": -18.21, ""humidity"": 85.9, ""location"": ""GPS: 45.0100 N, -120.2800 W"", ""battery_status"": 95}",2026-09-28 08:27:12 UTC,1,4ddffeb55f79646e89f0d9c62ceba729e031036d21a31e1db86a222dc77097e3,SYNCED,0,
2104,SENSOR_LOG,"{""sensor_id"": ""SNS-MH-1001"", ""batch_id"": ""BTC-SEA-5002"", ""shipment_id"": ""SHP-2026-102"", ""timestamp"": ""2026-09-28 03:21:11 UTC"", ""temperature"": -21.87, ""humidity"": 86.9, ""location"": ""GPS: 45.0100 N, -120.2900 W"", ""battery_status"": 95}",2026-09-28 08:27:12 UTC,1,d7e27535fbc7e2b426bd22aa140a20215a706f7a97a4cda5f2ff94e3c5a49358,SYNCED,0,
2105,SENSOR_LOG,"{""sensor_id"": ""SNS-MH-1001"", ""batch_id"": ""BTC-SEA-5002"", ""shipment_id"": ""SHP-2026-102"", ""timestamp"": ""2026-09-28 03:27:11 UTC"", ""temperature"": -18.3, ""humidity"": 86.3, ""location"": ""GPS: 45.0100 N, -120.3000 W"", ""battery_status"": 95}",2026-09-28 08:27:12 UTC,1,2ccddef6303fe8d58cb0990dd7b53ed0f917a35452e45b22fce6a42ece8f8acf,SYNCED,0,
2106,SENSOR_LOG,"{""sensor_id"": ""SNS-MH-1001"", ""batch_id"": ""BTC-SEA-5002"", ""shipment_id"": ""SHP-2026-102"", ""timestamp"": ""2026-09-28 03:33:11 UTC"", ""temperature"": -21.91, ""humidity"": 94.7, ""location"": ""GPS: 45.0100 N, -120.3100 W"", ""battery_status"": 95}",2026-09-28 08:27:12 UTC,1,fce13bf50823f83945ea611028593a1be50fecce448e805e86542ec749f6ca2d,SYNCED,0,
2107,SENSOR_LOG,"{""sensor_id"": ""SNS-MH-1001"", ""batch_id"": ""BTC-SEA-5002"", ""shipment_id"": ""SHP-2026-102"", ""timestamp"": ""2026-09-28 03:39:11 UTC"", ""temperature"": -18.14, ""humidity"": 94.2, ""location"": ""GPS: 45.0100 N, -120.3200 W"", ""battery_status"": 95}",2026-09-28 08:27:12 UTC,1,1b55059f8c48947b5c0fb82fdb79e6a2590c893b7230b52d56072955a9ece7e6,SYNCED,0,
2108,SENSOR_LOG,"{""sensor_id"": ""SNS-MH-1001"", ""batch_id"": ""BTC-SEA-5002"", ""shipment_id"": ""SHP-2026-102"", ""timestamp"": ""2026-09-28 03:45:11 UTC"", ""temperature"": -21.69, ""humidity"": 91.1, ""location"": ""GPS: 45.0100 N, -120.3300 W"", ""battery_status"": 95}",2026-09-28 08:27:12 UTC,1,677a12a7d650d227166ded420e42e403992dca697bdae24108bf7b7de8136ee2,SYNCED,0,
2109,SENSOR_LOG,"{""sensor_id"": ""SNS-MH-1001"", ""batch_id"": ""BTC-SEA-5002"", ""shipment_id"": ""SHP-2026-102"", ""timestamp"": ""2026-09-28 03:51:11 UTC"", ""temperature"": -21.9, ""humidity"": 90.6, ""location"": ""GPS: 45.0100 N, -120.3400 W"", ""battery_status"": 95}",2026-09-28 08:27:12 UTC,1,fb9cd9d9ddca37e9eb9363be2e91dcee365343a77d5dbaf8c4fcf37c0b22ccb7,SYNCED,0,
2110,SENSOR_LOG,"{""sensor_id"": ""SNS-MH-1001"", ""batch_id"": ""BTC-SEA-5002"", ""shipment_id"": ""SHP-2026-102"", ""timestamp"": ""2026-09-28 03:57:11 UTC"", ""temperature"": -20.42, ""humidity"": 89.6, ""location"": ""GPS: 45.0100 N, -120.3500 W"", ""battery_status"": 95}",2026-09-28 08:27:12 UTC,1,73037d36c50f4e91b51978c5f9d7da05aca53799cb54751cea4f52ed8df90446,SYNCED,0,
2111,SENSOR_LOG,"{""sensor_id"": ""SNS-MH-1001"", ""batch_id"": ""BTC-SEA-5002"", ""shipment_id"": ""SHP-2026-102"", ""timestamp"": ""2026-09-28 04:03:11 UTC"", ""temperature"": -18.42, ""humidity"": 87.1, ""location"": ""GPS: 45.0100 N, -120.3600 W"", ""battery_status"": 95}",2026-09-28 08:27:12 UTC,1,bbaabe57b12800d9da0bd13605efce530b80549a483eb8dc4aaee76e1292ebea,SYNCED,0,
2112,SENSOR_LOG,"{""sensor_id"": ""SNS-MH-1001"", ""batch_id"": ""BTC-SEA-5002"", ""shipment_id"": ""SHP-2026-102"", ""timestamp"": ""2026-09-28 04:09:11 UTC"", ""temperature"": -21.15, ""humidity"": 90.4, ""location"": ""GPS: 45.0100 N, -120.3700 W"", ""battery_status"": 95}",2026-09-28 08:27:12 UTC,1,5d8bdf3ba9e6f2a0ed18e7a7aa04e2f0b4b117c77b6f42c42cc6ae7e0fe6d362,SYNCED,0,
2113,SENSOR_LOG,"{""sensor_id"": ""SNS-MH-1001"", ""batch_id"": ""BTC-SEA-5002"", ""shipment_id"": ""SHP-2026-102"", ""timestamp"": ""2026-09-28 04:15:11 UTC"", ""temperature"": -19.93, ""humidity"": 91.0, ""location"": ""GPS: 45.0100 N, -120.3800 W"", ""battery_status"": 95}",2026-09-28 08:27:12 UTC,1,ee2c3b385c7bca8d96359bce40e5eaacc237f9eb04b0bda1a7dcd2b04a5a0007,SYNCED,0,
2114,SENSOR_LOG,"{""sensor_id"": ""SNS-MH-1001"", ""batch_id"": ""BTC-SEA-5002"", ""shipment_id"": ""SHP-2026-102"", ""timestamp"": ""2026-09-28 04:21:11 UTC"", ""temperature"": -19.75, ""humidity"": 85.2, ""location"": ""GPS: 45.0100 N, -120.3900 W"", ""battery_status"": 95}",2026-09-28 08:27:12 UTC,1,9bcb5c8106b92e939a0023808c3d3165523f0821468f6c807c2a89fa0b6bc851,SYNCED,0,
2115,SENSOR_LOG,"{""sensor_id"": ""SNS-MH-1001"", ""batch_id"": ""BTC-SEA-5002"", ""shipment_id"": ""SHP-2026-102"", ""timestamp"": ""2026-09-28 04:27:11 UTC"", ""temperature"": -18.06, ""humidity"": 85.8, ""location"": ""GPS: 45.0100 N, -120.4000 W"", ""battery_status"": 95}",2026-09-28 08:27:12 UTC,1,f49bf6018f320389585acfac4ebfa2693245a87ba75bbb671e531fb387705501,SYNCED,0,
2116,SENSOR_LOG,"{""sensor_id"": ""SNS-MH-1001"", ""batch_id"": ""BTC-SEA-5002"", ""shipment_id"": ""SHP-2026-102"", ""timestamp"": ""2026-09-28 04:33:11 UTC"", ""temperature"": -21.82, ""humidity"": 86.0, ""location"": ""GPS: 45.0100 N, -120.4100 W"", ""battery_status"": 95}",2026-09-28 08:27:12 UTC,1,3b986c54ee276670720416377cefb9cc27d9db31502c878b4e88acbc551279fb,SYNCED,0,
2117,SENSOR_LOG,"{""sensor_id"": ""SNS-MH-1001"", ""batch_id"": ""BTC-SEA-5002"", ""shipment_id"": ""SHP-2026-102"", ""timestamp"": ""2026-09-28 04:39:11 UTC"", ""temperature"": -21.87, ""humidity"": 89.1, ""location"": ""GPS: 45.0100 N, -120.4200 W"", ""battery_status"": 95}",2026-09-28 08:27:12 UTC,1,31dcaa331e63eece403b4d8552ca0936ee993ccb677554613fd933e5533796cd,SYNCED,0,
2118,SENSOR_LOG,"{""sensor_id"": ""SNS-MH-1001"", ""batch_id"": ""BTC-SEA-5002"", ""shipment_id"": ""SHP-2026-102"", ""timestamp"": ""2026-09-28 04:45:11 UTC"", ""temperature"": -19.64, ""humidity"": 91.7, ""location"": ""GPS: 45.0100 N, -120.4300 W"", ""battery_status"": 95}",2026-09-28 08:27:12 UTC,1,36a58ccb6e3de57f389edaf8d6a508f6a25299afda12b1a5c01a20bc45019cd1,SYNCED,0,
2119,SENSOR_LOG,"{""sensor_id"": ""SNS-MH-1001"", ""batch_id"": ""BTC-SEA-5002"", ""shipment_id"": ""SHP-2026-102"", ""timestamp"": ""2026-09-28 04:51:11 UTC"", ""temperature"": -19.49, ""humidity"": 90.1, ""location"": ""GPS: 45.0100 N, -120.4400 W"", ""battery_status"": 95}",2026-09-28 08:27:12 UTC,1,450bd14c6e5aaef27fa8d8a61f9045a8ac6fe9f5220a120ba05180fc0f6fcc11,SYNCED,0,
2120,SENSOR_LOG,"{""sensor_id"": ""SNS-MH-1001"", ""batch_id"": ""BTC-SEA-5002"", ""shipment_id"": ""SHP-2026-102"", ""timestamp"": ""2026-09-28 04:57:11 UTC"", ""temperature"": -21.03, ""humidity"": 94.9, ""location"": ""GPS: 45.0100 N, -120.4500 W"", ""battery_status"": 95}",2026-09-28 08:27:12 UTC,1,b789050db960b6a9661be6c5774acc1d39af69bbae92a40ec115ee46d4aa9317,SYNCED,0,
2121,SENSOR_LOG,"{""sensor_id"": ""SNS-MH-1001"", ""batch_id"": ""BTC-SEA-5002"", ""shipment_id"": ""SHP-2026-102"", ""timestamp"": ""2026-09-28 05:03:11 UTC"", ""temperature"": -18.3, ""humidity"": 90.4, ""location"": ""GPS: 45.0100 N, -120.4600 W"", ""battery_status"": 95}",2026-09-28 08:27:12 UTC,1,4b4d627e9d40e47d21663d8065d6b8305f43d00425e56a40996cfe906c4b2215,SYNCED,0,
2122,SENSOR_LOG,"{""sensor_id"": ""SNS-MH-1001"", ""batch_id"": ""BTC-SEA-5002"", ""shipment_id"": ""SHP-2026-102"", ""timestamp"": ""2026-09-28 05:09:11 UTC"", ""temperature"": -20.41, ""humidity"": 89.7, ""location"": ""GPS: 45.0100 N, -120.4700 W"", ""battery_status"": 95}",2026-09-28 08:27:12 UTC,1,a5c815fea9d9dc9f6ab5f63738e7449b67cd60f015beb62ccef423584b3d33df,SYNCED,0,
2123,SENSOR_LOG,"{""sensor_id"": ""SNS-MH-1001"", ""batch_id"": ""BTC-SEA-5002"", ""shipment_id"": ""SHP-2026-102"", ""timestamp"": ""2026-09-28 05:15:11 UTC"", ""temperature"": -20.93, ""humidity"": 85.8, ""location"": ""GPS: 45.0100 N, -120.4800 W"", ""battery_status"": 95}",2026-09-28 08:27:12 UTC,1,507d222ba723d093ab1459c04f44df544fb0a9a0bcc5e76be7a077491c25fab4,SYNCED,0,
2124,SENSOR_LOG,"{""sensor_id"": ""SNS-MH-1001"", ""batch_id"": ""BTC-SEA-5002"", ""shipment_id"": ""SHP-2026-102"", ""timestamp"": ""2026-09-28 05:21:11 UTC"", ""temperature"": -20.87, ""humidity"": 87.2, ""location"": ""GPS: 45.0100 N, -120.4900 W"", ""battery_status"": 95}",2026-09-28 08:27:12 UTC,1,9822130259d9a606d46b6b2e9cda6ab8383056b6ecd85aa8247a8e0d72c228e2,SYNCED,0,
2125,SENSOR_LOG,"{""sensor_id"": ""SNS-MH-1001"", ""batch_id"": ""BTC-SEA-5002"", ""shipment_id"": ""SHP-2026-102"", ""timestamp"": ""2026-09-28 05:27:11 UTC"", ""temperature"": -18.74, ""humidity"": 85.5, ""location"": ""GPS: 45.0100 N, -120.5000 W"", ""battery_status"": 95}",2026-09-28 08:27:12 UTC,1,fecbe39345416639e81013407b997a14ff295bce7e6e5ee5ad574c27824a5473,SYNCED,0,
2126,SENSOR_LOG,"{""sensor_id"": ""SNS-MH-1001"", ""batch_id"": ""BTC-SEA-5002"", ""shipment_id"": ""SHP-2026-102"", ""timestamp"": ""2026-09-28 05:33:11 UTC"", ""temperature"": -18.48, ""humidity"": 89.0, ""location"": ""GPS: 45.0100 N, -120.5100 W"", ""battery_status"": 95}",2026-09-28 08:27:12 UTC,1,8d6fb3a4af1efbd29a3139ee3a387b1e1fa71d88565753a4a65ab17d2048bb86,SYNCED,0,
2127,SENSOR_LOG,"{""sensor_id"": ""SNS-MH-1001"", ""batch_id"": ""BTC-SEA-5002"", ""shipment_id"": ""SHP-2026-102"", ""timestamp"": ""2026-09-28 05:39:11 UTC"", ""temperature"": -18.78, ""humidity"": 91.2, ""location"": ""GPS: 45.0100 N, -120.5200 W"", ""battery_status"": 95}",2026-09-28 08:27:12 UTC,1,2d988b4fecd69e13a65cda98c3b6805cebf9f21e8ac07779c254b3a7e058f17b,SYNCED,0,
2128,SENSOR_LOG,"{""sensor_id"": ""SNS-MH-1001"", ""batch_id"": ""BTC-SEA-5002"", ""shipment_id"": ""SHP-2026-102"", ""timestamp"": ""2026-09-28 05:45:11 UTC"", ""temperature"": -18.51, ""humidity"": 89.1, ""location"": ""GPS: 45.0100 N, -120.5300 W"", ""battery_status"": 95}",2026-09-28 08:27:12 UTC,1,aa8e55228185aba9d3dbed2342ab0c63d0f41c83de411b5a05ee61059ec874db,SYNCED,0,
2129,SENSOR_LOG,"{""sensor_id"": ""SNS-MH-1001"", ""batch_id"": ""BTC-SEA-5002"", ""shipment_id"": ""SHP-2026-102"", ""timestamp"": ""2026-09-28 05:51:11 UTC"", ""temperature"": -20.73, ""humidity"": 90.4, ""location"": ""GPS: 45.0100 N, -120.5400 W"", ""battery_status"": 95}",2026-09-28 08:27:12 UTC,1,b0f1d82846957c288486187652d894feebf039d423cd9f2069f26405947001d7,SYNCED,0,
2130,SENSOR_LOG,"{""sensor_id"": ""SNS-MH-1001"", ""batch_id"": ""BTC-SEA-5002"", ""shipment_id"": ""SHP-2026-102"", ""timestamp"": ""2026-09-28 05:57:11 UTC"", ""temperature"": -19.89, ""humidity"": 86.2, ""location"": ""GPS: 45.0100 N, -120.5500 W"", ""battery_status"": 95}",2026-09-28 08:27:12 UTC,1,4bb94b643230d8d348aea6e6010001176818e73f7c57514f97cd5564d3a658dd,SYNCED,0,
2131,SENSOR_LOG,"{""sensor_id"": ""SNS-MH-1001"", ""batch_id"": ""BTC-SEA-5002"", ""shipment_id"": ""SHP-2026-102"", ""timestamp"": ""2026-09-28 06:03:11 UTC"", ""temperature"": -19.01, ""humidity"": 93.9, ""location"": ""GPS: 45.0100 N, -120.5600 W"", ""battery_status"": 95}",2026-09-28 08:27:12 UTC,1,8752a3eea555cd8f533175f99643df3d9bb562fd0f1c3401a74e05c1b66d2796,SYNCED,0,
2132,SENSOR_LOG,"{""sensor_id"": ""SNS-MH-1001"", ""batch_id"": ""BTC-SEA-5002"", ""shipment_id"": ""SHP-2026-102"", ""timestamp"": ""2026-09-28 06:09:11 UTC"", ""temperature"": -18.74, ""humidity"": 88.0, ""location"": ""GPS: 45.0100 N, -120.5700 W"", ""battery_status"": 95}",2026-09-28 08:27:12 UTC,1,c18c9b421519f2f5c5825e1a9bd04c32ab0de03241cf58a38233a821a96067df,SYNCED,0,
2133,SENSOR_LOG,"{""sensor_id"": ""SNS-MH-1001"", ""batch_id"": ""BTC-SEA-5002"", ""shipment_id"": ""SHP-2026-102"", ""timestamp"": ""2026-09-28 06:15:11 UTC"", ""temperature"": -20.5, ""humidity"": 89.6, ""location"": ""GPS: 45.0100 N, -120.5800 W"", ""battery_status"": 95}",2026-09-28 08:27:12 UTC,1,5693a64c61fce4218e7361cfbd8be426c31f1d48e0ba4ae368f2553cc3a37efc,SYNCED,0,
2134,SENSOR_LOG,"{""sensor_id"": ""SNS-MH-1001"", ""batch_id"": ""BTC-SEA-5002"", ""shipment_id"": ""SHP-2026-102"", ""timestamp"": ""2026-09-28 06:21:11 UTC"", ""temperature"": -21.81, ""humidity"": 90.1, ""location"": ""GPS: 45.0100 N, -120.5900 W"", ""battery_status"": 95}",2026-09-28 08:27:12 UTC,1,cda7a0da2a6bb85dfe0920fb9af996bdf5ab7dd59003866e3693a69254b6324b,SYNCED,0,
2135,SENSOR_LOG,"{""sensor_id"": ""SNS-MH-1001"", ""batch_id"": ""BTC-SEA-5002"", ""shipment_id"": ""SHP-2026-102"", ""timestamp"": ""2026-09-28 06:27:11 UTC"", ""temperature"": -19.43, ""humidity"": 87.7, ""location"": ""GPS: 45.0100 N, -120.6000 W"", ""battery_status"": 95}",2026-09-28 08:27:12 UTC,1,894777d5cf5b39ede749ff99b81a79336518fffedf296114e1f7b645985d7492,SYNCED,0,
2136,SENSOR_LOG,"{""sensor_id"": ""SNS-MH-1001"", ""batch_id"": ""BTC-SEA-5002"", ""shipment_id"": ""SHP-2026-102"", ""timestamp"": ""2026-09-28 06:33:11 UTC"", ""temperature"": -18.88, ""humidity"": 90.1, ""location"": ""GPS: 45.0100 N, -120.6100 W"", ""battery_status"": 95}",2026-09-28 08:27:12 UTC,1,0b4a75a9468f8ee0d8280707b7e8f7b99b804877aaa7f342f87537bc025c2df4,SYNCED,0,
2137,SENSOR_LOG,"{""sensor_id"": ""SNS-MH-1001"", ""batch_id"": ""BTC-SEA-5002"", ""shipment_id"": ""SHP-2026-102"", ""timestamp"": ""2026-09-28 06:39:11 UTC"", ""temperature"": -18.78, ""humidity"": 89.1, ""location"": ""GPS: 45.0100 N, -120.6200 W"", ""battery_status"": 95}",2026-09-28 08:27:12 UTC,1,da02a5ab2a56e8aa08455227c16a5c2bafb051bf2a3949e30a82832cda6b2c1b,SYNCED,0,
2138,SENSOR_LOG,"{""sensor_id"": ""SNS-MH-1001"", ""batch_id"": ""BTC-SEA-5002"", ""shipment_id"": ""SHP-2026-102"", ""timestamp"": ""2026-09-28 06:45:11 UTC"", ""temperature"": -19.22, ""humidity"": 91.6, ""location"": ""GPS: 45.0100 N, -120.6300 W"", ""battery_status"": 95}",2026-09-28 08:27:12 UTC,1,3ba211754cdbaa3a2b6f744cc937c4f1d80bb1b4894932ed16c0d3b5228c42dd,SYNCED,0,
2139,SENSOR_LOG,"{""sensor_id"": ""SNS-MH-1001"", ""batch_id"": ""BTC-SEA-5002"", ""shipment_id"": ""SHP-2026-102"", ""timestamp"": ""2026-09-28 06:51:11 UTC"", ""temperature"": -18.71, ""humidity"": 87.4, ""location"": ""GPS: 45.0100 N, -120.6400 W"", ""battery_status"": 95}",2026-09-28 08:27:12 UTC,1,383c3efddace323d05b95afffdf4baf0427e2b64139d7c5ff50b24cd5c4234cf,SYNCED,0,
2140,SENSOR_LOG,"{""sensor_id"": ""SNS-MH-1001"", ""batch_id"": ""BTC-SEA-5002"", ""shipment_id"": ""SHP-2026-102"", ""timestamp"": ""2026-09-28 06:57:11 UTC"", ""temperature"": -19.72, ""humidity"": 87.8, ""location"": ""GPS: 45.0100 N, -120.6500 W"", ""battery_status"": 95}",2026-09-28 08:27:12 UTC,1,7f9d45a51f5c83f99c0fc82f55c3932c699f21bb057e10f533a76d3bf9a56fde,SYNCED,0,
2141,SENSOR_LOG,"{""sensor_id"": ""SNS-MH-1001"", ""batch_id"": ""BTC-SEA-5002"", ""shipment_id"": ""SHP-2026-102"", ""timestamp"": ""2026-09-28 07:03:11 UTC"", ""temperature"": -21.58, ""humidity"": 90.4, ""location"": ""GPS: 45.0100 N, -120.6600 W"", ""battery_status"": 95}",2026-09-28 08:27:12 UTC,1,872b1755eba852fd1508aa0fe1200e09b0bec1a66827af87b6595cabd8c93e32,SYNCED,0,
2142,SENSOR_LOG,"{""sensor_id"": ""SNS-MH-1001"", ""batch_id"": ""BTC-SEA-5002"", ""shipment_id"": ""SHP-2026-102"", ""timestamp"": ""2026-09-28 07:09:11 UTC"", ""temperature"": -21.24, ""humidity"": 88.4, ""location"": ""GPS: 45.0100 N, -120.6700 W"", ""battery_status"": 95}",2026-09-28 08:27:12 UTC,1,6b2939f1a8eebd6982f4143e13527dd27850b4276a3a3a9cc6cb52d83fcbe845,SYNCED,0,
2143,SENSOR_LOG,"{""sensor_id"": ""SNS-MH-1001"", ""batch_id"": ""BTC-SEA-5002"", ""shipment_id"": ""SHP-2026-102"", ""timestamp"": ""2026-09-28 07:15:11 UTC"", ""temperature"": -20.73, ""humidity"": 85.1, ""location"": ""GPS: 45.0100 N, -120.6800 W"", ""battery_status"": 95}",2026-09-28 08:27:12 UTC,1,548cef8e644aacfc63d483df64c3c242d33f73a782c0e10d1ce92c4d75917f4b,SYNCED,0,
2144,SENSOR_LOG,"{""sensor_id"": ""SNS-MH-1001"", ""batch_id"": ""BTC-SEA-5002"", ""shipment_id"": ""SHP-2026-102"", ""timestamp"": ""2026-09-28 07:21:11 UTC"", ""temperature"": -19.13, ""humidity"": 92.5, ""location"": ""GPS: 45.0100 N, -120.6900 W"", ""battery_status"": 95}",2026-09-28 08:27:12 UTC,1,5a85b02138570d9f2b53ae4ddff4f944604ad4e4f6e8f95c1e451cb257e9a98f,SYNCED,0,
2145,SENSOR_LOG,"{""sensor_id"": ""SNS-MH-1001"", ""batch_id"": ""BTC-SEA-5002"", ""shipment_id"": ""SHP-2026-102"", ""timestamp"": ""2026-09-28 07:27:11 UTC"", ""temperature"": -21.4, ""humidity"": 87.4, ""location"": ""GPS: 45.0100 N, -120.7000 W"", ""battery_status"": 95}",2026-09-28 08:27:12 UTC,1,f011edeeea4290b103329dfaa8e437fc7353c452d2400791a1660fb1151da490,SYNCED,0,
2146,SENSOR_LOG,"{""sensor_id"": ""SNS-MH-1001"", ""batch_id"": ""BTC-SEA-5002"", ""shipment_id"": ""SHP-2026-102"", ""timestamp"": ""2026-09-28 07:33:11 UTC"", ""temperature"": -20.68, ""humidity"": 93.0, ""location"": ""GPS: 45.0100 N, -120.7100 W"", ""battery_status"": 95}",2026-09-28 08:27:12 UTC,1,0e28a09f3fe5a972fc1bc16978587215aaa168e287c23955df4aae37754bf730,SYNCED,0,
2147,SENSOR_LOG,"{""sensor_id"": ""SNS-MH-1001"", ""batch_id"": ""BTC-SEA-5002"", ""shipment_id"": ""SHP-2026-102"", ""timestamp"": ""2026-09-28 07:39:11 UTC"", ""temperature"": -20.4, ""humidity"": 94.9, ""location"": ""GPS: 45.0100 N, -120.7200 W"", ""battery_status"": 95}",2026-09-28 08:27:12 UTC,1,4b14c996b65e3417a47b4c782ee136328cab1b34558c4a03694970f289c7a50c,SYNCED,0,
2148,SENSOR_LOG,"{""sensor_id"": ""SNS-MH-1001"", ""batch_id"": ""BTC-SEA-5002"", ""shipment_id"": ""SHP-2026-102"", ""timestamp"": ""2026-09-28 07:45:11 UTC"", ""temperature"": -19.63, ""humidity"": 92.6, ""location"": ""GPS: 45.0100 N, -120.7300 W"", ""battery_status"": 95}",2026-09-28 08:27:12 UTC,1,dcf6245564d5ccfada994bfb8fd39f6dbd73e731ae317c72beb7778617fb9349,SYNCED,0,
2149,SENSOR_LOG,"{""sensor_id"": ""SNS-MH-1001"", ""batch_id"": ""BTC-SEA-5002"", ""shipment_id"": ""SHP-2026-102"", ""timestamp"": ""2026-09-28 07:51:11 UTC"", ""temperature"": -18.33, ""humidity"": 93.7, ""location"": ""GPS: 45.0100 N, -120.7400 W"", ""battery_status"": 95}",2026-09-28 08:27:12 UTC,1,bf100514d350233a9dad96263b508cc1c888f4c484d6994d7f044b9dbd22887a,SYNCED,0,
2150,SENSOR_LOG,"{""sensor_id"": ""SNS-MH-1001"", ""batch_id"": ""BTC-SEA-5002"", ""shipment_id"": ""SHP-2026-102"", ""timestamp"": ""2026-09-28 07:57:11 UTC"", ""temperature"": -19.18, ""humidity"": 85.7, ""location"": ""GPS: 45.0100 N, -120.7500 W"", ""battery_status"": 95}",2026-09-28 08:27:12 UTC,1,5c01fb365da03ebfc91252c9975f5b33ee14ad371e76be0375bc63770d5532af,SYNCED,0,
2151,SENSOR_LOG,"{""sensor_id"": ""SNS-MH-1001"", ""batch_id"": ""BTC-SEA-5002"", ""shipment_id"": ""SHP-2026-102"", ""timestamp"": ""2026-09-28 08:03:11 UTC"", ""temperature"": -18.05, ""humidity"": 87.5, ""location"": ""GPS: 45.0100 N, -120.7600 W"", ""battery_status"": 95}",2026-09-28 08:27:12 UTC,1,18aed54c7eaedbf19286b68e114fa0cd5a09e57b251ddcb88c46b2b664ed1b99,SYNCED,0,
2152,SENSOR_LOG,"{""sensor_id"": ""SNS-MH-1001"", ""batch_id"": ""BTC-SEA-5002"", ""shipment_id"": ""SHP-2026-102"", ""timestamp"": ""2026-09-28 08:09:11 UTC"", ""temperature"": -18.59, ""humidity"": 86.7, ""location"": ""GPS: 45.0100 N, -120.7700 W"", ""battery_status"": 95}",2026-09-28 08:27:12 UTC,1,c29fb80e59f975de794a1074ff7cf48751a6fc2058bf33815640f715f4e4e855,SYNCED,0,
2153,SENSOR_LOG,"{""sensor_id"": ""SNS-MH-1001"", ""batch_id"": ""BTC-SEA-5002"", ""shipment_id"": ""SHP-2026-102"", ""timestamp"": ""2026-09-28 08:15:11 UTC"", ""temperature"": -19.82, ""humidity"": 90.7, ""location"": ""GPS: 45.0100 N, -120.7800 W"", ""battery_status"": 95}",2026-09-28 08:27:12 UTC,1,e56ebcdc2a2d835f6330b571bb619f0dbf1565da94d21b87fa347289392d97d5,SYNCED,0,
2154,SENSOR_LOG,"{""sensor_id"": ""SNS-MH-1001"", ""batch_id"": ""BTC-SEA-5002"", ""shipment_id"": ""SHP-2026-102"", ""timestamp"": ""2026-09-28 08:21:11 UTC"", ""temperature"": -21.36, ""humidity"": 94.1, ""location"": ""GPS: 45.0100 N, -120.7900 W"", ""battery_status"": 95}",2026-09-28 08:27:12 UTC,1,bfe72e80b6e115294c8fb2688147970263817ab9c1659d5dcbee06c15914cad9,SYNCED,0,
2155,SENSOR_LOG,"{""sensor_id"": ""SNS-MH-1002"", ""batch_id"": ""BTC-SEA-5003"", ""shipment_id"": ""SHP-2026-103"", ""timestamp"": ""2026-09-28 00:27:11 UTC"", ""temperature"": -19.05, ""humidity"": 94.6, ""location"": ""GPS: 45.0200 N, -120.0000 W"", ""battery_status"": 95}",2026-09-28 08:27:12 UTC,1,048714ec79a07a932f3c030f8b65d909d79f18bcf87607e31834fa046fc8cd20,SYNCED,0,
2156,SENSOR_LOG,"{""sensor_id"": ""SNS-MH-1002"", ""batch_id"": ""BTC-SEA-5003"", ""shipment_id"": ""SHP-2026-103"", ""timestamp"": ""2026-09-28 00:33:11 UTC"", ""temperature"": -18.78, ""humidity"": 91.3, ""location"": ""GPS: 45.0200 N, -120.0100 W"", ""battery_status"": 95}",2026-09-28 08:27:12 UTC,1,56023ec11bc49e27ca232f7fb8c0d8660ea12bd87b43a2864ae8f371012a312a,SYNCED,0,
2157,SENSOR_LOG,"{""sensor_id"": ""SNS-MH-1002"", ""batch_id"": ""BTC-SEA-5003"", ""shipment_id"": ""SHP-2026-103"", ""timestamp"": ""2026-09-28 00:39:11 UTC"", ""temperature"": -20.28, ""humidity"": 94.6, ""location"": ""GPS: 45.0200 N, -120.0200 W"", ""battery_status"": 95}",2026-09-28 08:27:12 UTC,1,0a2f0d962158e610cb18bc527a5d9940311bf051d03c57d3fac15d14cd3e09ed,SYNCED,0,
2158,SENSOR_LOG,"{""sensor_id"": ""SNS-MH-1002"", ""batch_id"": ""BTC-SEA-5003"", ""shipment_id"": ""SHP-2026-103"", ""timestamp"": ""2026-09-28 00:45:11 UTC"", ""temperature"": -18.9, ""humidity"": 91.4, ""location"": ""GPS: 45.0200 N, -120.0300 W"", ""battery_status"": 95}",2026-09-28 08:27:12 UTC,1,bc41a5dfadf4699d452e9cef3bf69dc953a400c26717d15b021077e26e6c19b1,SYNCED,0,
2159,SENSOR_LOG,"{""sensor_id"": ""SNS-MH-1002"", ""batch_id"": ""BTC-SEA-5003"", ""shipment_id"": ""SHP-2026-103"", ""timestamp"": ""2026-09-28 00:51:11 UTC"", ""temperature"": -18.66, ""humidity"": 90.4, ""location"": ""GPS: 45.0200 N, -120.0400 W"", ""battery_status"": 95}",2026-09-28 08:27:12 UTC,1,7af5fb62402ea92f1c7a66a5e726f68be80f20b7894a654c03e7d048e6fe1990,SYNCED,0,
2160,SENSOR_LOG,"{""sensor_id"": ""SNS-MH-1002"", ""batch_id"": ""BTC-SEA-5003"", ""shipment_id"": ""SHP-2026-103"", ""timestamp"": ""2026-09-28 00:57:11 UTC"", ""temperature"": -19.38, ""humidity"": 88.4, ""location"": ""GPS: 45.0200 N, -120.0500 W"", ""battery_status"": 95}",2026-09-28 08:27:12 UTC,1,084f51613b6679ba8a03078dbf7b1f46e7b120951541c29e71f933089cb287f0,SYNCED,0,
2161,SENSOR_LOG,"{""sensor_id"": ""SNS-MH-1002"", ""batch_id"": ""BTC-SEA-5003"", ""shipment_id"": ""SHP-2026-103"", ""timestamp"": ""2026-09-28 01:03:11 UTC"", ""temperature"": -20.83, ""humidity"": 87.8, ""location"": ""GPS: 45.0200 N, -120.0600 W"", ""battery_status"": 95}",2026-09-28 08:27:12 UTC,1,90b3f81990e00ae91808c7836e0017839612c3e3472e3558ffcedae5b6a0bb43,SYNCED,0,
2162,SENSOR_LOG,"{""sensor_id"": ""SNS-MH-1002"", ""batch_id"": ""BTC-SEA-5003"", ""shipment_id"": ""SHP-2026-103"", ""timestamp"": ""2026-09-28 01:09:11 UTC"", ""temperature"": -20.5, ""humidity"": 93.3, ""location"": ""GPS: 45.0200 N, -120.0700 W"", ""battery_status"": 95}",2026-09-28 08:27:12 UTC,1,26bfc7f5369a600b3dca2c42c5c4b833d9e21e9e96e0a22c5ef15a0776e36461,SYNCED,0,
2163,SENSOR_LOG,"{""sensor_id"": ""SNS-MH-1002"", ""batch_id"": ""BTC-SEA-5003"", ""shipment_id"": ""SHP-2026-103"", ""timestamp"": ""2026-09-28 01:15:11 UTC"", ""temperature"": -20.46, ""humidity"": 87.1, ""location"": ""GPS: 45.0200 N, -120.0800 W"", ""battery_status"": 95}",2026-09-28 08:27:12 UTC,1,93ddb4bd664681c3e2ad94374feca01a8c34095cfe0d526d82d2b33ada3a2597,SYNCED,0,
2164,SENSOR_LOG,"{""sensor_id"": ""SNS-MH-1002"", ""batch_id"": ""BTC-SEA-5003"", ""shipment_id"": ""SHP-2026-103"", ""timestamp"": ""2026-09-28 01:21:11 UTC"", ""temperature"": -20.23, ""humidity"": 88.4, ""location"": ""GPS: 45.0200 N, -120.0900 W"", ""battery_status"": 95}",2026-09-28 08:27:12 UTC,1,e76e89fceccf4c75e42f19fc0868b1ac06956dbb98220a3feaf7d939e03576fa,SYNCED,0,
2165,SENSOR_LOG,"{""sensor_id"": ""SNS-MH-1002"", ""batch_id"": ""BTC-SEA-5003"", ""shipment_id"": ""SHP-2026-103"", ""timestamp"": ""2026-09-28 01:27:11 UTC"", ""temperature"": -19.1, ""humidity"": 93.6, ""location"": ""GPS: 45.0200 N, -120.1000 W"", ""battery_status"": 95}",2026-09-28 08:27:12 UTC,1,481266b0765eb1031bcd36f101c8dc1da5885fac36f4b0af48edb341e86cee13,SYNCED,0,
2166,SENSOR_LOG,"{""sensor_id"": ""SNS-MH-1002"", ""batch_id"": ""BTC-SEA-5003"", ""shipment_id"": ""SHP-2026-103"", ""timestamp"": ""2026-09-28 01:33:11 UTC"", ""temperature"": -18.68, ""humidity"": 94.2, ""location"": ""GPS: 45.0200 N, -120.1100 W"", ""battery_status"": 95}",2026-09-28 08:27:12 UTC,1,e8f56c6906689182e6d7598f4efdfc0d85a9c18d1acc9ad11e790d89a2a64aaf,SYNCED,0,
2167,SENSOR_LOG,"{""sensor_id"": ""SNS-MH-1002"", ""batch_id"": ""BTC-SEA-5003"", ""shipment_id"": ""SHP-2026-103"", ""timestamp"": ""2026-09-28 01:39:11 UTC"", ""temperature"": -19.74, ""humidity"": 93.9, ""location"": ""GPS: 45.0200 N, -120.1200 W"", ""battery_status"": 95}",2026-09-28 08:27:12 UTC,1,fab20471baffee21ca86e51a96b00f1fc77915084550fce9d2b9069bfc19b322,SYNCED,0,
2168,SENSOR_LOG,"{""sensor_id"": ""SNS-MH-1002"", ""batch_id"": ""BTC-SEA-5003"", ""shipment_id"": ""SHP-2026-103"", ""timestamp"": ""2026-09-28 01:45:11 UTC"", ""temperature"": -19.36, ""humidity"": 85.6, ""location"": ""GPS: 45.0200 N, -120.1300 W"", ""battery_status"": 95}",2026-09-28 08:27:12 UTC,1,22fc7252810a6290cbeed0b44b79a30d87a84e1f7db4b7ede66e557c4492b517,SYNCED,0,
2169,SENSOR_LOG,"{""sensor_id"": ""SNS-MH-1002"", ""batch_id"": ""BTC-SEA-5003"", ""shipment_id"": ""SHP-2026-103"", ""timestamp"": ""2026-09-28 01:51:11 UTC"", ""temperature"": -19.05, ""humidity"": 85.7, ""location"": ""GPS: 45.0200 N, -120.1400 W"", ""battery_status"": 95}",2026-09-28 08:27:12 UTC,1,e9154afa2d4aed9d620dfa80c048f96e059e9fd770db3b755952a2bc8633e635,SYNCED,0,
2170,SENSOR_LOG,"{""sensor_id"": ""SNS-MH-1002"", ""batch_id"": ""BTC-SEA-5003"", ""shipment_id"": ""SHP-2026-103"", ""timestamp"": ""2026-09-28 01:57:11 UTC"", ""temperature"": -18.04, ""humidity"": 86.0, ""location"": ""GPS: 45.0200 N, -120.1500 W"", ""battery_status"": 95}",2026-09-28 08:27:12 UTC,1,e5b4b477d611d9198cacaa9a685ca25adb39f2348fd14776605f82080d3a8ddd,SYNCED,0,
2171,SENSOR_LOG,"{""sensor_id"": ""SNS-MH-1002"", ""batch_id"": ""BTC-SEA-5003"", ""shipment_id"": ""SHP-2026-103"", ""timestamp"": ""2026-09-28 02:03:11 UTC"", ""temperature"": -20.31, ""humidity"": 87.3, ""location"": ""GPS: 45.0200 N, -120.1600 W"", ""battery_status"": 95}",2026-09-28 08:27:12 UTC,1,0d991b0b3e71a393a344bf52aa758abcf7b4a3d99eb22f607ffb54d45525b21f,SYNCED,0,
2172,SENSOR_LOG,"{""sensor_id"": ""SNS-MH-1002"", ""batch_id"": ""BTC-SEA-5003"", ""shipment_id"": ""SHP-2026-103"", ""timestamp"": ""2026-09-28 02:09:11 UTC"", ""temperature"": -21.72, ""humidity"": 92.9, ""location"": ""GPS: 45.0200 N, -120.1700 W"", ""battery_status"": 95}",2026-09-28 08:27:12 UTC,1,a667e53170de72b9159afb89662917c1a6d0c89c5c624b0c1f76a1534285c465,SYNCED,0,
2173,SENSOR_LOG,"{""sensor_id"": ""SNS-MH-1002"", ""batch_id"": ""BTC-SEA-5003"", ""shipment_id"": ""SHP-2026-103"", ""timestamp"": ""2026-09-28 02:15:11 UTC"", ""temperature"": -18.56, ""humidity"": 91.4, ""location"": ""GPS: 45.0200 N, -120.1800 W"", ""battery_status"": 95}",2026-09-28 08:27:12 UTC,1,4fdfbc10daacde4df5845326e0d0dc3f6adebdeb55f83bc6bbe2cb0c1b43e4af,SYNCED,0,
2174,SENSOR_LOG,"{""sensor_id"": ""SNS-MH-1002"", ""batch_id"": ""BTC-SEA-5003"", ""shipment_id"": ""SHP-2026-103"", ""timestamp"": ""2026-09-28 02:21:11 UTC"", ""temperature"": -18.53, ""humidity"": 88.7, ""location"": ""GPS: 45.0200 N, -120.1900 W"", ""battery_status"": 95}",2026-09-28 08:27:12 UTC,1,ca155c3dfcfd13ccca2c6210e461e16f71a19a0305086e885b469e1c9f3dc463,SYNCED,0,
2175,SENSOR_LOG,"{""sensor_id"": ""SNS-MH-1002"", ""batch_id"": ""BTC-SEA-5003"", ""shipment_id"": ""SHP-2026-103"", ""timestamp"": ""2026-09-28 02:27:11 UTC"", ""temperature"": -20.95, ""humidity"": 90.7, ""location"": ""GPS: 45.0200 N, -120.2000 W"", ""battery_status"": 95}",2026-09-28 08:27:12 UTC,1,eecf3009176f20bbf842b0c975c2d16812937b3e61b6011574f267071f73d160,SYNCED,0,
2176,SENSOR_LOG,"{""sensor_id"": ""SNS-MH-1002"", ""batch_id"": ""BTC-SEA-5003"", ""shipment_id"": ""SHP-2026-103"", ""timestamp"": ""2026-09-28 02:33:11 UTC"", ""temperature"": -21.47, ""humidity"": 88.7, ""location"": ""GPS: 45.0200 N, -120.2100 W"", ""battery_status"": 95}",2026-09-28 08:27:12 UTC,1,4e011006579c74488b66ff5cf844ce7803047d345805b60cfd6a1bbe81941153,SYNCED,0,
2177,SENSOR_LOG,"{""sensor_id"": ""SNS-MH-1002"", ""batch_id"": ""BTC-SEA-5003"", ""shipment_id"": ""SHP-2026-103"", ""timestamp"": ""2026-09-28 02:39:11 UTC"", ""temperature"": -18.33, ""humidity"": 94.0, ""location"": ""GPS: 45.0200 N, -120.2200 W"", ""battery_status"": 95}",2026-09-28 08:27:12 UTC,1,c38ccc7f7796a8b0000a6af9b4091f084a79807347dc9c5e8f7ef8ef0f3cc1c7,SYNCED,0,
2178,SENSOR_LOG,"{""sensor_id"": ""SNS-MH-1002"", ""batch_id"": ""BTC-SEA-5003"", ""shipment_id"": ""SHP-2026-103"", ""timestamp"": ""2026-09-28 02:45:11 UTC"", ""temperature"": -21.17, ""humidity"": 93.6, ""location"": ""GPS: 45.0200 N, -120.2300 W"", ""battery_status"": 95}",2026-09-28 08:27:12 UTC,1,c57ad5660a25a8dc8fccfe3dec6b68866c09e5d9ea1681f4237b416a08dc1c44,SYNCED,0,
2179,SENSOR_LOG,"{""sensor_id"": ""SNS-MH-1002"", ""batch_id"": ""BTC-SEA-5003"", ""shipment_id"": ""SHP-2026-103"", ""timestamp"": ""2026-09-28 02:51:11 UTC"", ""temperature"": -21.25, ""humidity"": 85.0, ""location"": ""GPS: 45.0200 N, -120.2400 W"", ""battery_status"": 95}",2026-09-28 08:27:12 UTC,1,bd3dc0f199d99b33186a22ef3fedffd7ac5d69b593eadb701db6f1da5845627b,SYNCED,0,
2180,SENSOR_LOG,"{""sensor_id"": ""SNS-MH-1002"", ""batch_id"": ""BTC-SEA-5003"", ""shipment_id"": ""SHP-2026-103"", ""timestamp"": ""2026-09-28 02:57:11 UTC"", ""temperature"": -20.42, ""humidity"": 90.1, ""location"": ""GPS: 45.0200 N, -120.2500 W"", ""battery_status"": 95}",2026-09-28 08:27:12 UTC,1,639312f064bc0ada512619ffa49d9176ef87b4d544309b823cb11bbea32b4b5e,SYNCED,0,
2181,SENSOR_LOG,"{""sensor_id"": ""SNS-MH-1002"", ""batch_id"": ""BTC-SEA-5003"", ""shipment_id"": ""SHP-2026-103"", ""timestamp"": ""2026-09-28 03:03:11 UTC"", ""temperature"": -18.03, ""humidity"": 88.7, ""location"": ""GPS: 45.0200 N, -120.2600 W"", ""battery_status"": 95}",2026-09-28 08:27:12 UTC,1,8aeef190af64a548f8081bf9395b1b2a9e748f31367a9119beb956f406e565c2,SYNCED,0,
2182,SENSOR_LOG,"{""sensor_id"": ""SNS-MH-1002"", ""batch_id"": ""BTC-SEA-5003"", ""shipment_id"": ""SHP-2026-103"", ""timestamp"": ""2026-09-28 03:09:11 UTC"", ""temperature"": -18.92, ""humidity"": 90.9, ""location"": ""GPS: 45.0200 N, -120.2700 W"", ""battery_status"": 95}",2026-09-28 08:27:12 UTC,1,9235529e8f64541e13a12e608789f0dec1ecbf9af9b2f7781b870a1e1eaa2171,SYNCED,0,
2183,SENSOR_LOG,"{""sensor_id"": ""SNS-MH-1002"", ""batch_id"": ""BTC-SEA-5003"", ""shipment_id"": ""SHP-2026-103"", ""timestamp"": ""2026-09-28 03:15:11 UTC"", ""temperature"": -21.52, ""humidity"": 89.1, ""location"": ""GPS: 45.0200 N, -120.2800 W"", ""battery_status"": 95}",2026-09-28 08:27:12 UTC,1,5aab43008dffb942e69397d835102ffdd43b6d4a64430497e151f021b10b1114,SYNCED,0,
2184,SENSOR_LOG,"{""sensor_id"": ""SNS-MH-1002"", ""batch_id"": ""BTC-SEA-5003"", ""shipment_id"": ""SHP-2026-103"", ""timestamp"": ""2026-09-28 03:21:11 UTC"", ""temperature"": -18.34, ""humidity"": 86.3, ""location"": ""GPS: 45.0200 N, -120.2900 W"", ""battery_status"": 95}",2026-09-28 08:27:12 UTC,1,b0983558d09944408d2ad9382db1c71456f8aaf4a1a6af96a90fd84f38afdde3,SYNCED,0,
2185,SENSOR_LOG,"{""sensor_id"": ""SNS-MH-1002"", ""batch_id"": ""BTC-SEA-5003"", ""shipment_id"": ""SHP-2026-103"", ""timestamp"": ""2026-09-28 03:27:11 UTC"", ""temperature"": -19.04, ""humidity"": 85.0, ""location"": ""GPS: 45.0200 N, -120.3000 W"", ""battery_status"": 95}",2026-09-28 08:27:12 UTC,1,dd7a8233e02f25c6149d843ad617d53edb30ef7979ccaac0326921d71fb8b71a,SYNCED,0,
2186,SENSOR_LOG,"{""sensor_id"": ""SNS-MH-1002"", ""batch_id"": ""BTC-SEA-5003"", ""shipment_id"": ""SHP-2026-103"", ""timestamp"": ""2026-09-28 03:33:11 UTC"", ""temperature"": -20.54, ""humidity"": 93.0, ""location"": ""GPS: 45.0200 N, -120.3100 W"", ""battery_status"": 95}",2026-09-28 08:27:12 UTC,1,1c38919b8243da96e48c1f950b5c2308672d39804e26fa177c384207b618b049,SYNCED,0,
2187,SENSOR_LOG,"{""sensor_id"": ""SNS-MH-1002"", ""batch_id"": ""BTC-SEA-5003"", ""shipment_id"": ""SHP-2026-103"", ""timestamp"": ""2026-09-28 03:39:11 UTC"", ""temperature"": -21.03, ""humidity"": 94.3, ""location"": ""GPS: 45.0200 N, -120.3200 W"", ""battery_status"": 95}",2026-09-28 08:27:12 UTC,1,4ef189f9c608db78a72f665897be3b46b0d809bb1b1fcf97e6b358b7f3643dae,SYNCED,0,
2188,SENSOR_LOG,"{""sensor_id"": ""SNS-MH-1002"", ""batch_id"": ""BTC-SEA-5003"", ""shipment_id"": ""SHP-2026-103"", ""timestamp"": ""2026-09-28 03:45:11 UTC"", ""temperature"": -20.97, ""humidity"": 90.0, ""location"": ""GPS: 45.0200 N, -120.3300 W"", ""battery_status"": 95}",2026-09-28 08:27:12 UTC,1,de1d15eda261124a34c47df80835ac72f18b1d8cf34627bcb3dd5c175733772d,SYNCED,0,
2189,SENSOR_LOG,"{""sensor_id"": ""SNS-MH-1002"", ""batch_id"": ""BTC-SEA-5003"", ""shipment_id"": ""SHP-2026-103"", ""timestamp"": ""2026-09-28 03:51:11 UTC"", ""temperature"": -21.13, ""humidity"": 89.0, ""location"": ""GPS: 45.0200 N, -120.3400 W"", ""battery_status"": 95}",2026-09-28 08:27:12 UTC,1,916165b3bd1eed32d8f3df6220668f06b93232459da68fc5b1f0a20e027b7222,SYNCED,0,
2190,SENSOR_LOG,"{""sensor_id"": ""SNS-MH-1002"", ""batch_id"": ""BTC-SEA-5003"", ""shipment_id"": ""SHP-2026-103"", ""timestamp"": ""2026-09-28 03:57:11 UTC"", ""temperature"": -21.46, ""humidity"": 89.2, ""location"": ""GPS: 45.0200 N, -120.3500 W"", ""battery_status"": 95}",2026-09-28 08:27:12 UTC,1,ec83baaf1a13df4c6fd340f5a6aabf1fbb8e3281ddce3e9e4710d0c47cc80ed0,SYNCED,0,
2191,SENSOR_LOG,"{""sensor_id"": ""SNS-MH-1002"", ""batch_id"": ""BTC-SEA-5003"", ""shipment_id"": ""SHP-2026-103"", ""timestamp"": ""2026-09-28 04:03:11 UTC"", ""temperature"": -18.65, ""humidity"": 92.9, ""location"": ""GPS: 45.0200 N, -120.3600 W"", ""battery_status"": 95}",2026-09-28 08:27:12 UTC,1,04f11127dffcbed0784a22fd4fd8bdb06ae7d80d1663ece9b86401a6b074894d,SYNCED,0,
2192,SENSOR_LOG,"{""sensor_id"": ""SNS-MH-1002"", ""batch_id"": ""BTC-SEA-5003"", ""shipment_id"": ""SHP-2026-103"", ""timestamp"": ""2026-09-28 04:09:11 UTC"", ""temperature"": -18.77, ""humidity"": 93.2, ""location"": ""GPS: 45.0200 N, -120.3700 W"", ""battery_status"": 95}",2026-09-28 08:27:12 UTC,1,208ffe80081ff11d3ab977a4d5424dc072e9a95be467c8a21cda3f3736fb0be1,SYNCED,0,
2193,SENSOR_LOG,"{""sensor_id"": ""SNS-MH-1002"", ""batch_id"": ""BTC-SEA-5003"", ""shipment_id"": ""SHP-2026-103"", ""timestamp"": ""2026-09-28 04:15:11 UTC"", ""temperature"": -18.77, ""humidity"": 92.4, ""location"": ""GPS: 45.0200 N, -120.3800 W"", ""battery_status"": 95}",2026-09-28 08:27:12 UTC,1,207887eafbdcef4b8e074f1314e811fe1a4ae5792f6f48fffa619a1bec1f393f,SYNCED,0,
2194,SENSOR_LOG,"{""sensor_id"": ""SNS-MH-1002"", ""batch_id"": ""BTC-SEA-5003"", ""shipment_id"": ""SHP-2026-103"", ""timestamp"": ""2026-09-28 04:21:11 UTC"", ""temperature"": -18.26, ""humidity"": 90.4, ""location"": ""GPS: 45.0200 N, -120.3900 W"", ""battery_status"": 95}",2026-09-28 08:27:12 UTC,1,0db4da657bc067c1abd2385e110b8ff82f645c112a14ead671318718e2a5b6d5,SYNCED,0,
2195,SENSOR_LOG,"{""sensor_id"": ""SNS-MH-1002"", ""batch_id"": ""BTC-SEA-5003"", ""shipment_id"": ""SHP-2026-103"", ""timestamp"": ""2026-09-28 04:27:11 UTC"", ""temperature"": -18.33, ""humidity"": 87.3, ""location"": ""GPS: 45.0200 N, -120.4000 W"", ""battery_status"": 95}",2026-09-28 08:27:12 UTC,1,bcd26234e6052a80a850d104279bb325024a79f553dc5a78bb94b744123cf877,SYNCED,0,
2196,SENSOR_LOG,"{""sensor_id"": ""SNS-MH-1002"", ""batch_id"": ""BTC-SEA-5003"", ""shipment_id"": ""SHP-2026-103"", ""timestamp"": ""2026-09-28 04:33:11 UTC"", ""temperature"": -18.27, ""humidity"": 86.3, ""location"": ""GPS: 45.0200 N, -120.4100 W"", ""battery_status"": 95}",2026-09-28 08:27:12 UTC,1,e81c3c00b5f06204447c009ba6e6c71d96f62d7c6e5b17df0b2f63d56f677273,SYNCED,0,
2197,SENSOR_LOG,"{""sensor_id"": ""SNS-MH-1002"", ""batch_id"": ""BTC-SEA-5003"", ""shipment_id"": ""SHP-2026-103"", ""timestamp"": ""2026-09-28 04:39:11 UTC"", ""temperature"": -18.1, ""humidity"": 94.0, ""location"": ""GPS: 45.0200 N, -120.4200 W"", ""battery_status"": 95}",2026-09-28 08:27:12 UTC,1,26db738d11b36ebcd536f34bae122c377652be8a1b416336d97ebe12514bb5e7,SYNCED,0,
2198,SENSOR_LOG,"{""sensor_id"": ""SNS-MH-1002"", ""batch_id"": ""BTC-SEA-5003"", ""shipment_id"": ""SHP-2026-103"", ""timestamp"": ""2026-09-28 04:45:11 UTC"", ""temperature"": -20.26, ""humidity"": 89.2, ""location"": ""GPS: 45.0200 N, -120.4300 W"", ""battery_status"": 95}",2026-09-28 08:27:12 UTC,1,b2e52119bc9f61de9efb19e474eb1304b4e039a74bdeb8e48869c132677cf7ce,SYNCED,0,
2199,SENSOR_LOG,"{""sensor_id"": ""SNS-MH-1002"", ""batch_id"": ""BTC-SEA-5003"", ""shipment_id"": ""SHP-2026-103"", ""timestamp"": ""2026-09-28 04:51:11 UTC"", ""temperature"": -21.99, ""humidity"": 88.3, ""location"": ""GPS: 45.0200 N, -120.4400 W"", ""battery_status"": 95}",2026-09-28 08:27:12 UTC,1,362e8dd3826114ecab0be7ffe29895bfd05f844ab1e053a0dc24f08ada98474a,SYNCED,0,
2200,SENSOR_LOG,"{""sensor_id"": ""SNS-MH-1002"", ""batch_id"": ""BTC-SEA-5003"", ""shipment_id"": ""SHP-2026-103"", ""timestamp"": ""2026-09-28 04:57:11 UTC"", ""temperature"": -19.53, ""humidity"": 92.6, ""location"": ""GPS: 45.0200 N, -120.4500 W"", ""battery_status"": 95}",2026-09-28 08:27:12 UTC,1,0b178c0ad784d709c822692179a7f61cae99899586241845f8b78f15c7f1ab8b,SYNCED,0,
2201,SENSOR_LOG,"{""sensor_id"": ""SNS-MH-1002"", ""batch_id"": ""BTC-SEA-5003"", ""shipment_id"": ""SHP-2026-103"", ""timestamp"": ""2026-09-28 05:03:11 UTC"", ""temperature"": -18.61, ""humidity"": 94.0, ""location"": ""GPS: 45.0200 N, -120.4600 W"", ""battery_status"": 95}",2026-09-28 08:27:12 UTC,1,7ad76a757f778085ad2d9957f77fc9eb61bfe8061eb747d713faa2e308fbffac,SYNCED,0,
2202,SENSOR_LOG,"{""sensor_id"": ""SNS-MH-1002"", ""batch_id"": ""BTC-SEA-5003"", ""shipment_id"": ""SHP-2026-103"", ""timestamp"": ""2026-09-28 05:09:11 UTC"", ""temperature"": -19.92, ""humidity"": 91.4, ""location"": ""GPS: 45.0200 N, -120.4700 W"", ""battery_status"": 95}",2026-09-28 08:27:12 UTC,1,9bb06efae0e09ef808196b3f4924ecc45528b7cfae872aafe63e47a2cde6644e,SYNCED,0,
2203,SENSOR_LOG,"{""sensor_id"": ""SNS-MH-1002"", ""batch_id"": ""BTC-SEA-5003"", ""shipment_id"": ""SHP-2026-103"", ""timestamp"": ""2026-09-28 05:15:11 UTC"", ""temperature"": -21.48, ""humidity"": 90.9, ""location"": ""GPS: 45.0200 N, -120.4800 W"", ""battery_status"": 95}",2026-09-28 08:27:12 UTC,1,a2c72bf2faefa5c7732b8aebb56042caf23c64f46d8744d848cd663717d7a18c,SYNCED,0,
2204,SENSOR_LOG,"{""sensor_id"": ""SNS-MH-1002"", ""batch_id"": ""BTC-SEA-5003"", ""shipment_id"": ""SHP-2026-103"", ""timestamp"": ""2026-09-28 05:21:11 UTC"", ""temperature"": -20.55, ""humidity"": 89.3, ""location"": ""GPS: 45.0200 N, -120.4900 W"", ""battery_status"": 95}",2026-09-28 08:27:12 UTC,1,5e36471a06986df2e6cff1d97523250c297f2c6093be949f8a4f3db21982f57b,SYNCED,0,
2205,SENSOR_LOG,"{""sensor_id"": ""SNS-MH-1002"", ""batch_id"": ""BTC-SEA-5003"", ""shipment_id"": ""SHP-2026-103"", ""timestamp"": ""2026-09-28 05:27:11 UTC"", ""temperature"": -21.1, ""humidity"": 85.2, ""location"": ""GPS: 45.0200 N, -120.5000 W"", ""battery_status"": 95}",2026-09-28 08:27:12 UTC,1,a8699357ad569ab64fa9f6e7c023adbb041f63d5917708f818df61687b3863f9,SYNCED,0,
2206,SENSOR_LOG,"{""sensor_id"": ""SNS-MH-1002"", ""batch_id"": ""BTC-SEA-5003"", ""shipment_id"": ""SHP-2026-103"", ""timestamp"": ""2026-09-28 05:33:11 UTC"", ""temperature"": -20.28, ""humidity"": 89.4, ""location"": ""GPS: 45.0200 N, -120.5100 W"", ""battery_status"": 95}",2026-09-28 08:27:12 UTC,1,af14753b89123167b7080cb6f19870d8be18e6cebc7e313ba03a4b7f7975c51f,SYNCED,0,
2207,SENSOR_LOG,"{""sensor_id"": ""SNS-MH-1002"", ""batch_id"": ""BTC-SEA-5003"", ""shipment_id"": ""SHP-2026-103"", ""timestamp"": ""2026-09-28 05:39:11 UTC"", ""temperature"": -21.04, ""humidity"": 93.1, ""location"": ""GPS: 45.0200 N, -120.5200 W"", ""battery_status"": 95}",2026-09-28 08:27:12 UTC,1,fead6c08c457ddd8b8fd645bf8895f8bfcba21e3b2704ce988da79eeb3b5ce76,SYNCED,0,
2208,SENSOR_LOG,"{""sensor_id"": ""SNS-MH-1002"", ""batch_id"": ""BTC-SEA-5003"", ""shipment_id"": ""SHP-2026-103"", ""timestamp"": ""2026-09-28 05:45:11 UTC"", ""temperature"": -21.65, ""humidity"": 89.7, ""location"": ""GPS: 45.0200 N, -120.5300 W"", ""battery_status"": 95}",2026-09-28 08:27:12 UTC,1,bbcc0929926de08acab3f2447a58d477c7541fe4a497774a34c66ffc8da948ab,SYNCED,0,
2209,SENSOR_LOG,"{""sensor_id"": ""SNS-MH-1002"", ""batch_id"": ""BTC-SEA-5003"", ""shipment_id"": ""SHP-2026-103"", ""timestamp"": ""2026-09-28 05:51:11 UTC"", ""temperature"": -18.86, ""humidity"": 92.2, ""location"": ""GPS: 45.0200 N, -120.5400 W"", ""battery_status"": 95}",2026-09-28 08:27:12 UTC,1,6f7b78826981cdb2a2429451d4f38e1196d18eb75274da2a78507a606aef9fb9,SYNCED,0,
2210,SENSOR_LOG,"{""sensor_id"": ""SNS-MH-1002"", ""batch_id"": ""BTC-SEA-5003"", ""shipment_id"": ""SHP-2026-103"", ""timestamp"": ""2026-09-28 05:57:11 UTC"", ""temperature"": -21.99, ""humidity"": 89.1, ""location"": ""GPS: 45.0200 N, -120.5500 W"", ""battery_status"": 95}",2026-09-28 08:27:12 UTC,1,8ffd77b752f53763f3683200aee55565922104d599f2d50d0669c3dffcfc0f7b,SYNCED,0,
2211,SENSOR_LOG,"{""sensor_id"": ""SNS-MH-1002"", ""batch_id"": ""BTC-SEA-5003"", ""shipment_id"": ""SHP-2026-103"", ""timestamp"": ""2026-09-28 06:03:11 UTC"", ""temperature"": -18.29, ""humidity"": 86.0, ""location"": ""GPS: 45.0200 N, -120.5600 W"", ""battery_status"": 95}",2026-09-28 08:27:12 UTC,1,e2dbb13d20c885c0854be8fd9fb48eabc5521e51cc586653f67746b65664fbf5,SYNCED,0,
2212,SENSOR_LOG,"{""sensor_id"": ""SNS-MH-1002"", ""batch_id"": ""BTC-SEA-5003"", ""shipment_id"": ""SHP-2026-103"", ""timestamp"": ""2026-09-28 06:09:11 UTC"", ""temperature"": -21.21, ""humidity"": 89.5, ""location"": ""GPS: 45.0200 N, -120.5700 W"", ""battery_status"": 95}",2026-09-28 08:27:12 UTC,1,2392cb1a5a34fd6941a03aa2d3e764bd49915441efd66aeb97b90a4b8f2be382,SYNCED,0,
2213,SENSOR_LOG,"{""sensor_id"": ""SNS-MH-1002"", ""batch_id"": ""BTC-SEA-5003"", ""shipment_id"": ""SHP-2026-103"", ""timestamp"": ""2026-09-28 06:15:11 UTC"", ""temperature"": -21.58, ""humidity"": 86.6, ""location"": ""GPS: 45.0200 N, -120.5800 W"", ""battery_status"": 95}",2026-09-28 08:27:12 UTC,1,6b8350e5d2d76c4efe9b78241d50a121d1c398f8bdb5c480f6b66331eca757c4,SYNCED,0,
2214,SENSOR_LOG,"{""sensor_id"": ""SNS-MH-1002"", ""batch_id"": ""BTC-SEA-5003"", ""shipment_id"": ""SHP-2026-103"", ""timestamp"": ""2026-09-28 06:21:11 UTC"", ""temperature"": -19.56, ""humidity"": 93.5, ""location"": ""GPS: 45.0200 N, -120.5900 W"", ""battery_status"": 95}",2026-09-28 08:27:12 UTC,1,55e2d17a61054cf9403919a01fdee0eb61c61170abc4c0b3567994895310e045,SYNCED,0,
2215,SENSOR_LOG,"{""sensor_id"": ""SNS-MH-1002"", ""batch_id"": ""BTC-SEA-5003"", ""shipment_id"": ""SHP-2026-103"", ""timestamp"": ""2026-09-28 06:27:11 UTC"", ""temperature"": -20.12, ""humidity"": 85.0, ""location"": ""GPS: 45.0200 N, -120.6000 W"", ""battery_status"": 95}",2026-09-28 08:27:13 UTC,1,7a095eab77368770506365d4ed7656de6d78fafca2876a0fa4953bf58ce49e4c,SYNCED,0,
2216,SENSOR_LOG,"{""sensor_id"": ""SNS-MH-1002"", ""batch_id"": ""BTC-SEA-5003"", ""shipment_id"": ""SHP-2026-103"", ""timestamp"": ""2026-09-28 06:33:11 UTC"", ""temperature"": -20.6, ""humidity"": 93.5, ""location"": ""GPS: 45.0200 N, -120.6100 W"", ""battery_status"": 95}",2026-09-28 08:27:13 UTC,1,96d97c974f66766f1fd387f399db1d4235ea092040f0e08258b7aa4e4e62afbc,SYNCED,0,
2217,SENSOR_LOG,"{""sensor_id"": ""SNS-MH-1002"", ""batch_id"": ""BTC-SEA-5003"", ""shipment_id"": ""SHP-2026-103"", ""timestamp"": ""2026-09-28 06:39:11 UTC"", ""temperature"": -19.94, ""humidity"": 91.8, ""location"": ""GPS: 45.0200 N, -120.6200 W"", ""battery_status"": 95}",2026-09-28 08:27:13 UTC,1,8df3a60d659210806b313045a2db096b63f0feb8bdd30dbac28771036e11c3e6,SYNCED,0,
2218,SENSOR_LOG,"{""sensor_id"": ""SNS-MH-1002"", ""batch_id"": ""BTC-SEA-5003"", ""shipment_id"": ""SHP-2026-103"", ""timestamp"": ""2026-09-28 06:45:11 UTC"", ""temperature"": -18.59, ""humidity"": 86.3, ""location"": ""GPS: 45.0200 N, -120.6300 W"", ""battery_status"": 95}",2026-09-28 08:27:13 UTC,1,9c59b6aa7be0c1e6f0e9a9398f5b0d71649c3ddae9030eccf1caa74ccff520c4,SYNCED,0,
2219,SENSOR_LOG,"{""sensor_id"": ""SNS-MH-1002"", ""batch_id"": ""BTC-SEA-5003"", ""shipment_id"": ""SHP-2026-103"", ""timestamp"": ""2026-09-28 06:51:11 UTC"", ""temperature"": -19.72, ""humidity"": 89.9, ""location"": ""GPS: 45.0200 N, -120.6400 W"", ""battery_status"": 95}",2026-09-28 08:27:13 UTC,1,1c3eb71105f94608334e9097a327997c6c587c4300ebf687dcc7696bb1199de9,SYNCED,0,
2220,SENSOR_LOG,"{""sensor_id"": ""SNS-MH-1002"", ""batch_id"": ""BTC-SEA-5003"", ""shipment_id"": ""SHP-2026-103"", ""timestamp"": ""2026-09-28 06:57:11 UTC"", ""temperature"": -19.42, ""humidity"": 89.9, ""location"": ""GPS: 45.0200 N, -120.6500 W"", ""battery_status"": 95}",2026-09-28 08:27:13 UTC,1,31fb64bd6bd6173601327a91d84e8c9b589c76923c12bc3d7fc294a8390799e9,SYNCED,0,
2221,SENSOR_LOG,"{""sensor_id"": ""SNS-MH-1002"", ""batch_id"": ""BTC-SEA-5003"", ""shipment_id"": ""SHP-2026-103"", ""timestamp"": ""2026-09-28 07:03:11 UTC"", ""temperature"": -20.72, ""humidity"": 91.2, ""location"": ""GPS: 45.0200 N, -120.6600 W"", ""battery_status"": 95}",2026-09-28 08:27:13 UTC,1,722648b192ac397588ca1bd9dafc4812da03b2c6759f14e8f8b30cde60ce6852,SYNCED,0,
2222,SENSOR_LOG,"{""sensor_id"": ""SNS-MH-1002"", ""batch_id"": ""BTC-SEA-5003"", ""shipment_id"": ""SHP-2026-103"", ""timestamp"": ""2026-09-28 07:09:11 UTC"", ""temperature"": -20.38, ""humidity"": 87.8, ""location"": ""GPS: 45.0200 N, -120.6700 W"", ""battery_status"": 95}",2026-09-28 08:27:13 UTC,1,3745ec72164d1fdc871a41a7176d15d3fda12d3e5b14beb546ae452499d82022,SYNCED,0,
2223,SENSOR_LOG,"{""sensor_id"": ""SNS-MH-1002"", ""batch_id"": ""BTC-SEA-5003"", ""shipment_id"": ""SHP-2026-103"", ""timestamp"": ""2026-09-28 07:15:11 UTC"", ""temperature"": -18.29, ""humidity"": 94.2, ""location"": ""GPS: 45.0200 N, -120.6800 W"", ""battery_status"": 95}",2026-09-28 08:27:13 UTC,1,47f36ce42322e2953ee2d615ea5c4464fa803021b4097979aa24c5825f94772e,SYNCED,0,
2224,SENSOR_LOG,"{""sensor_id"": ""SNS-MH-1002"", ""batch_id"": ""BTC-SEA-5003"", ""shipment_id"": ""SHP-2026-103"", ""timestamp"": ""2026-09-28 07:21:11 UTC"", ""temperature"": -20.88, ""humidity"": 91.5, ""location"": ""GPS: 45.0200 N, -120.6900 W"", ""battery_status"": 95}",2026-09-28 08:27:13 UTC,1,2c578bc0352d908ec722edab2d75ef4cb43659dd4a6812d4da18bf417b79cf8f,SYNCED,0,
2225,SENSOR_LOG,"{""sensor_id"": ""SNS-MH-1002"", ""batch_id"": ""BTC-SEA-5003"", ""shipment_id"": ""SHP-2026-103"", ""timestamp"": ""2026-09-28 07:27:11 UTC"", ""temperature"": -21.6, ""humidity"": 86.2, ""location"": ""GPS: 45.0200 N, -120.7000 W"", ""battery_status"": 95}",2026-09-28 08:27:13 UTC,1,5251e577f37ad9159ff4d018fad38c601a2f24daec707d86f85d019122ca68de,SYNCED,0,
2226,SENSOR_LOG,"{""sensor_id"": ""SNS-MH-1002"", ""batch_id"": ""BTC-SEA-5003"", ""shipment_id"": ""SHP-2026-103"", ""timestamp"": ""2026-09-28 07:33:11 UTC"", ""temperature"": -18.14, ""humidity"": 87.4, ""location"": ""GPS: 45.0200 N, -120.7100 W"", ""battery_status"": 95}",2026-09-28 08:27:13 UTC,1,6126930afb93d8e0a89764f21410d67dad58bc6b594a258a24b842d3d55b8428,SYNCED,0,
2227,SENSOR_LOG,"{""sensor_id"": ""SNS-MH-1002"", ""batch_id"": ""BTC-SEA-5003"", ""shipment_id"": ""SHP-2026-103"", ""timestamp"": ""2026-09-28 07:39:11 UTC"", ""temperature"": -19.33, ""humidity"": 90.6, ""location"": ""GPS: 45.0200 N, -120.7200 W"", ""battery_status"": 95}",2026-09-28 08:27:13 UTC,1,dbf2dd529fe4f8d2ca199c8e132aa00206ea20b1266da4fe7731718bc3653837,SYNCED,0,
2228,SENSOR_LOG,"{""sensor_id"": ""SNS-MH-1002"", ""batch_id"": ""BTC-SEA-5003"", ""shipment_id"": ""SHP-2026-103"", ""timestamp"": ""2026-09-28 07:45:11 UTC"", ""temperature"": -18.01, ""humidity"": 93.0, ""location"": ""GPS: 45.0200 N, -120.7300 W"", ""battery_status"": 95}",2026-09-28 08:27:13 UTC,1,73e6674b15b01a5013ffc7ef23c29e61650a35fe71a78a5e08ab91d47efd9cff,SYNCED,0,
2229,SENSOR_LOG,"{""sensor_id"": ""SNS-MH-1002"", ""batch_id"": ""BTC-SEA-5003"", ""shipment_id"": ""SHP-2026-103"", ""timestamp"": ""2026-09-28 07:51:11 UTC"", ""temperature"": -19.84, ""humidity"": 86.1, ""location"": ""GPS: 45.0200 N, -120.7400 W"", ""battery_status"": 95}",2026-09-28 08:27:13 UTC,1,829f0b20849432598cb78e809346b65b4a6b5402a5bfee17f162e5088a5f88f1,SYNCED,0,
2230,SENSOR_LOG,"{""sensor_id"": ""SNS-MH-1002"", ""batch_id"": ""BTC-SEA-5003"", ""shipment_id"": ""SHP-2026-103"", ""timestamp"": ""2026-09-28 07:57:11 UTC"", ""temperature"": -19.74, ""humidity"": 86.1, ""location"": ""GPS: 45.0200 N, -120.7500 W"", ""battery_status"": 95}",2026-09-28 08:27:13 UTC,1,a25467c3c020d26a667a74f519697a05a37ed13ff4f0a617b212c36d1340065c,SYNCED,0,
2231,SENSOR_LOG,"{""sensor_id"": ""SNS-MH-1002"", ""batch_id"": ""BTC-SEA-5003"", ""shipment_id"": ""SHP-2026-103"", ""timestamp"": ""2026-09-28 08:03:11 UTC"", ""temperature"": -21.12, ""humidity"": 91.4, ""location"": ""GPS: 45.0200 N, -120.7600 W"", ""battery_status"": 95}",2026-09-28 08:27:13 UTC,1,bdadf8e496dfd94c17c8ea47831d93d87335407a261b4473625022f70b23b618,SYNCED,0,
2232,SENSOR_LOG,"{""sensor_id"": ""SNS-MH-1002"", ""batch_id"": ""BTC-SEA-5003"", ""shipment_id"": ""SHP-2026-103"", ""timestamp"": ""2026-09-28 08:09:11 UTC"", ""temperature"": -18.1, ""humidity"": 86.8, ""location"": ""GPS: 45.0200 N, -120.7700 W"", ""battery_status"": 95}",2026-09-28 08:27:13 UTC,1,d924dfea0fcf48cb9ec828e643ebf9dfff7af0437d54ad1a1823152f41b87977,SYNCED,0,
2233,SENSOR_LOG,"{""sensor_id"": ""SNS-MH-1002"", ""batch_id"": ""BTC-SEA-5003"", ""shipment_id"": ""SHP-2026-103"", ""timestamp"": ""2026-09-28 08:15:11 UTC"", ""temperature"": -19.95, ""humidity"": 86.1, ""location"": ""GPS: 45.0200 N, -120.7800 W"", ""battery_status"": 95}",2026-09-28 08:27:13 UTC,1,005c8559037dd980a60e649f810d941d815ee7bbff9e81190cde7b2ba8bccb0d,SYNCED,0,
2234,SENSOR_LOG,"{""sensor_id"": ""SNS-MH-1002"", ""batch_id"": ""BTC-SEA-5003"", ""shipment_id"": ""SHP-2026-103"", ""timestamp"": ""2026-09-28 08:21:11 UTC"", ""temperature"": -21.51, ""humidity"": 87.8, ""location"": ""GPS: 45.0200 N, -120.7900 W"", ""battery_status"": 95}",2026-09-28 08:27:13 UTC,1,4d5a08151c498ce11aa56afca63153b5c86acb475d912f2b72d071cba52b2ef0,SYNCED,0,
2235,SENSOR_LOG,"{""sensor_id"": ""SNS-MH-1003"", ""batch_id"": ""BTC-SEA-5004"", ""shipment_id"": ""SHP-2026-104"", ""timestamp"": ""2026-09-28 00:27:11 UTC"", ""temperature"": -21.07, ""humidity"": 92.4, ""location"": ""GPS: 45.0300 N, -120.0000 W"", ""battery_status"": 95}",2026-09-28 08:27:13 UTC,1,fc11b474a2328f0a89ff304cb339382993784ff0d4458504b3b498f03a36683d,SYNCED,0,
2236,SENSOR_LOG,"{""sensor_id"": ""SNS-MH-1003"", ""batch_id"": ""BTC-SEA-5004"", ""shipment_id"": ""SHP-2026-104"", ""timestamp"": ""2026-09-28 00:33:11 UTC"", ""temperature"": -18.36, ""humidity"": 94.5, ""location"": ""GPS: 45.0300 N, -120.0100 W"", ""battery_status"": 95}",2026-09-28 08:27:13 UTC,1,0c08a89695c38fc55f80961bfead7ec690ee95d25499235996a95db720ca1b28,SYNCED,0,
2237,SENSOR_LOG,"{""sensor_id"": ""SNS-MH-1003"", ""batch_id"": ""BTC-SEA-5004"", ""shipment_id"": ""SHP-2026-104"", ""timestamp"": ""2026-09-28 00:39:11 UTC"", ""temperature"": -20.63, ""humidity"": 91.9, ""location"": ""GPS: 45.0300 N, -120.0200 W"", ""battery_status"": 95}",2026-09-28 08:27:13 UTC,1,0f68f7e5879b9c1330997e07b2fe96e9952dcbe36fd16f1437c06dc2c529d8f3,SYNCED,0,
2238,SENSOR_LOG,"{""sensor_id"": ""SNS-MH-1003"", ""batch_id"": ""BTC-SEA-5004"", ""shipment_id"": ""SHP-2026-104"", ""timestamp"": ""2026-09-28 00:45:11 UTC"", ""temperature"": -19.69, ""humidity"": 87.1, ""location"": ""GPS: 45.0300 N, -120.0300 W"", ""battery_status"": 95}",2026-09-28 08:27:13 UTC,1,035c60972cda1409bb5b38ae801705ad2cb625e0546d100b03bd0453670862a5,SYNCED,0,
2239,SENSOR_LOG,"{""sensor_id"": ""SNS-MH-1003"", ""batch_id"": ""BTC-SEA-5004"", ""shipment_id"": ""SHP-2026-104"", ""timestamp"": ""2026-09-28 00:51:11 UTC"", ""temperature"": -18.24, ""humidity"": 90.8, ""location"": ""GPS: 45.0300 N, -120.0400 W"", ""battery_status"": 95}",2026-09-28 08:27:13 UTC,1,8893a7414bca4ba8fd5e019a7c55e2923542ea36a999c71efa5bd7fcd67129c7,SYNCED,0,
2240,SENSOR_LOG,"{""sensor_id"": ""SNS-MH-1003"", ""batch_id"": ""BTC-SEA-5004"", ""shipment_id"": ""SHP-2026-104"", ""timestamp"": ""2026-09-28 00:57:11 UTC"", ""temperature"": -20.0, ""humidity"": 93.4, ""location"": ""GPS: 45.0300 N, -120.0500 W"", ""battery_status"": 95}",2026-09-28 08:27:13 UTC,1,da1dfc5edec117b3a31b09958d7c8d8d81f5a8839771df418ca9904dab5d37ef,SYNCED,0,
2241,SENSOR_LOG,"{""sensor_id"": ""SNS-MH-1003"", ""batch_id"": ""BTC-SEA-5004"", ""shipment_id"": ""SHP-2026-104"", ""timestamp"": ""2026-09-28 01:03:11 UTC"", ""temperature"": -18.27, ""humidity"": 88.3, ""location"": ""GPS: 45.0300 N, -120.0600 W"", ""battery_status"": 95}",2026-09-28 08:27:13 UTC,1,fc0bf2d1df4bf67dd11338a903328b741853943b9e3d31ed587b30c12390a880,SYNCED,0,
2242,SENSOR_LOG,"{""sensor_id"": ""SNS-MH-1003"", ""batch_id"": ""BTC-SEA-5004"", ""shipment_id"": ""SHP-2026-104"", ""timestamp"": ""2026-09-28 01:09:11 UTC"", ""temperature"": -20.8, ""humidity"": 88.5, ""location"": ""GPS: 45.0300 N, -120.0700 W"", ""battery_status"": 95}",2026-09-28 08:27:13 UTC,1,44529dde12972fbb1c8f340709aa4f9cbd5124d3063e0d98d56fcf92f5128422,SYNCED,0,
2243,SENSOR_LOG,"{""sensor_id"": ""SNS-MH-1003"", ""batch_id"": ""BTC-SEA-5004"", ""shipment_id"": ""SHP-2026-104"", ""timestamp"": ""2026-09-28 01:15:11 UTC"", ""temperature"": -19.53, ""humidity"": 91.3, ""location"": ""GPS: 45.0300 N, -120.0800 W"", ""battery_status"": 95}",2026-09-28 08:27:13 UTC,1,3ceed298498d3b26f47b3941de72472f68e9a1f56a1575bfc8b941afa6bf9029,SYNCED,0,
2244,SENSOR_LOG,"{""sensor_id"": ""SNS-MH-1003"", ""batch_id"": ""BTC-SEA-5004"", ""shipment_id"": ""SHP-2026-104"", ""timestamp"": ""2026-09-28 01:21:11 UTC"", ""temperature"": -20.88, ""humidity"": 89.2, ""location"": ""GPS: 45.0300 N, -120.0900 W"", ""battery_status"": 95}",2026-09-28 08:27:13 UTC,1,0290fa944dacdeeead99fd41e00b6ffd8dd573f7f168dc3e31290d68a50240d9,SYNCED,0,
2245,SENSOR_LOG,"{""sensor_id"": ""SNS-MH-1003"", ""batch_id"": ""BTC-SEA-5004"", ""shipment_id"": ""SHP-2026-104"", ""timestamp"": ""2026-09-28 01:27:11 UTC"", ""temperature"": -20.78, ""humidity"": 89.6, ""location"": ""GPS: 45.0300 N, -120.1000 W"", ""battery_status"": 95}",2026-09-28 08:27:13 UTC,1,81a1cf145d7df87f63fff6dc8107ef2da08306d1926300bf2744b5caa754fbcf,SYNCED,0,
2246,SENSOR_LOG,"{""sensor_id"": ""SNS-MH-1003"", ""batch_id"": ""BTC-SEA-5004"", ""shipment_id"": ""SHP-2026-104"", ""timestamp"": ""2026-09-28 01:33:11 UTC"", ""temperature"": -18.14, ""humidity"": 90.1, ""location"": ""GPS: 45.0300 N, -120.1100 W"", ""battery_status"": 95}",2026-09-28 08:27:13 UTC,1,edafa6573a725ab0eee7e586763fb61266a167f92dca04a954d45170d6b43aab,SYNCED,0,
2247,SENSOR_LOG,"{""sensor_id"": ""SNS-MH-1003"", ""batch_id"": ""BTC-SEA-5004"", ""shipment_id"": ""SHP-2026-104"", ""timestamp"": ""2026-09-28 01:39:11 UTC"", ""temperature"": -21.86, ""humidity"": 92.4, ""location"": ""GPS: 45.0300 N, -120.1200 W"", ""battery_status"": 95}",2026-09-28 08:27:13 UTC,1,1cb36a1b7904444a308baf39c8eba8a87e5be60af5d8d7526c14731d28a9463e,SYNCED,0,
2248,SENSOR_LOG,"{""sensor_id"": ""SNS-MH-1003"", ""batch_id"": ""BTC-SEA-5004"", ""shipment_id"": ""SHP-2026-104"", ""timestamp"": ""2026-09-28 01:45:11 UTC"", ""temperature"": -19.99, ""humidity"": 89.1, ""location"": ""GPS: 45.0300 N, -120.1300 W"", ""battery_status"": 95}",2026-09-28 08:27:13 UTC,1,8d1474b95447a40d2859c27f35fc89d542aac80e9c78523d2134b52536f23422,SYNCED,0,
2249,SENSOR_LOG,"{""sensor_id"": ""SNS-MH-1003"", ""batch_id"": ""BTC-SEA-5004"", ""shipment_id"": ""SHP-2026-104"", ""timestamp"": ""2026-09-28 01:51:11 UTC"", ""temperature"": -21.96, ""humidity"": 87.4, ""location"": ""GPS: 45.0300 N, -120.1400 W"", ""battery_status"": 95}",2026-09-28 08:27:13 UTC,1,e477cd0ff0bbb9df6d9a69b11cc321a1c39fd3644efb17b3bc679da9dfbd753a,SYNCED,0,
2250,SENSOR_LOG,"{""sensor_id"": ""SNS-MH-1003"", ""batch_id"": ""BTC-SEA-5004"", ""shipment_id"": ""SHP-2026-104"", ""timestamp"": ""2026-09-28 01:57:11 UTC"", ""temperature"": -18.97, ""humidity"": 92.7, ""location"": ""GPS: 45.0300 N, -120.1500 W"", ""battery_status"": 95}",2026-09-28 08:27:13 UTC,1,54c7198306e5a35cc405e54e282dc8b792c1ca30c799cc92bc4b63f6bae44235,SYNCED,0,
2251,SENSOR_LOG,"{""sensor_id"": ""SNS-MH-1003"", ""batch_id"": ""BTC-SEA-5004"", ""shipment_id"": ""SHP-2026-104"", ""timestamp"": ""2026-09-28 02:03:11 UTC"", ""temperature"": -20.67, ""humidity"": 91.8, ""location"": ""GPS: 45.0300 N, -120.1600 W"", ""battery_status"": 95}",2026-09-28 08:27:13 UTC,1,40ee3d5f4f2f783ab1209d391fb072c6358aece3fe0be99c331d34d61351be1f,SYNCED,0,
2252,SENSOR_LOG,"{""sensor_id"": ""SNS-MH-1003"", ""batch_id"": ""BTC-SEA-5004"", ""shipment_id"": ""SHP-2026-104"", ""timestamp"": ""2026-09-28 02:09:11 UTC"", ""temperature"": -21.2, ""humidity"": 91.0, ""location"": ""GPS: 45.0300 N, -120.1700 W"", ""battery_status"": 95}",2026-09-28 08:27:13 UTC,1,4e187a7cdd401899a61bfc843ddd9e8645d2bcaa7ca2d3b508af8736a9b26d59,SYNCED,0,
2253,SENSOR_LOG,"{""sensor_id"": ""SNS-MH-1003"", ""batch_id"": ""BTC-SEA-5004"", ""shipment_id"": ""SHP-2026-104"", ""timestamp"": ""2026-09-28 02:15:11 UTC"", ""temperature"": -18.45, ""humidity"": 90.1, ""location"": ""GPS: 45.0300 N, -120.1800 W"", ""battery_status"": 95}",2026-09-28 08:27:13 UTC,1,78bbbf41b20401ce94944edc4d80ab556012c4b32fd9e37d5921af378d59ad05,SYNCED,0,
2254,SENSOR_LOG,"{""sensor_id"": ""SNS-MH-1003"", ""batch_id"": ""BTC-SEA-5004"", ""shipment_id"": ""SHP-2026-104"", ""timestamp"": ""2026-09-28 02:21:11 UTC"", ""temperature"": -19.27, ""humidity"": 89.2, ""location"": ""GPS: 45.0300 N, -120.1900 W"", ""battery_status"": 95}",2026-09-28 08:27:13 UTC,1,eb44e9f47b8f304dfb60a16c2aa715120363b315e3972854bd679e7bf7b94c62,SYNCED,0,
2255,SENSOR_LOG,"{""sensor_id"": ""SNS-MH-1003"", ""batch_id"": ""BTC-SEA-5004"", ""shipment_id"": ""SHP-2026-104"", ""timestamp"": ""2026-09-28 02:27:11 UTC"", ""temperature"": -19.06, ""humidity"": 89.3, ""location"": ""GPS: 45.0300 N, -120.2000 W"", ""battery_status"": 95}",2026-09-28 08:27:13 UTC,1,04d0b4c0d616830be377042673b2dc5c8652655bcf850dc40dab2e1b921117e9,SYNCED,0,
2256,SENSOR_LOG,"{""sensor_id"": ""SNS-MH-1003"", ""batch_id"": ""BTC-SEA-5004"", ""shipment_id"": ""SHP-2026-104"", ""timestamp"": ""2026-09-28 02:33:11 UTC"", ""temperature"": -21.96, ""humidity"": 89.7, ""location"": ""GPS: 45.0300 N, -120.2100 W"", ""battery_status"": 95}",2026-09-28 08:27:13 UTC,1,cc090164fb9b629f6ddc9bfd387115962d5e8410ed0903a7b3dc095780086ec1,SYNCED,0,
2257,SENSOR_LOG,"{""sensor_id"": ""SNS-MH-1003"", ""batch_id"": ""BTC-SEA-5004"", ""shipment_id"": ""SHP-2026-104"", ""timestamp"": ""2026-09-28 02:39:11 UTC"", ""temperature"": -19.41, ""humidity"": 89.3, ""location"": ""GPS: 45.0300 N, -120.2200 W"", ""battery_status"": 95}",2026-09-28 08:27:13 UTC,1,0e3a9e39d9adcc6236305b193f582e367b1df01edc087da4137f45f3a9cb46b1,SYNCED,0,
2258,SENSOR_LOG,"{""sensor_id"": ""SNS-MH-1003"", ""batch_id"": ""BTC-SEA-5004"", ""shipment_id"": ""SHP-2026-104"", ""timestamp"": ""2026-09-28 02:45:11 UTC"", ""temperature"": -19.86, ""humidity"": 89.1, ""location"": ""GPS: 45.0300 N, -120.2300 W"", ""battery_status"": 95}",2026-09-28 08:27:13 UTC,1,1f41756dfd7d04f2fe923b018328b265a6c4142a5ac7ed78d61a61ef30e34ebc,SYNCED,0,
2259,SENSOR_LOG,"{""sensor_id"": ""SNS-MH-1003"", ""batch_id"": ""BTC-SEA-5004"", ""shipment_id"": ""SHP-2026-104"", ""timestamp"": ""2026-09-28 02:51:11 UTC"", ""temperature"": -20.51, ""humidity"": 91.4, ""location"": ""GPS: 45.0300 N, -120.2400 W"", ""battery_status"": 95}",2026-09-28 08:27:13 UTC,1,c540325ef5086cf4037aa1b66f4f24eaf2c15f58f0eeb3f57b7a0bdf60ccad56,SYNCED,0,
2260,SENSOR_LOG,"{""sensor_id"": ""SNS-MH-1003"", ""batch_id"": ""BTC-SEA-5004"", ""shipment_id"": ""SHP-2026-104"", ""timestamp"": ""2026-09-28 02:57:11 UTC"", ""temperature"": -19.95, ""humidity"": 88.7, ""location"": ""GPS: 45.0300 N, -120.2500 W"", ""battery_status"": 95}",2026-09-28 08:27:13 UTC,1,7090b34a54443273725968a03cf246eefe29f439b3eed0a4842d6e6072cad704,SYNCED,0,
2261,SENSOR_LOG,"{""sensor_id"": ""SNS-MH-1003"", ""batch_id"": ""BTC-SEA-5004"", ""shipment_id"": ""SHP-2026-104"", ""timestamp"": ""2026-09-28 03:03:11 UTC"", ""temperature"": -19.39, ""humidity"": 92.4, ""location"": ""GPS: 45.0300 N, -120.2600 W"", ""battery_status"": 95}",2026-09-28 08:27:13 UTC,1,47e624db2eeb344e1b416d8760d0bdcc7ac8183d4d892a4524045db451c1abab,SYNCED,0,
2262,SENSOR_LOG,"{""sensor_id"": ""SNS-MH-1003"", ""batch_id"": ""BTC-SEA-5004"", ""shipment_id"": ""SHP-2026-104"", ""timestamp"": ""2026-09-28 03:09:11 UTC"", ""temperature"": -19.94, ""humidity"": 88.8, ""location"": ""GPS: 45.0300 N, -120.2700 W"", ""battery_status"": 95}",2026-09-28 08:27:13 UTC,1,4e58e63267c86e210a539bf83ad264dca1bd7a4e0fb1b1e8f7d81f069203a5d9,SYNCED,0,
2263,SENSOR_LOG,"{""sensor_id"": ""SNS-MH-1003"", ""batch_id"": ""BTC-SEA-5004"", ""shipment_id"": ""SHP-2026-104"", ""timestamp"": ""2026-09-28 03:15:11 UTC"", ""temperature"": -21.81, ""humidity"": 92.7, ""location"": ""GPS: 45.0300 N, -120.2800 W"", ""battery_status"": 95}",2026-09-28 08:27:13 UTC,1,d9edfab1cf901a1080d82605d658f0ad34002160a25ce669307438980e49f5ae,SYNCED,0,
2264,SENSOR_LOG,"{""sensor_id"": ""SNS-MH-1003"", ""batch_id"": ""BTC-SEA-5004"", ""shipment_id"": ""SHP-2026-104"", ""timestamp"": ""2026-09-28 03:21:11 UTC"", ""temperature"": -19.7, ""humidity"": 93.3, ""location"": ""GPS: 45.0300 N, -120.2900 W"", ""battery_status"": 95}",2026-09-28 08:27:13 UTC,1,221d4c12f1230d6593650a532ee50ce96ad9266ae18aa3fb3cd8f654d87377ae,SYNCED,0,
2265,SENSOR_LOG,"{""sensor_id"": ""SNS-MH-1003"", ""batch_id"": ""BTC-SEA-5004"", ""shipment_id"": ""SHP-2026-104"", ""timestamp"": ""2026-09-28 03:27:11 UTC"", ""temperature"": -21.0, ""humidity"": 94.2, ""location"": ""GPS: 45.0300 N, -120.3000 W"", ""battery_status"": 95}",2026-09-28 08:27:13 UTC,1,0a1c7357a3a3f59d3fa681b695d124e54659e3b49b144cde3a8905dfa19d0820,SYNCED,0,
2266,SENSOR_LOG,"{""sensor_id"": ""SNS-MH-1003"", ""batch_id"": ""BTC-SEA-5004"", ""shipment_id"": ""SHP-2026-104"", ""timestamp"": ""2026-09-28 03:33:11 UTC"", ""temperature"": -21.77, ""humidity"": 86.6, ""location"": ""GPS: 45.0300 N, -120.3100 W"", ""battery_status"": 95}",2026-09-28 08:27:13 UTC,1,1abe79f4a78a7a7a17704edf2dde9d7b9b7fbb4219b879dba0a4c2b93c535058,SYNCED,0,
2267,SENSOR_LOG,"{""sensor_id"": ""SNS-MH-1003"", ""batch_id"": ""BTC-SEA-5004"", ""shipment_id"": ""SHP-2026-104"", ""timestamp"": ""2026-09-28 03:39:11 UTC"", ""temperature"": -19.57, ""humidity"": 90.6, ""location"": ""GPS: 45.0300 N, -120.3200 W"", ""battery_status"": 95}",2026-09-28 08:27:13 UTC,1,a53a86788a1129940398642d71c1a207edccc5cea858c6d78aba4198c83811d1,SYNCED,0,
2268,SENSOR_LOG,"{""sensor_id"": ""SNS-MH-1003"", ""batch_id"": ""BTC-SEA-5004"", ""shipment_id"": ""SHP-2026-104"", ""timestamp"": ""2026-09-28 03:45:11 UTC"", ""temperature"": -19.26, ""humidity"": 88.6, ""location"": ""GPS: 45.0300 N, -120.3300 W"", ""battery_status"": 95}",2026-09-28 08:27:13 UTC,1,11ee4e9030b25e7282d5efb4d34d790962e7cab3e8a8e45f5ba9c4014b12191c,SYNCED,0,
2269,SENSOR_LOG,"{""sensor_id"": ""SNS-MH-1003"", ""batch_id"": ""BTC-SEA-5004"", ""shipment_id"": ""SHP-2026-104"", ""timestamp"": ""2026-09-28 03:51:11 UTC"", ""temperature"": -21.61, ""humidity"": 94.7, ""location"": ""GPS: 45.0300 N, -120.3400 W"", ""battery_status"": 95}",2026-09-28 08:27:13 UTC,1,de5ad8751ffdec5e7d9c6ff2934f75f729adf03565f0f8a212397d6f5a4ceff5,SYNCED,0,
2270,SENSOR_LOG,"{""sensor_id"": ""SNS-MH-1003"", ""batch_id"": ""BTC-SEA-5004"", ""shipment_id"": ""SHP-2026-104"", ""timestamp"": ""2026-09-28 03:57:11 UTC"", ""temperature"": -18.33, ""humidity"": 87.2, ""location"": ""GPS: 45.0300 N, -120.3500 W"", ""battery_status"": 95}",2026-09-28 08:27:13 UTC,1,02f87bea2bc7564b8a33db8e1f1512727f256a4fb8f4eda26cf04eb07e33ba9a,SYNCED,0,
2271,SENSOR_LOG,"{""sensor_id"": ""SNS-MH-1003"", ""batch_id"": ""BTC-SEA-5004"", ""shipment_id"": ""SHP-2026-104"", ""timestamp"": ""2026-09-28 04:03:11 UTC"", ""temperature"": -19.47, ""humidity"": 90.9, ""location"": ""GPS: 45.0300 N, -120.3600 W"", ""battery_status"": 95}",2026-09-28 08:27:13 UTC,1,2ed0a26666fbec218ed06400edf3c793dbd7f7e7ddd1524c82c65a4d5f0f37f0,SYNCED,0,
2272,SENSOR_LOG,"{""sensor_id"": ""SNS-MH-1003"", ""batch_id"": ""BTC-SEA-5004"", ""shipment_id"": ""SHP-2026-104"", ""timestamp"": ""2026-09-28 04:09:11 UTC"", ""temperature"": -21.7, ""humidity"": 90.9, ""location"": ""GPS: 45.0300 N, -120.3700 W"", ""battery_status"": 95}",2026-09-28 08:27:13 UTC,1,550e6f5ead44c11e6f28f18c94f12c04442a41c8ee4e0e15df8936cf207fa68c,SYNCED,0,
2273,SENSOR_LOG,"{""sensor_id"": ""SNS-MH-1003"", ""batch_id"": ""BTC-SEA-5004"", ""shipment_id"": ""SHP-2026-104"", ""timestamp"": ""2026-09-28 04:15:11 UTC"", ""temperature"": -18.85, ""humidity"": 93.4, ""location"": ""GPS: 45.0300 N, -120.3800 W"", ""battery_status"": 95}",2026-09-28 08:27:13 UTC,1,d3ae1e1008c3a1e6f7f7b70e024d18d20e57511ad251bdeb852249536d0730c6,SYNCED,0,
2274,SENSOR_LOG,"{""sensor_id"": ""SNS-MH-1003"", ""batch_id"": ""BTC-SEA-5004"", ""shipment_id"": ""SHP-2026-104"", ""timestamp"": ""2026-09-28 04:21:11 UTC"", ""temperature"": -21.65, ""humidity"": 94.0, ""location"": ""GPS: 45.0300 N, -120.3900 W"", ""battery_status"": 95}",2026-09-28 08:27:13 UTC,1,096e945c2c20f915ae0da15b51e315d6921e58b114925937cce662e90ded5f07,SYNCED,0,
2275,SENSOR_LOG,"{""sensor_id"": ""SNS-MH-1003"", ""batch_id"": ""BTC-SEA-5004"", ""shipment_id"": ""SHP-2026-104"", ""timestamp"": ""2026-09-28 04:27:11 UTC"", ""temperature"": -20.16, ""humidity"": 85.0, ""location"": ""GPS: 45.0300 N, -120.4000 W"", ""battery_status"": 95}",2026-09-28 08:27:13 UTC,1,138e716cf95bae59adb04b11a9650da461c4c32045afca649689d6730e962abe,SYNCED,0,
2276,SENSOR_LOG,"{""sensor_id"": ""SNS-MH-1003"", ""batch_id"": ""BTC-SEA-5004"", ""shipment_id"": ""SHP-2026-104"", ""timestamp"": ""2026-09-28 04:33:11 UTC"", ""temperature"": -18.64, ""humidity"": 90.5, ""location"": ""GPS: 45.0300 N, -120.4100 W"", ""battery_status"": 95}",2026-09-28 08:27:13 UTC,1,f7ebee2a625346526ccf42d4e5a6e70d68bd209624b15d7af29a0fd0b7d9f5f2,SYNCED,0,
2277,SENSOR_LOG,"{""sensor_id"": ""SNS-MH-1003"", ""batch_id"": ""BTC-SEA-5004"", ""shipment_id"": ""SHP-2026-104"", ""timestamp"": ""2026-09-28 04:39:11 UTC"", ""temperature"": -18.16, ""humidity"": 91.7, ""location"": ""GPS: 45.0300 N, -120.4200 W"", ""battery_status"": 95}",2026-09-28 08:27:13 UTC,1,c58f17d6d6940ac12a1f3fc28bb6158416880b876b883bee7abeb8a0684274d3,SYNCED,0,
2278,SENSOR_LOG,"{""sensor_id"": ""SNS-MH-1003"", ""batch_id"": ""BTC-SEA-5004"", ""shipment_id"": ""SHP-2026-104"", ""timestamp"": ""2026-09-28 04:45:11 UTC"", ""temperature"": -19.72, ""humidity"": 89.8, ""location"": ""GPS: 45.0300 N, -120.4300 W"", ""battery_status"": 95}",2026-09-28 08:27:13 UTC,1,d333473b223358024a4c0aab2de0dd17bad08c4544fd5b2332a386f732dfefb7,SYNCED,0,
2279,SENSOR_LOG,"{""sensor_id"": ""SNS-MH-1003"", ""batch_id"": ""BTC-SEA-5004"", ""shipment_id"": ""SHP-2026-104"", ""timestamp"": ""2026-09-28 04:51:11 UTC"", ""temperature"": -20.92, ""humidity"": 90.8, ""location"": ""GPS: 45.0300 N, -120.4400 W"", ""battery_status"": 95}",2026-09-28 08:27:13 UTC,1,ce7c135d8f187d7c20aeee6adff6a416db0fe0fead4191c1bed46c8fc334c408,SYNCED,0,
2280,SENSOR_LOG,"{""sensor_id"": ""SNS-MH-1003"", ""batch_id"": ""BTC-SEA-5004"", ""shipment_id"": ""SHP-2026-104"", ""timestamp"": ""2026-09-28 04:57:11 UTC"", ""temperature"": -18.64, ""humidity"": 85.5, ""location"": ""GPS: 45.0300 N, -120.4500 W"", ""battery_status"": 95}",2026-09-28 08:27:13 UTC,1,3f07fdcbc5ad7d1890047cf82ec7ae7468a892275115696296f392c6b4c593f8,SYNCED,0,
2281,SENSOR_LOG,"{""sensor_id"": ""SNS-MH-1003"", ""batch_id"": ""BTC-SEA-5004"", ""shipment_id"": ""SHP-2026-104"", ""timestamp"": ""2026-09-28 05:03:11 UTC"", ""temperature"": -21.39, ""humidity"": 89.2, ""location"": ""GPS: 45.0300 N, -120.4600 W"", ""battery_status"": 95}",2026-09-28 08:27:13 UTC,1,741c36e0a02af10750848bb8bb57b81058d1e6199ed0cce6dabe5118ae9631e8,SYNCED,0,
2282,SENSOR_LOG,"{""sensor_id"": ""SNS-MH-1003"", ""batch_id"": ""BTC-SEA-5004"", ""shipment_id"": ""SHP-2026-104"", ""timestamp"": ""2026-09-28 05:09:11 UTC"", ""temperature"": -19.95, ""humidity"": 90.5, ""location"": ""GPS: 45.0300 N, -120.4700 W"", ""battery_status"": 95}",2026-09-28 08:27:13 UTC,1,782e6f276f19f61105d41e488dd28809b3b5365a56ebc8be2779f9f95cfe75d5,SYNCED,0,
2283,SENSOR_LOG,"{""sensor_id"": ""SNS-MH-1003"", ""batch_id"": ""BTC-SEA-5004"", ""shipment_id"": ""SHP-2026-104"", ""timestamp"": ""2026-09-28 05:15:11 UTC"", ""temperature"": -19.75, ""humidity"": 88.0, ""location"": ""GPS: 45.0300 N, -120.4800 W"", ""battery_status"": 95}",2026-09-28 08:27:13 UTC,1,131734f9850332e0a81f49d803b75f06feef9f1aa5beb77fc5139d4611f26f94,SYNCED,0,
2284,SENSOR_LOG,"{""sensor_id"": ""SNS-MH-1003"", ""batch_id"": ""BTC-SEA-5004"", ""shipment_id"": ""SHP-2026-104"", ""timestamp"": ""2026-09-28 05:21:11 UTC"", ""temperature"": -21.35, ""humidity"": 93.0, ""location"": ""GPS: 45.0300 N, -120.4900 W"", ""battery_status"": 95}",2026-09-28 08:27:13 UTC,1,96c2e4b462546a112088ebbe035202d67a390ca97f9a69a0f238d4db3079684e,SYNCED,0,
2285,SENSOR_LOG,"{""sensor_id"": ""SNS-MH-1003"", ""batch_id"": ""BTC-SEA-5004"", ""shipment_id"": ""SHP-2026-104"", ""timestamp"": ""2026-09-28 05:27:11 UTC"", ""temperature"": -18.84, ""humidity"": 88.7, ""location"": ""GPS: 45.0300 N, -120.5000 W"", ""battery_status"": 95}",2026-09-28 08:27:13 UTC,1,2d5f6d46a89cba3d8e332be89ed4863a3c57db2c6bcfc7b48b89e50b418c4cf7,SYNCED,0,
2286,SENSOR_LOG,"{""sensor_id"": ""SNS-MH-1003"", ""batch_id"": ""BTC-SEA-5004"", ""shipment_id"": ""SHP-2026-104"", ""timestamp"": ""2026-09-28 05:33:11 UTC"", ""temperature"": -21.55, ""humidity"": 88.6, ""location"": ""GPS: 45.0300 N, -120.5100 W"", ""battery_status"": 95}",2026-09-28 08:27:13 UTC,1,db5398b465786a9602292152490ddb0d5b2287de38975c20aa1d02f0cbfccf96,SYNCED,0,
2287,SENSOR_LOG,"{""sensor_id"": ""SNS-MH-1003"", ""batch_id"": ""BTC-SEA-5004"", ""shipment_id"": ""SHP-2026-104"", ""timestamp"": ""2026-09-28 05:39:11 UTC"", ""temperature"": -18.59, ""humidity"": 93.5, ""location"": ""GPS: 45.0300 N, -120.5200 W"", ""battery_status"": 95}",2026-09-28 08:27:13 UTC,1,fee9134dda366bfdb1353504842af6a7b2a23f7f40008fead83470e2e5d6e967,SYNCED,0,
2288,SENSOR_LOG,"{""sensor_id"": ""SNS-MH-1003"", ""batch_id"": ""BTC-SEA-5004"", ""shipment_id"": ""SHP-2026-104"", ""timestamp"": ""2026-09-28 05:45:11 UTC"", ""temperature"": -18.44, ""humidity"": 86.0, ""location"": ""GPS: 45.0300 N, -120.5300 W"", ""battery_status"": 95}",2026-09-28 08:27:13 UTC,1,4e287544d9a7e1727aaa9b898995a008e0a00f99b745ff333d416a1b52e66eb3,SYNCED,0,
2289,SENSOR_LOG,"{""sensor_id"": ""SNS-MH-1003"", ""batch_id"": ""BTC-SEA-5004"", ""shipment_id"": ""SHP-2026-104"", ""timestamp"": ""2026-09-28 05:51:11 UTC"", ""temperature"": -21.96, ""humidity"": 93.6, ""location"": ""GPS: 45.0300 N, -120.5400 W"", ""battery_status"": 95}",2026-09-28 08:27:13 UTC,1,f70d55f2a1b1a8cf50f0ea90376329b974b6ecdc1a011d1b5e776d9ca84edeb5,SYNCED,0,
2290,SENSOR_LOG,"{""sensor_id"": ""SNS-MH-1003"", ""batch_id"": ""BTC-SEA-5004"", ""shipment_id"": ""SHP-2026-104"", ""timestamp"": ""2026-09-28 05:57:11 UTC"", ""temperature"": -20.3, ""humidity"": 87.3, ""location"": ""GPS: 45.0300 N, -120.5500 W"", ""battery_status"": 95}",2026-09-28 08:27:13 UTC,1,2796c1d88ca8a095be8c9d4acb1bb0233f2b297227b4ad7eb11bf54ee256b653,SYNCED,0,
2291,SENSOR_LOG,"{""sensor_id"": ""SNS-MH-1003"", ""batch_id"": ""BTC-SEA-5004"", ""shipment_id"": ""SHP-2026-104"", ""timestamp"": ""2026-09-28 06:03:11 UTC"", ""temperature"": -19.34, ""humidity"": 87.4, ""location"": ""GPS: 45.0300 N, -120.5600 W"", ""battery_status"": 95}",2026-09-28 08:27:13 UTC,1,b2b2d272f89abd72a58fc708ff301208d153a2b1d73d639b09611941ac840f32,SYNCED,0,
2292,SENSOR_LOG,"{""sensor_id"": ""SNS-MH-1003"", ""batch_id"": ""BTC-SEA-5004"", ""shipment_id"": ""SHP-2026-104"", ""timestamp"": ""2026-09-28 06:09:11 UTC"", ""temperature"": -21.44, ""humidity"": 87.7, ""location"": ""GPS: 45.0300 N, -120.5700 W"", ""battery_status"": 95}",2026-09-28 08:27:13 UTC,1,512b863ea8f0d7a5d0a0d0db802b9e233f4139acbba99083f0173cdcb55fd911,SYNCED,0,
2293,SENSOR_LOG,"{""sensor_id"": ""SNS-MH-1003"", ""batch_id"": ""BTC-SEA-5004"", ""shipment_id"": ""SHP-2026-104"", ""timestamp"": ""2026-09-28 06:15:11 UTC"", ""temperature"": -18.49, ""humidity"": 90.1, ""location"": ""GPS: 45.0300 N, -120.5800 W"", ""battery_status"": 95}",2026-09-28 08:27:13 UTC,1,140187a7e90d09122967aa15d034db5645307552a17176818729dd2915328885,SYNCED,0,
2294,SENSOR_LOG,"{""sensor_id"": ""SNS-MH-1003"", ""batch_id"": ""BTC-SEA-5004"", ""shipment_id"": ""SHP-2026-104"", ""timestamp"": ""2026-09-28 06:21:11 UTC"", ""temperature"": -20.37, ""humidity"": 88.9, ""location"": ""GPS: 45.0300 N, -120.5900 W"", ""battery_status"": 95}",2026-09-28 08:27:13 UTC,1,cd84180ce5c13cb42642fbb195966bb1b86bbc94e82960b6e8e963471487f789,SYNCED,0,
2295,SENSOR_LOG,"{""sensor_id"": ""SNS-MH-1003"", ""batch_id"": ""BTC-SEA-5004"", ""shipment_id"": ""SHP-2026-104"", ""timestamp"": ""2026-09-28 06:27:11 UTC"", ""temperature"": -19.43, ""humidity"": 93.3, ""location"": ""GPS: 45.0300 N, -120.6000 W"", ""battery_status"": 95}",2026-09-28 08:27:13 UTC,1,41f56bc0d91cca8134380553917e884de06b61f95b8f7c0ecc9a2fb399ab9940,SYNCED,0,
2296,SENSOR_LOG,"{""sensor_id"": ""SNS-MH-1003"", ""batch_id"": ""BTC-SEA-5004"", ""shipment_id"": ""SHP-2026-104"", ""timestamp"": ""2026-09-28 06:33:11 UTC"", ""temperature"": -20.52, ""humidity"": 87.1, ""location"": ""GPS: 45.0300 N, -120.6100 W"", ""battery_status"": 95}",2026-09-28 08:27:13 UTC,1,48ffedf82d7f4e668633ef9f0a3611d4fbe66c921c91237a922eec35016befdd,SYNCED,0,
2297,SENSOR_LOG,"{""sensor_id"": ""SNS-MH-1003"", ""batch_id"": ""BTC-SEA-5004"", ""shipment_id"": ""SHP-2026-104"", ""timestamp"": ""2026-09-28 06:39:11 UTC"", ""temperature"": -21.86, ""humidity"": 90.5, ""location"": ""GPS: 45.0300 N, -120.6200 W"", ""battery_status"": 95}",2026-09-28 08:27:13 UTC,1,8d31d763ffd24ff44b54e3f62e03ca8ea2c080e4aa6357ddb2bf56a829323222,SYNCED,0,
2298,SENSOR_LOG,"{""sensor_id"": ""SNS-MH-1003"", ""batch_id"": ""BTC-SEA-5004"", ""shipment_id"": ""SHP-2026-104"", ""timestamp"": ""2026-09-28 06:45:11 UTC"", ""temperature"": -20.89, ""humidity"": 91.4, ""location"": ""GPS: 45.0300 N, -120.6300 W"", ""battery_status"": 95}",2026-09-28 08:27:13 UTC,1,11140190f6da53c92f9e9cbd7898e9ef2fea2e7347a084ea9baa54fd8b4e6a98,SYNCED,0,
2299,SENSOR_LOG,"{""sensor_id"": ""SNS-MH-1003"", ""batch_id"": ""BTC-SEA-5004"", ""shipment_id"": ""SHP-2026-104"", ""timestamp"": ""2026-09-28 06:51:11 UTC"", ""temperature"": -19.19, ""humidity"": 89.9, ""location"": ""GPS: 45.0300 N, -120.6400 W"", ""battery_status"": 95}",2026-09-28 08:27:13 UTC,1,5cd341e4108b66b4fc73e3537b17849abfb98d9a97c704a9d9dc0422da0cd9bb,SYNCED,0,
2300,SENSOR_LOG,"{""sensor_id"": ""SNS-MH-1003"", ""batch_id"": ""BTC-SEA-5004"", ""shipment_id"": ""SHP-2026-104"", ""timestamp"": ""2026-09-28 06:57:11 UTC"", ""temperature"": -20.14, ""humidity"": 94.6, ""location"": ""GPS: 45.0300 N, -120.6500 W"", ""battery_status"": 95}",2026-09-28 08:27:13 UTC,1,5697c7ba27e2967abdf296fd027309b9b125b5a4b1e97ffaf8893500d8e353f1,SYNCED,0,
2301,SENSOR_LOG,"{""sensor_id"": ""SNS-MH-1003"", ""batch_id"": ""BTC-SEA-5004"", ""shipment_id"": ""SHP-2026-104"", ""timestamp"": ""2026-09-28 07:03:11 UTC"", ""temperature"": -20.76, ""humidity"": 91.6, ""location"": ""GPS: 45.0300 N, -120.6600 W"", ""battery_status"": 95}",2026-09-28 08:27:13 UTC,1,2982edbc9b3c5aee5f7f2624be20423f328db9b79f93814f3ee3f3dc9388e856,SYNCED,0,
2302,SENSOR_LOG,"{""sensor_id"": ""SNS-MH-1003"", ""batch_id"": ""BTC-SEA-5004"", ""shipment_id"": ""SHP-2026-104"", ""timestamp"": ""2026-09-28 07:09:11 UTC"", ""temperature"": -21.77, ""humidity"": 93.2, ""location"": ""GPS: 45.0300 N, -120.6700 W"", ""battery_status"": 95}",2026-09-28 08:27:13 UTC,1,bd985f7fc4a2a330e15dbec6a7e4e951a881c3d8a206365bd9d28416b98941b6,SYNCED,0,
2303,SENSOR_LOG,"{""sensor_id"": ""SNS-MH-1003"", ""batch_id"": ""BTC-SEA-5004"", ""shipment_id"": ""SHP-2026-104"", ""timestamp"": ""2026-09-28 07:15:11 UTC"", ""temperature"": -20.33, ""humidity"": 90.0, ""location"": ""GPS: 45.0300 N, -120.6800 W"", ""battery_status"": 95}",2026-09-28 08:27:13 UTC,1,30b223d7efe550bb9d288d280c6b9d5ac69848aed95d9f32cd4b562607ae81b4,SYNCED,0,
2304,SENSOR_LOG,"{""sensor_id"": ""SNS-MH-1003"", ""batch_id"": ""BTC-SEA-5004"", ""shipment_id"": ""SHP-2026-104"", ""timestamp"": ""2026-09-28 07:21:11 UTC"", ""temperature"": -19.91, ""humidity"": 88.9, ""location"": ""GPS: 45.0300 N, -120.6900 W"", ""battery_status"": 95}",2026-09-28 08:27:13 UTC,1,2f44b68440a0e525a899db1f6718ebd9964352e1809eda4e4621e94302246908,SYNCED,0,
2305,SENSOR_LOG,"{""sensor_id"": ""SNS-MH-1003"", ""batch_id"": ""BTC-SEA-5004"", ""shipment_id"": ""SHP-2026-104"", ""timestamp"": ""2026-09-28 07:27:11 UTC"", ""temperature"": -19.75, ""humidity"": 87.2, ""location"": ""GPS: 45.0300 N, -120.7000 W"", ""battery_status"": 95}",2026-09-28 08:27:13 UTC,1,3be0489a977f14ef45ca60ba585fb3f52461965c81ede8e6c0c18f7c0ba7a00c,SYNCED,0,
2306,SENSOR_LOG,"{""sensor_id"": ""SNS-MH-1003"", ""batch_id"": ""BTC-SEA-5004"", ""shipment_id"": ""SHP-2026-104"", ""timestamp"": ""2026-09-28 07:33:11 UTC"", ""temperature"": -18.43, ""humidity"": 92.4, ""location"": ""GPS: 45.0300 N, -120.7100 W"", ""battery_status"": 95}",2026-09-28 08:27:13 UTC,1,bce18711f717b0b30f82bb044b952da69aa7d7c587d0eb5d06ac89e05fa793d1,SYNCED,0,
2307,SENSOR_LOG,"{""sensor_id"": ""SNS-MH-1003"", ""batch_id"": ""BTC-SEA-5004"", ""shipment_id"": ""SHP-2026-104"", ""timestamp"": ""2026-09-28 07:39:11 UTC"", ""temperature"": -19.14, ""humidity"": 88.3, ""location"": ""GPS: 45.0300 N, -120.7200 W"", ""battery_status"": 95}",2026-09-28 08:27:13 UTC,1,71ae84aafc17e8062c3edf06d4caa7067f752d704478f4ab793e7603b0067d7f,SYNCED,0,
2308,SENSOR_LOG,"{""sensor_id"": ""SNS-MH-1003"", ""batch_id"": ""BTC-SEA-5004"", ""shipment_id"": ""SHP-2026-104"", ""timestamp"": ""2026-09-28 07:45:11 UTC"", ""temperature"": -20.51, ""humidity"": 89.8, ""location"": ""GPS: 45.0300 N, -120.7300 W"", ""battery_status"": 95}",2026-09-28 08:27:13 UTC,1,48ae48780162226bfe6f3bd7ce03591bb93c9654d048edcaa914abc9dec67d5f,SYNCED,0,
2309,SENSOR_LOG,"{""sensor_id"": ""SNS-MH-1003"", ""batch_id"": ""BTC-SEA-5004"", ""shipment_id"": ""SHP-2026-104"", ""timestamp"": ""2026-09-28 07:51:11 UTC"", ""temperature"": -20.77, ""humidity"": 92.4, ""location"": ""GPS: 45.0300 N, -120.7400 W"", ""battery_status"": 95}",2026-09-28 08:27:13 UTC,1,1cbb0f95f3133e26f99374822409eb39b275e192abe92220c4b95784f4d626a0,SYNCED,0,
2310,SENSOR_LOG,"{""sensor_id"": ""SNS-MH-1003"", ""batch_id"": ""BTC-SEA-5004"", ""shipment_id"": ""SHP-2026-104"", ""timestamp"": ""2026-09-28 07:57:11 UTC"", ""temperature"": -18.3, ""humidity"": 85.8, ""location"": ""GPS: 45.0300 N, -120.7500 W"", ""battery_status"": 95}",2026-09-28 08:27:13 UTC,1,f2fdec83ca89c379b8f1aeb0e693445776e3a01b5054fd8f531517d0a7164f2d,SYNCED,0,
2311,SENSOR_LOG,"{""sensor_id"": ""SNS-MH-1003"", ""batch_id"": ""BTC-SEA-5004"", ""shipment_id"": ""SHP-2026-104"", ""timestamp"": ""2026-09-28 08:03:11 UTC"", ""temperature"": -19.25, ""humidity"": 90.2, ""location"": ""GPS: 45.0300 N, -120.7600 W"", ""battery_status"": 95}",2026-09-28 08:27:13 UTC,1,1e04881b8bd2d688c35fc3447d295f32985752e2a59a3bcc03afdcba9b719c42,SYNCED,0,
2312,SENSOR_LOG,"{""sensor_id"": ""SNS-MH-1003"", ""batch_id"": ""BTC-SEA-5004"", ""shipment_id"": ""SHP-2026-104"", ""timestamp"": ""2026-09-28 08:09:11 UTC"", ""temperature"": -21.22, ""humidity"": 91.3, ""location"": ""GPS: 45.0300 N, -120.7700 W"", ""battery_status"": 95}",2026-09-28 08:27:13 UTC,1,31273ee1edb26ee76684afd00dd4e770f312aa7561c379cfb6ad69568656e3ce,SYNCED,0,
2313,SENSOR_LOG,"{""sensor_id"": ""SNS-MH-1003"", ""batch_id"": ""BTC-SEA-5004"", ""shipment_id"": ""SHP-2026-104"", ""timestamp"": ""2026-09-28 08:15:11 UTC"", ""temperature"": -18.12, ""humidity"": 89.6, ""location"": ""GPS: 45.0300 N, -120.7800 W"", ""battery_status"": 95}",2026-09-28 08:27:13 UTC,1,fc320f2110ee20a3d8615ac1d5e77772ba403a1e571ee8d7ae478c7fbb7001e5,SYNCED,0,
2314,SENSOR_LOG,"{""sensor_id"": ""SNS-MH-1003"", ""batch_id"": ""BTC-SEA-5004"", ""shipment_id"": ""SHP-2026-104"", ""timestamp"": ""2026-09-28 08:21:11 UTC"", ""temperature"": -18.77, ""humidity"": 88.4, ""location"": ""GPS: 45.0300 N, -120.7900 W"", ""battery_status"": 95}",2026-09-28 08:27:13 UTC,1,623354a8e3b6352f3a68bef5ef60b504a64d6a2098e80f6848c2cd587a0b4cf0,SYNCED,0,
2315,SENSOR_LOG,"{""sensor_id"": ""SNS-MH-1004"", ""batch_id"": ""BTC-SEA-5005"", ""shipment_id"": ""SHP-2026-105"", ""timestamp"": ""2026-09-28 00:27:11 UTC"", ""temperature"": -21.29, ""humidity"": 92.7, ""location"": ""GPS: 45.0400 N, -120.0000 W"", ""battery_status"": 95}",2026-09-28 08:27:13 UTC,1,2e6820d08f69157845750aef8e09bac89091734d33222713e6a4090d427708cc,SYNCED,0,
2316,SENSOR_LOG,"{""sensor_id"": ""SNS-MH-1004"", ""batch_id"": ""BTC-SEA-5005"", ""shipment_id"": ""SHP-2026-105"", ""timestamp"": ""2026-09-28 00:33:11 UTC"", ""temperature"": -18.86, ""humidity"": 87.5, ""location"": ""GPS: 45.0400 N, -120.0100 W"", ""battery_status"": 95}",2026-09-28 08:27:13 UTC,1,41f06fe540ec08b74c42a1e2aeb137ccc43ad78f3a4d079938a4d6d86cb6a619,SYNCED,0,
2317,SENSOR_LOG,"{""sensor_id"": ""SNS-MH-1004"", ""batch_id"": ""BTC-SEA-5005"", ""shipment_id"": ""SHP-2026-105"", ""timestamp"": ""2026-09-28 00:39:11 UTC"", ""temperature"": -20.26, ""humidity"": 86.8, ""location"": ""GPS: 45.0400 N, -120.0200 W"", ""battery_status"": 95}",2026-09-28 08:27:13 UTC,1,bcd9ca1d2f12192953d8c5ed19be4265c9efe9e072c6c7a3a79f2cb590dae5bb,SYNCED,0,
2318,SENSOR_LOG,"{""sensor_id"": ""SNS-MH-1004"", ""batch_id"": ""BTC-SEA-5005"", ""shipment_id"": ""SHP-2026-105"", ""timestamp"": ""2026-09-28 00:45:11 UTC"", ""temperature"": -19.22, ""humidity"": 92.4, ""location"": ""GPS: 45.0400 N, -120.0300 W"", ""battery_status"": 95}",2026-09-28 08:27:13 UTC,1,c43e3d06e729d8698a06784d3d42f634f14f18d164980bd34cbef93d51ed26dd,SYNCED,0,
2319,SENSOR_LOG,"{""sensor_id"": ""SNS-MH-1004"", ""batch_id"": ""BTC-SEA-5005"", ""shipment_id"": ""SHP-2026-105"", ""timestamp"": ""2026-09-28 00:51:11 UTC"", ""temperature"": -18.79, ""humidity"": 88.9, ""location"": ""GPS: 45.0400 N, -120.0400 W"", ""battery_status"": 95}",2026-09-28 08:27:13 UTC,1,f5aa5e9ebf4334fbc5a7fca36cde45e2695c2fff9bbb12236a14b4506c40663d,SYNCED,0,
2320,SENSOR_LOG,"{""sensor_id"": ""SNS-MH-1004"", ""batch_id"": ""BTC-SEA-5005"", ""shipment_id"": ""SHP-2026-105"", ""timestamp"": ""2026-09-28 00:57:11 UTC"", ""temperature"": -20.12, ""humidity"": 93.0, ""location"": ""GPS: 45.0400 N, -120.0500 W"", ""battery_status"": 95}",2026-09-28 08:27:13 UTC,1,20da8ee90e4a0a1b7da479cdbe0e72ff6fc1fd258a3ff17163d6e78b670f58f4,SYNCED,0,
2321,SENSOR_LOG,"{""sensor_id"": ""SNS-MH-1004"", ""batch_id"": ""BTC-SEA-5005"", ""shipment_id"": ""SHP-2026-105"", ""timestamp"": ""2026-09-28 01:03:11 UTC"", ""temperature"": -19.15, ""humidity"": 88.3, ""location"": ""GPS: 45.0400 N, -120.0600 W"", ""battery_status"": 95}",2026-09-28 08:27:13 UTC,1,f16f9458bc6c3d9f5d7919098a404e8a5d9cd23ecc92f6a0c66efb838a80482a,SYNCED,0,
2322,SENSOR_LOG,"{""sensor_id"": ""SNS-MH-1004"", ""batch_id"": ""BTC-SEA-5005"", ""shipment_id"": ""SHP-2026-105"", ""timestamp"": ""2026-09-28 01:09:11 UTC"", ""temperature"": -20.48, ""humidity"": 85.4, ""location"": ""GPS: 45.0400 N, -120.0700 W"", ""battery_status"": 95}",2026-09-28 08:27:13 UTC,1,91056c44cb37195c45ab9442da2b83b4e82bb315d44af1c8e125830ae85720d1,SYNCED,0,
2323,SENSOR_LOG,"{""sensor_id"": ""SNS-MH-1004"", ""batch_id"": ""BTC-SEA-5005"", ""shipment_id"": ""SHP-2026-105"", ""timestamp"": ""2026-09-28 01:15:11 UTC"", ""temperature"": -21.15, ""humidity"": 92.6, ""location"": ""GPS: 45.0400 N, -120.0800 W"", ""battery_status"": 95}",2026-09-28 08:27:13 UTC,1,4e3a1e1e97a267c43da9a6b415b9b5f865ba10c090e9f24fb1d70ea3cdb6b065,SYNCED,0,
2324,SENSOR_LOG,"{""sensor_id"": ""SNS-MH-1004"", ""batch_id"": ""BTC-SEA-5005"", ""shipment_id"": ""SHP-2026-105"", ""timestamp"": ""2026-09-28 01:21:11 UTC"", ""temperature"": -21.17, ""humidity"": 87.4, ""location"": ""GPS: 45.0400 N, -120.0900 W"", ""battery_status"": 95}",2026-09-28 08:27:13 UTC,1,f4a9abf86b5ada022339c7b72647443b09492e682100f8c2d4506a2e781d6c38,SYNCED,0,
2325,SENSOR_LOG,"{""sensor_id"": ""SNS-MH-1004"", ""batch_id"": ""BTC-SEA-5005"", ""shipment_id"": ""SHP-2026-105"", ""timestamp"": ""2026-09-28 01:27:11 UTC"", ""temperature"": -21.78, ""humidity"": 92.6, ""location"": ""GPS: 45.0400 N, -120.1000 W"", ""battery_status"": 95}",2026-09-28 08:27:13 UTC,1,24ce3d03d5a9e7defc20c950b258cc595fa4ecc972879b897c57128fd3c8ab70,SYNCED,0,
2326,SENSOR_LOG,"{""sensor_id"": ""SNS-MH-1004"", ""batch_id"": ""BTC-SEA-5005"", ""shipment_id"": ""SHP-2026-105"", ""timestamp"": ""2026-09-28 01:33:11 UTC"", ""temperature"": -19.33, ""humidity"": 91.7, ""location"": ""GPS: 45.0400 N, -120.1100 W"", ""battery_status"": 95}",2026-09-28 08:27:13 UTC,1,9d0254c4633cbb29d213d983b19ad608726cfdc02b7b553a44dc1db388dca6c8,SYNCED,0,
2327,SENSOR_LOG,"{""sensor_id"": ""SNS-MH-1004"", ""batch_id"": ""BTC-SEA-5005"", ""shipment_id"": ""SHP-2026-105"", ""timestamp"": ""2026-09-28 01:39:11 UTC"", ""temperature"": -19.24, ""humidity"": 88.5, ""location"": ""GPS: 45.0400 N, -120.1200 W"", ""battery_status"": 95}",2026-09-28 08:27:13 UTC,1,f8385fd84afcc136b7fd9d48c5f7939ca71d248de5e7b10adf06538e76d3fb2d,SYNCED,0,
2328,SENSOR_LOG,"{""sensor_id"": ""SNS-MH-1004"", ""batch_id"": ""BTC-SEA-5005"", ""shipment_id"": ""SHP-2026-105"", ""timestamp"": ""2026-09-28 01:45:11 UTC"", ""temperature"": -21.12, ""humidity"": 92.0, ""location"": ""GPS: 45.0400 N, -120.1300 W"", ""battery_status"": 95}",2026-09-28 08:27:13 UTC,1,175b5a6a67edfb2ffb91c1076dd4860e0f47e65b8c24115faa5bcc26ee76dda3,SYNCED,0,
2329,SENSOR_LOG,"{""sensor_id"": ""SNS-MH-1004"", ""batch_id"": ""BTC-SEA-5005"", ""shipment_id"": ""SHP-2026-105"", ""timestamp"": ""2026-09-28 01:51:11 UTC"", ""temperature"": -19.39, ""humidity"": 95.0, ""location"": ""GPS: 45.0400 N, -120.1400 W"", ""battery_status"": 95}",2026-09-28 08:27:13 UTC,1,b44300b3683482bd01954b775532bc240dd031b7f8cb0f671634f58c4eeb0285,SYNCED,0,
2330,SENSOR_LOG,"{""sensor_id"": ""SNS-MH-1004"", ""batch_id"": ""BTC-SEA-5005"", ""shipment_id"": ""SHP-2026-105"", ""timestamp"": ""2026-09-28 01:57:11 UTC"", ""temperature"": -19.45, ""humidity"": 94.1, ""location"": ""GPS: 45.0400 N, -120.1500 W"", ""battery_status"": 95}",2026-09-28 08:27:13 UTC,1,7ab3f026023d1390dd6c4788c99fd3c25c82464003afe36b80cfd9c7a84c66ff,SYNCED,0,
2331,SENSOR_LOG,"{""sensor_id"": ""SNS-MH-1004"", ""batch_id"": ""BTC-SEA-5005"", ""shipment_id"": ""SHP-2026-105"", ""timestamp"": ""2026-09-28 02:03:11 UTC"", ""temperature"": -19.43, ""humidity"": 92.0, ""location"": ""GPS: 45.0400 N, -120.1600 W"", ""battery_status"": 95}",2026-09-28 08:27:13 UTC,1,2c8ef4cb492b98210ccc1b642b02b11d305d0e9f07d5d4b043b589a076e73f97,SYNCED,0,
2332,SENSOR_LOG,"{""sensor_id"": ""SNS-MH-1004"", ""batch_id"": ""BTC-SEA-5005"", ""shipment_id"": ""SHP-2026-105"", ""timestamp"": ""2026-09-28 02:09:11 UTC"", ""temperature"": -20.49, ""humidity"": 89.1, ""location"": ""GPS: 45.0400 N, -120.1700 W"", ""battery_status"": 95}",2026-09-28 08:27:13 UTC,1,8797f7b8a17a74395fb0e52d34225734d4df62f45af7b9a9c2dced2e41e35fca,SYNCED,0,
2333,SENSOR_LOG,"{""sensor_id"": ""SNS-MH-1004"", ""batch_id"": ""BTC-SEA-5005"", ""shipment_id"": ""SHP-2026-105"", ""timestamp"": ""2026-09-28 02:15:11 UTC"", ""temperature"": -20.3, ""humidity"": 90.9, ""location"": ""GPS: 45.0400 N, -120.1800 W"", ""battery_status"": 95}",2026-09-28 08:27:13 UTC,1,f900b7b69a1cc7e1b0a0c58f418ab6a4613a2212a6e78597148af3f526d1424a,SYNCED,0,
2334,SENSOR_LOG,"{""sensor_id"": ""SNS-MH-1004"", ""batch_id"": ""BTC-SEA-5005"", ""shipment_id"": ""SHP-2026-105"", ""timestamp"": ""2026-09-28 02:21:11 UTC"", ""temperature"": -20.37, ""humidity"": 93.9, ""location"": ""GPS: 45.0400 N, -120.1900 W"", ""battery_status"": 95}",2026-09-28 08:27:13 UTC,1,51721c6e803ea7d39ab13dc3bd3229b8ee0cc31fe10b989528961610fd17c310,SYNCED,0,
2335,SENSOR_LOG,"{""sensor_id"": ""SNS-MH-1004"", ""batch_id"": ""BTC-SEA-5005"", ""shipment_id"": ""SHP-2026-105"", ""timestamp"": ""2026-09-28 02:27:11 UTC"", ""temperature"": -19.66, ""humidity"": 90.4, ""location"": ""GPS: 45.0400 N, -120.2000 W"", ""battery_status"": 95}",2026-09-28 08:27:13 UTC,1,17d014923f4572004ab4937b6de919842dba7fae0214095e44e27a77f44f5f04,SYNCED,0,
2336,SENSOR_LOG,"{""sensor_id"": ""SNS-MH-1004"", ""batch_id"": ""BTC-SEA-5005"", ""shipment_id"": ""SHP-2026-105"", ""timestamp"": ""2026-09-28 02:33:11 UTC"", ""temperature"": -21.43, ""humidity"": 94.0, ""location"": ""GPS: 45.0400 N, -120.2100 W"", ""battery_status"": 95}",2026-09-28 08:27:13 UTC,1,890703087c90f0b6b62d064af7fefdc14094db3889e545d5c92cc6df40adf2b4,SYNCED,0,
2337,SENSOR_LOG,"{""sensor_id"": ""SNS-MH-1004"", ""batch_id"": ""BTC-SEA-5005"", ""shipment_id"": ""SHP-2026-105"", ""timestamp"": ""2026-09-28 02:39:11 UTC"", ""temperature"": -19.11, ""humidity"": 91.5, ""location"": ""GPS: 45.0400 N, -120.2200 W"", ""battery_status"": 95}",2026-09-28 08:27:13 UTC,1,7a17d41dca6f94670d418f1b0ef0c76425f83ec0f50905c1cb3de975d6521986,SYNCED,0,
2338,SENSOR_LOG,"{""sensor_id"": ""SNS-MH-1004"", ""batch_id"": ""BTC-SEA-5005"", ""shipment_id"": ""SHP-2026-105"", ""timestamp"": ""2026-09-28 02:45:11 UTC"", ""temperature"": -20.23, ""humidity"": 93.1, ""location"": ""GPS: 45.0400 N, -120.2300 W"", ""battery_status"": 95}",2026-09-28 08:27:13 UTC,1,0aeee6096a42d719a4f747b41c3330ef5cfa5d7ea0a17a1afcf86a18a51d41d6,SYNCED,0,
2339,SENSOR_LOG,"{""sensor_id"": ""SNS-MH-1004"", ""batch_id"": ""BTC-SEA-5005"", ""shipment_id"": ""SHP-2026-105"", ""timestamp"": ""2026-09-28 02:51:11 UTC"", ""temperature"": -20.13, ""humidity"": 85.6, ""location"": ""GPS: 45.0400 N, -120.2400 W"", ""battery_status"": 95}",2026-09-28 08:27:13 UTC,1,b878fcaf5eac34c9762b19049c9036b5552bcc88a2cdd25fc501233500fe9944,SYNCED,0,
2340,SENSOR_LOG,"{""sensor_id"": ""SNS-MH-1004"", ""batch_id"": ""BTC-SEA-5005"", ""shipment_id"": ""SHP-2026-105"", ""timestamp"": ""2026-09-28 02:57:11 UTC"", ""temperature"": -20.89, ""humidity"": 85.8, ""location"": ""GPS: 45.0400 N, -120.2500 W"", ""battery_status"": 95}",2026-09-28 08:27:13 UTC,1,d5c5f863b65d3e3d648afb8e096234d1c045ea606a716eb609cec33ac9db1b5b,SYNCED,0,
2341,SENSOR_LOG,"{""sensor_id"": ""SNS-MH-1004"", ""batch_id"": ""BTC-SEA-5005"", ""shipment_id"": ""SHP-2026-105"", ""timestamp"": ""2026-09-28 03:03:11 UTC"", ""temperature"": -20.9, ""humidity"": 86.3, ""location"": ""GPS: 45.0400 N, -120.2600 W"", ""battery_status"": 95}",2026-09-28 08:27:13 UTC,1,de9db3149cd2b18eea9cba032fcbb1d6908152ec0192d40e66822e4e4b06e50f,SYNCED,0,
2342,SENSOR_LOG,"{""sensor_id"": ""SNS-MH-1004"", ""batch_id"": ""BTC-SEA-5005"", ""shipment_id"": ""SHP-2026-105"", ""timestamp"": ""2026-09-28 03:09:11 UTC"", ""temperature"": -18.67, ""humidity"": 94.0, ""location"": ""GPS: 45.0400 N, -120.2700 W"", ""battery_status"": 95}",2026-09-28 08:27:13 UTC,1,68c5af377fa1e5462f2b54f2c08ed0c897015eec6b34fa5ba52eef4538faa83f,SYNCED,0,
2343,SENSOR_LOG,"{""sensor_id"": ""SNS-MH-1004"", ""batch_id"": ""BTC-SEA-5005"", ""shipment_id"": ""SHP-2026-105"", ""timestamp"": ""2026-09-28 03:15:11 UTC"", ""temperature"": -18.21, ""humidity"": 87.3, ""location"": ""GPS: 45.0400 N, -120.2800 W"", ""battery_status"": 95}",2026-09-28 08:27:14 UTC,1,fd03a6899fea4a068a06a4b002001aa72347ef75aeee1ba064ccd3eca2ac9ed9,SYNCED,0,
2344,SENSOR_LOG,"{""sensor_id"": ""SNS-MH-1004"", ""batch_id"": ""BTC-SEA-5005"", ""shipment_id"": ""SHP-2026-105"", ""timestamp"": ""2026-09-28 03:21:11 UTC"", ""temperature"": -19.66, ""humidity"": 90.8, ""location"": ""GPS: 45.0400 N, -120.2900 W"", ""battery_status"": 95}",2026-09-28 08:27:14 UTC,1,be7e23c3b3df65ff2a83dce406f03bccb3b470e7840ba807dbf6c03dfd083b43,SYNCED,0,
2345,SENSOR_LOG,"{""sensor_id"": ""SNS-MH-1004"", ""batch_id"": ""BTC-SEA-5005"", ""shipment_id"": ""SHP-2026-105"", ""timestamp"": ""2026-09-28 03:27:11 UTC"", ""temperature"": -20.8, ""humidity"": 94.4, ""location"": ""GPS: 45.0400 N, -120.3000 W"", ""battery_status"": 95}",2026-09-28 08:27:14 UTC,1,bf44d03f6f509177d6a180b03f2f542307170f360f491da346f3c6debd2d01f9,SYNCED,0,
2346,SENSOR_LOG,"{""sensor_id"": ""SNS-MH-1004"", ""batch_id"": ""BTC-SEA-5005"", ""shipment_id"": ""SHP-2026-105"", ""timestamp"": ""2026-09-28 03:33:11 UTC"", ""temperature"": -20.51, ""humidity"": 88.7, ""location"": ""GPS: 45.0400 N, -120.3100 W"", ""battery_status"": 95}",2026-09-28 08:27:14 UTC,1,c9be537c19d063d247d1a505a9193dcf358dfc17f726b0320300eca658e6db0f,SYNCED,0,
2347,SENSOR_LOG,"{""sensor_id"": ""SNS-MH-1004"", ""batch_id"": ""BTC-SEA-5005"", ""shipment_id"": ""SHP-2026-105"", ""timestamp"": ""2026-09-28 03:39:11 UTC"", ""temperature"": -21.26, ""humidity"": 91.0, ""location"": ""GPS: 45.0400 N, -120.3200 W"", ""battery_status"": 95}",2026-09-28 08:27:14 UTC,1,7032603a9edd9e460202b1ed6121c89ed2e4be1074b3fef4f7af206058821fd6,SYNCED,0,
2348,SENSOR_LOG,"{""sensor_id"": ""SNS-MH-1004"", ""batch_id"": ""BTC-SEA-5005"", ""shipment_id"": ""SHP-2026-105"", ""timestamp"": ""2026-09-28 03:45:11 UTC"", ""temperature"": -18.48, ""humidity"": 93.3, ""location"": ""GPS: 45.0400 N, -120.3300 W"", ""battery_status"": 95}",2026-09-28 08:27:14 UTC,1,5bf214dd414941e0810c14c1612f60dd3a4e517e50bbbbe07a242f171aa1a922,SYNCED,0,
2349,SENSOR_LOG,"{""sensor_id"": ""SNS-MH-1004"", ""batch_id"": ""BTC-SEA-5005"", ""shipment_id"": ""SHP-2026-105"", ""timestamp"": ""2026-09-28 03:51:11 UTC"", ""temperature"": -21.69, ""humidity"": 85.1, ""location"": ""GPS: 45.0400 N, -120.3400 W"", ""battery_status"": 95}",2026-09-28 08:27:14 UTC,1,17b87aff5c628e2a3c603fef4823a9eb9803cf5756bbf30e03a79a5eb2796b37,SYNCED,0,
2350,SENSOR_LOG,"{""sensor_id"": ""SNS-MH-1004"", ""batch_id"": ""BTC-SEA-5005"", ""shipment_id"": ""SHP-2026-105"", ""timestamp"": ""2026-09-28 03:57:11 UTC"", ""temperature"": -19.61, ""humidity"": 87.7, ""location"": ""GPS: 45.0400 N, -120.3500 W"", ""battery_status"": 95}",2026-09-28 08:27:14 UTC,1,f1128f0e58f8816282e48cb7b320a597c5e65bdca43b637fdf65a74ccdee0a5c,SYNCED,0,
2351,SENSOR_LOG,"{""sensor_id"": ""SNS-MH-1004"", ""batch_id"": ""BTC-SEA-5005"", ""shipment_id"": ""SHP-2026-105"", ""timestamp"": ""2026-09-28 04:03:11 UTC"", ""temperature"": -20.33, ""humidity"": 85.9, ""location"": ""GPS: 45.0400 N, -120.3600 W"", ""battery_status"": 95}",2026-09-28 08:27:14 UTC,1,ff057c7fc4921bce15a96e172a3980344e2f21a1695a540b088fa9d2859839b7,SYNCED,0,
2352,SENSOR_LOG,"{""sensor_id"": ""SNS-MH-1004"", ""batch_id"": ""BTC-SEA-5005"", ""shipment_id"": ""SHP-2026-105"", ""timestamp"": ""2026-09-28 04:09:11 UTC"", ""temperature"": -20.93, ""humidity"": 90.5, ""location"": ""GPS: 45.0400 N, -120.3700 W"", ""battery_status"": 95}",2026-09-28 08:27:14 UTC,1,f9d0d2fb05f9033b048567e464d25614fefd9aaf725ee86469583c29ba3c36f9,SYNCED,0,
2353,SENSOR_LOG,"{""sensor_id"": ""SNS-MH-1004"", ""batch_id"": ""BTC-SEA-5005"", ""shipment_id"": ""SHP-2026-105"", ""timestamp"": ""2026-09-28 04:15:11 UTC"", ""temperature"": -18.62, ""humidity"": 92.1, ""location"": ""GPS: 45.0400 N, -120.3800 W"", ""battery_status"": 95}",2026-09-28 08:27:14 UTC,1,20c9bf8975d449526f1724f7f4e1a97fe96d93d622c45e9915a3df8e1512ea0a,SYNCED,0,
2354,SENSOR_LOG,"{""sensor_id"": ""SNS-MH-1004"", ""batch_id"": ""BTC-SEA-5005"", ""shipment_id"": ""SHP-2026-105"", ""timestamp"": ""2026-09-28 04:21:11 UTC"", ""temperature"": -19.29, ""humidity"": 86.0, ""location"": ""GPS: 45.0400 N, -120.3900 W"", ""battery_status"": 95}",2026-09-28 08:27:14 UTC,1,0b6cee636998dbb3968014f5fbb1e6e90c350fc9beeb27be42dabeb374296063,SYNCED,0,
2355,SENSOR_LOG,"{""sensor_id"": ""SNS-MH-1004"", ""batch_id"": ""BTC-SEA-5005"", ""shipment_id"": ""SHP-2026-105"", ""timestamp"": ""2026-09-28 04:27:11 UTC"", ""temperature"": -20.5, ""humidity"": 86.8, ""location"": ""GPS: 45.0400 N, -120.4000 W"", ""battery_status"": 95}",2026-09-28 08:27:14 UTC,1,fa40c32f5d379d86ad1ea2af90026c41ce109f4df00c649d99a16248ce318e93,SYNCED,0,
2356,SENSOR_LOG,"{""sensor_id"": ""SNS-MH-1004"", ""batch_id"": ""BTC-SEA-5005"", ""shipment_id"": ""SHP-2026-105"", ""timestamp"": ""2026-09-28 04:33:11 UTC"", ""temperature"": -19.97, ""humidity"": 93.3, ""location"": ""GPS: 45.0400 N, -120.4100 W"", ""battery_status"": 95}",2026-09-28 08:27:14 UTC,1,58423f700c33fb1e63c175e39ee316741caf23c1e60402b4624e71655619724d,SYNCED,0,
2357,SENSOR_LOG,"{""sensor_id"": ""SNS-MH-1004"", ""batch_id"": ""BTC-SEA-5005"", ""shipment_id"": ""SHP-2026-105"", ""timestamp"": ""2026-09-28 04:39:11 UTC"", ""temperature"": -18.7, ""humidity"": 93.0, ""location"": ""GPS: 45.0400 N, -120.4200 W"", ""battery_status"": 95}",2026-09-28 08:27:14 UTC,1,fd6185036b43dc5a6fc13872259eb12f5d704bd7931bb90fbc4dd6801bd503c8,SYNCED,0,
2358,SENSOR_LOG,"{""sensor_id"": ""SNS-MH-1004"", ""batch_id"": ""BTC-SEA-5005"", ""shipment_id"": ""SHP-2026-105"", ""timestamp"": ""2026-09-28 04:45:11 UTC"", ""temperature"": -20.2, ""humidity"": 85.2, ""location"": ""GPS: 45.0400 N, -120.4300 W"", ""battery_status"": 95}",2026-09-28 08:27:14 UTC,1,c19c72a4a040faa2f5a1a36f762abc7babf32ab4cdaa1e4a2f51484bb0718589,SYNCED,0,
2359,SENSOR_LOG,"{""sensor_id"": ""SNS-MH-1004"", ""batch_id"": ""BTC-SEA-5005"", ""shipment_id"": ""SHP-2026-105"", ""timestamp"": ""2026-09-28 04:51:11 UTC"", ""temperature"": -19.6, ""humidity"": 86.9, ""location"": ""GPS: 45.0400 N, -120.4400 W"", ""battery_status"": 95}",2026-09-28 08:27:14 UTC,1,204c614302e0e96711738c05975aff59aca6464a5da37e34ca51749e4df1845f,SYNCED,0,
2360,SENSOR_LOG,"{""sensor_id"": ""SNS-MH-1004"", ""batch_id"": ""BTC-SEA-5005"", ""shipment_id"": ""SHP-2026-105"", ""timestamp"": ""2026-09-28 04:57:11 UTC"", ""temperature"": -19.95, ""humidity"": 94.0, ""location"": ""GPS: 45.0400 N, -120.4500 W"", ""battery_status"": 95}",2026-09-28 08:27:14 UTC,1,175b9f8269af8e06ef883f7121c8da34f21b3a2ba8941025562788acd675ad3b,SYNCED,0,
2361,SENSOR_LOG,"{""sensor_id"": ""SNS-MH-1004"", ""batch_id"": ""BTC-SEA-5005"", ""shipment_id"": ""SHP-2026-105"", ""timestamp"": ""2026-09-28 05:03:11 UTC"", ""temperature"": -20.72, ""humidity"": 93.2, ""location"": ""GPS: 45.0400 N, -120.4600 W"", ""battery_status"": 95}",2026-09-28 08:27:14 UTC,1,177c28b7e58cdbf025e9c59ebb55ee2af42a1a3b38ac3502bd33cd18f8e77729,SYNCED,0,
2362,SENSOR_LOG,"{""sensor_id"": ""SNS-MH-1004"", ""batch_id"": ""BTC-SEA-5005"", ""shipment_id"": ""SHP-2026-105"", ""timestamp"": ""2026-09-28 05:09:11 UTC"", ""temperature"": -18.5, ""humidity"": 89.6, ""location"": ""GPS: 45.0400 N, -120.4700 W"", ""battery_status"": 95}",2026-09-28 08:27:14 UTC,1,e4f9ef050f86b7b4ae9f5f106a671005570d226f824e435b0706c462cc16b1e1,SYNCED,0,
2363,SENSOR_LOG,"{""sensor_id"": ""SNS-MH-1004"", ""batch_id"": ""BTC-SEA-5005"", ""shipment_id"": ""SHP-2026-105"", ""timestamp"": ""2026-09-28 05:15:11 UTC"", ""temperature"": -18.38, ""humidity"": 88.4, ""location"": ""GPS: 45.0400 N, -120.4800 W"", ""battery_status"": 95}",2026-09-28 08:27:14 UTC,1,b2c6a1ce1185cf0a2ec4ad128e0d84bd070d3d5a5afc87871fbe371b9c01b03e,SYNCED,0,
2364,SENSOR_LOG,"{""sensor_id"": ""SNS-MH-1004"", ""batch_id"": ""BTC-SEA-5005"", ""shipment_id"": ""SHP-2026-105"", ""timestamp"": ""2026-09-28 05:21:11 UTC"", ""temperature"": -19.73, ""humidity"": 95.0, ""location"": ""GPS: 45.0400 N, -120.4900 W"", ""battery_status"": 95}",2026-09-28 08:27:14 UTC,1,0c2a2282c68b59b672e8759c71e785f85b82a407841632c86e1c518f16a13c2a,SYNCED,0,
2365,SENSOR_LOG,"{""sensor_id"": ""SNS-MH-1004"", ""batch_id"": ""BTC-SEA-5005"", ""shipment_id"": ""SHP-2026-105"", ""timestamp"": ""2026-09-28 05:27:11 UTC"", ""temperature"": -21.87, ""humidity"": 93.8, ""location"": ""GPS: 45.0400 N, -120.5000 W"", ""battery_status"": 95}",2026-09-28 08:27:14 UTC,1,b653969e94e6048f98bf0656ec4efdf7e6aecb317cc62309574fbecf54e43711,SYNCED,0,
2366,SENSOR_LOG,"{""sensor_id"": ""SNS-MH-1004"", ""batch_id"": ""BTC-SEA-5005"", ""shipment_id"": ""SHP-2026-105"", ""timestamp"": ""2026-09-28 05:33:11 UTC"", ""temperature"": -20.37, ""humidity"": 94.3, ""location"": ""GPS: 45.0400 N, -120.5100 W"", ""battery_status"": 95}",2026-09-28 08:27:14 UTC,1,5f5271793a9efdd182611a4fc6baf4b182b77ab13f1e96e8b91517f4d2994912,SYNCED,0,
2367,SENSOR_LOG,"{""sensor_id"": ""SNS-MH-1004"", ""batch_id"": ""BTC-SEA-5005"", ""shipment_id"": ""SHP-2026-105"", ""timestamp"": ""2026-09-28 05:39:11 UTC"", ""temperature"": -21.54, ""humidity"": 88.4, ""location"": ""GPS: 45.0400 N, -120.5200 W"", ""battery_status"": 95}",2026-09-28 08:27:14 UTC,1,30a20152785ba2bf12b6113e71a2e4a658c64d936b2b5f9e597db07440fea42a,SYNCED,0,
2368,SENSOR_LOG,"{""sensor_id"": ""SNS-MH-1004"", ""batch_id"": ""BTC-SEA-5005"", ""shipment_id"": ""SHP-2026-105"", ""timestamp"": ""2026-09-28 05:45:11 UTC"", ""temperature"": -20.63, ""humidity"": 88.6, ""location"": ""GPS: 45.0400 N, -120.5300 W"", ""battery_status"": 95}",2026-09-28 08:27:14 UTC,1,72818a7a82fd929e3e42e8180f052723e18100bab5739487fd6ee09025187fb1,SYNCED,0,
2369,SENSOR_LOG,"{""sensor_id"": ""SNS-MH-1004"", ""batch_id"": ""BTC-SEA-5005"", ""shipment_id"": ""SHP-2026-105"", ""timestamp"": ""2026-09-28 05:51:11 UTC"", ""temperature"": -18.63, ""humidity"": 94.0, ""location"": ""GPS: 45.0400 N, -120.5400 W"", ""battery_status"": 95}",2026-09-28 08:27:14 UTC,1,319b9c63e8b8c1fd560bbed3669025491cbab5e5cdf64c3732a1f31496382b2f,SYNCED,0,
2370,SENSOR_LOG,"{""sensor_id"": ""SNS-MH-1004"", ""batch_id"": ""BTC-SEA-5005"", ""shipment_id"": ""SHP-2026-105"", ""timestamp"": ""2026-09-28 05:57:11 UTC"", ""temperature"": -18.4, ""humidity"": 92.4, ""location"": ""GPS: 45.0400 N, -120.5500 W"", ""battery_status"": 95}",2026-09-28 08:27:14 UTC,1,4e82700f042fc9dd835ed7037de847645e26c34c4fa8f305c8b8ba1087cb3736,SYNCED,0,
2371,SENSOR_LOG,"{""sensor_id"": ""SNS-MH-1004"", ""batch_id"": ""BTC-SEA-5005"", ""shipment_id"": ""SHP-2026-105"", ""timestamp"": ""2026-09-28 06:03:11 UTC"", ""temperature"": -20.45, ""humidity"": 89.3, ""location"": ""GPS: 45.0400 N, -120.5600 W"", ""battery_status"": 95}",2026-09-28 08:27:14 UTC,1,826832df550768d22dad0a76d2a40fed62fa335d520b62edac25c6db79e7ce06,SYNCED,0,
2372,SENSOR_LOG,"{""sensor_id"": ""SNS-MH-1004"", ""batch_id"": ""BTC-SEA-5005"", ""shipment_id"": ""SHP-2026-105"", ""timestamp"": ""2026-09-28 06:09:11 UTC"", ""temperature"": -21.8, ""humidity"": 90.1, ""location"": ""GPS: 45.0400 N, -120.5700 W"", ""battery_status"": 95}",2026-09-28 08:27:14 UTC,1,9bf76e2558e9acb3afe7307a845287512053ca8d6303e73b5f11e15955857141,SYNCED,0,
2373,SENSOR_LOG,"{""sensor_id"": ""SNS-MH-1004"", ""batch_id"": ""BTC-SEA-5005"", ""shipment_id"": ""SHP-2026-105"", ""timestamp"": ""2026-09-28 06:15:11 UTC"", ""temperature"": -18.84, ""humidity"": 87.3, ""location"": ""GPS: 45.0400 N, -120.5800 W"", ""battery_status"": 95}",2026-09-28 08:27:14 UTC,1,0587b961ef575675f630a7b56f4c92fa047d4cb33f42ab3019db53aa58bf2f6e,SYNCED,0,
2374,SENSOR_LOG,"{""sensor_id"": ""SNS-MH-1004"", ""batch_id"": ""BTC-SEA-5005"", ""shipment_id"": ""SHP-2026-105"", ""timestamp"": ""2026-09-28 06:21:11 UTC"", ""temperature"": -19.84, ""humidity"": 93.1, ""location"": ""GPS: 45.0400 N, -120.5900 W"", ""battery_status"": 95}",2026-09-28 08:27:14 UTC,1,f6c5955d9e06143d5f905a4c131b28f8a31d13e03f421498d8ed1cf89d4e4aa1,SYNCED,0,
2375,SENSOR_LOG,"{""sensor_id"": ""SNS-MH-1004"", ""batch_id"": ""BTC-SEA-5005"", ""shipment_id"": ""SHP-2026-105"", ""timestamp"": ""2026-09-28 06:27:11 UTC"", ""temperature"": -19.23, ""humidity"": 91.9, ""location"": ""GPS: 45.0400 N, -120.6000 W"", ""battery_status"": 95}",2026-09-28 08:27:14 UTC,1,98c934b79e9fb444a8b995a0b616dd06283b6e0c273e490735e5ff15afc0a81b,SYNCED,0,
2376,SENSOR_LOG,"{""sensor_id"": ""SNS-MH-1004"", ""batch_id"": ""BTC-SEA-5005"", ""shipment_id"": ""SHP-2026-105"", ""timestamp"": ""2026-09-28 06:33:11 UTC"", ""temperature"": -20.73, ""humidity"": 88.1, ""location"": ""GPS: 45.0400 N, -120.6100 W"", ""battery_status"": 95}",2026-09-28 08:27:14 UTC,1,a7f6fc2f588548fbb0b1c82fd597eaf38e878cb13f74ee844a77699261c2ec9f,SYNCED,0,
2377,SENSOR_LOG,"{""sensor_id"": ""SNS-MH-1004"", ""batch_id"": ""BTC-SEA-5005"", ""shipment_id"": ""SHP-2026-105"", ""timestamp"": ""2026-09-28 06:39:11 UTC"", ""temperature"": -21.83, ""humidity"": 85.6, ""location"": ""GPS: 45.0400 N, -120.6200 W"", ""battery_status"": 95}",2026-09-28 08:27:14 UTC,1,8e0476257bf14888e113ba1c9a89661080c1fe9dbef9779994a92c1755f407e7,SYNCED,0,
2378,SENSOR_LOG,"{""sensor_id"": ""SNS-MH-1004"", ""batch_id"": ""BTC-SEA-5005"", ""shipment_id"": ""SHP-2026-105"", ""timestamp"": ""2026-09-28 06:45:11 UTC"", ""temperature"": -20.46, ""humidity"": 91.6, ""location"": ""GPS: 45.0400 N, -120.6300 W"", ""battery_status"": 95}",2026-09-28 08:27:14 UTC,1,4cd3dc1d0c3e3129092ae3a571525bcea497780ac442354db5670398e2ea7719,SYNCED,0,
2379,SENSOR_LOG,"{""sensor_id"": ""SNS-MH-1004"", ""batch_id"": ""BTC-SEA-5005"", ""shipment_id"": ""SHP-2026-105"", ""timestamp"": ""2026-09-28 06:51:11 UTC"", ""temperature"": -18.76, ""humidity"": 87.5, ""location"": ""GPS: 45.0400 N, -120.6400 W"", ""battery_status"": 95}",2026-09-28 08:27:14 UTC,1,ee936eaadaaafbdc8c7f97bb1404f2d774187f28d723c1974cdd8feafdc02767,SYNCED,0,
2380,SENSOR_LOG,"{""sensor_id"": ""SNS-MH-1004"", ""batch_id"": ""BTC-SEA-5005"", ""shipment_id"": ""SHP-2026-105"", ""timestamp"": ""2026-09-28 06:57:11 UTC"", ""temperature"": -20.24, ""humidity"": 92.2, ""location"": ""GPS: 45.0400 N, -120.6500 W"", ""battery_status"": 95}",2026-09-28 08:27:14 UTC,1,17d61cbe773d3a552e3613e4c673e5c33366f13078c1641c79c08e85cda4c800,SYNCED,0,
2381,SENSOR_LOG,"{""sensor_id"": ""SNS-MH-1004"", ""batch_id"": ""BTC-SEA-5005"", ""shipment_id"": ""SHP-2026-105"", ""timestamp"": ""2026-09-28 07:03:11 UTC"", ""temperature"": -19.72, ""humidity"": 87.4, ""location"": ""GPS: 45.0400 N, -120.6600 W"", ""battery_status"": 95}",2026-09-28 08:27:14 UTC,1,321694bfe6afc4afbf5700bab3241226247c1b8c40a0b244c479db7a67e2b1d8,SYNCED,0,
2382,SENSOR_LOG,"{""sensor_id"": ""SNS-MH-1004"", ""batch_id"": ""BTC-SEA-5005"", ""shipment_id"": ""SHP-2026-105"", ""timestamp"": ""2026-09-28 07:09:11 UTC"", ""temperature"": -21.11, ""humidity"": 92.7, ""location"": ""GPS: 45.0400 N, -120.6700 W"", ""battery_status"": 95}",2026-09-28 08:27:14 UTC,1,de563923be82653d131da51396b2212d3a0db0773d22012a63ab51fda919df50,SYNCED,0,
2383,SENSOR_LOG,"{""sensor_id"": ""SNS-MH-1004"", ""batch_id"": ""BTC-SEA-5005"", ""shipment_id"": ""SHP-2026-105"", ""timestamp"": ""2026-09-28 07:15:11 UTC"", ""temperature"": -19.17, ""humidity"": 87.9, ""location"": ""GPS: 45.0400 N, -120.6800 W"", ""battery_status"": 95}",2026-09-28 08:27:14 UTC,1,6d69fa441e3fef62bf9fef95b644cc177cd2d73c9d7cdf31e9f5ed938710e8c5,SYNCED,0,
2384,SENSOR_LOG,"{""sensor_id"": ""SNS-MH-1004"", ""batch_id"": ""BTC-SEA-5005"", ""shipment_id"": ""SHP-2026-105"", ""timestamp"": ""2026-09-28 07:21:11 UTC"", ""temperature"": -20.15, ""humidity"": 94.9, ""location"": ""GPS: 45.0400 N, -120.6900 W"", ""battery_status"": 95}",2026-09-28 08:27:14 UTC,1,db12deee5d978777c7fdd8eece81e9a16bbc50a790fbc7783fa29a14444653a7,SYNCED,0,
2385,SENSOR_LOG,"{""sensor_id"": ""SNS-MH-1004"", ""batch_id"": ""BTC-SEA-5005"", ""shipment_id"": ""SHP-2026-105"", ""timestamp"": ""2026-09-28 07:27:11 UTC"", ""temperature"": -20.7, ""humidity"": 85.0, ""location"": ""GPS: 45.0400 N, -120.7000 W"", ""battery_status"": 95}",2026-09-28 08:27:14 UTC,1,4f86bc69981114edd4dc611359cfdcc543c71a62b31c33f2a733b545ba8c2e8f,SYNCED,0,
2386,SENSOR_LOG,"{""sensor_id"": ""SNS-MH-1004"", ""batch_id"": ""BTC-SEA-5005"", ""shipment_id"": ""SHP-2026-105"", ""timestamp"": ""2026-09-28 07:33:11 UTC"", ""temperature"": -19.87, ""humidity"": 94.1, ""location"": ""GPS: 45.0400 N, -120.7100 W"", ""battery_status"": 95}",2026-09-28 08:27:14 UTC,1,04b85586fd5525a8fee4c84448d198b7a946af8c49469cf02df16ceda672e913,SYNCED,0,
2387,SENSOR_LOG,"{""sensor_id"": ""SNS-MH-1004"", ""batch_id"": ""BTC-SEA-5005"", ""shipment_id"": ""SHP-2026-105"", ""timestamp"": ""2026-09-28 07:39:11 UTC"", ""temperature"": -20.13, ""humidity"": 86.3, ""location"": ""GPS: 45.0400 N, -120.7200 W"", ""battery_status"": 95}",2026-09-28 08:27:14 UTC,1,6f750d9129acddac65a43edf933af5f2a4f6c3945523b36fc8a212e3adeaa0c2,SYNCED,0,
2388,SENSOR_LOG,"{""sensor_id"": ""SNS-MH-1004"", ""batch_id"": ""BTC-SEA-5005"", ""shipment_id"": ""SHP-2026-105"", ""timestamp"": ""2026-09-28 07:45:11 UTC"", ""temperature"": -21.85, ""humidity"": 85.7, ""location"": ""GPS: 45.0400 N, -120.7300 W"", ""battery_status"": 95}",2026-09-28 08:27:14 UTC,1,52e5881b5a9266ec2c07cd818979c9da4cb1fdd46172f20bf26138dc269ca801,SYNCED,0,
2389,SENSOR_LOG,"{""sensor_id"": ""SNS-MH-1004"", ""batch_id"": ""BTC-SEA-5005"", ""shipment_id"": ""SHP-2026-105"", ""timestamp"": ""2026-09-28 07:51:11 UTC"", ""temperature"": -20.85, ""humidity"": 89.6, ""location"": ""GPS: 45.0400 N, -120.7400 W"", ""battery_status"": 95}",2026-09-28 08:27:14 UTC,1,4d725fc79105990669c4a7ad0233d35abafda323107804c131f12d8c72a16c64,SYNCED,0,
2390,SENSOR_LOG,"{""sensor_id"": ""SNS-MH-1004"", ""batch_id"": ""BTC-SEA-5005"", ""shipment_id"": ""SHP-2026-105"", ""timestamp"": ""2026-09-28 07:57:11 UTC"", ""temperature"": -19.49, ""humidity"": 85.5, ""location"": ""GPS: 45.0400 N, -120.7500 W"", ""battery_status"": 95}",2026-09-28 08:27:14 UTC,1,1e5e0fabcf2d7bd6f0ad7b4b726709e165a35bdae0ab73999f560d8264ed5a4b,SYNCED,0,
2391,SENSOR_LOG,"{""sensor_id"": ""SNS-MH-1004"", ""batch_id"": ""BTC-SEA-5005"", ""shipment_id"": ""SHP-2026-105"", ""timestamp"": ""2026-09-28 08:03:11 UTC"", ""temperature"": -20.73, ""humidity"": 85.3, ""location"": ""GPS: 45.0400 N, -120.7600 W"", ""battery_status"": 95}",2026-09-28 08:27:14 UTC,1,31ec281af6fce8157dd91cb2153cdd5a54282064d4d21d4805fc6aa60760ae1d,SYNCED,0,
2392,SENSOR_LOG,"{""sensor_id"": ""SNS-MH-1004"", ""batch_id"": ""BTC-SEA-5005"", ""shipment_id"": ""SHP-2026-105"", ""timestamp"": ""2026-09-28 08:09:11 UTC"", ""temperature"": -20.78, ""humidity"": 90.9, ""location"": ""GPS: 45.0400 N, -120.7700 W"", ""battery_status"": 95}",2026-09-28 08:27:14 UTC,1,5f084b2bed1643c0d58a8285510c784b0f4899012632906a8e5a6e39af46727b,SYNCED,0,
2393,SENSOR_LOG,"{""sensor_id"": ""SNS-MH-1004"", ""batch_id"": ""BTC-SEA-5005"", ""shipment_id"": ""SHP-2026-105"", ""timestamp"": ""2026-09-28 08:15:11 UTC"", ""temperature"": -20.18, ""humidity"": 88.2, ""location"": ""GPS: 45.0400 N, -120.7800 W"", ""battery_status"": 95}",2026-09-28 08:27:14 UTC,1,c61923f008e9d3277295db85394dbf2a8d484d2e87501f328c8e131dd8866445,SYNCED,0,
2394,SENSOR_LOG,"{""sensor_id"": ""SNS-MH-1004"", ""batch_id"": ""BTC-SEA-5005"", ""shipment_id"": ""SHP-2026-105"", ""timestamp"": ""2026-09-28 08:21:11 UTC"", ""temperature"": -19.91, ""humidity"": 92.3, ""location"": ""GPS: 45.0400 N, -120.7900 W"", ""battery_status"": 95}",2026-09-28 08:27:14 UTC,1,a1c09f6f3cafa321164f5081a9f5e099d80def174741938392606b89a48d2cf5,SYNCED,0,
2395,OFFLINE_SENSOR_TELEMETRY,"{""sensor_id"": ""SNS-101"", ""temp"": -19.2, ""status"": ""BUFFERED""}",2026-09-28 08:56:01 UTC,1,eaf0fd13f73b7f16e22ec021ba0df359305b28efb043fd18a0f66647e13b03f5,SYNCED,0,
2396,OFFLINE_SENSOR_TELEMETRY,"{""sensor_id"": ""SNS-101"", ""temp"": -19.2, ""status"": ""BUFFERED""}",2026-09-29 18:15:37 UTC,1,eaf0fd13f73b7f16e22ec021ba0df359305b28efb043fd18a0f66647e13b03f5,SYNCED,0,
