log_id,sensor_id,batch_id,shipment_id,timestamp,temperature,humidity,location,battery_status,signal_status,sensor_status,is_missing,is_noisy,is_imputed,original_temp,imputed_temp,anomaly_score
161713,SNS-1001,BTC-SEA-5001,SHP-2026-101,2026-08-22 14:48 UTC,-19.79,89.2,"GPS: 47.6000 N, -122.3000 W",100,EXCELLENT,NORMAL,0,0,0,-19.79,-19.79,0.49
161714,SNS-1001,BTC-SEA-5001,SHP-2026-101,2026-08-22 15:03 UTC,9.82,87.0,"GPS: 47.6100 N, -122.3100 W",100,FAIR,WARNING,0,0,0,9.82,9.82,0.48
161715,SNS-1001,BTC-SEA-5001,SHP-2026-101,2026-08-22 15:18 UTC,-19.76,89.0,"GPS: 47.6200 N, -122.3200 W",100,FAIR,NORMAL,0,0,0,-19.76,-19.76,0.42
161716,SNS-1001,BTC-SEA-5001,SHP-2026-101,2026-08-22 15:33 UTC,-21.77,89.7,"GPS: 47.6300 N, -122.3300 W",100,EXCELLENT,NORMAL,0,0,0,-21.77,-21.77,0.44
161717,SNS-1001,BTC-SEA-5001,SHP-2026-101,2026-08-22 15:48 UTC,-19.33,93.5,"GPS: 47.6400 N, -122.3400 W",100,FAIR,NORMAL,0,0,0,-19.33,-19.33,0.43
161718,SNS-1001,BTC-SEA-5001,SHP-2026-101,2026-08-22 16:03 UTC,1.82,93.7,"GPS: 47.6500 N, -122.3500 W",100,FAIR,WARNING,0,0,0,1.82,1.82,0.42
161719,SNS-1001,BTC-SEA-5001,SHP-2026-101,2026-08-22 16:18 UTC,-21.28,96.0,"GPS: 47.6600 N, -122.3600 W",100,EXCELLENT,NORMAL,0,0,0,-21.28,-21.28,0.43
161720,SNS-1001,BTC-SEA-5001,SHP-2026-101,2026-08-22 16:33 UTC,-19.11,86.9,"GPS: 47.6700 N, -122.3700 W",100,GOOD,NORMAL,0,0,0,-19.11,-19.11,0.44
161721,SNS-1001,BTC-SEA-5001,SHP-2026-101,2026-08-22 16:48 UTC,-20.47,91.1,"GPS: 47.6800 N, -122.3800 W",100,GOOD,NORMAL,0,0,0,-20.47,-20.47,0.42
161722,SNS-1001,BTC-SEA-5001,SHP-2026-101,2026-08-22 17:03 UTC,-21.56,85.3,"GPS: 47.6900 N, -122.3900 W",100,EXCELLENT,NORMAL,0,0,0,-21.56,-21.56,0.43
161723,SNS-1001,BTC-SEA-5001,SHP-2026-101,2026-08-22 17:18 UTC,-19.24,94.5,"GPS: 47.7000 N, -122.4000 W",99,FAIR,NORMAL,0,0,0,-19.24,-19.24,0.42
161724,SNS-1001,BTC-SEA-5001,SHP-2026-101,2026-08-22 17:33 UTC,-18.97,91.4,"GPS: 47.7100 N, -122.4100 W",99,GOOD,NORMAL,0,0,0,-18.97,-18.97,0.41
161725,SNS-1001,BTC-SEA-5001,SHP-2026-101,2026-08-22 17:48 UTC,-20.06,92.7,"GPS: 47.7200 N, -122.4200 W",99,GOOD,NORMAL,0,0,0,-20.06,-20.06,0.47
161726,SNS-1001,BTC-SEA-5001,SHP-2026-101,2026-08-22 18:03 UTC,-20.77,93.2,"GPS: 47.7300 N, -122.4300 W",99,GOOD,NORMAL,0,0,0,-20.77,-20.77,0.41
161727,SNS-1001,BTC-SEA-5001,SHP-2026-101,2026-08-22 18:18 UTC,-20.85,93.3,"GPS: 47.7400 N, -122.4400 W",99,FAIR,NORMAL,0,0,0,-20.85,-20.85,0.42
161728,SNS-1001,BTC-SEA-5001,SHP-2026-101,2026-08-22 18:33 UTC,5.6,88.5,"GPS: 47.7500 N, -122.4500 W",99,GOOD,WARNING,0,0,0,5.6,5.6,0.51
161729,SNS-1001,BTC-SEA-5001,SHP-2026-101,2026-08-22 18:48 UTC,-18.84,95.2,"GPS: 47.7600 N, -122.4600 W",99,FAIR,NORMAL,0,0,0,-18.84,-18.84,0.42
161730,SNS-1001,BTC-SEA-5001,SHP-2026-101,2026-08-22 19:03 UTC,-21.28,93.9,"GPS: 47.7700 N, -122.4700 W",99,FAIR,NORMAL,0,0,0,-21.28,-21.28,0.4
161731,SNS-1001,BTC-SEA-5001,SHP-2026-101,2026-08-22 19:18 UTC,-18.24,92.7,"GPS: 47.7800 N, -122.4800 W",99,FAIR,NORMAL,0,0,0,-18.24,-18.24,0.43
161732,SNS-1001,BTC-SEA-5001,SHP-2026-101,2026-08-22 19:33 UTC,-20.27,86.4,"GPS: 47.7900 N, -122.4900 W",99,GOOD,NORMAL,0,0,0,-20.27,-20.27,0.4
161733,SNS-1001,BTC-SEA-5001,SHP-2026-101,2026-08-22 19:48 UTC,-19.28,92.9,"GPS: 47.8000 N, -122.5000 W",98,EXCELLENT,NORMAL,0,0,0,-19.28,-19.28,0.42
161734,SNS-1001,BTC-SEA-5001,SHP-2026-101,2026-08-22 20:03 UTC,-19.92,91.1,"GPS: 47.8100 N, -122.5100 W",98,GOOD,NORMAL,0,0,0,-19.92,-19.92,0.45
161735,SNS-1001,BTC-SEA-5001,SHP-2026-101,2026-08-22 20:18 UTC,-18.9,95.7,"GPS: 47.8200 N, -122.5200 W",98,FAIR,NORMAL,0,0,0,-18.9,-18.9,0.39
161736,SNS-1001,BTC-SEA-5001,SHP-2026-101,2026-08-22 20:33 UTC,-19.17,85.9,"GPS: 47.8300 N, -122.5300 W",98,GOOD,NORMAL,0,0,0,-19.17,-19.17,0.39
161737,SNS-1001,BTC-SEA-5001,SHP-2026-101,2026-08-22 20:48 UTC,-18.79,87.6,"GPS: 47.8400 N, -122.5400 W",98,EXCELLENT,NORMAL,0,0,0,-18.79,-18.79,0.41
161738,SNS-1001,BTC-SEA-5001,SHP-2026-101,2026-08-22 21:03 UTC,-20.05,90.1,"GPS: 47.8500 N, -122.5500 W",98,FAIR,NORMAL,0,0,0,-20.05,-20.05,0.42
161739,SNS-1001,BTC-SEA-5001,SHP-2026-101,2026-08-22 21:18 UTC,-19.24,85.8,"GPS: 47.8600 N, -122.5600 W",98,GOOD,NORMAL,0,0,0,-19.24,-19.24,0.47
161740,SNS-1001,BTC-SEA-5001,SHP-2026-101,2026-08-22 21:33 UTC,-19.39,86.9,"GPS: 47.8700 N, -122.5700 W",98,GOOD,NORMAL,0,0,0,-19.39,-19.39,0.44
161741,SNS-1001,BTC-SEA-5001,SHP-2026-101,2026-08-22 21:48 UTC,-21.2,90.2,"GPS: 47.8800 N, -122.5800 W",98,GOOD,NORMAL,0,0,0,-21.2,-21.2,0.47
161742,SNS-1001,BTC-SEA-5001,SHP-2026-101,2026-08-22 22:03 UTC,-20.5,91.1,"GPS: 47.8900 N, -122.5900 W",98,GOOD,NORMAL,0,0,0,-20.5,-20.5,0.39
161743,SNS-1001,BTC-SEA-5001,SHP-2026-101,2026-08-22 22:18 UTC,-21.72,92.9,"GPS: 47.9000 N, -122.6000 W",97,EXCELLENT,NORMAL,0,0,0,-21.72,-21.72,0.42
161744,SNS-1001,BTC-SEA-5001,SHP-2026-101,2026-08-22 22:33 UTC,-18.38,93.8,"GPS: 47.9100 N, -122.6100 W",97,FAIR,NORMAL,0,0,0,-18.38,-18.38,0.43
161745,SNS-1001,BTC-SEA-5001,SHP-2026-101,2026-08-22 22:48 UTC,-20.79,92.8,"GPS: 47.9200 N, -122.6200 W",97,EXCELLENT,NORMAL,0,0,0,-20.79,-20.79,0.42
161746,SNS-1001,BTC-SEA-5001,SHP-2026-101,2026-08-22 23:03 UTC,-15.38,87.3,"GPS: 47.9300 N, -122.6300 W",97,GOOD,WARNING,0,0,0,-15.38,-15.38,0.47
161747,SNS-1001,BTC-SEA-5001,SHP-2026-101,2026-08-22 23:18 UTC,-21.32,90.0,"GPS: 47.9400 N, -122.6400 W",97,EXCELLENT,NORMAL,0,0,0,-21.32,-21.32,0.39
161748,SNS-1001,BTC-SEA-5001,SHP-2026-101,2026-08-22 23:33 UTC,-21.45,89.9,"GPS: 47.9500 N, -122.6500 W",97,GOOD,NORMAL,0,0,0,-21.45,-21.45,0.39
161749,SNS-1001,BTC-SEA-5001,SHP-2026-101,2026-08-22 23:48 UTC,-20.72,90.9,"GPS: 47.9600 N, -122.6600 W",97,EXCELLENT,NORMAL,0,0,0,-20.72,-20.72,0.41
161750,SNS-1001,BTC-SEA-5001,SHP-2026-101,2026-08-23 00:03 UTC,-20.42,87.2,"GPS: 47.9700 N, -122.6700 W",97,FAIR,NORMAL,0,0,0,-20.42,-20.42,0.42
161751,SNS-1001,BTC-SEA-5001,SHP-2026-101,2026-08-23 00:18 UTC,-18.25,87.9,"GPS: 47.9800 N, -122.6800 W",97,EXCELLENT,NORMAL,0,0,0,-18.25,-18.25,0.47
161752,SNS-1001,BTC-SEA-5001,SHP-2026-101,2026-08-23 00:33 UTC,-19.25,90.6,"GPS: 47.9900 N, -122.6900 W",97,FAIR,NORMAL,0,0,0,-19.25,-19.25,0.39
161753,SNS-1001,BTC-SEA-5001,SHP-2026-101,2026-08-23 00:48 UTC,-19.97,91.2,"GPS: 48.0000 N, -122.7000 W",96,EXCELLENT,NORMAL,0,0,0,-19.97,-19.97,0.4
161754,SNS-1001,BTC-SEA-5001,SHP-2026-101,2026-08-23 01:03 UTC,-21.22,93.1,"GPS: 48.0100 N, -122.7100 W",96,EXCELLENT,NORMAL,0,0,0,-21.22,-21.22,0.41
161755,SNS-1001,BTC-SEA-5001,SHP-2026-101,2026-08-23 01:18 UTC,-19.21,92.9,"GPS: 48.0200 N, -122.7200 W",96,FAIR,NORMAL,0,0,0,-19.21,-19.21,0.4
161756,SNS-1001,BTC-SEA-5001,SHP-2026-101,2026-08-23 01:33 UTC,-18.82,92.3,"GPS: 48.0300 N, -122.7300 W",96,FAIR,NORMAL,0,0,0,-18.82,-18.82,0.39
161757,SNS-1001,BTC-SEA-5001,SHP-2026-101,2026-08-23 01:48 UTC,-20.81,94.9,"GPS: 48.0400 N, -122.7400 W",96,GOOD,NORMAL,0,0,0,-20.81,-20.81,0.38
161758,SNS-1001,BTC-SEA-5001,SHP-2026-101,2026-08-23 02:03 UTC,-18.79,93.9,"GPS: 48.0500 N, -122.7500 W",96,FAIR,NORMAL,0,0,0,-18.79,-18.79,0.39
161759,SNS-1001,BTC-SEA-5001,SHP-2026-101,2026-08-23 02:18 UTC,-19.94,92.0,"GPS: 48.0600 N, -122.7600 W",96,FAIR,NORMAL,0,0,0,-19.94,-19.94,0.37
161760,SNS-1001,BTC-SEA-5001,SHP-2026-101,2026-08-23 02:33 UTC,-19.05,88.3,"GPS: 48.0700 N, -122.7700 W",96,GOOD,NORMAL,0,0,0,-19.05,-19.05,0.38
161761,SNS-1001,BTC-SEA-5001,SHP-2026-101,2026-08-23 02:48 UTC,-18.51,87.4,"GPS: 48.0800 N, -122.7800 W",96,GOOD,NORMAL,0,0,0,-18.51,-18.51,0.39
161762,SNS-1001,BTC-SEA-5001,SHP-2026-101,2026-08-23 03:03 UTC,-19.28,92.4,"GPS: 48.0900 N, -122.7900 W",96,EXCELLENT,NORMAL,0,0,0,-19.28,-19.28,0.4
161763,SNS-1001,BTC-SEA-5001,SHP-2026-101,2026-08-23 03:18 UTC,-20.74,93.7,"GPS: 48.1000 N, -122.8000 W",95,EXCELLENT,NORMAL,0,0,0,-20.74,-20.74,0.43
161764,SNS-1001,BTC-SEA-5001,SHP-2026-101,2026-08-23 03:33 UTC,-21.68,89.5,"GPS: 48.1100 N, -122.8100 W",95,GOOD,NORMAL,0,0,0,-21.68,-21.68,0.43
161765,SNS-1001,BTC-SEA-5001,SHP-2026-101,2026-08-23 03:48 UTC,-20.71,94.6,"GPS: 48.1200 N, -122.8200 W",95,GOOD,NORMAL,0,0,0,-20.71,-20.71,0.38
161766,SNS-1001,BTC-SEA-5001,SHP-2026-101,2026-08-23 04:03 UTC,-21.59,95.8,"GPS: 48.1300 N, -122.8300 W",95,EXCELLENT,NORMAL,0,0,0,-21.59,-21.59,0.39
161767,SNS-1001,BTC-SEA-5001,SHP-2026-101,2026-08-23 04:18 UTC,-21.18,85.3,"GPS: 48.1400 N, -122.8400 W",95,FAIR,NORMAL,0,0,0,-21.18,-21.18,0.46
161768,SNS-1001,BTC-SEA-5001,SHP-2026-101,2026-08-23 04:33 UTC,-18.72,91.4,"GPS: 48.1500 N, -122.8500 W",95,EXCELLENT,NORMAL,0,0,0,-18.72,-18.72,0.45
161769,SNS-1001,BTC-SEA-5001,SHP-2026-101,2026-08-23 04:48 UTC,-20.4,89.6,"GPS: 48.1600 N, -122.8600 W",95,FAIR,NORMAL,0,0,0,-20.4,-20.4,0.43
161770,SNS-1001,BTC-SEA-5001,SHP-2026-101,2026-08-23 05:03 UTC,-19.22,93.2,"GPS: 48.1700 N, -122.8700 W",95,FAIR,NORMAL,0,0,0,-19.22,-19.22,0.37
161771,SNS-1001,BTC-SEA-5001,SHP-2026-101,2026-08-23 05:18 UTC,-19.9,94.7,"GPS: 48.1800 N, -122.8800 W",95,EXCELLENT,NORMAL,0,0,0,-19.9,-19.9,0.45
161772,SNS-1001,BTC-SEA-5001,SHP-2026-101,2026-08-23 05:33 UTC,-19.12,94.7,"GPS: 48.1900 N, -122.8900 W",95,FAIR,NORMAL,0,0,0,-19.12,-19.12,0.38
161773,SNS-1001,BTC-SEA-5001,SHP-2026-101,2026-08-23 05:48 UTC,-21.42,85.5,"GPS: 48.2000 N, -122.9000 W",94,FAIR,NORMAL,0,0,0,-21.42,-21.42,0.44
161774,SNS-1001,BTC-SEA-5001,SHP-2026-101,2026-08-23 06:03 UTC,-20.11,91.2,"GPS: 48.2100 N, -122.9100 W",94,FAIR,NORMAL,0,0,0,-20.11,-20.11,0.41
161775,SNS-1001,BTC-SEA-5001,SHP-2026-101,2026-08-23 06:18 UTC,-19.26,85.9,"GPS: 48.2200 N, -122.9200 W",94,FAIR,NORMAL,0,0,0,-19.26,-19.26,0.38
161776,SNS-1001,BTC-SEA-5001,SHP-2026-101,2026-08-23 06:33 UTC,-20.14,92.5,"GPS: 48.2300 N, -122.9300 W",94,FAIR,NORMAL,0,0,0,-20.14,-20.14,0.42
161777,SNS-1001,BTC-SEA-5001,SHP-2026-101,2026-08-23 06:48 UTC,-18.64,94.0,"GPS: 48.2400 N, -122.9400 W",94,FAIR,NORMAL,0,0,0,-18.64,-18.64,0.41
161778,SNS-1001,BTC-SEA-5001,SHP-2026-101,2026-08-23 07:03 UTC,-19.24,88.0,"GPS: 48.2500 N, -122.9500 W",94,GOOD,NORMAL,0,0,0,-19.24,-19.24,0.39
161779,SNS-1001,BTC-SEA-5001,SHP-2026-101,2026-08-23 07:18 UTC,-18.52,90.1,"GPS: 48.2600 N, -122.9600 W",94,GOOD,NORMAL,0,0,0,-18.52,-18.52,0.39
161780,SNS-1001,BTC-SEA-5001,SHP-2026-101,2026-08-23 07:33 UTC,31.13,86.9,"GPS: 48.2700 N, -122.9700 W",94,EXCELLENT,WARNING,0,0,0,31.13,31.13,0.59
161781,SNS-1001,BTC-SEA-5001,SHP-2026-101,2026-08-23 07:48 UTC,-4.05,87.3,"GPS: 48.2800 N, -122.9800 W",94,EXCELLENT,WARNING,0,0,0,-4.05,-4.05,0.42
161782,SNS-1001,BTC-SEA-5001,SHP-2026-101,2026-08-23 08:03 UTC,-21.7,92.0,"GPS: 48.2900 N, -122.9900 W",94,EXCELLENT,NORMAL,0,0,0,-21.7,-21.7,0.39
161783,SNS-1001,BTC-SEA-5001,SHP-2026-101,2026-08-23 08:18 UTC,-18.25,86.0,"GPS: 48.3000 N, -123.0000 W",93,GOOD,NORMAL,0,0,0,-18.25,-18.25,0.39
161784,SNS-1001,BTC-SEA-5001,SHP-2026-101,2026-08-23 08:33 UTC,-21.13,91.9,"GPS: 48.3100 N, -123.0100 W",93,FAIR,NORMAL,0,0,0,-21.13,-21.13,0.38
161785,SNS-1001,BTC-SEA-5001,SHP-2026-101,2026-08-23 08:48 UTC,-21.26,93.8,"GPS: 48.3200 N, -123.0200 W",93,GOOD,NORMAL,0,0,0,-21.26,-21.26,0.38
161786,SNS-1001,BTC-SEA-5001,SHP-2026-101,2026-08-23 09:03 UTC,-21.67,95.3,"GPS: 48.3300 N, -123.0300 W",93,EXCELLENT,NORMAL,0,0,0,-21.67,-21.67,0.38
161787,SNS-1001,BTC-SEA-5001,SHP-2026-101,2026-08-23 09:18 UTC,-20.38,86.9,"GPS: 48.3400 N, -123.0400 W",93,GOOD,NORMAL,0,0,0,-20.38,-20.38,0.42
161788,SNS-1001,BTC-SEA-5001,SHP-2026-101,2026-08-23 09:33 UTC,-20.72,89.9,"GPS: 48.3500 N, -123.0500 W",93,FAIR,NORMAL,0,0,0,-20.72,-20.72,0.38
161789,SNS-1001,BTC-SEA-5001,SHP-2026-101,2026-08-23 09:48 UTC,-18.37,85.2,"GPS: 48.3600 N, -123.0600 W",93,GOOD,NORMAL,0,0,0,-18.37,-18.37,0.46
161790,SNS-1001,BTC-SEA-5001,SHP-2026-101,2026-08-23 10:03 UTC,-18.55,92.1,"GPS: 48.3700 N, -123.0700 W",93,FAIR,NORMAL,0,0,0,-18.55,-18.55,0.39
161791,SNS-1001,BTC-SEA-5001,SHP-2026-101,2026-08-23 10:18 UTC,-19.53,92.6,"GPS: 48.3800 N, -123.0800 W",93,FAIR,NORMAL,0,0,0,-19.53,-19.53,0.45
161792,SNS-1001,BTC-SEA-5001,SHP-2026-101,2026-08-23 10:33 UTC,-21.0,89.2,"GPS: 48.3900 N, -123.0900 W",93,FAIR,NORMAL,0,0,0,-21.0,-21.0,0.39
161793,SNS-1001,BTC-SEA-5001,SHP-2026-101,2026-08-23 10:48 UTC,-20.68,95.5,"GPS: 48.4000 N, -123.1000 W",92,FAIR,NORMAL,0,0,0,-20.68,-20.68,0.37
161794,SNS-1001,BTC-SEA-5001,SHP-2026-101,2026-08-23 11:03 UTC,-18.7,89.9,"GPS: 48.4100 N, -123.1100 W",92,FAIR,NORMAL,0,0,0,-18.7,-18.7,0.38
161795,SNS-1001,BTC-SEA-5001,SHP-2026-101,2026-08-23 11:18 UTC,-19.24,88.7,"GPS: 48.4200 N, -123.1200 W",92,FAIR,NORMAL,0,0,0,-19.24,-19.24,0.38
161796,SNS-1001,BTC-SEA-5001,SHP-2026-101,2026-08-23 11:33 UTC,-19.07,95.2,"GPS: 48.4300 N, -123.1300 W",92,EXCELLENT,NORMAL,0,0,0,-19.07,-19.07,0.38
161797,SNS-1001,BTC-SEA-5001,SHP-2026-101,2026-08-23 11:48 UTC,-19.6,91.5,"GPS: 48.4400 N, -123.1400 W",92,GOOD,NORMAL,0,0,0,-19.6,-19.6,0.42
161798,SNS-1001,BTC-SEA-5001,SHP-2026-101,2026-08-23 12:03 UTC,-21.01,91.5,"GPS: 48.4500 N, -123.1500 W",92,EXCELLENT,NORMAL,0,0,0,-21.01,-21.01,0.44
161799,SNS-1001,BTC-SEA-5001,SHP-2026-101,2026-08-23 12:18 UTC,-19.99,93.5,"GPS: 48.4600 N, -123.1600 W",92,EXCELLENT,NORMAL,0,0,0,-19.99,-19.99,0.4
161800,SNS-1001,BTC-SEA-5001,SHP-2026-101,2026-08-23 12:33 UTC,-19.16,85.4,"GPS: 48.4700 N, -123.1700 W",92,EXCELLENT,NORMAL,0,0,0,-19.16,-19.16,0.37
161801,SNS-1001,BTC-SEA-5001,SHP-2026-101,2026-08-23 12:48 UTC,-20.82,88.3,"GPS: 48.4800 N, -123.1800 W",92,GOOD,NORMAL,0,0,0,-20.82,-20.82,0.37
161802,SNS-1001,BTC-SEA-5001,SHP-2026-101,2026-08-23 13:03 UTC,-21.38,95.1,"GPS: 48.4900 N, -123.1900 W",92,EXCELLENT,NORMAL,0,0,0,-21.38,-21.38,0.38
161803,SNS-1001,BTC-SEA-5001,SHP-2026-101,2026-08-23 13:18 UTC,-20.88,94.7,"GPS: 48.5000 N, -123.2000 W",91,EXCELLENT,NORMAL,0,0,0,-20.88,-20.88,0.37
161804,SNS-1001,BTC-SEA-5001,SHP-2026-101,2026-08-23 13:33 UTC,-18.78,87.1,"GPS: 48.5100 N, -123.2100 W",91,EXCELLENT,NORMAL,0,0,0,-18.78,-18.78,0.41
161805,SNS-1001,BTC-SEA-5001,SHP-2026-101,2026-08-23 13:48 UTC,-20.03,85.1,"GPS: 48.5200 N, -123.2200 W",91,GOOD,NORMAL,0,0,0,-20.03,-20.03,0.39
161806,SNS-1001,BTC-SEA-5001,SHP-2026-101,2026-08-23 14:03 UTC,-20.14,95.0,"GPS: 48.5300 N, -123.2300 W",91,FAIR,NORMAL,0,0,0,-20.14,-20.14,0.42
161807,SNS-1001,BTC-SEA-5001,SHP-2026-101,2026-08-23 14:18 UTC,-27.45,91.8,"GPS: 48.5400 N, -123.2400 W",91,EXCELLENT,WARNING,0,0,0,-27.45,-27.45,0.51
161808,SNS-1001,BTC-SEA-5001,SHP-2026-101,2026-08-23 14:33 UTC,-19.63,94.9,"GPS: 48.5500 N, -123.2500 W",91,FAIR,NORMAL,0,0,0,-19.63,-19.63,0.38
161809,SNS-1001,BTC-SEA-5001,SHP-2026-101,2026-08-23 14:48 UTC,-18.43,85.9,"GPS: 48.5600 N, -123.2600 W",91,EXCELLENT,NORMAL,0,0,0,-18.43,-18.43,0.38
161810,SNS-1001,BTC-SEA-5001,SHP-2026-101,2026-08-23 15:03 UTC,-20.39,87.7,"GPS: 48.5700 N, -123.2700 W",91,FAIR,NORMAL,0,0,0,-20.39,-20.39,0.4
161811,SNS-1001,BTC-SEA-5001,SHP-2026-101,2026-08-23 15:18 UTC,-19.85,89.1,"GPS: 48.5800 N, -123.2800 W",91,FAIR,NORMAL,0,0,0,-19.85,-19.85,0.39
161812,SNS-1001,BTC-SEA-5001,SHP-2026-101,2026-08-23 15:33 UTC,-21.02,87.7,"GPS: 48.5900 N, -123.2900 W",91,FAIR,NORMAL,0,0,0,-21.02,-21.02,0.4
161813,SNS-1001,BTC-SEA-5001,SHP-2026-101,2026-08-23 15:48 UTC,-18.31,88.7,"GPS: 48.6000 N, -123.3000 W",90,GOOD,NORMAL,0,0,0,-18.31,-18.31,0.39
161814,SNS-1001,BTC-SEA-5001,SHP-2026-101,2026-08-23 16:03 UTC,-21.54,93.1,"GPS: 48.6100 N, -123.3100 W",90,GOOD,NORMAL,0,0,0,-21.54,-21.54,0.39
161815,SNS-1001,BTC-SEA-5001,SHP-2026-101,2026-08-23 16:18 UTC,-18.77,88.3,"GPS: 48.6200 N, -123.3200 W",90,FAIR,NORMAL,0,0,0,-18.77,-18.77,0.38
161816,SNS-1001,BTC-SEA-5001,SHP-2026-101,2026-08-23 16:33 UTC,-20.96,94.7,"GPS: 48.6300 N, -123.3300 W",90,EXCELLENT,NORMAL,0,0,0,-20.96,-20.96,0.38
161817,SNS-1001,BTC-SEA-5001,SHP-2026-101,2026-08-23 16:48 UTC,-20.27,87.3,"GPS: 48.6400 N, -123.3400 W",90,GOOD,NORMAL,0,0,0,-20.27,-20.27,0.41
161818,SNS-1001,BTC-SEA-5001,SHP-2026-101,2026-08-23 17:03 UTC,-19.35,86.2,"GPS: 48.6500 N, -123.3500 W",90,EXCELLENT,NORMAL,0,0,0,-19.35,-19.35,0.38
161819,SNS-1001,BTC-SEA-5001,SHP-2026-101,2026-08-23 17:18 UTC,-21.11,90.0,"GPS: 48.6600 N, -123.3600 W",90,FAIR,NORMAL,0,0,0,-21.11,-21.11,0.39
161820,SNS-1001,BTC-SEA-5001,SHP-2026-101,2026-08-23 17:33 UTC,-20.71,88.4,"GPS: 48.6700 N, -123.3700 W",90,FAIR,NORMAL,0,0,0,-20.71,-20.71,0.39
161821,SNS-1001,BTC-SEA-5001,SHP-2026-101,2026-08-23 17:48 UTC,-18.58,95.2,"GPS: 48.6800 N, -123.3800 W",90,FAIR,NORMAL,0,0,0,-18.58,-18.58,0.43
161822,SNS-1001,BTC-SEA-5001,SHP-2026-101,2026-08-23 18:03 UTC,-21.51,87.7,"GPS: 48.6900 N, -123.3900 W",90,FAIR,NORMAL,0,0,0,-21.51,-21.51,0.39
161823,SNS-1001,BTC-SEA-5001,SHP-2026-101,2026-08-23 18:18 UTC,-19.63,87.6,"GPS: 48.7000 N, -123.4000 W",89,GOOD,NORMAL,0,0,0,-19.63,-19.63,0.4
161824,SNS-1001,BTC-SEA-5001,SHP-2026-101,2026-08-23 18:33 UTC,-20.14,89.8,"GPS: 48.7100 N, -123.4100 W",89,EXCELLENT,NORMAL,0,0,0,-20.14,-20.14,0.47
161825,SNS-1001,BTC-SEA-5001,SHP-2026-101,2026-08-23 18:48 UTC,-21.21,92.6,"GPS: 48.7200 N, -123.4200 W",89,EXCELLENT,NORMAL,0,0,0,-21.21,-21.21,0.4
161826,SNS-1001,BTC-SEA-5001,SHP-2026-101,2026-08-23 19:03 UTC,-20.25,92.8,"GPS: 48.7300 N, -123.4300 W",89,GOOD,NORMAL,0,0,0,-20.25,-20.25,0.4
161827,SNS-1001,BTC-SEA-5001,SHP-2026-101,2026-08-23 19:18 UTC,-18.81,87.3,"GPS: 48.7400 N, -123.4400 W",89,FAIR,NORMAL,0,0,0,-18.81,-18.81,0.43
161828,SNS-1001,BTC-SEA-5001,SHP-2026-101,2026-08-23 19:33 UTC,-18.61,93.3,"GPS: 48.7500 N, -123.4500 W",89,EXCELLENT,NORMAL,0,0,0,-18.61,-18.61,0.41
161829,SNS-1001,BTC-SEA-5001,SHP-2026-101,2026-08-23 19:48 UTC,-18.86,89.3,"GPS: 48.7600 N, -123.4600 W",89,EXCELLENT,NORMAL,0,0,0,-18.86,-18.86,0.4
161830,SNS-1001,BTC-SEA-5001,SHP-2026-101,2026-08-23 20:03 UTC,-20.25,91.2,"GPS: 48.7700 N, -123.4700 W",89,GOOD,NORMAL,0,0,0,-20.25,-20.25,0.41
161831,SNS-1001,BTC-SEA-5001,SHP-2026-101,2026-08-23 20:18 UTC,-21.33,86.9,"GPS: 48.7800 N, -123.4800 W",89,GOOD,NORMAL,0,0,0,-21.33,-21.33,0.45
161832,SNS-1001,BTC-SEA-5001,SHP-2026-101,2026-08-23 20:33 UTC,-19.14,88.7,"GPS: 48.7900 N, -123.4900 W",89,EXCELLENT,NORMAL,0,0,0,-19.14,-19.14,0.4
161833,SNS-1001,BTC-SEA-5001,SHP-2026-101,2026-08-23 20:48 UTC,-20.75,89.8,"GPS: 48.8000 N, -123.5000 W",88,GOOD,NORMAL,0,0,0,-20.75,-20.75,0.41
161834,SNS-1001,BTC-SEA-5001,SHP-2026-101,2026-08-23 21:03 UTC,-19.91,85.9,"GPS: 48.8100 N, -123.5100 W",88,EXCELLENT,NORMAL,0,0,0,-19.91,-19.91,0.42
161835,SNS-1001,BTC-SEA-5001,SHP-2026-101,2026-08-23 21:18 UTC,-18.95,89.8,"GPS: 48.8200 N, -123.5200 W",88,GOOD,NORMAL,0,0,0,-18.95,-18.95,0.42
161836,SNS-1001,BTC-SEA-5001,SHP-2026-101,2026-08-23 21:33 UTC,-21.19,87.5,"GPS: 48.8300 N, -123.5300 W",88,EXCELLENT,NORMAL,0,0,0,-21.19,-21.19,0.44
161837,SNS-1001,BTC-SEA-5001,SHP-2026-101,2026-08-23 21:48 UTC,-21.13,88.6,"GPS: 48.8400 N, -123.5400 W",88,GOOD,NORMAL,0,0,0,-21.13,-21.13,0.41
161838,SNS-1001,BTC-SEA-5001,SHP-2026-101,2026-08-23 22:03 UTC,-20.47,95.2,"GPS: 48.8500 N, -123.5500 W",88,FAIR,NORMAL,0,0,0,-20.47,-20.47,0.46
161839,SNS-1001,BTC-SEA-5001,SHP-2026-101,2026-08-23 22:18 UTC,-19.16,90.6,"GPS: 48.8600 N, -123.5600 W",88,FAIR,NORMAL,0,0,0,-19.16,-19.16,0.42
161840,SNS-1001,BTC-SEA-5001,SHP-2026-101,2026-08-23 22:33 UTC,-21.43,88.6,"GPS: 48.8700 N, -123.5700 W",88,EXCELLENT,NORMAL,0,0,0,-21.43,-21.43,0.41
161841,SNS-1001,BTC-SEA-5001,SHP-2026-101,2026-08-23 22:48 UTC,-20.05,95.5,"GPS: 48.8800 N, -123.5800 W",88,EXCELLENT,NORMAL,0,0,0,-20.05,-20.05,0.42
161842,SNS-1001,BTC-SEA-5001,SHP-2026-101,2026-08-23 23:03 UTC,-19.06,90.7,"GPS: 48.8900 N, -123.5900 W",88,FAIR,NORMAL,0,0,0,-19.06,-19.06,0.42
161843,SNS-1001,BTC-SEA-5001,SHP-2026-101,2026-08-23 23:18 UTC,-19.62,86.8,"GPS: 48.9000 N, -123.6000 W",87,GOOD,NORMAL,0,0,0,-19.62,-19.62,0.47
161844,SNS-1001,BTC-SEA-5001,SHP-2026-101,2026-08-23 23:33 UTC,-19.7,85.0,"GPS: 48.9100 N, -123.6100 W",87,GOOD,NORMAL,0,0,0,-19.7,-19.7,0.46
161845,SNS-1001,BTC-SEA-5001,SHP-2026-101,2026-08-23 23:48 UTC,-21.61,92.4,"GPS: 48.9200 N, -123.6200 W",87,FAIR,NORMAL,0,0,0,-21.61,-21.61,0.51
161846,SNS-1001,BTC-SEA-5001,SHP-2026-101,2026-08-24 00:03 UTC,-18.76,92.2,"GPS: 48.9300 N, -123.6300 W",87,GOOD,NORMAL,0,0,0,-18.76,-18.76,0.44
161847,SNS-1001,BTC-SEA-5001,SHP-2026-101,2026-08-24 00:18 UTC,-19.03,92.5,"GPS: 48.9400 N, -123.6400 W",87,GOOD,NORMAL,0,0,0,-19.03,-19.03,0.44
161848,SNS-1001,BTC-SEA-5001,SHP-2026-101,2026-08-24 00:33 UTC,-21.06,95.2,"GPS: 48.9500 N, -123.6500 W",87,EXCELLENT,NORMAL,0,0,0,-21.06,-21.06,0.44
161849,SNS-1002,BTC-SEA-5002,SHP-2026-102,2026-08-22 16:48 UTC,-26.75,93.2,"GPS: 47.6000 N, -122.3000 W",100,FAIR,WARNING,0,0,0,-26.75,-26.75,0.52
161850,SNS-1002,BTC-SEA-5002,SHP-2026-102,2026-08-22 17:03 UTC,2.69,92.7,"GPS: 47.6100 N, -122.3100 W",100,FAIR,NORMAL,0,0,0,2.69,2.69,0.41
161851,SNS-1002,BTC-SEA-5002,SHP-2026-102,2026-08-22 17:18 UTC,1.47,90.2,"GPS: 47.6200 N, -122.3200 W",100,FAIR,NORMAL,0,0,0,1.47,1.47,0.41
161852,SNS-1002,BTC-SEA-5002,SHP-2026-102,2026-08-22 17:33 UTC,0.75,92.2,"GPS: 47.6300 N, -122.3300 W",100,FAIR,NORMAL,0,0,0,0.75,0.75,0.42
161853,SNS-1002,BTC-SEA-5002,SHP-2026-102,2026-08-22 17:48 UTC,0.88,90.9,"GPS: 47.6400 N, -122.3400 W",100,EXCELLENT,NORMAL,0,0,0,0.88,0.88,0.42
161854,SNS-1002,BTC-SEA-5002,SHP-2026-102,2026-08-22 18:03 UTC,1.27,87.9,"GPS: 47.6500 N, -122.3500 W",100,FAIR,NORMAL,0,0,0,1.27,1.27,0.46
161855,SNS-1002,BTC-SEA-5002,SHP-2026-102,2026-08-22 18:18 UTC,0.25,90.8,"GPS: 47.6600 N, -122.3600 W",100,EXCELLENT,NORMAL,0,0,0,0.25,0.25,0.48
161856,SNS-1002,BTC-SEA-5002,SHP-2026-102,2026-08-22 18:33 UTC,1.31,89.4,"GPS: 47.6700 N, -122.3700 W",100,EXCELLENT,NORMAL,0,0,0,1.31,1.31,0.43
161857,SNS-1002,BTC-SEA-5002,SHP-2026-102,2026-08-22 18:48 UTC,2.24,93.5,"GPS: 47.6800 N, -122.3800 W",100,GOOD,NORMAL,0,0,0,2.24,2.24,0.48
161858,SNS-1002,BTC-SEA-5002,SHP-2026-102,2026-08-22 19:03 UTC,2.78,86.4,"GPS: 47.6900 N, -122.3900 W",100,GOOD,NORMAL,0,0,0,2.78,2.78,0.44
161859,SNS-1002,BTC-SEA-5002,SHP-2026-102,2026-08-22 19:18 UTC,1.16,94.0,"GPS: 47.7000 N, -122.4000 W",99,FAIR,NORMAL,0,0,0,1.16,1.16,0.4
161860,SNS-1002,BTC-SEA-5002,SHP-2026-102,2026-08-22 19:33 UTC,0.42,87.4,"GPS: 47.7100 N, -122.4100 W",99,EXCELLENT,NORMAL,0,0,0,0.42,0.42,0.43
161861,SNS-1002,BTC-SEA-5002,SHP-2026-102,2026-08-22 19:48 UTC,1.18,94.5,"GPS: 47.7200 N, -122.4200 W",99,EXCELLENT,NORMAL,0,0,0,1.18,1.18,0.4
161862,SNS-1002,BTC-SEA-5002,SHP-2026-102,2026-08-22 20:03 UTC,3.2,94.8,"GPS: 47.7300 N, -122.4300 W",99,FAIR,NORMAL,0,0,0,3.2,3.2,0.41
161863,SNS-1002,BTC-SEA-5002,SHP-2026-102,2026-08-22 20:18 UTC,2.97,87.2,"GPS: 47.7400 N, -122.4400 W",99,EXCELLENT,NORMAL,0,0,0,2.97,2.97,0.4
161864,SNS-1002,BTC-SEA-5002,SHP-2026-102,2026-08-22 20:33 UTC,0.33,88.4,"GPS: 47.7500 N, -122.4500 W",99,FAIR,NORMAL,0,0,0,0.33,0.33,0.42
161865,SNS-1002,BTC-SEA-5002,SHP-2026-102,2026-08-22 20:48 UTC,0.45,89.5,"GPS: 47.7600 N, -122.4600 W",99,EXCELLENT,NORMAL,0,0,0,0.45,0.45,0.41
161866,SNS-1002,BTC-SEA-5002,SHP-2026-102,2026-08-22 21:03 UTC,2.52,91.0,"GPS: 47.7700 N, -122.4700 W",99,FAIR,NORMAL,0,0,0,2.52,2.52,0.39
161867,SNS-1002,BTC-SEA-5002,SHP-2026-102,2026-08-22 21:18 UTC,0.95,87.0,"GPS: 47.7800 N, -122.4800 W",99,FAIR,NORMAL,0,0,0,0.95,0.95,0.41
161868,SNS-1002,BTC-SEA-5002,SHP-2026-102,2026-08-22 21:33 UTC,1.16,94.7,"GPS: 47.7900 N, -122.4900 W",99,FAIR,NORMAL,0,0,0,1.16,1.16,0.46
161869,SNS-1002,BTC-SEA-5002,SHP-2026-102,2026-08-22 21:48 UTC,2.19,88.3,"GPS: 47.8000 N, -122.5000 W",98,FAIR,NORMAL,0,0,0,2.19,2.19,0.38
161870,SNS-1002,BTC-SEA-5002,SHP-2026-102,2026-08-22 22:03 UTC,1.45,93.4,"GPS: 47.8100 N, -122.5100 W",98,EXCELLENT,NORMAL,0,0,0,1.45,1.45,0.39
161871,SNS-1002,BTC-SEA-5002,SHP-2026-102,2026-08-22 22:18 UTC,3.28,92.0,"GPS: 47.8200 N, -122.5200 W",98,GOOD,NORMAL,0,0,0,3.28,3.28,0.45
161872,SNS-1002,BTC-SEA-5002,SHP-2026-102,2026-08-22 22:33 UTC,0.74,95.1,"GPS: 47.8300 N, -122.5300 W",98,FAIR,NORMAL,0,0,0,0.74,0.74,0.39
161873,SNS-1002,BTC-SEA-5002,SHP-2026-102,2026-08-22 22:48 UTC,2.26,87.8,"GPS: 47.8400 N, -122.5400 W",98,GOOD,NORMAL,0,0,0,2.26,2.26,0.38
161874,SNS-1002,BTC-SEA-5002,SHP-2026-102,2026-08-22 23:03 UTC,3.22,88.4,"GPS: 47.8500 N, -122.5500 W",98,EXCELLENT,NORMAL,0,0,0,3.22,3.22,0.38
161875,SNS-1002,BTC-SEA-5002,SHP-2026-102,2026-08-22 23:18 UTC,2.75,92.6,"GPS: 47.8600 N, -122.5600 W",98,GOOD,NORMAL,0,0,0,2.75,2.75,0.39
161876,SNS-1002,BTC-SEA-5002,SHP-2026-102,2026-08-22 23:33 UTC,2.28,87.4,"GPS: 47.8700 N, -122.5700 W",98,EXCELLENT,NORMAL,0,0,0,2.28,2.28,0.43
161877,SNS-1002,BTC-SEA-5002,SHP-2026-102,2026-08-22 23:48 UTC,2.51,95.3,"GPS: 47.8800 N, -122.5800 W",98,FAIR,NORMAL,0,0,0,2.51,2.51,0.39
161878,SNS-1002,BTC-SEA-5002,SHP-2026-102,2026-08-23 00:03 UTC,0.75,89.6,"GPS: 47.8900 N, -122.5900 W",98,EXCELLENT,NORMAL,0,0,0,0.75,0.75,0.46
161879,SNS-1002,BTC-SEA-5002,SHP-2026-102,2026-08-23 00:18 UTC,1.17,88.6,"GPS: 47.9000 N, -122.6000 W",97,FAIR,NORMAL,0,0,0,1.17,1.17,0.37
161880,SNS-1002,BTC-SEA-5002,SHP-2026-102,2026-08-23 00:33 UTC,2.89,91.3,"GPS: 47.9100 N, -122.6100 W",97,EXCELLENT,NORMAL,0,0,0,2.89,2.89,0.38
161881,SNS-1002,BTC-SEA-5002,SHP-2026-102,2026-08-23 00:48 UTC,1.86,87.3,"GPS: 47.9200 N, -122.6200 W",97,EXCELLENT,NORMAL,0,0,0,1.86,1.86,0.44
161882,SNS-1002,BTC-SEA-5002,SHP-2026-102,2026-08-23 01:03 UTC,0.34,89.1,"GPS: 47.9300 N, -122.6300 W",97,EXCELLENT,NORMAL,0,0,0,0.34,0.34,0.39
161883,SNS-1002,BTC-SEA-5002,SHP-2026-102,2026-08-23 01:18 UTC,2.03,90.3,"GPS: 47.9400 N, -122.6400 W",97,FAIR,NORMAL,0,0,0,2.03,2.03,0.37
161884,SNS-1002,BTC-SEA-5002,SHP-2026-102,2026-08-23 01:33 UTC,1.64,85.8,"GPS: 47.9500 N, -122.6500 W",97,FAIR,NORMAL,0,0,0,1.64,1.64,0.42
161885,SNS-1002,BTC-SEA-5002,SHP-2026-102,2026-08-23 01:48 UTC,2.98,94.4,"GPS: 47.9600 N, -122.6600 W",97,FAIR,NORMAL,0,0,0,2.98,2.98,0.4
161886,SNS-1002,BTC-SEA-5002,SHP-2026-102,2026-08-23 02:03 UTC,6.65,85.7,"GPS: 47.9700 N, -122.6700 W",97,FAIR,WARNING,0,0,0,6.65,6.65,0.5
161887,SNS-1002,BTC-SEA-5002,SHP-2026-102,2026-08-23 02:18 UTC,0.57,94.1,"GPS: 47.9800 N, -122.6800 W",97,EXCELLENT,NORMAL,0,0,0,0.57,0.57,0.39
161888,SNS-1002,BTC-SEA-5002,SHP-2026-102,2026-08-23 02:33 UTC,0.2,89.6,"GPS: 47.9900 N, -122.6900 W",97,GOOD,NORMAL,0,0,0,0.2,0.2,0.39
161889,SNS-1002,BTC-SEA-5002,SHP-2026-102,2026-08-23 02:48 UTC,3.0,87.7,"GPS: 48.0000 N, -122.7000 W",96,GOOD,NORMAL,0,0,0,3.0,3.0,0.4
161890,SNS-1002,BTC-SEA-5002,SHP-2026-102,2026-08-23 03:03 UTC,4.51,94.2,"GPS: 48.0100 N, -122.7100 W",96,FAIR,WARNING,0,0,0,4.51,4.51,0.37
161891,SNS-1002,BTC-SEA-5002,SHP-2026-102,2026-08-23 03:18 UTC,0.33,86.0,"GPS: 48.0200 N, -122.7200 W",96,GOOD,NORMAL,0,0,0,0.33,0.33,0.38
161892,SNS-1002,BTC-SEA-5002,SHP-2026-102,2026-08-23 03:33 UTC,1.4,88.8,"GPS: 48.0300 N, -122.7300 W",96,FAIR,NORMAL,0,0,0,1.4,1.4,0.39
161893,SNS-1002,BTC-SEA-5002,SHP-2026-102,2026-08-23 03:48 UTC,2.75,87.4,"GPS: 48.0400 N, -122.7400 W",96,EXCELLENT,NORMAL,0,0,0,2.75,2.75,0.38
161894,SNS-1002,BTC-SEA-5002,SHP-2026-102,2026-08-23 04:03 UTC,3.08,95.3,"GPS: 48.0500 N, -122.7500 W",96,FAIR,NORMAL,0,0,0,3.08,3.08,0.36
161895,SNS-1002,BTC-SEA-5002,SHP-2026-102,2026-08-23 04:18 UTC,2.71,90.9,"GPS: 48.0600 N, -122.7600 W",96,FAIR,NORMAL,0,0,0,2.71,2.71,0.36
161896,SNS-1002,BTC-SEA-5002,SHP-2026-102,2026-08-23 04:33 UTC,2.38,91.6,"GPS: 48.0700 N, -122.7700 W",96,EXCELLENT,NORMAL,0,0,0,2.38,2.38,0.4
161897,SNS-1002,BTC-SEA-5002,SHP-2026-102,2026-08-23 04:48 UTC,2.62,95.9,"GPS: 48.0800 N, -122.7800 W",96,FAIR,NORMAL,0,0,0,2.62,2.62,0.37
161898,SNS-1002,BTC-SEA-5002,SHP-2026-102,2026-08-23 05:03 UTC,0.53,86.3,"GPS: 48.0900 N, -122.7900 W",96,EXCELLENT,NORMAL,0,0,0,0.53,0.53,0.46
161899,SNS-1002,BTC-SEA-5002,SHP-2026-102,2026-08-23 05:18 UTC,2.29,90.8,"GPS: 48.1000 N, -122.8000 W",95,EXCELLENT,NORMAL,0,0,0,2.29,2.29,0.39
161900,SNS-1002,BTC-SEA-5002,SHP-2026-102,2026-08-23 05:33 UTC,1.98,95.5,"GPS: 48.1100 N, -122.8100 W",95,EXCELLENT,NORMAL,0,0,0,1.98,1.98,0.42
161901,SNS-1002,BTC-SEA-5002,SHP-2026-102,2026-08-23 05:48 UTC,2.67,94.2,"GPS: 48.1200 N, -122.8200 W",95,GOOD,NORMAL,0,0,0,2.67,2.67,0.36
161902,SNS-1002,BTC-SEA-5002,SHP-2026-102,2026-08-23 06:03 UTC,1.72,90.0,"GPS: 48.1300 N, -122.8300 W",95,FAIR,NORMAL,0,0,0,1.72,1.72,0.4
161903,SNS-1002,BTC-SEA-5002,SHP-2026-102,2026-08-23 06:18 UTC,2.34,85.6,"GPS: 48.1400 N, -122.8400 W",95,FAIR,NORMAL,0,0,0,2.34,2.34,0.36
161904,SNS-1002,BTC-SEA-5002,SHP-2026-102,2026-08-23 06:33 UTC,8.49,88.2,"GPS: 48.1500 N, -122.8500 W",95,FAIR,CRITICAL,0,0,0,8.49,8.49,0.5
161905,SNS-1002,BTC-SEA-5002,SHP-2026-102,2026-08-23 06:48 UTC,6.76,91.3,"GPS: 48.1600 N, -122.8600 W",95,EXCELLENT,CRITICAL,0,0,0,6.76,6.76,0.4
161906,SNS-1002,BTC-SEA-5002,SHP-2026-102,2026-08-23 07:03 UTC,6.5,88.1,"GPS: 48.1700 N, -122.8700 W",95,GOOD,CRITICAL,0,0,0,6.5,6.5,0.4
161907,SNS-1002,BTC-SEA-5002,SHP-2026-102,2026-08-23 07:18 UTC,8.13,85.4,"GPS: 48.1800 N, -122.8800 W",95,EXCELLENT,CRITICAL,0,0,0,8.13,8.13,0.43
161908,SNS-1002,BTC-SEA-5002,SHP-2026-102,2026-08-23 07:33 UTC,9.84,90.6,"GPS: 48.1900 N, -122.8900 W",95,GOOD,CRITICAL,0,0,0,9.84,9.84,0.45
161909,SNS-1002,BTC-SEA-5002,SHP-2026-102,2026-08-23 07:48 UTC,7.97,94.6,"GPS: 48.2000 N, -122.9000 W",94,EXCELLENT,CRITICAL,0,0,0,7.97,7.97,0.46
161910,SNS-1002,BTC-SEA-5002,SHP-2026-102,2026-08-23 08:03 UTC,6.36,89.5,"GPS: 48.2100 N, -122.9100 W",94,FAIR,CRITICAL,0,0,0,6.36,6.36,0.4
161911,SNS-1002,BTC-SEA-5002,SHP-2026-102,2026-08-23 08:18 UTC,7.29,91.6,"GPS: 48.2200 N, -122.9200 W",94,FAIR,CRITICAL,0,0,0,7.29,7.29,0.41
161912,SNS-1002,BTC-SEA-5002,SHP-2026-102,2026-08-23 08:33 UTC,7.28,86.8,"GPS: 48.2300 N, -122.9300 W",94,EXCELLENT,CRITICAL,0,0,0,7.28,7.28,0.41
161913,SNS-1002,BTC-SEA-5002,SHP-2026-102,2026-08-23 08:48 UTC,9.29,88.1,"GPS: 48.2400 N, -122.9400 W",94,FAIR,CRITICAL,0,0,0,9.29,9.29,0.46
161914,SNS-1002,BTC-SEA-5002,SHP-2026-102,2026-08-23 09:03 UTC,9.29,87.0,"GPS: 48.2500 N, -122.9500 W",94,GOOD,CRITICAL,0,0,0,9.29,9.29,0.43
161915,SNS-1002,BTC-SEA-5002,SHP-2026-102,2026-08-23 09:18 UTC,7.93,87.1,"GPS: 48.2600 N, -122.9600 W",94,EXCELLENT,CRITICAL,0,0,0,7.93,7.93,0.43
161916,SNS-1002,BTC-SEA-5002,SHP-2026-102,2026-08-23 09:33 UTC,6.91,85.9,"GPS: 48.2700 N, -122.9700 W",94,FAIR,CRITICAL,0,0,0,6.91,6.91,0.41
161917,SNS-1002,BTC-SEA-5002,SHP-2026-102,2026-08-23 09:48 UTC,8.33,91.6,"GPS: 48.2800 N, -122.9800 W",94,EXCELLENT,CRITICAL,0,0,0,8.33,8.33,0.47
161918,SNS-1002,BTC-SEA-5002,SHP-2026-102,2026-08-23 10:03 UTC,10.06,92.7,"GPS: 48.2900 N, -122.9900 W",94,GOOD,CRITICAL,0,0,0,10.06,10.06,0.45
161919,SNS-1002,BTC-SEA-5002,SHP-2026-102,2026-08-23 10:18 UTC,9.78,86.0,"GPS: 48.3000 N, -123.0000 W",93,FAIR,CRITICAL,0,0,0,9.78,9.78,0.42
161920,SNS-1002,BTC-SEA-5002,SHP-2026-102,2026-08-23 10:33 UTC,9.26,86.3,"GPS: 48.3100 N, -123.0100 W",93,FAIR,CRITICAL,0,0,0,9.26,9.26,0.44
161921,SNS-1002,BTC-SEA-5002,SHP-2026-102,2026-08-23 10:48 UTC,9.25,94.2,"GPS: 48.3200 N, -123.0200 W",93,FAIR,CRITICAL,0,0,0,9.25,9.25,0.46
161922,SNS-1002,BTC-SEA-5002,SHP-2026-102,2026-08-23 11:03 UTC,10.14,87.6,"GPS: 48.3300 N, -123.0300 W",93,GOOD,CRITICAL,0,0,0,10.14,10.14,0.44
161923,SNS-1002,BTC-SEA-5002,SHP-2026-102,2026-08-23 11:18 UTC,8.2,86.4,"GPS: 48.3400 N, -123.0400 W",93,FAIR,CRITICAL,0,0,0,8.2,8.2,0.47
161924,SNS-1002,BTC-SEA-5002,SHP-2026-102,2026-08-23 11:33 UTC,9.57,94.8,"GPS: 48.3500 N, -123.0500 W",93,GOOD,CRITICAL,0,0,0,9.57,9.57,0.44
161925,SNS-1002,BTC-SEA-5002,SHP-2026-102,2026-08-23 11:48 UTC,10.33,89.6,"GPS: 48.3600 N, -123.0600 W",93,FAIR,CRITICAL,0,0,0,10.33,10.33,0.44
161926,SNS-1002,BTC-SEA-5002,SHP-2026-102,2026-08-23 12:03 UTC,6.28,93.6,"GPS: 48.3700 N, -123.0700 W",93,FAIR,CRITICAL,0,0,0,6.28,6.28,0.46
161927,SNS-1002,BTC-SEA-5002,SHP-2026-102,2026-08-23 12:18 UTC,9.45,94.3,"GPS: 48.3800 N, -123.0800 W",93,FAIR,CRITICAL,0,0,0,9.45,9.45,0.43
161928,SNS-1002,BTC-SEA-5002,SHP-2026-102,2026-08-23 12:33 UTC,9.15,86.6,"GPS: 48.3900 N, -123.0900 W",93,FAIR,CRITICAL,0,0,0,9.15,9.15,0.46
161929,SNS-1002,BTC-SEA-5002,SHP-2026-102,2026-08-23 12:48 UTC,8.43,92.5,"GPS: 48.4000 N, -123.1000 W",92,FAIR,CRITICAL,0,0,0,8.43,8.43,0.45
161930,SNS-1002,BTC-SEA-5002,SHP-2026-102,2026-08-23 13:03 UTC,9.59,90.8,"GPS: 48.4100 N, -123.1100 W",92,EXCELLENT,CRITICAL,0,0,0,9.59,9.59,0.42
161931,SNS-1002,BTC-SEA-5002,SHP-2026-102,2026-08-23 13:18 UTC,7.28,90.9,"GPS: 48.4200 N, -123.1200 W",92,FAIR,CRITICAL,0,0,0,7.28,7.28,0.47
161932,SNS-1002,BTC-SEA-5002,SHP-2026-102,2026-08-23 13:33 UTC,8.03,91.0,"GPS: 48.4300 N, -123.1300 W",92,EXCELLENT,CRITICAL,0,0,0,8.03,8.03,0.42
161933,SNS-1002,BTC-SEA-5002,SHP-2026-102,2026-08-23 13:48 UTC,6.42,89.3,"GPS: 48.4400 N, -123.1400 W",92,EXCELLENT,CRITICAL,0,0,0,6.42,6.42,0.42
161934,SNS-1002,BTC-SEA-5002,SHP-2026-102,2026-08-23 14:03 UTC,8.71,88.8,"GPS: 48.4500 N, -123.1500 W",92,GOOD,CRITICAL,0,0,0,8.71,8.71,0.42
161935,SNS-1002,BTC-SEA-5002,SHP-2026-102,2026-08-23 14:18 UTC,9.8,92.9,"GPS: 48.4600 N, -123.1600 W",92,EXCELLENT,CRITICAL,0,0,0,9.8,9.8,0.44
161936,SNS-1002,BTC-SEA-5002,SHP-2026-102,2026-08-23 14:33 UTC,7.47,96.0,"GPS: 48.4700 N, -123.1700 W",92,GOOD,CRITICAL,0,0,0,7.47,7.47,0.41
161937,SNS-1002,BTC-SEA-5002,SHP-2026-102,2026-08-23 14:48 UTC,9.58,94.6,"GPS: 48.4800 N, -123.1800 W",92,FAIR,CRITICAL,0,0,0,9.58,9.58,0.43
161938,SNS-1002,BTC-SEA-5002,SHP-2026-102,2026-08-23 15:03 UTC,0.83,90.3,"GPS: 48.4900 N, -123.1900 W",92,EXCELLENT,NORMAL,0,0,0,0.83,0.83,0.45
161939,SNS-1002,BTC-SEA-5002,SHP-2026-102,2026-08-23 15:18 UTC,2.65,91.7,"GPS: 48.5000 N, -123.2000 W",91,FAIR,NORMAL,0,0,0,2.65,2.65,0.37
161940,SNS-1002,BTC-SEA-5002,SHP-2026-102,2026-08-23 15:33 UTC,-7.55,94.5,"GPS: 48.5100 N, -123.2100 W",91,GOOD,WARNING,0,0,0,-7.55,-7.55,0.46
161941,SNS-1002,BTC-SEA-5002,SHP-2026-102,2026-08-23 15:48 UTC,2.17,92.4,"GPS: 48.5200 N, -123.2200 W",91,EXCELLENT,NORMAL,0,0,0,2.17,2.17,0.4
161942,SNS-1002,BTC-SEA-5002,SHP-2026-102,2026-08-23 16:03 UTC,2.91,88.1,"GPS: 48.5300 N, -123.2300 W",91,FAIR,NORMAL,0,0,0,2.91,2.91,0.36
161943,SNS-1002,BTC-SEA-5002,SHP-2026-102,2026-08-23 16:18 UTC,2.46,87.7,"GPS: 48.5400 N, -123.2400 W",91,EXCELLENT,NORMAL,0,0,0,2.46,2.46,0.36
161944,SNS-1002,BTC-SEA-5002,SHP-2026-102,2026-08-23 16:33 UTC,2.12,91.0,"GPS: 48.5500 N, -123.2500 W",91,EXCELLENT,NORMAL,0,0,0,2.12,2.12,0.36
161945,SNS-1002,BTC-SEA-5002,SHP-2026-102,2026-08-23 16:48 UTC,1.68,94.9,"GPS: 48.5600 N, -123.2600 W",91,FAIR,NORMAL,0,0,0,1.68,1.68,0.41
161946,SNS-1002,BTC-SEA-5002,SHP-2026-102,2026-08-23 17:03 UTC,3.23,86.5,"GPS: 48.5700 N, -123.2700 W",91,FAIR,NORMAL,0,0,0,3.23,3.23,0.38
161947,SNS-1002,BTC-SEA-5002,SHP-2026-102,2026-08-23 17:18 UTC,2.19,87.4,"GPS: 48.5800 N, -123.2800 W",91,EXCELLENT,NORMAL,0,0,0,2.19,2.19,0.37
161948,SNS-1002,BTC-SEA-5002,SHP-2026-102,2026-08-23 17:33 UTC,1.18,91.5,"GPS: 48.5900 N, -123.2900 W",91,FAIR,NORMAL,0,0,0,1.18,1.18,0.39
161949,SNS-1002,BTC-SEA-5002,SHP-2026-102,2026-08-23 17:48 UTC,2.69,87.8,"GPS: 48.6000 N, -123.3000 W",90,GOOD,NORMAL,0,0,0,2.69,2.69,0.37
161950,SNS-1002,BTC-SEA-5002,SHP-2026-102,2026-08-23 18:03 UTC,0.69,88.5,"GPS: 48.6100 N, -123.3100 W",90,GOOD,NORMAL,0,0,0,0.69,0.69,0.41
161951,SNS-1002,BTC-SEA-5002,SHP-2026-102,2026-08-23 18:18 UTC,0.8,88.0,"GPS: 48.6200 N, -123.3200 W",90,GOOD,NORMAL,0,0,0,0.8,0.8,0.39
161952,SNS-1002,BTC-SEA-5002,SHP-2026-102,2026-08-23 18:33 UTC,1.32,88.7,"GPS: 48.6300 N, -123.3300 W",90,EXCELLENT,NORMAL,0,0,0,1.32,1.32,0.44
161953,SNS-1002,BTC-SEA-5002,SHP-2026-102,2026-08-23 18:48 UTC,2.92,87.3,"GPS: 48.6400 N, -123.3400 W",90,FAIR,NORMAL,0,0,0,2.92,2.92,0.39
161954,SNS-1002,BTC-SEA-5002,SHP-2026-102,2026-08-23 19:03 UTC,0.92,95.9,"GPS: 48.6500 N, -123.3500 W",90,GOOD,NORMAL,0,0,0,0.92,0.92,0.39
161955,SNS-1002,BTC-SEA-5002,SHP-2026-102,2026-08-23 19:18 UTC,0.71,94.0,"GPS: 48.6600 N, -123.3600 W",90,EXCELLENT,NORMAL,0,0,0,0.71,0.71,0.39
161956,SNS-1002,BTC-SEA-5002,SHP-2026-102,2026-08-23 19:33 UTC,1.67,85.6,"GPS: 48.6700 N, -123.3700 W",90,FAIR,NORMAL,0,0,0,1.67,1.67,0.4
161957,SNS-1002,BTC-SEA-5002,SHP-2026-102,2026-08-23 19:48 UTC,0.45,94.9,"GPS: 48.6800 N, -123.3800 W",90,FAIR,NORMAL,0,0,0,0.45,0.45,0.38
161958,SNS-1002,BTC-SEA-5002,SHP-2026-102,2026-08-23 20:03 UTC,1.31,93.8,"GPS: 48.6900 N, -123.3900 W",90,GOOD,NORMAL,0,0,0,1.31,1.31,0.38
161959,SNS-1002,BTC-SEA-5002,SHP-2026-102,2026-08-23 20:18 UTC,2.72,93.2,"GPS: 48.7000 N, -123.4000 W",89,GOOD,NORMAL,0,0,0,2.72,2.72,0.44
161960,SNS-1002,BTC-SEA-5002,SHP-2026-102,2026-08-23 20:33 UTC,-28.44,85.7,"GPS: 48.7100 N, -123.4100 W",89,GOOD,WARNING,0,0,0,-28.44,-28.44,0.53
161961,SNS-1002,BTC-SEA-5002,SHP-2026-102,2026-08-23 20:48 UTC,1.51,87.1,"GPS: 48.7200 N, -123.4200 W",89,GOOD,NORMAL,0,0,0,1.51,1.51,0.38
161962,SNS-1002,BTC-SEA-5002,SHP-2026-102,2026-08-23 21:03 UTC,0.83,85.8,"GPS: 48.7300 N, -123.4300 W",89,EXCELLENT,NORMAL,0,0,0,0.83,0.83,0.4
161963,SNS-1002,BTC-SEA-5002,SHP-2026-102,2026-08-23 21:18 UTC,1.64,91.8,"GPS: 48.7400 N, -123.4400 W",89,GOOD,NORMAL,0,0,0,1.64,1.64,0.38
161964,SNS-1002,BTC-SEA-5002,SHP-2026-102,2026-08-23 21:33 UTC,0.85,90.6,"GPS: 48.7500 N, -123.4500 W",89,FAIR,NORMAL,0,0,0,0.85,0.85,0.4
161965,SNS-1002,BTC-SEA-5002,SHP-2026-102,2026-08-23 21:48 UTC,2.0,85.8,"GPS: 48.7600 N, -123.4600 W",89,FAIR,NORMAL,0,0,0,2.0,2.0,0.4
161966,SNS-1002,BTC-SEA-5002,SHP-2026-102,2026-08-23 22:03 UTC,2.75,94.8,"GPS: 48.7700 N, -123.4700 W",89,EXCELLENT,NORMAL,0,0,0,2.75,2.75,0.43
161967,SNS-1002,BTC-SEA-5002,SHP-2026-102,2026-08-23 22:18 UTC,0.4,92.1,"GPS: 48.7800 N, -123.4800 W",89,GOOD,NORMAL,0,0,0,0.4,0.4,0.41
161968,SNS-1002,BTC-SEA-5002,SHP-2026-102,2026-08-23 22:33 UTC,0.36,90.0,"GPS: 48.7900 N, -123.4900 W",89,GOOD,NORMAL,0,0,0,0.36,0.36,0.39
161969,SNS-1002,BTC-SEA-5002,SHP-2026-102,2026-08-23 22:48 UTC,2.33,89.3,"GPS: 48.8000 N, -123.5000 W",88,GOOD,NORMAL,0,0,0,2.33,2.33,0.39
161970,SNS-1002,BTC-SEA-5002,SHP-2026-102,2026-08-23 23:03 UTC,1.95,95.1,"GPS: 48.8100 N, -123.5100 W",88,GOOD,NORMAL,0,0,0,1.95,1.95,0.4
161971,SNS-1002,BTC-SEA-5002,SHP-2026-102,2026-08-23 23:18 UTC,2.24,87.9,"GPS: 48.8200 N, -123.5200 W",88,EXCELLENT,NORMAL,0,0,0,2.24,2.24,0.39
161972,SNS-1002,BTC-SEA-5002,SHP-2026-102,2026-08-23 23:33 UTC,0.72,90.7,"GPS: 48.8300 N, -123.5300 W",88,EXCELLENT,NORMAL,0,0,0,0.72,0.72,0.4
161973,SNS-1002,BTC-SEA-5002,SHP-2026-102,2026-08-23 23:48 UTC,2.86,94.4,"GPS: 48.8400 N, -123.5400 W",88,FAIR,NORMAL,0,0,0,2.86,2.86,0.4
161974,SNS-1002,BTC-SEA-5002,SHP-2026-102,2026-08-24 00:03 UTC,0.42,89.3,"GPS: 48.8500 N, -123.5500 W",88,GOOD,NORMAL,0,0,0,0.42,0.42,0.42
161975,SNS-1002,BTC-SEA-5002,SHP-2026-102,2026-08-24 00:18 UTC,0.54,91.5,"GPS: 48.8600 N, -123.5600 W",88,EXCELLENT,NORMAL,0,0,0,0.54,0.54,0.41
161976,SNS-1002,BTC-SEA-5002,SHP-2026-102,2026-08-24 00:33 UTC,2.86,94.1,"GPS: 48.8700 N, -123.5700 W",88,FAIR,NORMAL,0,0,0,2.86,2.86,0.4
161977,SNS-1002,BTC-SEA-5002,SHP-2026-102,2026-08-24 00:48 UTC,2.45,95.1,"GPS: 48.8800 N, -123.5800 W",88,EXCELLENT,NORMAL,0,0,0,2.45,2.45,0.4
161978,SNS-1002,BTC-SEA-5002,SHP-2026-102,2026-08-24 01:03 UTC,2.59,87.7,"GPS: 48.8900 N, -123.5900 W",88,FAIR,NORMAL,0,0,0,2.59,2.59,0.39
161979,SNS-1002,BTC-SEA-5002,SHP-2026-102,2026-08-24 01:18 UTC,2.94,90.6,"GPS: 48.9000 N, -123.6000 W",87,FAIR,NORMAL,0,0,0,2.94,2.94,0.44
161980,SNS-1002,BTC-SEA-5002,SHP-2026-102,2026-08-24 01:33 UTC,1.67,94.9,"GPS: 48.9100 N, -123.6100 W",87,GOOD,NORMAL,0,0,0,1.67,1.67,0.5
161981,SNS-1002,BTC-SEA-5002,SHP-2026-102,2026-08-24 01:48 UTC,0.68,87.4,"GPS: 48.9200 N, -123.6200 W",87,GOOD,NORMAL,0,0,0,0.68,0.68,0.5
161982,SNS-1002,BTC-SEA-5002,SHP-2026-102,2026-08-24 02:03 UTC,3.11,85.3,"GPS: 48.9300 N, -123.6300 W",87,GOOD,NORMAL,0,0,0,3.11,3.11,0.43
161983,SNS-1002,BTC-SEA-5002,SHP-2026-102,2026-08-24 02:18 UTC,0.58,90.1,"GPS: 48.9400 N, -123.6400 W",87,FAIR,NORMAL,0,0,0,0.58,0.58,0.46
161984,SNS-1002,BTC-SEA-5002,SHP-2026-102,2026-08-24 02:33 UTC,0.66,85.6,"GPS: 48.9500 N, -123.6500 W",87,EXCELLENT,NORMAL,0,0,0,0.66,0.66,0.45
161985,SNS-1003,BTC-SEA-5003,SHP-2026-103,2026-08-22 18:48 UTC,1.4,92.7,"GPS: 47.6000 N, -122.3000 W",100,EXCELLENT,NORMAL,0,0,0,1.4,1.4,0.49
161986,SNS-1003,BTC-SEA-5003,SHP-2026-103,2026-08-22 19:03 UTC,0.38,92.8,"GPS: 47.6100 N, -122.3100 W",100,GOOD,NORMAL,0,0,0,0.38,0.38,0.43
161987,SNS-1003,BTC-SEA-5003,SHP-2026-103,2026-08-22 19:18 UTC,0.9,90.3,"GPS: 47.6200 N, -122.3200 W",100,EXCELLENT,NORMAL,0,0,0,0.9,0.9,0.49
161988,SNS-1003,BTC-SEA-5003,SHP-2026-103,2026-08-22 19:33 UTC,3.11,95.0,"GPS: 47.6300 N, -122.3300 W",100,GOOD,NORMAL,0,0,0,3.11,3.11,0.47
161989,SNS-1003,BTC-SEA-5003,SHP-2026-103,2026-08-22 19:48 UTC,2.37,85.5,"GPS: 47.6400 N, -122.3400 W",100,GOOD,NORMAL,0,0,0,2.37,2.37,0.41
161990,SNS-1003,BTC-SEA-5003,SHP-2026-103,2026-08-22 20:03 UTC,1.03,87.5,"GPS: 47.6500 N, -122.3500 W",100,GOOD,NORMAL,0,0,0,1.03,1.03,0.42
161991,SNS-1003,BTC-SEA-5003,SHP-2026-103,2026-08-22 20:18 UTC,0.45,95.4,"GPS: 47.6600 N, -122.3600 W",100,FAIR,NORMAL,0,0,0,0.45,0.45,0.44
161992,SNS-1003,BTC-SEA-5003,SHP-2026-103,2026-08-22 20:33 UTC,0.22,95.7,"GPS: 47.6700 N, -122.3700 W",100,EXCELLENT,NORMAL,0,0,0,0.22,0.22,0.44
161993,SNS-1003,BTC-SEA-5003,SHP-2026-103,2026-08-22 20:48 UTC,2.87,95.2,"GPS: 47.6800 N, -122.3800 W",100,EXCELLENT,NORMAL,0,0,0,2.87,2.87,0.44
161994,SNS-1003,BTC-SEA-5003,SHP-2026-103,2026-08-22 21:03 UTC,1.03,94.1,"GPS: 47.6900 N, -122.3900 W",100,FAIR,NORMAL,0,0,0,1.03,1.03,0.48
161995,SNS-1003,BTC-SEA-5003,SHP-2026-103,2026-08-22 21:18 UTC,0.21,94.0,"GPS: 47.7000 N, -122.4000 W",99,FAIR,NORMAL,0,0,0,0.21,0.21,0.41
161996,SNS-1003,BTC-SEA-5003,SHP-2026-103,2026-08-22 21:33 UTC,0.9,89.2,"GPS: 47.7100 N, -122.4100 W",99,FAIR,NORMAL,0,0,0,0.9,0.9,0.45
161997,SNS-1003,BTC-SEA-5003,SHP-2026-103,2026-08-22 21:48 UTC,1.31,87.0,"GPS: 47.7200 N, -122.4200 W",99,FAIR,NORMAL,0,0,0,1.31,1.31,0.46
161998,SNS-1003,BTC-SEA-5003,SHP-2026-103,2026-08-22 22:03 UTC,2.36,89.0,"GPS: 47.7300 N, -122.4300 W",99,GOOD,NORMAL,0,0,0,2.36,2.36,0.46
161999,SNS-1003,BTC-SEA-5003,SHP-2026-103,2026-08-22 22:18 UTC,,,"GPS: 47.7400 N, -122.4400 W",99,DISCONNECTED,WARNING,1,0,1,3.22,2.36,0.39
162000,SNS-1003,BTC-SEA-5003,SHP-2026-103,2026-08-22 22:33 UTC,,,"GPS: 47.7500 N, -122.4500 W",99,DISCONNECTED,WARNING,1,0,1,2.64,2.36,0.39
162001,SNS-1003,BTC-SEA-5003,SHP-2026-103,2026-08-22 22:48 UTC,0.46,92.3,"GPS: 47.7600 N, -122.4600 W",99,GOOD,NORMAL,0,0,0,0.46,0.46,0.47
162002,SNS-1003,BTC-SEA-5003,SHP-2026-103,2026-08-22 23:03 UTC,3.09,88.8,"GPS: 47.7700 N, -122.4700 W",99,FAIR,NORMAL,0,0,0,3.09,3.09,0.4
162003,SNS-1003,BTC-SEA-5003,SHP-2026-103,2026-08-22 23:18 UTC,,,"GPS: 47.7800 N, -122.4800 W",99,DISCONNECTED,WARNING,1,0,1,1.5,3.09,0.39
162004,SNS-1003,BTC-SEA-5003,SHP-2026-103,2026-08-22 23:33 UTC,,,"GPS: 47.7900 N, -122.4900 W",99,DISCONNECTED,WARNING,1,0,1,1.77,3.09,0.39
162005,SNS-1003,BTC-SEA-5003,SHP-2026-103,2026-08-22 23:48 UTC,1.71,89.8,"GPS: 47.8000 N, -122.5000 W",98,GOOD,NORMAL,0,0,0,1.71,1.71,0.38
162006,SNS-1003,BTC-SEA-5003,SHP-2026-103,2026-08-23 00:03 UTC,2.46,95.0,"GPS: 47.8100 N, -122.5100 W",98,GOOD,NORMAL,0,0,0,2.46,2.46,0.38
162007,SNS-1003,BTC-SEA-5003,SHP-2026-103,2026-08-23 00:18 UTC,1.69,91.6,"GPS: 47.8200 N, -122.5200 W",98,EXCELLENT,NORMAL,0,0,0,1.69,1.69,0.38
162008,SNS-1003,BTC-SEA-5003,SHP-2026-103,2026-08-23 00:33 UTC,,,"GPS: 47.8300 N, -122.5300 W",98,DISCONNECTED,WARNING,1,0,1,0.24,1.69,0.38
162009,SNS-1003,BTC-SEA-5003,SHP-2026-103,2026-08-23 00:48 UTC,1.76,92.0,"GPS: 47.8400 N, -122.5400 W",98,EXCELLENT,NORMAL,0,0,0,1.76,1.76,0.39
162010,SNS-1003,BTC-SEA-5003,SHP-2026-103,2026-08-23 01:03 UTC,2.69,89.7,"GPS: 47.8500 N, -122.5500 W",98,GOOD,NORMAL,0,0,0,2.69,2.69,0.41
162011,SNS-1003,BTC-SEA-5003,SHP-2026-103,2026-08-23 01:18 UTC,2.08,94.4,"GPS: 47.8600 N, -122.5600 W",98,EXCELLENT,NORMAL,0,0,0,2.08,2.08,0.39
162012,SNS-1003,BTC-SEA-5003,SHP-2026-103,2026-08-23 01:33 UTC,,,"GPS: 47.8700 N, -122.5700 W",98,DISCONNECTED,WARNING,1,0,1,2.15,2.08,0.43
162013,SNS-1003,BTC-SEA-5003,SHP-2026-103,2026-08-23 01:48 UTC,1.33,86.4,"GPS: 47.8800 N, -122.5800 W",98,GOOD,NORMAL,0,0,0,1.33,1.33,0.42
162014,SNS-1003,BTC-SEA-5003,SHP-2026-103,2026-08-23 02:03 UTC,-28.01,92.3,"GPS: 47.8900 N, -122.5900 W",98,EXCELLENT,WARNING,0,0,0,-28.01,-28.01,0.53
162015,SNS-1003,BTC-SEA-5003,SHP-2026-103,2026-08-23 02:18 UTC,,,"GPS: 47.9000 N, -122.6000 W",97,DISCONNECTED,WARNING,1,0,1,2.2,-28.01,0.46
162016,SNS-1003,BTC-SEA-5003,SHP-2026-103,2026-08-23 02:33 UTC,1.77,89.3,"GPS: 47.9100 N, -122.6100 W",97,FAIR,NORMAL,0,0,0,1.77,1.77,0.36
162017,SNS-1003,BTC-SEA-5003,SHP-2026-103,2026-08-23 02:48 UTC,0.49,93.5,"GPS: 47.9200 N, -122.6200 W",97,FAIR,NORMAL,0,0,0,0.49,0.49,0.38
162018,SNS-1003,BTC-SEA-5003,SHP-2026-103,2026-08-23 03:03 UTC,0.37,91.4,"GPS: 47.9300 N, -122.6300 W",97,FAIR,NORMAL,0,0,0,0.37,0.37,0.38
162019,SNS-1003,BTC-SEA-5003,SHP-2026-103,2026-08-23 03:18 UTC,1.42,94.7,"GPS: 47.9400 N, -122.6400 W",97,GOOD,NORMAL,0,0,0,1.42,1.42,0.37
162020,SNS-1003,BTC-SEA-5003,SHP-2026-103,2026-08-23 03:33 UTC,0.26,95.6,"GPS: 47.9500 N, -122.6500 W",97,FAIR,NORMAL,0,0,0,0.26,0.26,0.39
162021,SNS-1003,BTC-SEA-5003,SHP-2026-103,2026-08-23 03:48 UTC,0.38,86.8,"GPS: 47.9600 N, -122.6600 W",97,EXCELLENT,NORMAL,0,0,0,0.38,0.38,0.38
162022,SNS-1003,BTC-SEA-5003,SHP-2026-103,2026-08-23 04:03 UTC,1.54,89.7,"GPS: 47.9700 N, -122.6700 W",97,EXCELLENT,NORMAL,0,0,0,1.54,1.54,0.39
162023,SNS-1003,BTC-SEA-5003,SHP-2026-103,2026-08-23 04:18 UTC,2.99,93.5,"GPS: 47.9800 N, -122.6800 W",97,FAIR,NORMAL,0,0,0,2.99,2.99,0.44
162024,SNS-1003,BTC-SEA-5003,SHP-2026-103,2026-08-23 04:33 UTC,0.49,86.9,"GPS: 47.9900 N, -122.6900 W",97,GOOD,NORMAL,0,0,0,0.49,0.49,0.37
162025,SNS-1003,BTC-SEA-5003,SHP-2026-103,2026-08-23 04:48 UTC,0.73,89.6,"GPS: 48.0000 N, -122.7000 W",96,GOOD,NORMAL,0,0,0,0.73,0.73,0.37
162026,SNS-1003,BTC-SEA-5003,SHP-2026-103,2026-08-23 05:03 UTC,1.4,87.9,"GPS: 48.0100 N, -122.7100 W",96,GOOD,NORMAL,0,0,0,1.4,1.4,0.43
162027,SNS-1003,BTC-SEA-5003,SHP-2026-103,2026-08-23 05:18 UTC,,,"GPS: 48.0200 N, -122.7200 W",96,DISCONNECTED,WARNING,1,0,1,2.06,1.4,0.45
162028,SNS-1003,BTC-SEA-5003,SHP-2026-103,2026-08-23 05:33 UTC,0.83,91.5,"GPS: 48.0300 N, -122.7300 W",96,FAIR,NORMAL,0,0,0,0.83,0.83,0.38
162029,SNS-1003,BTC-SEA-5003,SHP-2026-103,2026-08-23 05:48 UTC,0.59,86.2,"GPS: 48.0400 N, -122.7400 W",96,GOOD,NORMAL,0,0,0,0.59,0.59,0.38
162030,SNS-1003,BTC-SEA-5003,SHP-2026-103,2026-08-23 06:03 UTC,,,"GPS: 48.0500 N, -122.7500 W",96,DISCONNECTED,WARNING,1,0,1,2.91,0.59,0.38
162031,SNS-1003,BTC-SEA-5003,SHP-2026-103,2026-08-23 06:18 UTC,0.35,92.6,"GPS: 48.0600 N, -122.7600 W",96,FAIR,NORMAL,0,0,0,0.35,0.35,0.38
162032,SNS-1003,BTC-SEA-5003,SHP-2026-103,2026-08-23 06:33 UTC,2.04,95.6,"GPS: 48.0700 N, -122.7700 W",96,EXCELLENT,NORMAL,0,0,0,2.04,2.04,0.46
162033,SNS-1003,BTC-SEA-5003,SHP-2026-103,2026-08-23 06:48 UTC,0.56,89.8,"GPS: 48.0800 N, -122.7800 W",96,EXCELLENT,NORMAL,0,0,0,0.56,0.56,0.37
162034,SNS-1003,BTC-SEA-5003,SHP-2026-103,2026-08-23 07:03 UTC,,,"GPS: 48.0900 N, -122.7900 W",96,DISCONNECTED,WARNING,1,0,1,12.2,0.56,0.37
162035,SNS-1003,BTC-SEA-5003,SHP-2026-103,2026-08-23 07:18 UTC,2.23,88.9,"GPS: 48.1000 N, -122.8000 W",95,FAIR,NORMAL,0,0,0,2.23,2.23,0.38
162036,SNS-1003,BTC-SEA-5003,SHP-2026-103,2026-08-23 07:33 UTC,1.69,86.2,"GPS: 48.1100 N, -122.8100 W",95,EXCELLENT,NORMAL,0,0,0,1.69,1.69,0.37
162037,SNS-1003,BTC-SEA-5003,SHP-2026-103,2026-08-23 07:48 UTC,2.89,95.9,"GPS: 48.1200 N, -122.8200 W",95,EXCELLENT,NORMAL,0,0,0,2.89,2.89,0.38
162038,SNS-1003,BTC-SEA-5003,SHP-2026-103,2026-08-23 08:03 UTC,0.63,91.6,"GPS: 48.1300 N, -122.8300 W",95,EXCELLENT,NORMAL,0,0,0,0.63,0.63,0.37
162039,SNS-1003,BTC-SEA-5003,SHP-2026-103,2026-08-23 08:18 UTC,2.83,89.5,"GPS: 48.1400 N, -122.8400 W",95,FAIR,NORMAL,0,0,0,2.83,2.83,0.36
162040,SNS-1003,BTC-SEA-5003,SHP-2026-103,2026-08-23 08:33 UTC,,,"GPS: 48.1500 N, -122.8500 W",95,DISCONNECTED,WARNING,1,0,1,0.77,2.83,0.36
162041,SNS-1003,BTC-SEA-5003,SHP-2026-103,2026-08-23 08:48 UTC,,,"GPS: 48.1600 N, -122.8600 W",95,DISCONNECTED,WARNING,1,0,1,1.98,2.83,0.35
162042,SNS-1003,BTC-SEA-5003,SHP-2026-103,2026-08-23 09:03 UTC,0.87,91.5,"GPS: 48.1700 N, -122.8700 W",95,FAIR,NORMAL,0,0,0,0.87,0.87,0.37
162043,SNS-1003,BTC-SEA-5003,SHP-2026-103,2026-08-23 09:18 UTC,1.0,95.2,"GPS: 48.1800 N, -122.8800 W",95,EXCELLENT,NORMAL,0,0,0,1.0,1.0,0.37
162044,SNS-1003,BTC-SEA-5003,SHP-2026-103,2026-08-23 09:33 UTC,1.34,92.4,"GPS: 48.1900 N, -122.8900 W",95,EXCELLENT,NORMAL,0,0,0,1.34,1.34,0.37
162045,SNS-1003,BTC-SEA-5003,SHP-2026-103,2026-08-23 09:48 UTC,2.25,87.8,"GPS: 48.2000 N, -122.9000 W",94,EXCELLENT,NORMAL,0,0,0,2.25,2.25,0.37
162046,SNS-1003,BTC-SEA-5003,SHP-2026-103,2026-08-23 10:03 UTC,,,"GPS: 48.2100 N, -122.9100 W",94,DISCONNECTED,WARNING,1,0,1,0.27,2.25,0.37
162047,SNS-1003,BTC-SEA-5003,SHP-2026-103,2026-08-23 10:18 UTC,,,"GPS: 48.2200 N, -122.9200 W",94,DISCONNECTED,WARNING,1,0,1,0.84,2.25,0.37
162048,SNS-1003,BTC-SEA-5003,SHP-2026-103,2026-08-23 10:33 UTC,2.03,88.1,"GPS: 48.2300 N, -122.9300 W",94,FAIR,NORMAL,0,0,0,2.03,2.03,0.42
162049,SNS-1003,BTC-SEA-5003,SHP-2026-103,2026-08-23 10:48 UTC,0.63,87.7,"GPS: 48.2400 N, -122.9400 W",94,GOOD,NORMAL,0,0,0,0.63,0.63,0.46
162050,SNS-1003,BTC-SEA-5003,SHP-2026-103,2026-08-23 11:03 UTC,1.84,95.5,"GPS: 48.2500 N, -122.9500 W",94,EXCELLENT,NORMAL,0,0,0,1.84,1.84,0.4
162051,SNS-1003,BTC-SEA-5003,SHP-2026-103,2026-08-23 11:18 UTC,2.76,95.0,"GPS: 48.2600 N, -122.9600 W",94,FAIR,NORMAL,0,0,0,2.76,2.76,0.38
162052,SNS-1003,BTC-SEA-5003,SHP-2026-103,2026-08-23 11:33 UTC,1.4,91.9,"GPS: 48.2700 N, -122.9700 W",94,EXCELLENT,NORMAL,0,0,0,1.4,1.4,0.36
162053,SNS-1003,BTC-SEA-5003,SHP-2026-103,2026-08-23 11:48 UTC,2.48,92.4,"GPS: 48.2800 N, -122.9800 W",94,FAIR,NORMAL,0,0,0,2.48,2.48,0.36
162054,SNS-1003,BTC-SEA-5003,SHP-2026-103,2026-08-23 12:03 UTC,0.35,91.8,"GPS: 48.2900 N, -122.9900 W",94,EXCELLENT,NORMAL,0,0,0,0.35,0.35,0.42
162055,SNS-1003,BTC-SEA-5003,SHP-2026-103,2026-08-23 12:18 UTC,0.5,91.7,"GPS: 48.3000 N, -123.0000 W",93,GOOD,NORMAL,0,0,0,0.5,0.5,0.37
162056,SNS-1003,BTC-SEA-5003,SHP-2026-103,2026-08-23 12:33 UTC,,,"GPS: 48.3100 N, -123.0100 W",93,DISCONNECTED,WARNING,1,0,1,1.72,0.5,0.38
162057,SNS-1003,BTC-SEA-5003,SHP-2026-103,2026-08-23 12:48 UTC,2.41,94.9,"GPS: 48.3200 N, -123.0200 W",93,FAIR,NORMAL,0,0,0,2.41,2.41,0.37
162058,SNS-1003,BTC-SEA-5003,SHP-2026-103,2026-08-23 13:03 UTC,1.59,88.8,"GPS: 48.3300 N, -123.0300 W",93,FAIR,NORMAL,0,0,0,1.59,1.59,0.37
162059,SNS-1003,BTC-SEA-5003,SHP-2026-103,2026-08-23 13:18 UTC,,,"GPS: 48.3400 N, -123.0400 W",93,DISCONNECTED,WARNING,1,0,1,2.23,1.59,0.37
162060,SNS-1003,BTC-SEA-5003,SHP-2026-103,2026-08-23 13:33 UTC,2.28,94.3,"GPS: 48.3500 N, -123.0500 W",93,GOOD,NORMAL,0,0,0,2.28,2.28,0.36
162061,SNS-1003,BTC-SEA-5003,SHP-2026-103,2026-08-23 13:48 UTC,0.95,93.3,"GPS: 48.3600 N, -123.0600 W",93,GOOD,NORMAL,0,0,0,0.95,0.95,0.41
162062,SNS-1003,BTC-SEA-5003,SHP-2026-103,2026-08-23 14:03 UTC,3.27,85.1,"GPS: 48.3700 N, -123.0700 W",93,GOOD,NORMAL,0,0,0,3.27,3.27,0.43
162063,SNS-1003,BTC-SEA-5003,SHP-2026-103,2026-08-23 14:18 UTC,0.5,85.2,"GPS: 48.3800 N, -123.0800 W",93,EXCELLENT,NORMAL,0,0,0,0.5,0.5,0.39
162064,SNS-1003,BTC-SEA-5003,SHP-2026-103,2026-08-23 14:33 UTC,1.64,91.8,"GPS: 48.3900 N, -123.0900 W",93,EXCELLENT,NORMAL,0,0,0,1.64,1.64,0.4
162065,SNS-1003,BTC-SEA-5003,SHP-2026-103,2026-08-23 14:48 UTC,1.37,92.2,"GPS: 48.4000 N, -123.1000 W",92,EXCELLENT,NORMAL,0,0,0,1.37,1.37,0.39
162066,SNS-1003,BTC-SEA-5003,SHP-2026-103,2026-08-23 15:03 UTC,3.22,88.1,"GPS: 48.4100 N, -123.1100 W",92,GOOD,NORMAL,0,0,0,3.22,3.22,0.37
162067,SNS-1003,BTC-SEA-5003,SHP-2026-103,2026-08-23 15:18 UTC,,,"GPS: 48.4200 N, -123.1200 W",92,DISCONNECTED,WARNING,1,0,1,0.79,3.22,0.38
162068,SNS-1003,BTC-SEA-5003,SHP-2026-103,2026-08-23 15:33 UTC,2.29,86.6,"GPS: 48.4300 N, -123.1300 W",92,GOOD,NORMAL,0,0,0,2.29,2.29,0.39
162069,SNS-1003,BTC-SEA-5003,SHP-2026-103,2026-08-23 15:48 UTC,-27.06,88.8,"GPS: 48.4400 N, -123.1400 W",92,EXCELLENT,WARNING,0,0,0,-27.06,-27.06,0.51
162070,SNS-1003,BTC-SEA-5003,SHP-2026-103,2026-08-23 16:03 UTC,2.77,87.4,"GPS: 48.4500 N, -123.1500 W",92,FAIR,WARNING,0,0,0,2.77,2.77,0.36
162071,SNS-1003,BTC-SEA-5003,SHP-2026-103,2026-08-23 16:18 UTC,1.4,89.5,"GPS: 48.4600 N, -123.1600 W",92,FAIR,NORMAL,0,0,0,1.4,1.4,0.37
162072,SNS-1003,BTC-SEA-5003,SHP-2026-103,2026-08-23 16:33 UTC,1.69,90.5,"GPS: 48.4700 N, -123.1700 W",92,GOOD,NORMAL,0,0,0,1.69,1.69,0.36
162073,SNS-1003,BTC-SEA-5003,SHP-2026-103,2026-08-23 16:48 UTC,3.12,94.7,"GPS: 48.4800 N, -123.1800 W",92,FAIR,NORMAL,0,0,0,3.12,3.12,0.36
162074,SNS-1003,BTC-SEA-5003,SHP-2026-103,2026-08-23 17:03 UTC,0.75,93.9,"GPS: 48.4900 N, -123.1900 W",92,GOOD,NORMAL,0,0,0,0.75,0.75,0.39
162075,SNS-1003,BTC-SEA-5003,SHP-2026-103,2026-08-23 17:18 UTC,,,"GPS: 48.5000 N, -123.2000 W",91,DISCONNECTED,WARNING,1,0,1,2.3,0.75,0.38
162076,SNS-1003,BTC-SEA-5003,SHP-2026-103,2026-08-23 17:33 UTC,,,"GPS: 48.5100 N, -123.2100 W",91,DISCONNECTED,WARNING,1,0,1,1.13,0.75,0.39
162077,SNS-1003,BTC-SEA-5003,SHP-2026-103,2026-08-23 17:48 UTC,2.76,89.3,"GPS: 48.5200 N, -123.2200 W",91,GOOD,NORMAL,0,0,0,2.76,2.76,0.37
162078,SNS-1003,BTC-SEA-5003,SHP-2026-103,2026-08-23 18:03 UTC,-28.77,88.4,"GPS: 48.5300 N, -123.2300 W",91,FAIR,WARNING,0,0,0,-28.77,-28.77,0.52
162079,SNS-1003,BTC-SEA-5003,SHP-2026-103,2026-08-23 18:18 UTC,1.62,88.1,"GPS: 48.5400 N, -123.2400 W",91,EXCELLENT,NORMAL,0,0,0,1.62,1.62,0.36
162080,SNS-1003,BTC-SEA-5003,SHP-2026-103,2026-08-23 18:33 UTC,0.46,92.4,"GPS: 48.5500 N, -123.2500 W",91,EXCELLENT,NORMAL,0,0,0,0.46,0.46,0.39
162081,SNS-1003,BTC-SEA-5003,SHP-2026-103,2026-08-23 18:48 UTC,0.63,85.4,"GPS: 48.5600 N, -123.2600 W",91,EXCELLENT,NORMAL,0,0,0,0.63,0.63,0.39
162082,SNS-1003,BTC-SEA-5003,SHP-2026-103,2026-08-23 19:03 UTC,2.59,90.8,"GPS: 48.5700 N, -123.2700 W",91,EXCELLENT,NORMAL,0,0,0,2.59,2.59,0.36
162083,SNS-1003,BTC-SEA-5003,SHP-2026-103,2026-08-23 19:18 UTC,,,"GPS: 48.5800 N, -123.2800 W",91,DISCONNECTED,WARNING,1,0,1,1.78,2.59,0.37
162084,SNS-1003,BTC-SEA-5003,SHP-2026-103,2026-08-23 19:33 UTC,3.21,94.5,"GPS: 48.5900 N, -123.2900 W",91,FAIR,NORMAL,0,0,0,3.21,3.21,0.37
162085,SNS-1003,BTC-SEA-5003,SHP-2026-103,2026-08-23 19:48 UTC,,,"GPS: 48.6000 N, -123.3000 W",90,DISCONNECTED,WARNING,1,0,1,1.63,3.21,0.37
162086,SNS-1003,BTC-SEA-5003,SHP-2026-103,2026-08-23 20:03 UTC,,,"GPS: 48.6100 N, -123.3100 W",90,DISCONNECTED,WARNING,1,0,1,2.68,3.21,0.37
162087,SNS-1003,BTC-SEA-5003,SHP-2026-103,2026-08-23 20:18 UTC,-5.49,89.2,"GPS: 48.6200 N, -123.3200 W",90,GOOD,WARNING,0,0,0,-5.49,-5.49,0.48
162088,SNS-1003,BTC-SEA-5003,SHP-2026-103,2026-08-23 20:33 UTC,2.51,86.7,"GPS: 48.6300 N, -123.3300 W",90,EXCELLENT,NORMAL,0,0,0,2.51,2.51,0.37
162089,SNS-1003,BTC-SEA-5003,SHP-2026-103,2026-08-23 20:48 UTC,2.78,87.0,"GPS: 48.6400 N, -123.3400 W",90,EXCELLENT,NORMAL,0,0,0,2.78,2.78,0.37
162090,SNS-1003,BTC-SEA-5003,SHP-2026-103,2026-08-23 21:03 UTC,1.07,94.2,"GPS: 48.6500 N, -123.3500 W",90,EXCELLENT,NORMAL,0,0,0,1.07,1.07,0.43
162091,SNS-1003,BTC-SEA-5003,SHP-2026-103,2026-08-23 21:18 UTC,2.33,92.8,"GPS: 48.6600 N, -123.3600 W",90,FAIR,NORMAL,0,0,0,2.33,2.33,0.37
162092,SNS-1003,BTC-SEA-5003,SHP-2026-103,2026-08-23 21:33 UTC,0.99,92.7,"GPS: 48.6700 N, -123.3700 W",90,EXCELLENT,NORMAL,0,0,0,0.99,0.99,0.39
162093,SNS-1003,BTC-SEA-5003,SHP-2026-103,2026-08-23 21:48 UTC,2.23,87.5,"GPS: 48.6800 N, -123.3800 W",90,EXCELLENT,NORMAL,0,0,0,2.23,2.23,0.36
162094,SNS-1003,BTC-SEA-5003,SHP-2026-103,2026-08-23 22:03 UTC,2.07,95.8,"GPS: 48.6900 N, -123.3900 W",90,GOOD,NORMAL,0,0,0,2.07,2.07,0.37
162095,SNS-1003,BTC-SEA-5003,SHP-2026-103,2026-08-23 22:18 UTC,0.49,89.7,"GPS: 48.7000 N, -123.4000 W",89,FAIR,NORMAL,0,0,0,0.49,0.49,0.43
162096,SNS-1003,BTC-SEA-5003,SHP-2026-103,2026-08-23 22:33 UTC,1.76,88.1,"GPS: 48.7100 N, -123.4100 W",89,EXCELLENT,NORMAL,0,0,0,1.76,1.76,0.39
162097,SNS-1003,BTC-SEA-5003,SHP-2026-103,2026-08-23 22:48 UTC,0.82,92.1,"GPS: 48.7200 N, -123.4200 W",89,EXCELLENT,NORMAL,0,0,0,0.82,0.82,0.39
162098,SNS-1003,BTC-SEA-5003,SHP-2026-103,2026-08-23 23:03 UTC,2.69,95.4,"GPS: 48.7300 N, -123.4300 W",89,EXCELLENT,NORMAL,0,0,0,2.69,2.69,0.4
162099,SNS-1003,BTC-SEA-5003,SHP-2026-103,2026-08-23 23:18 UTC,2.41,89.1,"GPS: 48.7400 N, -123.4400 W",89,GOOD,NORMAL,0,0,0,2.41,2.41,0.38
162100,SNS-1003,BTC-SEA-5003,SHP-2026-103,2026-08-23 23:33 UTC,3.29,85.3,"GPS: 48.7500 N, -123.4500 W",89,FAIR,NORMAL,0,0,0,3.29,3.29,0.39
162101,SNS-1003,BTC-SEA-5003,SHP-2026-103,2026-08-23 23:48 UTC,-17.44,93.2,"GPS: 48.7600 N, -123.4600 W",89,EXCELLENT,WARNING,0,0,0,-17.44,-17.44,0.48
162102,SNS-1003,BTC-SEA-5003,SHP-2026-103,2026-08-24 00:03 UTC,,,"GPS: 48.7700 N, -123.4700 W",89,DISCONNECTED,WARNING,1,0,1,3.22,-17.44,0.42
162103,SNS-1003,BTC-SEA-5003,SHP-2026-103,2026-08-24 00:18 UTC,2.63,91.7,"GPS: 48.7800 N, -123.4800 W",89,GOOD,NORMAL,0,0,0,2.63,2.63,0.38
162104,SNS-1003,BTC-SEA-5003,SHP-2026-103,2026-08-24 00:33 UTC,0.24,95.6,"GPS: 48.7900 N, -123.4900 W",89,GOOD,NORMAL,0,0,0,0.24,0.24,0.4
162105,SNS-1003,BTC-SEA-5003,SHP-2026-103,2026-08-24 00:48 UTC,1.14,89.1,"GPS: 48.8000 N, -123.5000 W",88,GOOD,NORMAL,0,0,0,1.14,1.14,0.4
162106,SNS-1003,BTC-SEA-5003,SHP-2026-103,2026-08-24 01:03 UTC,2.58,87.8,"GPS: 48.8100 N, -123.5100 W",88,FAIR,NORMAL,0,0,0,2.58,2.58,0.4
162107,SNS-1003,BTC-SEA-5003,SHP-2026-103,2026-08-24 01:18 UTC,1.21,95.5,"GPS: 48.8200 N, -123.5200 W",88,FAIR,NORMAL,0,0,0,1.21,1.21,0.42
162108,SNS-1003,BTC-SEA-5003,SHP-2026-103,2026-08-24 01:33 UTC,1.62,85.2,"GPS: 48.8300 N, -123.5300 W",88,EXCELLENT,NORMAL,0,0,0,1.62,1.62,0.41
162109,SNS-1003,BTC-SEA-5003,SHP-2026-103,2026-08-24 01:48 UTC,2.55,85.9,"GPS: 48.8400 N, -123.5400 W",88,GOOD,NORMAL,0,0,0,2.55,2.55,0.4
162110,SNS-1003,BTC-SEA-5003,SHP-2026-103,2026-08-24 02:03 UTC,1.16,89.3,"GPS: 48.8500 N, -123.5500 W",88,EXCELLENT,NORMAL,0,0,0,1.16,1.16,0.4
162111,SNS-1003,BTC-SEA-5003,SHP-2026-103,2026-08-24 02:18 UTC,0.22,88.7,"GPS: 48.8600 N, -123.5600 W",88,FAIR,NORMAL,0,0,0,0.22,0.22,0.45
162112,SNS-1003,BTC-SEA-5003,SHP-2026-103,2026-08-24 02:33 UTC,3.09,93.6,"GPS: 48.8700 N, -123.5700 W",88,GOOD,NORMAL,0,0,0,3.09,3.09,0.41
162113,SNS-1003,BTC-SEA-5003,SHP-2026-103,2026-08-24 02:48 UTC,2.14,92.0,"GPS: 48.8800 N, -123.5800 W",88,GOOD,NORMAL,0,0,0,2.14,2.14,0.41
162114,SNS-1003,BTC-SEA-5003,SHP-2026-103,2026-08-24 03:03 UTC,1.82,96.0,"GPS: 48.8900 N, -123.5900 W",88,GOOD,NORMAL,0,0,0,1.82,1.82,0.44
162115,SNS-1003,BTC-SEA-5003,SHP-2026-103,2026-08-24 03:18 UTC,,,"GPS: 48.9000 N, -123.6000 W",87,DISCONNECTED,WARNING,1,0,1,2.38,1.82,0.51
162116,SNS-1003,BTC-SEA-5003,SHP-2026-103,2026-08-24 03:33 UTC,,,"GPS: 48.9100 N, -123.6100 W",87,DISCONNECTED,WARNING,1,0,1,0.91,1.82,0.44
162117,SNS-1003,BTC-SEA-5003,SHP-2026-103,2026-08-24 03:48 UTC,2.41,92.2,"GPS: 48.9200 N, -123.6200 W",87,GOOD,NORMAL,0,0,0,2.41,2.41,0.5
162118,SNS-1003,BTC-SEA-5003,SHP-2026-103,2026-08-24 04:03 UTC,1.31,92.0,"GPS: 48.9300 N, -123.6300 W",87,EXCELLENT,NORMAL,0,0,0,1.31,1.31,0.48
162119,SNS-1003,BTC-SEA-5003,SHP-2026-103,2026-08-24 04:18 UTC,1.99,90.7,"GPS: 48.9400 N, -123.6400 W",87,GOOD,NORMAL,0,0,0,1.99,1.99,0.45
162120,SNS-1003,BTC-SEA-5003,SHP-2026-103,2026-08-24 04:33 UTC,0.83,92.2,"GPS: 48.9500 N, -123.6500 W",87,GOOD,NORMAL,0,0,0,0.83,0.83,0.49
162121,SNS-1004,BTC-SEA-5004,SHP-2026-104,2026-08-22 20:48 UTC,-21.59,87.6,"GPS: 47.6000 N, -122.3000 W",100,EXCELLENT,NORMAL,0,0,0,-21.59,-21.59,0.5
162122,SNS-1004,BTC-SEA-5004,SHP-2026-104,2026-08-22 21:03 UTC,-19.95,95.1,"GPS: 47.6100 N, -122.3100 W",100,FAIR,NORMAL,0,0,0,-19.95,-19.95,0.43
162123,SNS-1004,BTC-SEA-5004,SHP-2026-104,2026-08-22 21:18 UTC,-21.28,88.0,"GPS: 47.6200 N, -122.3200 W",100,GOOD,NORMAL,0,0,0,-21.28,-21.28,0.44
162124,SNS-1004,BTC-SEA-5004,SHP-2026-104,2026-08-22 21:33 UTC,-18.53,88.5,"GPS: 47.6300 N, -122.3300 W",100,EXCELLENT,NORMAL,0,0,0,-18.53,-18.53,0.47
162125,SNS-1004,BTC-SEA-5004,SHP-2026-104,2026-08-22 21:48 UTC,-20.07,85.4,"GPS: 47.6400 N, -122.3400 W",100,EXCELLENT,NORMAL,0,0,0,-20.07,-20.07,0.46
162126,SNS-1004,BTC-SEA-5004,SHP-2026-104,2026-08-22 22:03 UTC,-19.96,92.7,"GPS: 47.6500 N, -122.3500 W",100,GOOD,NORMAL,0,0,0,-19.96,-19.96,0.49
162127,SNS-1004,BTC-SEA-5004,SHP-2026-104,2026-08-22 22:18 UTC,-21.41,88.3,"GPS: 47.6600 N, -122.3600 W",100,EXCELLENT,NORMAL,0,0,0,-21.41,-21.41,0.45
162128,SNS-1004,BTC-SEA-5004,SHP-2026-104,2026-08-22 22:33 UTC,-21.01,92.1,"GPS: 47.6700 N, -122.3700 W",100,FAIR,NORMAL,0,0,0,-21.01,-21.01,0.44
162129,SNS-1004,BTC-SEA-5004,SHP-2026-104,2026-08-22 22:48 UTC,-20.44,86.6,"GPS: 47.6800 N, -122.3800 W",100,FAIR,NORMAL,0,0,0,-20.44,-20.44,0.46
162130,SNS-1004,BTC-SEA-5004,SHP-2026-104,2026-08-22 23:03 UTC,-22.53,95.0,"GPS: 47.6900 N, -122.3900 W",100,FAIR,NORMAL,0,0,0,-22.53,-22.53,0.51
162131,SNS-1004,BTC-SEA-5004,SHP-2026-104,2026-08-22 23:18 UTC,-22.48,91.8,"GPS: 47.7000 N, -122.4000 W",99,EXCELLENT,NORMAL,0,0,0,-22.48,-22.48,0.43
162132,SNS-1004,BTC-SEA-5004,SHP-2026-104,2026-08-22 23:33 UTC,-22.55,91.2,"GPS: 47.7100 N, -122.4100 W",99,EXCELLENT,NORMAL,0,0,0,-22.55,-22.55,0.42
162133,SNS-1004,BTC-SEA-5004,SHP-2026-104,2026-08-22 23:48 UTC,-19.47,88.0,"GPS: 47.7200 N, -122.4200 W",99,FAIR,NORMAL,0,0,0,-19.47,-19.47,0.46
162134,SNS-1004,BTC-SEA-5004,SHP-2026-104,2026-08-23 00:03 UTC,-20.44,88.2,"GPS: 47.7300 N, -122.4300 W",99,EXCELLENT,NORMAL,0,0,0,-20.44,-20.44,0.4
162135,SNS-1004,BTC-SEA-5004,SHP-2026-104,2026-08-23 00:18 UTC,-21.66,93.5,"GPS: 47.7400 N, -122.4400 W",99,GOOD,NORMAL,0,0,0,-21.66,-21.66,0.44
162136,SNS-1004,BTC-SEA-5004,SHP-2026-104,2026-08-23 00:33 UTC,-20.71,90.9,"GPS: 47.7500 N, -122.4500 W",99,FAIR,NORMAL,0,0,0,-20.71,-20.71,0.44
162137,SNS-1004,BTC-SEA-5004,SHP-2026-104,2026-08-23 00:48 UTC,-19.89,85.7,"GPS: 47.7600 N, -122.4600 W",99,FAIR,NORMAL,0,0,0,-19.89,-19.89,0.4
162138,SNS-1004,BTC-SEA-5004,SHP-2026-104,2026-08-23 01:03 UTC,-19.14,88.8,"GPS: 47.7700 N, -122.4700 W",99,EXCELLENT,NORMAL,0,0,0,-19.14,-19.14,0.44
162139,SNS-1004,BTC-SEA-5004,SHP-2026-104,2026-08-23 01:18 UTC,-19.35,95.1,"GPS: 47.7800 N, -122.4800 W",99,EXCELLENT,NORMAL,0,0,0,-19.35,-19.35,0.4
162140,SNS-1004,BTC-SEA-5004,SHP-2026-104,2026-08-23 01:33 UTC,-18.77,85.7,"GPS: 47.7900 N, -122.4900 W",99,EXCELLENT,NORMAL,0,0,0,-18.77,-18.77,0.42
162141,SNS-1004,BTC-SEA-5004,SHP-2026-104,2026-08-23 01:48 UTC,-22.42,89.4,"GPS: 47.8000 N, -122.5000 W",98,EXCELLENT,NORMAL,0,0,0,-22.42,-22.42,0.49
162142,SNS-1004,BTC-SEA-5004,SHP-2026-104,2026-08-23 02:03 UTC,-22.8,93.1,"GPS: 47.8100 N, -122.5100 W",98,GOOD,NORMAL,0,0,0,-22.8,-22.8,0.44
162143,SNS-1004,BTC-SEA-5004,SHP-2026-104,2026-08-23 02:18 UTC,-19.68,85.6,"GPS: 47.8200 N, -122.5200 W",98,EXCELLENT,NORMAL,0,0,0,-19.68,-19.68,0.39
162144,SNS-1004,BTC-SEA-5004,SHP-2026-104,2026-08-23 02:33 UTC,-22.97,88.9,"GPS: 47.8300 N, -122.5300 W",98,FAIR,NORMAL,0,0,0,-22.97,-22.97,0.43
162145,SNS-1004,BTC-SEA-5004,SHP-2026-104,2026-08-23 02:48 UTC,-23.74,95.2,"GPS: 47.8400 N, -122.5400 W",98,EXCELLENT,NORMAL,0,0,0,-23.74,-23.74,0.44
162146,SNS-1004,BTC-SEA-5004,SHP-2026-104,2026-08-23 03:03 UTC,-23.0,93.6,"GPS: 47.8500 N, -122.5500 W",98,GOOD,NORMAL,0,0,0,-23.0,-23.0,0.43
162147,SNS-1004,BTC-SEA-5004,SHP-2026-104,2026-08-23 03:18 UTC,-20.14,88.4,"GPS: 47.8600 N, -122.5600 W",98,EXCELLENT,NORMAL,0,0,0,-20.14,-20.14,0.41
162148,SNS-1004,BTC-SEA-5004,SHP-2026-104,2026-08-23 03:33 UTC,-18.48,85.9,"GPS: 47.8700 N, -122.5700 W",98,EXCELLENT,NORMAL,0,0,0,-18.48,-18.48,0.46
162149,SNS-1004,BTC-SEA-5004,SHP-2026-104,2026-08-23 03:48 UTC,-19.35,95.8,"GPS: 47.8800 N, -122.5800 W",98,FAIR,NORMAL,0,0,0,-19.35,-19.35,0.39
162150,SNS-1004,BTC-SEA-5004,SHP-2026-104,2026-08-23 04:03 UTC,-20.64,86.2,"GPS: 47.8900 N, -122.5900 W",98,EXCELLENT,NORMAL,0,0,0,-20.64,-20.64,0.43
162151,SNS-1004,BTC-SEA-5004,SHP-2026-104,2026-08-23 04:18 UTC,-21.33,95.6,"GPS: 47.9000 N, -122.6000 W",97,FAIR,NORMAL,0,0,0,-21.33,-21.33,0.42
162152,SNS-1004,BTC-SEA-5004,SHP-2026-104,2026-08-23 04:33 UTC,-19.59,93.6,"GPS: 47.9100 N, -122.6100 W",97,FAIR,NORMAL,0,0,0,-19.59,-19.59,0.41
162153,SNS-1004,BTC-SEA-5004,SHP-2026-104,2026-08-23 04:48 UTC,-22.69,92.4,"GPS: 47.9200 N, -122.6200 W",97,EXCELLENT,NORMAL,0,0,0,-22.69,-22.69,0.46
162154,SNS-1004,BTC-SEA-5004,SHP-2026-104,2026-08-23 05:03 UTC,-22.42,88.0,"GPS: 47.9300 N, -122.6300 W",97,FAIR,NORMAL,0,0,0,-22.42,-22.42,0.41
162155,SNS-1004,BTC-SEA-5004,SHP-2026-104,2026-08-23 05:18 UTC,-19.04,93.7,"GPS: 47.9400 N, -122.6400 W",97,FAIR,NORMAL,0,0,0,-19.04,-19.04,0.42
162156,SNS-1004,BTC-SEA-5004,SHP-2026-104,2026-08-23 05:33 UTC,-23.38,94.8,"GPS: 47.9500 N, -122.6500 W",97,EXCELLENT,NORMAL,0,0,0,-23.38,-23.38,0.42
162157,SNS-1004,BTC-SEA-5004,SHP-2026-104,2026-08-23 05:48 UTC,-21.23,92.5,"GPS: 47.9600 N, -122.6600 W",97,FAIR,NORMAL,0,0,0,-21.23,-21.23,0.41
162158,SNS-1004,BTC-SEA-5004,SHP-2026-104,2026-08-23 06:03 UTC,-19.41,90.3,"GPS: 47.9700 N, -122.6700 W",97,FAIR,NORMAL,0,0,0,-19.41,-19.41,0.39
162159,SNS-1004,BTC-SEA-5004,SHP-2026-104,2026-08-23 06:18 UTC,-20.83,90.0,"GPS: 47.9800 N, -122.6800 W",97,GOOD,NORMAL,0,0,0,-20.83,-20.83,0.47
162160,SNS-1004,BTC-SEA-5004,SHP-2026-104,2026-08-23 06:33 UTC,-16.41,87.2,"GPS: 47.9900 N, -122.6900 W",97,FAIR,WARNING,0,0,0,-16.41,-16.41,0.46
162161,SNS-1004,BTC-SEA-5004,SHP-2026-104,2026-08-23 06:48 UTC,-22.53,94.1,"GPS: 48.0000 N, -122.7000 W",96,EXCELLENT,NORMAL,0,0,0,-22.53,-22.53,0.41
162162,SNS-1004,BTC-SEA-5004,SHP-2026-104,2026-08-23 07:03 UTC,-21.62,95.3,"GPS: 48.0100 N, -122.7100 W",96,FAIR,NORMAL,0,0,0,-21.62,-21.62,0.39
162163,SNS-1004,BTC-SEA-5004,SHP-2026-104,2026-08-23 07:18 UTC,-22.54,85.5,"GPS: 48.0200 N, -122.7200 W",96,GOOD,NORMAL,0,0,0,-22.54,-22.54,0.4
162164,SNS-1004,BTC-SEA-5004,SHP-2026-104,2026-08-23 07:33 UTC,-22.43,86.0,"GPS: 48.0300 N, -122.7300 W",96,GOOD,NORMAL,0,0,0,-22.43,-22.43,0.39
162165,SNS-1004,BTC-SEA-5004,SHP-2026-104,2026-08-23 07:48 UTC,-23.08,93.6,"GPS: 48.0400 N, -122.7400 W",96,GOOD,NORMAL,0,0,0,-23.08,-23.08,0.43
162166,SNS-1004,BTC-SEA-5004,SHP-2026-104,2026-08-23 08:03 UTC,-19.28,87.4,"GPS: 48.0500 N, -122.7500 W",96,EXCELLENT,NORMAL,0,0,0,-19.28,-19.28,0.45
162167,SNS-1004,BTC-SEA-5004,SHP-2026-104,2026-08-23 08:18 UTC,-23.8,89.9,"GPS: 48.0600 N, -122.7600 W",96,EXCELLENT,NORMAL,0,0,0,-23.8,-23.8,0.42
162168,SNS-1004,BTC-SEA-5004,SHP-2026-104,2026-08-23 08:33 UTC,9.16,88.3,"GPS: 48.0700 N, -122.7700 W",96,GOOD,WARNING,0,0,0,9.16,9.16,0.5
162169,SNS-1004,BTC-SEA-5004,SHP-2026-104,2026-08-23 08:48 UTC,-20.49,93.8,"GPS: 48.0800 N, -122.7800 W",96,EXCELLENT,NORMAL,0,0,0,-20.49,-20.49,0.38
162170,SNS-1004,BTC-SEA-5004,SHP-2026-104,2026-08-23 09:03 UTC,-19.27,85.0,"GPS: 48.0900 N, -122.7900 W",96,FAIR,NORMAL,0,0,0,-19.27,-19.27,0.4
162171,SNS-1004,BTC-SEA-5004,SHP-2026-104,2026-08-23 09:18 UTC,-20.01,90.0,"GPS: 48.1000 N, -122.8000 W",95,FAIR,NORMAL,0,0,0,-20.01,-20.01,0.38
162172,SNS-1004,BTC-SEA-5004,SHP-2026-104,2026-08-23 09:33 UTC,-22.02,88.4,"GPS: 48.1100 N, -122.8100 W",95,FAIR,NORMAL,0,0,0,-22.02,-22.02,0.39
162173,SNS-1004,BTC-SEA-5004,SHP-2026-104,2026-08-23 09:48 UTC,-20.92,86.4,"GPS: 48.1200 N, -122.8200 W",95,FAIR,NORMAL,0,0,0,-20.92,-20.92,0.38
162174,SNS-1004,BTC-SEA-5004,SHP-2026-104,2026-08-23 10:03 UTC,-21.97,88.6,"GPS: 48.1300 N, -122.8300 W",95,EXCELLENT,NORMAL,0,0,0,-21.97,-21.97,0.39
162175,SNS-1004,BTC-SEA-5004,SHP-2026-104,2026-08-23 10:18 UTC,-21.26,89.2,"GPS: 48.1400 N, -122.8400 W",95,GOOD,NORMAL,0,0,0,-21.26,-21.26,0.45
162176,SNS-1004,BTC-SEA-5004,SHP-2026-104,2026-08-23 10:33 UTC,-23.51,90.4,"GPS: 48.1500 N, -122.8500 W",95,GOOD,NORMAL,0,0,0,-23.51,-23.51,0.46
162177,SNS-1004,BTC-SEA-5004,SHP-2026-104,2026-08-23 10:48 UTC,-20.71,87.9,"GPS: 48.1600 N, -122.8600 W",95,GOOD,NORMAL,0,0,0,-20.71,-20.71,0.38
162178,SNS-1004,BTC-SEA-5004,SHP-2026-104,2026-08-23 11:03 UTC,-23.74,91.4,"GPS: 48.1700 N, -122.8700 W",95,FAIR,NORMAL,0,0,0,-23.74,-23.74,0.43
162179,SNS-1004,BTC-SEA-5004,SHP-2026-104,2026-08-23 11:18 UTC,-21.8,92.2,"GPS: 48.1800 N, -122.8800 W",95,GOOD,NORMAL,0,0,0,-21.8,-21.8,0.4
162180,SNS-1004,BTC-SEA-5004,SHP-2026-104,2026-08-23 11:33 UTC,-21.89,87.2,"GPS: 48.1900 N, -122.8900 W",95,FAIR,NORMAL,0,0,0,-21.89,-21.89,0.4
162181,SNS-1004,BTC-SEA-5004,SHP-2026-104,2026-08-23 11:48 UTC,-18.69,89.7,"GPS: 48.2000 N, -122.9000 W",94,FAIR,NORMAL,0,0,0,-18.69,-18.69,0.44
162182,SNS-1004,BTC-SEA-5004,SHP-2026-104,2026-08-23 12:03 UTC,-23.58,89.1,"GPS: 48.2100 N, -122.9100 W",94,GOOD,NORMAL,0,0,0,-23.58,-23.58,0.41
162183,SNS-1004,BTC-SEA-5004,SHP-2026-104,2026-08-23 12:18 UTC,-23.27,87.9,"GPS: 48.2200 N, -122.9200 W",94,FAIR,NORMAL,0,0,0,-23.27,-23.27,0.4
162184,SNS-1004,BTC-SEA-5004,SHP-2026-104,2026-08-23 12:33 UTC,-20.48,91.2,"GPS: 48.2300 N, -122.9300 W",94,FAIR,NORMAL,0,0,0,-20.48,-20.48,0.38
162185,SNS-1004,BTC-SEA-5004,SHP-2026-104,2026-08-23 12:48 UTC,-18.87,95.0,"GPS: 48.2400 N, -122.9400 W",94,FAIR,NORMAL,0,0,0,-18.87,-18.87,0.38
162186,SNS-1004,BTC-SEA-5004,SHP-2026-104,2026-08-23 13:03 UTC,-19.68,85.2,"GPS: 48.2500 N, -122.9500 W",94,GOOD,NORMAL,0,0,0,-19.68,-19.68,0.38
162187,SNS-1004,BTC-SEA-5004,SHP-2026-104,2026-08-23 13:18 UTC,-19.72,85.9,"GPS: 48.2600 N, -122.9600 W",94,FAIR,NORMAL,0,0,0,-19.72,-19.72,0.39
162188,SNS-1004,BTC-SEA-5004,SHP-2026-104,2026-08-23 13:33 UTC,-20.96,92.0,"GPS: 48.2700 N, -122.9700 W",94,EXCELLENT,NORMAL,0,0,0,-20.96,-20.96,0.41
162189,SNS-1004,BTC-SEA-5004,SHP-2026-104,2026-08-23 13:48 UTC,-19.21,89.8,"GPS: 48.2800 N, -122.9800 W",94,EXCELLENT,NORMAL,0,0,0,-19.21,-19.21,0.38
162190,SNS-1004,BTC-SEA-5004,SHP-2026-104,2026-08-23 14:03 UTC,-18.57,89.0,"GPS: 48.2900 N, -122.9900 W",94,GOOD,NORMAL,0,0,0,-18.57,-18.57,0.41
162191,SNS-1004,BTC-SEA-5004,SHP-2026-104,2026-08-23 14:18 UTC,-22.42,88.8,"GPS: 48.3000 N, -123.0000 W",93,GOOD,NORMAL,0,0,0,-22.42,-22.42,0.44
162192,SNS-1004,BTC-SEA-5004,SHP-2026-104,2026-08-23 14:33 UTC,-18.28,88.9,"GPS: 48.3100 N, -123.0100 W",93,GOOD,NORMAL,0,0,0,-18.28,-18.28,0.39
162193,SNS-1004,BTC-SEA-5004,SHP-2026-104,2026-08-23 14:48 UTC,-18.37,91.3,"GPS: 48.3200 N, -123.0200 W",93,EXCELLENT,NORMAL,0,0,0,-18.37,-18.37,0.39
162194,SNS-1004,BTC-SEA-5004,SHP-2026-104,2026-08-23 15:03 UTC,-19.58,93.6,"GPS: 48.3300 N, -123.0300 W",93,FAIR,NORMAL,0,0,0,-19.58,-19.58,0.43
162195,SNS-1004,BTC-SEA-5004,SHP-2026-104,2026-08-23 15:18 UTC,-20.45,89.0,"GPS: 48.3400 N, -123.0400 W",93,EXCELLENT,NORMAL,0,0,0,-20.45,-20.45,0.39
162196,SNS-1004,BTC-SEA-5004,SHP-2026-104,2026-08-23 15:33 UTC,-18.8,88.1,"GPS: 48.3500 N, -123.0500 W",93,GOOD,NORMAL,0,0,0,-18.8,-18.8,0.41
162197,SNS-1004,BTC-SEA-5004,SHP-2026-104,2026-08-23 15:48 UTC,-18.25,86.7,"GPS: 48.3600 N, -123.0600 W",93,FAIR,NORMAL,0,0,0,-18.25,-18.25,0.39
162198,SNS-1004,BTC-SEA-5004,SHP-2026-104,2026-08-23 16:03 UTC,-21.97,94.1,"GPS: 48.3700 N, -123.0700 W",93,EXCELLENT,NORMAL,0,0,0,-21.97,-21.97,0.44
162199,SNS-1004,BTC-SEA-5004,SHP-2026-104,2026-08-23 16:18 UTC,-21.78,90.0,"GPS: 48.3800 N, -123.0800 W",93,FAIR,NORMAL,0,0,0,-21.78,-21.78,0.39
162200,SNS-1004,BTC-SEA-5004,SHP-2026-104,2026-08-23 16:33 UTC,-19.7,85.4,"GPS: 48.3900 N, -123.0900 W",93,GOOD,NORMAL,0,0,0,-19.7,-19.7,0.4
162201,SNS-1004,BTC-SEA-5004,SHP-2026-104,2026-08-23 16:48 UTC,-19.83,85.8,"GPS: 48.4000 N, -123.1000 W",92,GOOD,NORMAL,0,0,0,-19.83,-19.83,0.39
162202,SNS-1004,BTC-SEA-5004,SHP-2026-104,2026-08-23 17:03 UTC,-21.4,94.2,"GPS: 48.4100 N, -123.1100 W",92,EXCELLENT,NORMAL,0,0,0,-21.4,-21.4,0.38
162203,SNS-1004,BTC-SEA-5004,SHP-2026-104,2026-08-23 17:18 UTC,-21.1,93.7,"GPS: 48.4200 N, -123.1200 W",92,GOOD,NORMAL,0,0,0,-21.1,-21.1,0.39
162204,SNS-1004,BTC-SEA-5004,SHP-2026-104,2026-08-23 17:33 UTC,-20.64,88.1,"GPS: 48.4300 N, -123.1300 W",92,GOOD,NORMAL,0,0,0,-20.64,-20.64,0.42
162205,SNS-1004,BTC-SEA-5004,SHP-2026-104,2026-08-23 17:48 UTC,-19.77,94.8,"GPS: 48.4400 N, -123.1400 W",92,GOOD,NORMAL,0,0,0,-19.77,-19.77,0.38
162206,SNS-1004,BTC-SEA-5004,SHP-2026-104,2026-08-23 18:03 UTC,-22.18,90.6,"GPS: 48.4500 N, -123.1500 W",92,FAIR,NORMAL,0,0,0,-22.18,-22.18,0.42
162207,SNS-1004,BTC-SEA-5004,SHP-2026-104,2026-08-23 18:18 UTC,-22.95,95.3,"GPS: 48.4600 N, -123.1600 W",92,EXCELLENT,NORMAL,0,0,0,-22.95,-22.95,0.43
162208,SNS-1004,BTC-SEA-5004,SHP-2026-104,2026-08-23 18:33 UTC,-23.51,88.4,"GPS: 48.4700 N, -123.1700 W",92,FAIR,NORMAL,0,0,0,-23.51,-23.51,0.42
162209,SNS-1004,BTC-SEA-5004,SHP-2026-104,2026-08-23 18:48 UTC,-18.81,90.3,"GPS: 48.4800 N, -123.1800 W",92,FAIR,NORMAL,0,0,0,-18.81,-18.81,0.41
162210,SNS-1004,BTC-SEA-5004,SHP-2026-104,2026-08-23 19:03 UTC,-19.96,86.0,"GPS: 48.4900 N, -123.1900 W",92,GOOD,NORMAL,0,0,0,-19.96,-19.96,0.37
162211,SNS-1004,BTC-SEA-5004,SHP-2026-104,2026-08-23 19:18 UTC,-23.65,88.5,"GPS: 48.5000 N, -123.2000 W",91,GOOD,NORMAL,0,0,0,-23.65,-23.65,0.42
162212,SNS-1004,BTC-SEA-5004,SHP-2026-104,2026-08-23 19:33 UTC,-20.73,87.4,"GPS: 48.5100 N, -123.2100 W",91,EXCELLENT,NORMAL,0,0,0,-20.73,-20.73,0.39
162213,SNS-1004,BTC-SEA-5004,SHP-2026-104,2026-08-23 19:48 UTC,-19.38,89.8,"GPS: 48.5200 N, -123.2200 W",91,FAIR,NORMAL,0,0,0,-19.38,-19.38,0.38
162214,SNS-1004,BTC-SEA-5004,SHP-2026-104,2026-08-23 20:03 UTC,-18.68,90.5,"GPS: 48.5300 N, -123.2300 W",91,FAIR,NORMAL,0,0,0,-18.68,-18.68,0.39
162215,SNS-1004,BTC-SEA-5004,SHP-2026-104,2026-08-23 20:18 UTC,-20.98,87.7,"GPS: 48.5400 N, -123.2400 W",91,EXCELLENT,NORMAL,0,0,0,-20.98,-20.98,0.42
162216,SNS-1004,BTC-SEA-5004,SHP-2026-104,2026-08-23 20:33 UTC,-18.66,95.7,"GPS: 48.5500 N, -123.2500 W",91,FAIR,NORMAL,0,0,0,-18.66,-18.66,0.39
162217,SNS-1004,BTC-SEA-5004,SHP-2026-104,2026-08-23 20:48 UTC,-23.48,94.6,"GPS: 48.5600 N, -123.2600 W",91,EXCELLENT,NORMAL,0,0,0,-23.48,-23.48,0.48
162218,SNS-1004,BTC-SEA-5004,SHP-2026-104,2026-08-23 21:03 UTC,-21.74,88.7,"GPS: 48.5700 N, -123.2700 W",91,FAIR,NORMAL,0,0,0,-21.74,-21.74,0.38
162219,SNS-1004,BTC-SEA-5004,SHP-2026-104,2026-08-23 21:18 UTC,-18.23,92.0,"GPS: 48.5800 N, -123.2800 W",91,FAIR,NORMAL,0,0,0,-18.23,-18.23,0.4
162220,SNS-1004,BTC-SEA-5004,SHP-2026-104,2026-08-23 21:33 UTC,-23.16,93.7,"GPS: 48.5900 N, -123.2900 W",91,EXCELLENT,NORMAL,0,0,0,-23.16,-23.16,0.41
162221,SNS-1004,BTC-SEA-5004,SHP-2026-104,2026-08-23 21:48 UTC,-20.54,87.8,"GPS: 48.6000 N, -123.3000 W",90,FAIR,NORMAL,0,0,0,-20.54,-20.54,0.39
162222,SNS-1004,BTC-SEA-5004,SHP-2026-104,2026-08-23 22:03 UTC,-18.65,93.2,"GPS: 48.6100 N, -123.3100 W",90,GOOD,NORMAL,0,0,0,-18.65,-18.65,0.38
162223,SNS-1004,BTC-SEA-5004,SHP-2026-104,2026-08-23 22:18 UTC,-21.29,88.5,"GPS: 48.6200 N, -123.3200 W",90,EXCELLENT,NORMAL,0,0,0,-21.29,-21.29,0.39
162224,SNS-1004,BTC-SEA-5004,SHP-2026-104,2026-08-23 22:33 UTC,-23.31,92.2,"GPS: 48.6300 N, -123.3300 W",90,GOOD,NORMAL,0,0,0,-23.31,-23.31,0.41
162225,SNS-1004,BTC-SEA-5004,SHP-2026-104,2026-08-23 22:48 UTC,-23.65,88.1,"GPS: 48.6400 N, -123.3400 W",90,FAIR,NORMAL,0,0,0,-23.65,-23.65,0.42
162226,SNS-1004,BTC-SEA-5004,SHP-2026-104,2026-08-23 23:03 UTC,-20.27,94.9,"GPS: 48.6500 N, -123.3500 W",90,FAIR,NORMAL,0,0,0,-20.27,-20.27,0.38
162227,SNS-1004,BTC-SEA-5004,SHP-2026-104,2026-08-23 23:18 UTC,-23.04,91.1,"GPS: 48.6600 N, -123.3600 W",90,EXCELLENT,NORMAL,0,0,0,-23.04,-23.04,0.41
162228,SNS-1004,BTC-SEA-5004,SHP-2026-104,2026-08-23 23:33 UTC,-19.63,91.7,"GPS: 48.6700 N, -123.3700 W",90,FAIR,NORMAL,0,0,0,-19.63,-19.63,0.4
162229,SNS-1004,BTC-SEA-5004,SHP-2026-104,2026-08-23 23:48 UTC,-22.52,89.8,"GPS: 48.6800 N, -123.3800 W",90,GOOD,NORMAL,0,0,0,-22.52,-22.52,0.4
162230,SNS-1004,BTC-SEA-5004,SHP-2026-104,2026-08-24 00:03 UTC,-22.72,91.4,"GPS: 48.6900 N, -123.3900 W",90,GOOD,NORMAL,0,0,0,-22.72,-22.72,0.4
162231,SNS-1004,BTC-SEA-5004,SHP-2026-104,2026-08-24 00:18 UTC,-23.32,87.0,"GPS: 48.7000 N, -123.4000 W",89,EXCELLENT,NORMAL,0,0,0,-23.32,-23.32,0.42
162232,SNS-1004,BTC-SEA-5004,SHP-2026-104,2026-08-24 00:33 UTC,-18.2,85.5,"GPS: 48.7100 N, -123.4100 W",89,EXCELLENT,NORMAL,0,0,0,-18.2,-18.2,0.43
162233,SNS-1004,BTC-SEA-5004,SHP-2026-104,2026-08-24 00:48 UTC,-23.24,94.3,"GPS: 48.7200 N, -123.4200 W",89,GOOD,NORMAL,0,0,0,-23.24,-23.24,0.42
162234,SNS-1004,BTC-SEA-5004,SHP-2026-104,2026-08-24 01:03 UTC,-19.65,86.7,"GPS: 48.7300 N, -123.4300 W",89,EXCELLENT,NORMAL,0,0,0,-19.65,-19.65,0.4
162235,SNS-1004,BTC-SEA-5004,SHP-2026-104,2026-08-24 01:18 UTC,-19.75,90.6,"GPS: 48.7400 N, -123.4400 W",89,GOOD,NORMAL,0,0,0,-19.75,-19.75,0.4
162236,SNS-1004,BTC-SEA-5004,SHP-2026-104,2026-08-24 01:33 UTC,-22.07,88.5,"GPS: 48.7500 N, -123.4500 W",89,EXCELLENT,NORMAL,0,0,0,-22.07,-22.07,0.41
162237,SNS-1004,BTC-SEA-5004,SHP-2026-104,2026-08-24 01:48 UTC,-21.46,95.6,"GPS: 48.7600 N, -123.4600 W",89,GOOD,NORMAL,0,0,0,-21.46,-21.46,0.44
162238,SNS-1004,BTC-SEA-5004,SHP-2026-104,2026-08-24 02:03 UTC,-19.56,88.5,"GPS: 48.7700 N, -123.4700 W",89,GOOD,NORMAL,0,0,0,-19.56,-19.56,0.39
162239,SNS-1004,BTC-SEA-5004,SHP-2026-104,2026-08-24 02:18 UTC,-20.78,92.2,"GPS: 48.7800 N, -123.4800 W",89,FAIR,NORMAL,0,0,0,-20.78,-20.78,0.45
162240,SNS-1004,BTC-SEA-5004,SHP-2026-104,2026-08-24 02:33 UTC,-19.3,92.1,"GPS: 48.7900 N, -123.4900 W",89,FAIR,NORMAL,0,0,0,-19.3,-19.3,0.41
162241,SNS-1004,BTC-SEA-5004,SHP-2026-104,2026-08-24 02:48 UTC,-19.53,95.4,"GPS: 48.8000 N, -123.5000 W",88,FAIR,NORMAL,0,0,0,-19.53,-19.53,0.42
162242,SNS-1004,BTC-SEA-5004,SHP-2026-104,2026-08-24 03:03 UTC,-20.22,88.8,"GPS: 48.8100 N, -123.5100 W",88,FAIR,NORMAL,0,0,0,-20.22,-20.22,0.41
162243,SNS-1004,BTC-SEA-5004,SHP-2026-104,2026-08-24 03:18 UTC,-22.81,93.9,"GPS: 48.8200 N, -123.5200 W",88,GOOD,NORMAL,0,0,0,-22.81,-22.81,0.49
162244,SNS-1004,BTC-SEA-5004,SHP-2026-104,2026-08-24 03:33 UTC,-20.06,92.0,"GPS: 48.8300 N, -123.5300 W",88,GOOD,NORMAL,0,0,0,-20.06,-20.06,0.44
162245,SNS-1004,BTC-SEA-5004,SHP-2026-104,2026-08-24 03:48 UTC,-20.67,87.0,"GPS: 48.8400 N, -123.5400 W",88,GOOD,NORMAL,0,0,0,-20.67,-20.67,0.49
162246,SNS-1004,BTC-SEA-5004,SHP-2026-104,2026-08-24 04:03 UTC,-23.11,93.5,"GPS: 48.8500 N, -123.5500 W",88,EXCELLENT,WARNING,0,0,0,-23.11,-23.11,0.46
162247,SNS-1004,BTC-SEA-5004,SHP-2026-104,2026-08-24 04:18 UTC,-20.86,89.5,"GPS: 48.8600 N, -123.5600 W",88,EXCELLENT,NORMAL,0,0,0,-20.86,-20.86,0.41
162248,SNS-1004,BTC-SEA-5004,SHP-2026-104,2026-08-24 04:33 UTC,-18.26,87.7,"GPS: 48.8700 N, -123.5700 W",88,FAIR,NORMAL,0,0,0,-18.26,-18.26,0.45
162249,SNS-1004,BTC-SEA-5004,SHP-2026-104,2026-08-24 04:48 UTC,-20.94,86.0,"GPS: 48.8800 N, -123.5800 W",88,FAIR,NORMAL,0,0,0,-20.94,-20.94,0.47
162250,SNS-1004,BTC-SEA-5004,SHP-2026-104,2026-08-24 05:03 UTC,-18.21,92.0,"GPS: 48.8900 N, -123.5900 W",88,FAIR,NORMAL,0,0,0,-18.21,-18.21,0.43
162251,SNS-1004,BTC-SEA-5004,SHP-2026-104,2026-08-24 05:18 UTC,-22.75,93.5,"GPS: 48.9000 N, -123.6000 W",87,FAIR,NORMAL,0,0,0,-22.75,-22.75,0.49
162252,SNS-1004,BTC-SEA-5004,SHP-2026-104,2026-08-24 05:33 UTC,-23.75,85.6,"GPS: 48.9100 N, -123.6100 W",87,EXCELLENT,NORMAL,0,0,0,-23.75,-23.75,0.5
162253,SNS-1004,BTC-SEA-5004,SHP-2026-104,2026-08-24 05:48 UTC,-21.68,94.4,"GPS: 48.9200 N, -123.6200 W",87,FAIR,NORMAL,0,0,0,-21.68,-21.68,0.51
162254,SNS-1004,BTC-SEA-5004,SHP-2026-104,2026-08-24 06:03 UTC,-22.18,92.9,"GPS: 48.9300 N, -123.6300 W",87,EXCELLENT,NORMAL,0,0,0,-22.18,-22.18,0.48
162255,SNS-1004,BTC-SEA-5004,SHP-2026-104,2026-08-24 06:18 UTC,-19.25,93.1,"GPS: 48.9400 N, -123.6400 W",87,GOOD,NORMAL,0,0,0,-19.25,-19.25,0.49
162256,SNS-1004,BTC-SEA-5004,SHP-2026-104,2026-08-24 06:33 UTC,-20.3,95.8,"GPS: 48.9500 N, -123.6500 W",87,EXCELLENT,NORMAL,0,0,0,-20.3,-20.3,0.44
162257,SNS-1005,BTC-SEA-5005,SHP-2026-105,2026-08-22 22:48 UTC,-21.52,92.4,"GPS: 47.6000 N, -122.3000 W",100,GOOD,NORMAL,0,0,0,-21.52,-21.52,0.5
162258,SNS-1005,BTC-SEA-5005,SHP-2026-105,2026-08-22 23:03 UTC,-18.47,90.6,"GPS: 47.6100 N, -122.3100 W",100,FAIR,NORMAL,0,0,0,-18.47,-18.47,0.44
162259,SNS-1005,BTC-SEA-5005,SHP-2026-105,2026-08-22 23:18 UTC,-20.9,95.8,"GPS: 47.6200 N, -122.3200 W",100,GOOD,NORMAL,0,0,0,-20.9,-20.9,0.44
162260,SNS-1005,BTC-SEA-5005,SHP-2026-105,2026-08-22 23:33 UTC,-19.26,91.1,"GPS: 47.6300 N, -122.3300 W",100,FAIR,NORMAL,0,0,0,-19.26,-19.26,0.43
162261,SNS-1005,BTC-SEA-5005,SHP-2026-105,2026-08-22 23:48 UTC,-18.49,85.6,"GPS: 47.6400 N, -122.3400 W",100,EXCELLENT,NORMAL,0,0,0,-18.49,-18.49,0.45
162262,SNS-1005,BTC-SEA-5005,SHP-2026-105,2026-08-23 00:03 UTC,-18.96,91.2,"GPS: 47.6500 N, -122.3500 W",100,GOOD,NORMAL,0,0,0,-18.96,-18.96,0.46
162263,SNS-1005,BTC-SEA-5005,SHP-2026-105,2026-08-23 00:18 UTC,-19.21,87.3,"GPS: 47.6600 N, -122.3600 W",100,FAIR,NORMAL,0,0,0,-19.21,-19.21,0.47
162264,SNS-1005,BTC-SEA-5005,SHP-2026-105,2026-08-23 00:33 UTC,-18.43,91.8,"GPS: 47.6700 N, -122.3700 W",100,FAIR,NORMAL,0,0,0,-18.43,-18.43,0.46
162265,SNS-1005,BTC-SEA-5005,SHP-2026-105,2026-08-23 00:48 UTC,-19.32,93.3,"GPS: 47.6800 N, -122.3800 W",100,FAIR,NORMAL,0,0,0,-19.32,-19.32,0.45
162266,SNS-1005,BTC-SEA-5005,SHP-2026-105,2026-08-23 01:03 UTC,-20.97,91.4,"GPS: 47.6900 N, -122.3900 W",100,GOOD,NORMAL,0,0,0,-20.97,-20.97,0.51
162267,SNS-1005,BTC-SEA-5005,SHP-2026-105,2026-08-23 01:18 UTC,-20.1,85.4,"GPS: 47.7000 N, -122.4000 W",99,FAIR,NORMAL,0,0,0,-20.1,-20.1,0.4
162268,SNS-1005,BTC-SEA-5005,SHP-2026-105,2026-08-23 01:33 UTC,-18.25,87.3,"GPS: 47.7100 N, -122.4100 W",99,EXCELLENT,NORMAL,0,0,0,-18.25,-18.25,0.43
162269,SNS-1005,BTC-SEA-5005,SHP-2026-105,2026-08-23 01:48 UTC,-20.99,91.6,"GPS: 47.7200 N, -122.4200 W",99,EXCELLENT,NORMAL,0,0,0,-20.99,-20.99,0.42
162270,SNS-1005,BTC-SEA-5005,SHP-2026-105,2026-08-23 02:03 UTC,-18.44,88.6,"GPS: 47.7300 N, -122.4300 W",99,GOOD,NORMAL,0,0,0,-18.44,-18.44,0.42
162271,SNS-1005,BTC-SEA-5005,SHP-2026-105,2026-08-23 02:18 UTC,-21.51,85.8,"GPS: 47.7400 N, -122.4400 W",99,GOOD,NORMAL,0,0,0,-21.51,-21.51,0.43
162272,SNS-1005,BTC-SEA-5005,SHP-2026-105,2026-08-23 02:33 UTC,-20.53,85.0,"GPS: 47.7500 N, -122.4500 W",99,EXCELLENT,NORMAL,0,0,0,-20.53,-20.53,0.4
162273,SNS-1005,BTC-SEA-5005,SHP-2026-105,2026-08-23 02:48 UTC,-21.07,95.7,"GPS: 47.7600 N, -122.4600 W",99,GOOD,NORMAL,0,0,0,-21.07,-21.07,0.4
162274,SNS-1005,BTC-SEA-5005,SHP-2026-105,2026-08-23 03:03 UTC,-19.25,95.7,"GPS: 47.7700 N, -122.4700 W",99,FAIR,NORMAL,0,0,0,-19.25,-19.25,0.4
162275,SNS-1005,BTC-SEA-5005,SHP-2026-105,2026-08-23 03:18 UTC,-20.24,95.3,"GPS: 47.7800 N, -122.4800 W",99,GOOD,NORMAL,0,0,0,-20.24,-20.24,0.41
162276,SNS-1005,BTC-SEA-5005,SHP-2026-105,2026-08-23 03:33 UTC,-39.35,94.7,"GPS: 47.7900 N, -122.4900 W",99,FAIR,WARNING,0,0,0,-39.35,-39.35,0.57
162277,SNS-1005,BTC-SEA-5005,SHP-2026-105,2026-08-23 03:48 UTC,-21.09,88.0,"GPS: 47.8000 N, -122.5000 W",98,FAIR,NORMAL,0,0,0,-21.09,-21.09,0.41
162278,SNS-1005,BTC-SEA-5005,SHP-2026-105,2026-08-23 04:03 UTC,-36.86,90.8,"GPS: 47.8100 N, -122.5100 W",98,EXCELLENT,WARNING,0,0,0,-36.86,-36.86,0.49
162279,SNS-1005,BTC-SEA-5005,SHP-2026-105,2026-08-23 04:18 UTC,-20.85,95.4,"GPS: 47.8200 N, -122.5200 W",98,EXCELLENT,NORMAL,0,0,0,-20.85,-20.85,0.4
162280,SNS-1005,BTC-SEA-5005,SHP-2026-105,2026-08-23 04:33 UTC,-19.61,94.7,"GPS: 47.8300 N, -122.5300 W",98,GOOD,NORMAL,0,0,0,-19.61,-19.61,0.4
162281,SNS-1005,BTC-SEA-5005,SHP-2026-105,2026-08-23 04:48 UTC,-21.66,95.9,"GPS: 47.8400 N, -122.5400 W",98,FAIR,NORMAL,0,0,0,-21.66,-21.66,0.42
162282,SNS-1005,BTC-SEA-5005,SHP-2026-105,2026-08-23 05:03 UTC,-19.13,95.1,"GPS: 47.8500 N, -122.5500 W",98,FAIR,NORMAL,0,0,0,-19.13,-19.13,0.4
162283,SNS-1005,BTC-SEA-5005,SHP-2026-105,2026-08-23 05:18 UTC,-19.97,94.0,"GPS: 47.8600 N, -122.5600 W",98,FAIR,NORMAL,0,0,0,-19.97,-19.97,0.42
162284,SNS-1005,BTC-SEA-5005,SHP-2026-105,2026-08-23 05:33 UTC,-18.44,92.7,"GPS: 47.8700 N, -122.5700 W",98,FAIR,NORMAL,0,0,0,-18.44,-18.44,0.42
162285,SNS-1005,BTC-SEA-5005,SHP-2026-105,2026-08-23 05:48 UTC,-21.06,91.7,"GPS: 47.8800 N, -122.5800 W",98,GOOD,NORMAL,0,0,0,-21.06,-21.06,0.4
162286,SNS-1005,BTC-SEA-5005,SHP-2026-105,2026-08-23 06:03 UTC,-19.18,89.3,"GPS: 47.8900 N, -122.5900 W",98,FAIR,NORMAL,0,0,0,-19.18,-19.18,0.4
162287,SNS-1005,BTC-SEA-5005,SHP-2026-105,2026-08-23 06:18 UTC,-18.93,94.0,"GPS: 47.9000 N, -122.6000 W",97,FAIR,NORMAL,0,0,0,-18.93,-18.93,0.39
162288,SNS-1005,BTC-SEA-5005,SHP-2026-105,2026-08-23 06:33 UTC,-19.2,90.3,"GPS: 47.9100 N, -122.6100 W",97,GOOD,NORMAL,0,0,0,-19.2,-19.2,0.44
162289,SNS-1005,BTC-SEA-5005,SHP-2026-105,2026-08-23 06:48 UTC,-19.67,93.0,"GPS: 47.9200 N, -122.6200 W",97,EXCELLENT,NORMAL,0,0,0,-19.67,-19.67,0.45
162290,SNS-1005,BTC-SEA-5005,SHP-2026-105,2026-08-23 07:03 UTC,-19.23,92.5,"GPS: 47.9300 N, -122.6300 W",97,GOOD,NORMAL,0,0,0,-19.23,-19.23,0.46
162291,SNS-1005,BTC-SEA-5005,SHP-2026-105,2026-08-23 07:18 UTC,-21.43,86.2,"GPS: 47.9400 N, -122.6400 W",97,FAIR,NORMAL,0,0,0,-21.43,-21.43,0.47
162292,SNS-1005,BTC-SEA-5005,SHP-2026-105,2026-08-23 07:33 UTC,-20.61,90.1,"GPS: 47.9500 N, -122.6500 W",97,GOOD,NORMAL,0,0,0,-20.61,-20.61,0.39
162293,SNS-1005,BTC-SEA-5005,SHP-2026-105,2026-08-23 07:48 UTC,-19.56,87.9,"GPS: 47.9600 N, -122.6600 W",97,FAIR,NORMAL,0,0,0,-19.56,-19.56,0.38
162294,SNS-1005,BTC-SEA-5005,SHP-2026-105,2026-08-23 08:03 UTC,-19.99,94.2,"GPS: 47.9700 N, -122.6700 W",97,EXCELLENT,NORMAL,0,0,0,-19.99,-19.99,0.42
162295,SNS-1005,BTC-SEA-5005,SHP-2026-105,2026-08-23 08:18 UTC,-20.52,90.8,"GPS: 47.9800 N, -122.6800 W",97,GOOD,NORMAL,0,0,0,-20.52,-20.52,0.44
162296,SNS-1005,BTC-SEA-5005,SHP-2026-105,2026-08-23 08:33 UTC,-19.47,93.5,"GPS: 47.9900 N, -122.6900 W",97,FAIR,NORMAL,0,0,0,-19.47,-19.47,0.39
162297,SNS-1005,BTC-SEA-5005,SHP-2026-105,2026-08-23 08:48 UTC,-18.27,95.7,"GPS: 48.0000 N, -122.7000 W",96,GOOD,NORMAL,0,0,0,-18.27,-18.27,0.45
162298,SNS-1005,BTC-SEA-5005,SHP-2026-105,2026-08-23 09:03 UTC,-18.49,95.1,"GPS: 48.0100 N, -122.7100 W",96,FAIR,NORMAL,0,0,0,-18.49,-18.49,0.39
162299,SNS-1005,BTC-SEA-5005,SHP-2026-105,2026-08-23 09:18 UTC,-19.87,89.6,"GPS: 48.0200 N, -122.7200 W",96,FAIR,NORMAL,0,0,0,-19.87,-19.87,0.38
162300,SNS-1005,BTC-SEA-5005,SHP-2026-105,2026-08-23 09:33 UTC,-21.37,86.8,"GPS: 48.0300 N, -122.7300 W",96,FAIR,NORMAL,0,0,0,-21.37,-21.37,0.44
162301,SNS-1005,BTC-SEA-5005,SHP-2026-105,2026-08-23 09:48 UTC,-21.56,94.4,"GPS: 48.0400 N, -122.7400 W",96,GOOD,NORMAL,0,0,0,-21.56,-21.56,0.4
162302,SNS-1005,BTC-SEA-5005,SHP-2026-105,2026-08-23 10:03 UTC,29.45,85.1,"GPS: 48.0500 N, -122.7500 W",96,GOOD,WARNING,0,0,0,29.45,29.45,0.59
162303,SNS-1005,BTC-SEA-5005,SHP-2026-105,2026-08-23 10:18 UTC,-19.43,94.5,"GPS: 48.0600 N, -122.7600 W",96,EXCELLENT,NORMAL,0,0,0,-19.43,-19.43,0.38
162304,SNS-1005,BTC-SEA-5005,SHP-2026-105,2026-08-23 10:33 UTC,-18.62,90.6,"GPS: 48.0700 N, -122.7700 W",96,GOOD,NORMAL,0,0,0,-18.62,-18.62,0.4
162305,SNS-1005,BTC-SEA-5005,SHP-2026-105,2026-08-23 10:48 UTC,-19.66,89.6,"GPS: 48.0800 N, -122.7800 W",96,FAIR,NORMAL,0,0,0,-19.66,-19.66,0.38
162306,SNS-1005,BTC-SEA-5005,SHP-2026-105,2026-08-23 11:03 UTC,-21.01,93.5,"GPS: 48.0900 N, -122.7900 W",96,FAIR,NORMAL,0,0,0,-21.01,-21.01,0.37
162307,SNS-1005,BTC-SEA-5005,SHP-2026-105,2026-08-23 11:18 UTC,-19.7,95.3,"GPS: 48.1000 N, -122.8000 W",95,GOOD,NORMAL,0,0,0,-19.7,-19.7,0.46
162308,SNS-1005,BTC-SEA-5005,SHP-2026-105,2026-08-23 11:33 UTC,-21.33,92.2,"GPS: 48.1100 N, -122.8100 W",95,EXCELLENT,NORMAL,0,0,0,-21.33,-21.33,0.4
162309,SNS-1005,BTC-SEA-5005,SHP-2026-105,2026-08-23 11:48 UTC,-20.47,93.6,"GPS: 48.1200 N, -122.8200 W",95,FAIR,NORMAL,0,0,0,-20.47,-20.47,0.44
162310,SNS-1005,BTC-SEA-5005,SHP-2026-105,2026-08-23 12:03 UTC,-20.43,90.1,"GPS: 48.1300 N, -122.8300 W",95,GOOD,NORMAL,0,0,0,-20.43,-20.43,0.4
162311,SNS-1005,BTC-SEA-5005,SHP-2026-105,2026-08-23 12:18 UTC,-20.51,90.0,"GPS: 48.1400 N, -122.8400 W",95,GOOD,NORMAL,0,0,0,-20.51,-20.51,0.44
162312,SNS-1005,BTC-SEA-5005,SHP-2026-105,2026-08-23 12:33 UTC,-20.75,90.0,"GPS: 48.1500 N, -122.8500 W",95,GOOD,NORMAL,0,0,0,-20.75,-20.75,0.42
162313,SNS-1005,BTC-SEA-5005,SHP-2026-105,2026-08-23 12:48 UTC,-20.42,91.3,"GPS: 48.1600 N, -122.8600 W",95,EXCELLENT,NORMAL,0,0,0,-20.42,-20.42,0.38
162314,SNS-1005,BTC-SEA-5005,SHP-2026-105,2026-08-23 13:03 UTC,-22.65,90.1,"GPS: 48.1700 N, -122.8700 W",95,EXCELLENT,WARNING,0,0,0,-22.65,-22.65,0.48
162315,SNS-1005,BTC-SEA-5005,SHP-2026-105,2026-08-23 13:18 UTC,-20.43,88.4,"GPS: 48.1800 N, -122.8800 W",95,EXCELLENT,NORMAL,0,0,0,-20.43,-20.43,0.37
162316,SNS-1005,BTC-SEA-5005,SHP-2026-105,2026-08-23 13:33 UTC,-18.6,93.1,"GPS: 48.1900 N, -122.8900 W",95,EXCELLENT,NORMAL,0,0,0,-18.6,-18.6,0.43
162317,SNS-1005,BTC-SEA-5005,SHP-2026-105,2026-08-23 13:48 UTC,-20.42,91.7,"GPS: 48.2000 N, -122.9000 W",94,GOOD,NORMAL,0,0,0,-20.42,-20.42,0.43
162318,SNS-1005,BTC-SEA-5005,SHP-2026-105,2026-08-23 14:03 UTC,-21.65,87.6,"GPS: 48.2100 N, -122.9100 W",94,GOOD,NORMAL,0,0,0,-21.65,-21.65,0.38
162319,SNS-1005,BTC-SEA-5005,SHP-2026-105,2026-08-23 14:18 UTC,-21.16,92.6,"GPS: 48.2200 N, -122.9200 W",94,GOOD,NORMAL,0,0,0,-21.16,-21.16,0.38
162320,SNS-1005,BTC-SEA-5005,SHP-2026-105,2026-08-23 14:33 UTC,-20.7,95.3,"GPS: 48.2300 N, -122.9300 W",94,FAIR,NORMAL,0,0,0,-20.7,-20.7,0.41
162321,SNS-1005,BTC-SEA-5005,SHP-2026-105,2026-08-23 14:48 UTC,-20.27,86.1,"GPS: 48.2400 N, -122.9400 W",94,FAIR,NORMAL,0,0,0,-20.27,-20.27,0.39
162322,SNS-1005,BTC-SEA-5005,SHP-2026-105,2026-08-23 15:03 UTC,-19.81,92.9,"GPS: 48.2500 N, -122.9500 W",94,EXCELLENT,NORMAL,0,0,0,-19.81,-19.81,0.4
162323,SNS-1005,BTC-SEA-5005,SHP-2026-105,2026-08-23 15:18 UTC,-20.84,85.8,"GPS: 48.2600 N, -122.9600 W",94,EXCELLENT,NORMAL,0,0,0,-20.84,-20.84,0.38
162324,SNS-1005,BTC-SEA-5005,SHP-2026-105,2026-08-23 15:33 UTC,-18.89,89.7,"GPS: 48.2700 N, -122.9700 W",94,GOOD,NORMAL,0,0,0,-18.89,-18.89,0.45
162325,SNS-1005,BTC-SEA-5005,SHP-2026-105,2026-08-23 15:48 UTC,-19.9,85.5,"GPS: 48.2800 N, -122.9800 W",94,GOOD,NORMAL,0,0,0,-19.9,-19.9,0.43
162326,SNS-1005,BTC-SEA-5005,SHP-2026-105,2026-08-23 16:03 UTC,-20.02,89.8,"GPS: 48.2900 N, -122.9900 W",94,FAIR,NORMAL,0,0,0,-20.02,-20.02,0.41
162327,SNS-1005,BTC-SEA-5005,SHP-2026-105,2026-08-23 16:18 UTC,-21.03,94.0,"GPS: 48.3000 N, -123.0000 W",93,EXCELLENT,NORMAL,0,0,0,-21.03,-21.03,0.38
162328,SNS-1005,BTC-SEA-5005,SHP-2026-105,2026-08-23 16:33 UTC,7.86,87.6,"GPS: 48.3100 N, -123.0100 W",93,EXCELLENT,WARNING,0,0,0,7.86,7.86,0.5
162329,SNS-1005,BTC-SEA-5005,SHP-2026-105,2026-08-23 16:48 UTC,-19.86,90.7,"GPS: 48.3200 N, -123.0200 W",93,EXCELLENT,NORMAL,0,0,0,-19.86,-19.86,0.39
162330,SNS-1005,BTC-SEA-5005,SHP-2026-105,2026-08-23 17:03 UTC,-20.18,90.0,"GPS: 48.3300 N, -123.0300 W",93,EXCELLENT,NORMAL,0,0,0,-20.18,-20.18,0.38
162331,SNS-1005,BTC-SEA-5005,SHP-2026-105,2026-08-23 17:18 UTC,-21.48,95.8,"GPS: 48.3400 N, -123.0400 W",93,EXCELLENT,NORMAL,0,0,0,-21.48,-21.48,0.38
162332,SNS-1005,BTC-SEA-5005,SHP-2026-105,2026-08-23 17:33 UTC,31.69,86.4,"GPS: 48.3500 N, -123.0500 W",93,EXCELLENT,WARNING,0,0,0,31.69,31.69,0.57
162333,SNS-1005,BTC-SEA-5005,SHP-2026-105,2026-08-23 17:48 UTC,-11.52,93.6,"GPS: 48.3600 N, -123.0600 W",93,FAIR,WARNING,0,0,0,-11.52,-11.52,0.43
162334,SNS-1005,BTC-SEA-5005,SHP-2026-105,2026-08-23 18:03 UTC,-21.08,89.7,"GPS: 48.3700 N, -123.0700 W",93,EXCELLENT,NORMAL,0,0,0,-21.08,-21.08,0.38
162335,SNS-1005,BTC-SEA-5005,SHP-2026-105,2026-08-23 18:18 UTC,-20.39,88.9,"GPS: 48.3800 N, -123.0800 W",93,FAIR,NORMAL,0,0,0,-20.39,-20.39,0.37
162336,SNS-1005,BTC-SEA-5005,SHP-2026-105,2026-08-23 18:33 UTC,-20.29,87.8,"GPS: 48.3900 N, -123.0900 W",93,EXCELLENT,NORMAL,0,0,0,-20.29,-20.29,0.38
162337,SNS-1005,BTC-SEA-5005,SHP-2026-105,2026-08-23 18:48 UTC,-20.0,91.9,"GPS: 48.4000 N, -123.1000 W",92,EXCELLENT,NORMAL,0,0,0,-20.0,-20.0,0.39
162338,SNS-1005,BTC-SEA-5005,SHP-2026-105,2026-08-23 19:03 UTC,-21.55,90.8,"GPS: 48.4100 N, -123.1100 W",92,FAIR,NORMAL,0,0,0,-21.55,-21.55,0.42
162339,SNS-1005,BTC-SEA-5005,SHP-2026-105,2026-08-23 19:18 UTC,-20.0,90.2,"GPS: 48.4200 N, -123.1200 W",92,FAIR,NORMAL,0,0,0,-20.0,-20.0,0.38
162340,SNS-1005,BTC-SEA-5005,SHP-2026-105,2026-08-23 19:33 UTC,-19.86,86.9,"GPS: 48.4300 N, -123.1300 W",92,FAIR,NORMAL,0,0,0,-19.86,-19.86,0.37
162341,SNS-1005,BTC-SEA-5005,SHP-2026-105,2026-08-23 19:48 UTC,-19.17,92.4,"GPS: 48.4400 N, -123.1400 W",92,GOOD,NORMAL,0,0,0,-19.17,-19.17,0.39
162342,SNS-1005,BTC-SEA-5005,SHP-2026-105,2026-08-23 20:03 UTC,-20.11,92.5,"GPS: 48.4500 N, -123.1500 W",92,EXCELLENT,NORMAL,0,0,0,-20.11,-20.11,0.44
162343,SNS-1005,BTC-SEA-5005,SHP-2026-105,2026-08-23 20:18 UTC,-20.49,90.7,"GPS: 48.4600 N, -123.1600 W",92,EXCELLENT,NORMAL,0,0,0,-20.49,-20.49,0.39
162344,SNS-1005,BTC-SEA-5005,SHP-2026-105,2026-08-23 20:33 UTC,-21.04,89.6,"GPS: 48.4700 N, -123.1700 W",92,EXCELLENT,NORMAL,0,0,0,-21.04,-21.04,0.4
162345,SNS-1005,BTC-SEA-5005,SHP-2026-105,2026-08-23 20:48 UTC,-18.47,91.3,"GPS: 48.4800 N, -123.1800 W",92,EXCELLENT,NORMAL,0,0,0,-18.47,-18.47,0.42
162346,SNS-1005,BTC-SEA-5005,SHP-2026-105,2026-08-23 21:03 UTC,24.54,91.4,"GPS: 48.4900 N, -123.1900 W",92,GOOD,WARNING,0,0,0,24.54,24.54,0.57
162347,SNS-1005,BTC-SEA-5005,SHP-2026-105,2026-08-23 21:18 UTC,-20.4,88.2,"GPS: 48.5000 N, -123.2000 W",91,GOOD,NORMAL,0,0,0,-20.4,-20.4,0.38
162348,SNS-1005,BTC-SEA-5005,SHP-2026-105,2026-08-23 21:33 UTC,-18.58,85.1,"GPS: 48.5100 N, -123.2100 W",91,EXCELLENT,NORMAL,0,0,0,-18.58,-18.58,0.4
162349,SNS-1005,BTC-SEA-5005,SHP-2026-105,2026-08-23 21:48 UTC,-20.32,92.9,"GPS: 48.5200 N, -123.2200 W",91,EXCELLENT,NORMAL,0,0,0,-20.32,-20.32,0.37
162350,SNS-1005,BTC-SEA-5005,SHP-2026-105,2026-08-23 22:03 UTC,-18.9,89.4,"GPS: 48.5300 N, -123.2300 W",91,EXCELLENT,NORMAL,0,0,0,-18.9,-18.9,0.39
162351,SNS-1005,BTC-SEA-5005,SHP-2026-105,2026-08-23 22:18 UTC,-21.7,92.4,"GPS: 48.5400 N, -123.2400 W",91,GOOD,NORMAL,0,0,0,-21.7,-21.7,0.42
162352,SNS-1005,BTC-SEA-5005,SHP-2026-105,2026-08-23 22:33 UTC,-21.73,92.2,"GPS: 48.5500 N, -123.2500 W",91,GOOD,NORMAL,0,0,0,-21.73,-21.73,0.39
162353,SNS-1005,BTC-SEA-5005,SHP-2026-105,2026-08-23 22:48 UTC,-19.09,94.3,"GPS: 48.5600 N, -123.2600 W",91,GOOD,NORMAL,0,0,0,-19.09,-19.09,0.38
162354,SNS-1005,BTC-SEA-5005,SHP-2026-105,2026-08-23 23:03 UTC,-18.39,93.3,"GPS: 48.5700 N, -123.2700 W",91,FAIR,NORMAL,0,0,0,-18.39,-18.39,0.39
162355,SNS-1005,BTC-SEA-5005,SHP-2026-105,2026-08-23 23:18 UTC,-20.67,87.7,"GPS: 48.5800 N, -123.2800 W",91,GOOD,NORMAL,0,0,0,-20.67,-20.67,0.39
162356,SNS-1005,BTC-SEA-5005,SHP-2026-105,2026-08-23 23:33 UTC,-18.34,93.7,"GPS: 48.5900 N, -123.2900 W",91,GOOD,NORMAL,0,0,0,-18.34,-18.34,0.38
162357,SNS-1005,BTC-SEA-5005,SHP-2026-105,2026-08-23 23:48 UTC,-19.43,93.6,"GPS: 48.6000 N, -123.3000 W",90,FAIR,NORMAL,0,0,0,-19.43,-19.43,0.4
162358,SNS-1005,BTC-SEA-5005,SHP-2026-105,2026-08-24 00:03 UTC,-18.96,94.8,"GPS: 48.6100 N, -123.3100 W",90,GOOD,NORMAL,0,0,0,-18.96,-18.96,0.43
162359,SNS-1005,BTC-SEA-5005,SHP-2026-105,2026-08-24 00:18 UTC,-18.41,85.3,"GPS: 48.6200 N, -123.3200 W",90,FAIR,NORMAL,0,0,0,-18.41,-18.41,0.39
162360,SNS-1005,BTC-SEA-5005,SHP-2026-105,2026-08-24 00:33 UTC,-20.15,87.2,"GPS: 48.6300 N, -123.3300 W",90,EXCELLENT,NORMAL,0,0,0,-20.15,-20.15,0.44
162361,SNS-1005,BTC-SEA-5005,SHP-2026-105,2026-08-24 00:48 UTC,-20.38,93.7,"GPS: 48.6400 N, -123.3400 W",90,EXCELLENT,NORMAL,0,0,0,-20.38,-20.38,0.39
162362,SNS-1005,BTC-SEA-5005,SHP-2026-105,2026-08-24 01:03 UTC,-20.61,92.1,"GPS: 48.6500 N, -123.3500 W",90,GOOD,NORMAL,0,0,0,-20.61,-20.61,0.39
162363,SNS-1005,BTC-SEA-5005,SHP-2026-105,2026-08-24 01:18 UTC,-20.15,90.3,"GPS: 48.6600 N, -123.3600 W",90,EXCELLENT,NORMAL,0,0,0,-20.15,-20.15,0.4
162364,SNS-1005,BTC-SEA-5005,SHP-2026-105,2026-08-24 01:33 UTC,-19.34,86.6,"GPS: 48.6700 N, -123.3700 W",90,FAIR,NORMAL,0,0,0,-19.34,-19.34,0.46
162365,SNS-1005,BTC-SEA-5005,SHP-2026-105,2026-08-24 01:48 UTC,-18.82,86.0,"GPS: 48.6800 N, -123.3800 W",90,EXCELLENT,NORMAL,0,0,0,-18.82,-18.82,0.43
162366,SNS-1005,BTC-SEA-5005,SHP-2026-105,2026-08-24 02:03 UTC,-19.84,91.9,"GPS: 48.6900 N, -123.3900 W",90,GOOD,NORMAL,0,0,0,-19.84,-19.84,0.43
162367,SNS-1005,BTC-SEA-5005,SHP-2026-105,2026-08-24 02:18 UTC,-19.08,95.0,"GPS: 48.7000 N, -123.4000 W",89,EXCELLENT,NORMAL,0,0,0,-19.08,-19.08,0.4
162368,SNS-1005,BTC-SEA-5005,SHP-2026-105,2026-08-24 02:33 UTC,-20.13,93.7,"GPS: 48.7100 N, -123.4100 W",89,FAIR,NORMAL,0,0,0,-20.13,-20.13,0.42
162369,SNS-1005,BTC-SEA-5005,SHP-2026-105,2026-08-24 02:48 UTC,-18.2,88.8,"GPS: 48.7200 N, -123.4200 W",89,EXCELLENT,NORMAL,0,0,0,-18.2,-18.2,0.43
162370,SNS-1005,BTC-SEA-5005,SHP-2026-105,2026-08-24 03:03 UTC,-20.12,93.3,"GPS: 48.7300 N, -123.4300 W",89,FAIR,NORMAL,0,0,0,-20.12,-20.12,0.4
162371,SNS-1005,BTC-SEA-5005,SHP-2026-105,2026-08-24 03:18 UTC,-21.51,93.9,"GPS: 48.7400 N, -123.4400 W",89,FAIR,NORMAL,0,0,0,-21.51,-21.51,0.43
162372,SNS-1005,BTC-SEA-5005,SHP-2026-105,2026-08-24 03:33 UTC,-19.01,86.7,"GPS: 48.7500 N, -123.4500 W",89,GOOD,NORMAL,0,0,0,-19.01,-19.01,0.4
162373,SNS-1005,BTC-SEA-5005,SHP-2026-105,2026-08-24 03:48 UTC,-20.23,87.2,"GPS: 48.7600 N, -123.4600 W",89,FAIR,NORMAL,0,0,0,-20.23,-20.23,0.4
162374,SNS-1005,BTC-SEA-5005,SHP-2026-105,2026-08-24 04:03 UTC,-26.37,87.4,"GPS: 48.7700 N, -123.4700 W",89,GOOD,WARNING,0,0,0,-26.37,-26.37,0.5
162375,SNS-1005,BTC-SEA-5005,SHP-2026-105,2026-08-24 04:18 UTC,-19.32,89.2,"GPS: 48.7800 N, -123.4800 W",89,EXCELLENT,NORMAL,0,0,0,-19.32,-19.32,0.4
162376,SNS-1005,BTC-SEA-5005,SHP-2026-105,2026-08-24 04:33 UTC,-19.64,87.2,"GPS: 48.7900 N, -123.4900 W",89,GOOD,NORMAL,0,0,0,-19.64,-19.64,0.4
162377,SNS-1005,BTC-SEA-5005,SHP-2026-105,2026-08-24 04:48 UTC,-20.55,93.6,"GPS: 48.8000 N, -123.5000 W",88,EXCELLENT,NORMAL,0,0,0,-20.55,-20.55,0.44
162378,SNS-1005,BTC-SEA-5005,SHP-2026-105,2026-08-24 05:03 UTC,-21.55,91.8,"GPS: 48.8100 N, -123.5100 W",88,FAIR,NORMAL,0,0,0,-21.55,-21.55,0.49
162379,SNS-1005,BTC-SEA-5005,SHP-2026-105,2026-08-24 05:18 UTC,26.97,94.3,"GPS: 48.8200 N, -123.5200 W",88,EXCELLENT,WARNING,0,0,0,26.97,26.97,0.59
162380,SNS-1005,BTC-SEA-5005,SHP-2026-105,2026-08-24 05:33 UTC,-18.92,91.2,"GPS: 48.8300 N, -123.5300 W",88,FAIR,NORMAL,0,0,0,-18.92,-18.92,0.43
162381,SNS-1005,BTC-SEA-5005,SHP-2026-105,2026-08-24 05:48 UTC,-20.52,93.9,"GPS: 48.8400 N, -123.5400 W",88,EXCELLENT,NORMAL,0,0,0,-20.52,-20.52,0.41
162382,SNS-1005,BTC-SEA-5005,SHP-2026-105,2026-08-24 06:03 UTC,-18.67,88.4,"GPS: 48.8500 N, -123.5500 W",88,FAIR,NORMAL,0,0,0,-18.67,-18.67,0.43
162383,SNS-1005,BTC-SEA-5005,SHP-2026-105,2026-08-24 06:18 UTC,-19.11,93.2,"GPS: 48.8600 N, -123.5600 W",88,GOOD,NORMAL,0,0,0,-19.11,-19.11,0.42
162384,SNS-1005,BTC-SEA-5005,SHP-2026-105,2026-08-24 06:33 UTC,-20.87,95.8,"GPS: 48.8700 N, -123.5700 W",88,GOOD,NORMAL,0,0,0,-20.87,-20.87,0.44
162385,SNS-1005,BTC-SEA-5005,SHP-2026-105,2026-08-24 06:48 UTC,-18.9,93.1,"GPS: 48.8800 N, -123.5800 W",88,GOOD,NORMAL,0,0,0,-18.9,-18.9,0.42
162386,SNS-1005,BTC-SEA-5005,SHP-2026-105,2026-08-24 07:03 UTC,-21.4,91.8,"GPS: 48.8900 N, -123.5900 W",88,FAIR,NORMAL,0,0,0,-21.4,-21.4,0.44
162387,SNS-1005,BTC-SEA-5005,SHP-2026-105,2026-08-24 07:18 UTC,-18.96,86.2,"GPS: 48.9000 N, -123.6000 W",87,EXCELLENT,NORMAL,0,0,0,-18.96,-18.96,0.44
162388,SNS-1005,BTC-SEA-5005,SHP-2026-105,2026-08-24 07:33 UTC,-18.89,95.0,"GPS: 48.9100 N, -123.6100 W",87,GOOD,NORMAL,0,0,0,-18.89,-18.89,0.44
162389,SNS-1005,BTC-SEA-5005,SHP-2026-105,2026-08-24 07:48 UTC,-20.86,91.3,"GPS: 48.9200 N, -123.6200 W",87,EXCELLENT,NORMAL,0,0,0,-20.86,-20.86,0.44
162390,SNS-1005,BTC-SEA-5005,SHP-2026-105,2026-08-24 08:03 UTC,-20.2,89.1,"GPS: 48.9300 N, -123.6300 W",87,FAIR,NORMAL,0,0,0,-20.2,-20.2,0.49
162391,SNS-1005,BTC-SEA-5005,SHP-2026-105,2026-08-24 08:18 UTC,-21.52,86.3,"GPS: 48.9400 N, -123.6400 W",87,EXCELLENT,NORMAL,0,0,0,-21.52,-21.52,0.47
162392,SNS-1005,BTC-SEA-5005,SHP-2026-105,2026-08-24 08:33 UTC,-20.25,91.2,"GPS: 48.9500 N, -123.6500 W",87,GOOD,NORMAL,0,0,0,-20.25,-20.25,0.5
162393,SNS-1006,BTC-SEA-5006,SHP-2026-106,2026-08-23 00:48 UTC,2.59,95.6,"GPS: 47.6000 N, -122.3000 W",100,EXCELLENT,NORMAL,0,0,0,2.59,2.59,0.49
162394,SNS-1006,BTC-SEA-5006,SHP-2026-106,2026-08-23 01:03 UTC,4.66,93.1,"GPS: 47.6100 N, -122.3100 W",100,EXCELLENT,NORMAL,0,0,0,4.66,4.66,0.44
162395,SNS-1006,BTC-SEA-5006,SHP-2026-106,2026-08-23 01:18 UTC,3.08,85.8,"GPS: 47.6200 N, -122.3200 W",100,FAIR,NORMAL,0,0,0,3.08,3.08,0.42
162396,SNS-1006,BTC-SEA-5006,SHP-2026-106,2026-08-23 01:33 UTC,-30.07,90.5,"GPS: 47.6300 N, -122.3300 W",100,FAIR,WARNING,0,0,0,-30.07,-30.07,0.55
162397,SNS-1006,BTC-SEA-5006,SHP-2026-106,2026-08-23 01:48 UTC,2.24,88.6,"GPS: 47.6400 N, -122.3400 W",100,FAIR,NORMAL,0,0,0,2.24,2.24,0.41
162398,SNS-1006,BTC-SEA-5006,SHP-2026-106,2026-08-23 02:03 UTC,2.13,86.8,"GPS: 47.6500 N, -122.3500 W",100,GOOD,NORMAL,0,0,0,2.13,2.13,0.41
162399,SNS-1006,BTC-SEA-5006,SHP-2026-106,2026-08-23 02:18 UTC,1.94,93.7,"GPS: 47.6600 N, -122.3600 W",100,EXCELLENT,NORMAL,0,0,0,1.94,1.94,0.41
162400,SNS-1006,BTC-SEA-5006,SHP-2026-106,2026-08-23 02:33 UTC,3.01,89.7,"GPS: 47.6700 N, -122.3700 W",100,FAIR,NORMAL,0,0,0,3.01,3.01,0.41
162401,SNS-1006,BTC-SEA-5006,SHP-2026-106,2026-08-23 02:48 UTC,3.0,95.6,"GPS: 47.6800 N, -122.3800 W",100,EXCELLENT,NORMAL,0,0,0,3.0,3.0,0.43
162402,SNS-1006,BTC-SEA-5006,SHP-2026-106,2026-08-23 03:03 UTC,3.02,95.7,"GPS: 47.6900 N, -122.3900 W",100,FAIR,NORMAL,0,0,0,3.02,3.02,0.41
162403,SNS-1006,BTC-SEA-5006,SHP-2026-106,2026-08-23 03:18 UTC,3.52,89.9,"GPS: 47.7000 N, -122.4000 W",99,EXCELLENT,NORMAL,0,0,0,3.52,3.52,0.4
162404,SNS-1006,BTC-SEA-5006,SHP-2026-106,2026-08-23 03:33 UTC,2.31,89.7,"GPS: 47.7100 N, -122.4100 W",99,GOOD,NORMAL,0,0,0,2.31,2.31,0.46
162405,SNS-1006,BTC-SEA-5006,SHP-2026-106,2026-08-23 03:48 UTC,2.4,91.3,"GPS: 47.7200 N, -122.4200 W",99,FAIR,NORMAL,0,0,0,2.4,2.4,0.39
162406,SNS-1006,BTC-SEA-5006,SHP-2026-106,2026-08-23 04:03 UTC,1.67,87.1,"GPS: 47.7300 N, -122.4300 W",99,FAIR,NORMAL,0,0,0,1.67,1.67,0.42
162407,SNS-1006,BTC-SEA-5006,SHP-2026-106,2026-08-23 04:18 UTC,-7.61,88.4,"GPS: 47.7400 N, -122.4400 W",99,FAIR,WARNING,0,0,0,-7.61,-7.61,0.5
162408,SNS-1006,BTC-SEA-5006,SHP-2026-106,2026-08-23 04:33 UTC,4.44,94.7,"GPS: 47.7500 N, -122.4500 W",99,EXCELLENT,NORMAL,0,0,0,4.44,4.44,0.4
162409,SNS-1006,BTC-SEA-5006,SHP-2026-106,2026-08-23 04:48 UTC,-27.59,89.6,"GPS: 47.7600 N, -122.4600 W",99,FAIR,WARNING,0,0,0,-27.59,-27.59,0.52
162410,SNS-1006,BTC-SEA-5006,SHP-2026-106,2026-08-23 05:03 UTC,1.34,93.3,"GPS: 47.7700 N, -122.4700 W",99,GOOD,NORMAL,0,0,0,1.34,1.34,0.4
162411,SNS-1006,BTC-SEA-5006,SHP-2026-106,2026-08-23 05:18 UTC,4.79,95.2,"GPS: 47.7800 N, -122.4800 W",99,GOOD,NORMAL,0,0,0,4.79,4.79,0.41
162412,SNS-1006,BTC-SEA-5006,SHP-2026-106,2026-08-23 05:33 UTC,4.72,91.0,"GPS: 47.7900 N, -122.4900 W",99,GOOD,NORMAL,0,0,0,4.72,4.72,0.41
162413,SNS-1006,BTC-SEA-5006,SHP-2026-106,2026-08-23 05:48 UTC,1.94,87.2,"GPS: 47.8000 N, -122.5000 W",98,EXCELLENT,NORMAL,0,0,0,1.94,1.94,0.38
162414,SNS-1006,BTC-SEA-5006,SHP-2026-106,2026-08-23 06:03 UTC,3.09,94.1,"GPS: 47.8100 N, -122.5100 W",98,EXCELLENT,NORMAL,0,0,0,3.09,3.09,0.43
162415,SNS-1006,BTC-SEA-5006,SHP-2026-106,2026-08-23 06:18 UTC,1.49,95.1,"GPS: 47.8200 N, -122.5200 W",98,FAIR,NORMAL,0,0,0,1.49,1.49,0.39
162416,SNS-1006,BTC-SEA-5006,SHP-2026-106,2026-08-23 06:33 UTC,2.22,94.0,"GPS: 47.8300 N, -122.5300 W",98,EXCELLENT,NORMAL,0,0,0,2.22,2.22,0.37
162417,SNS-1006,BTC-SEA-5006,SHP-2026-106,2026-08-23 06:48 UTC,2.86,94.2,"GPS: 47.8400 N, -122.5400 W",98,GOOD,NORMAL,0,0,0,2.86,2.86,0.38
162418,SNS-1006,BTC-SEA-5006,SHP-2026-106,2026-08-23 07:03 UTC,3.28,90.2,"GPS: 47.8500 N, -122.5500 W",98,GOOD,NORMAL,0,0,0,3.28,3.28,0.38
162419,SNS-1006,BTC-SEA-5006,SHP-2026-106,2026-08-23 07:18 UTC,3.09,93.2,"GPS: 47.8600 N, -122.5600 W",98,FAIR,NORMAL,0,0,0,3.09,3.09,0.38
162420,SNS-1006,BTC-SEA-5006,SHP-2026-106,2026-08-23 07:33 UTC,3.54,92.2,"GPS: 47.8700 N, -122.5700 W",98,GOOD,NORMAL,0,0,0,3.54,3.54,0.39
162421,SNS-1006,BTC-SEA-5006,SHP-2026-106,2026-08-23 07:48 UTC,1.27,93.5,"GPS: 47.8800 N, -122.5800 W",98,EXCELLENT,NORMAL,0,0,0,1.27,1.27,0.47
162422,SNS-1006,BTC-SEA-5006,SHP-2026-106,2026-08-23 08:03 UTC,3.45,88.6,"GPS: 47.8900 N, -122.5900 W",98,FAIR,NORMAL,0,0,0,3.45,3.45,0.37
162423,SNS-1006,BTC-SEA-5006,SHP-2026-106,2026-08-23 08:18 UTC,2.39,94.0,"GPS: 47.9000 N, -122.6000 W",97,FAIR,NORMAL,0,0,0,2.39,2.39,0.37
162424,SNS-1006,BTC-SEA-5006,SHP-2026-106,2026-08-23 08:33 UTC,3.23,94.6,"GPS: 47.9100 N, -122.6100 W",97,FAIR,NORMAL,0,0,0,3.23,3.23,0.37
162425,SNS-1006,BTC-SEA-5006,SHP-2026-106,2026-08-23 08:48 UTC,3.75,95.6,"GPS: 47.9200 N, -122.6200 W",97,GOOD,NORMAL,0,0,0,3.75,3.75,0.38
162426,SNS-1006,BTC-SEA-5006,SHP-2026-106,2026-08-23 09:03 UTC,1.88,92.1,"GPS: 47.9300 N, -122.6300 W",97,FAIR,NORMAL,0,0,0,1.88,1.88,0.41
162427,SNS-1006,BTC-SEA-5006,SHP-2026-106,2026-08-23 09:18 UTC,3.2,88.6,"GPS: 47.9400 N, -122.6400 W",97,EXCELLENT,NORMAL,0,0,0,3.2,3.2,0.37
162428,SNS-1006,BTC-SEA-5006,SHP-2026-106,2026-08-23 09:33 UTC,3.51,94.3,"GPS: 47.9500 N, -122.6500 W",97,GOOD,NORMAL,0,0,0,3.51,3.51,0.37
162429,SNS-1006,BTC-SEA-5006,SHP-2026-106,2026-08-23 09:48 UTC,3.58,90.6,"GPS: 47.9600 N, -122.6600 W",97,FAIR,NORMAL,0,0,0,3.58,3.58,0.37
162430,SNS-1006,BTC-SEA-5006,SHP-2026-106,2026-08-23 10:03 UTC,2.35,86.8,"GPS: 47.9700 N, -122.6700 W",97,FAIR,NORMAL,0,0,0,2.35,2.35,0.36
162431,SNS-1006,BTC-SEA-5006,SHP-2026-106,2026-08-23 10:18 UTC,1.77,89.1,"GPS: 47.9800 N, -122.6800 W",97,GOOD,NORMAL,0,0,0,1.77,1.77,0.42
162432,SNS-1006,BTC-SEA-5006,SHP-2026-106,2026-08-23 10:33 UTC,3.87,93.3,"GPS: 47.9900 N, -122.6900 W",97,FAIR,NORMAL,0,0,0,3.87,3.87,0.38
162433,SNS-1006,BTC-SEA-5006,SHP-2026-106,2026-08-23 10:48 UTC,3.88,95.7,"GPS: 48.0000 N, -122.7000 W",96,EXCELLENT,NORMAL,0,0,0,3.88,3.88,0.37
162434,SNS-1006,BTC-SEA-5006,SHP-2026-106,2026-08-23 11:03 UTC,2.32,88.8,"GPS: 48.0100 N, -122.7100 W",96,FAIR,NORMAL,0,0,0,2.32,2.32,0.36
162435,SNS-1006,BTC-SEA-5006,SHP-2026-106,2026-08-23 11:18 UTC,4.53,89.0,"GPS: 48.0200 N, -122.7200 W",96,FAIR,NORMAL,0,0,0,4.53,4.53,0.39
162436,SNS-1006,BTC-SEA-5006,SHP-2026-106,2026-08-23 11:33 UTC,2.66,90.2,"GPS: 48.0300 N, -122.7300 W",96,EXCELLENT,NORMAL,0,0,0,2.66,2.66,0.37
162437,SNS-1006,BTC-SEA-5006,SHP-2026-106,2026-08-23 11:48 UTC,1.81,88.3,"GPS: 48.0400 N, -122.7400 W",96,GOOD,NORMAL,0,0,0,1.81,1.81,0.38
162438,SNS-1006,BTC-SEA-5006,SHP-2026-106,2026-08-23 12:03 UTC,2.73,89.9,"GPS: 48.0500 N, -122.7500 W",96,FAIR,NORMAL,0,0,0,2.73,2.73,0.42
162439,SNS-1006,BTC-SEA-5006,SHP-2026-106,2026-08-23 12:18 UTC,2.13,90.9,"GPS: 48.0600 N, -122.7600 W",96,FAIR,NORMAL,0,0,0,2.13,2.13,0.36
162440,SNS-1006,BTC-SEA-5006,SHP-2026-106,2026-08-23 12:33 UTC,2.31,90.5,"GPS: 48.0700 N, -122.7700 W",96,FAIR,NORMAL,0,0,0,2.31,2.31,0.42
162441,SNS-1006,BTC-SEA-5006,SHP-2026-106,2026-08-23 12:48 UTC,2.51,94.5,"GPS: 48.0800 N, -122.7800 W",96,EXCELLENT,NORMAL,0,0,0,2.51,2.51,0.36
162442,SNS-1006,BTC-SEA-5006,SHP-2026-106,2026-08-23 13:03 UTC,1.81,88.8,"GPS: 48.0900 N, -122.7900 W",96,FAIR,NORMAL,0,0,0,1.81,1.81,0.41
162443,SNS-1006,BTC-SEA-5006,SHP-2026-106,2026-08-23 13:18 UTC,2.31,92.4,"GPS: 48.1000 N, -122.8000 W",95,GOOD,NORMAL,0,0,0,2.31,2.31,0.36
162444,SNS-1006,BTC-SEA-5006,SHP-2026-106,2026-08-23 13:33 UTC,3.5,86.7,"GPS: 48.1100 N, -122.8100 W",95,FAIR,NORMAL,0,0,0,3.5,3.5,0.44
162445,SNS-1006,BTC-SEA-5006,SHP-2026-106,2026-08-23 13:48 UTC,1.78,90.0,"GPS: 48.1200 N, -122.8200 W",95,GOOD,NORMAL,0,0,0,1.78,1.78,0.36
162446,SNS-1006,BTC-SEA-5006,SHP-2026-106,2026-08-23 14:03 UTC,4.71,95.4,"GPS: 48.1300 N, -122.8300 W",95,EXCELLENT,NORMAL,0,0,0,4.71,4.71,0.43
162447,SNS-1006,BTC-SEA-5006,SHP-2026-106,2026-08-23 14:18 UTC,1.96,95.7,"GPS: 48.1400 N, -122.8400 W",95,EXCELLENT,NORMAL,0,0,0,1.96,1.96,0.36
162448,SNS-1006,BTC-SEA-5006,SHP-2026-106,2026-08-23 14:33 UTC,2.88,94.2,"GPS: 48.1500 N, -122.8500 W",95,FAIR,NORMAL,0,0,0,2.88,2.88,0.41
162449,SNS-1006,BTC-SEA-5006,SHP-2026-106,2026-08-23 14:48 UTC,3.37,86.5,"GPS: 48.1600 N, -122.8600 W",95,FAIR,NORMAL,0,0,0,3.37,3.37,0.36
162450,SNS-1006,BTC-SEA-5006,SHP-2026-106,2026-08-23 15:03 UTC,4.44,92.5,"GPS: 48.1700 N, -122.8700 W",95,FAIR,NORMAL,0,0,0,4.44,4.44,0.37
162451,SNS-1006,BTC-SEA-5006,SHP-2026-106,2026-08-23 15:18 UTC,1.56,85.2,"GPS: 48.1800 N, -122.8800 W",95,EXCELLENT,NORMAL,0,0,0,1.56,1.56,0.37
162452,SNS-1006,BTC-SEA-5006,SHP-2026-106,2026-08-23 15:33 UTC,2.56,94.7,"GPS: 48.1900 N, -122.8900 W",95,FAIR,NORMAL,0,0,0,2.56,2.56,0.36
162453,SNS-1006,BTC-SEA-5006,SHP-2026-106,2026-08-23 15:48 UTC,3.24,88.4,"GPS: 48.2000 N, -122.9000 W",94,FAIR,NORMAL,0,0,0,3.24,3.24,0.38
162454,SNS-1006,BTC-SEA-5006,SHP-2026-106,2026-08-23 16:03 UTC,4.04,95.4,"GPS: 48.2100 N, -122.9100 W",94,EXCELLENT,NORMAL,0,0,0,4.04,4.04,0.37
162455,SNS-1006,BTC-SEA-5006,SHP-2026-106,2026-08-23 16:18 UTC,3.12,86.8,"GPS: 48.2200 N, -122.9200 W",94,EXCELLENT,NORMAL,0,0,0,3.12,3.12,0.37
162456,SNS-1006,BTC-SEA-5006,SHP-2026-106,2026-08-23 16:33 UTC,1.91,94.8,"GPS: 48.2300 N, -122.9300 W",94,GOOD,NORMAL,0,0,0,1.91,1.91,0.4
162457,SNS-1006,BTC-SEA-5006,SHP-2026-106,2026-08-23 16:48 UTC,2.92,86.3,"GPS: 48.2400 N, -122.9400 W",94,GOOD,NORMAL,0,0,0,2.92,2.92,0.38
162458,SNS-1006,BTC-SEA-5006,SHP-2026-106,2026-08-23 17:03 UTC,3.24,86.4,"GPS: 48.2500 N, -122.9500 W",94,GOOD,NORMAL,0,0,0,3.24,3.24,0.37
162459,SNS-1006,BTC-SEA-5006,SHP-2026-106,2026-08-23 17:18 UTC,2.61,93.1,"GPS: 48.2600 N, -122.9600 W",94,FAIR,NORMAL,0,0,0,2.61,2.61,0.37
162460,SNS-1006,BTC-SEA-5006,SHP-2026-106,2026-08-23 17:33 UTC,3.5,88.7,"GPS: 48.2700 N, -122.9700 W",94,EXCELLENT,NORMAL,0,0,0,3.5,3.5,0.38
162461,SNS-1006,BTC-SEA-5006,SHP-2026-106,2026-08-23 17:48 UTC,4.28,92.4,"GPS: 48.2800 N, -122.9800 W",94,GOOD,NORMAL,0,0,0,4.28,4.28,0.43
162462,SNS-1006,BTC-SEA-5006,SHP-2026-106,2026-08-23 18:03 UTC,3.44,94.2,"GPS: 48.2900 N, -122.9900 W",94,FAIR,NORMAL,0,0,0,3.44,3.44,0.41
162463,SNS-1006,BTC-SEA-5006,SHP-2026-106,2026-08-23 18:18 UTC,2.2,90.4,"GPS: 48.3000 N, -123.0000 W",93,GOOD,NORMAL,0,0,0,2.2,2.2,0.38
162464,SNS-1006,BTC-SEA-5006,SHP-2026-106,2026-08-23 18:33 UTC,1.52,93.4,"GPS: 48.3100 N, -123.0100 W",93,GOOD,NORMAL,0,0,0,1.52,1.52,0.4
162465,SNS-1006,BTC-SEA-5006,SHP-2026-106,2026-08-23 18:48 UTC,2.02,94.5,"GPS: 48.3200 N, -123.0200 W",93,GOOD,NORMAL,0,0,0,2.02,2.02,0.36
162466,SNS-1006,BTC-SEA-5006,SHP-2026-106,2026-08-23 19:03 UTC,3.23,95.5,"GPS: 48.3300 N, -123.0300 W",93,GOOD,NORMAL,0,0,0,3.23,3.23,0.37
162467,SNS-1006,BTC-SEA-5006,SHP-2026-106,2026-08-23 19:18 UTC,3.08,87.1,"GPS: 48.3400 N, -123.0400 W",93,FAIR,NORMAL,0,0,0,3.08,3.08,0.37
162468,SNS-1006,BTC-SEA-5006,SHP-2026-106,2026-08-23 19:33 UTC,2.0,89.7,"GPS: 48.3500 N, -123.0500 W",93,EXCELLENT,NORMAL,0,0,0,2.0,2.0,0.36
162469,SNS-1006,BTC-SEA-5006,SHP-2026-106,2026-08-23 19:48 UTC,3.45,92.4,"GPS: 48.3600 N, -123.0600 W",93,GOOD,NORMAL,0,0,0,3.45,3.45,0.37
162470,SNS-1006,BTC-SEA-5006,SHP-2026-106,2026-08-23 20:03 UTC,3.36,88.0,"GPS: 48.3700 N, -123.0700 W",93,FAIR,NORMAL,0,0,0,3.36,3.36,0.36
162471,SNS-1006,BTC-SEA-5006,SHP-2026-106,2026-08-23 20:18 UTC,3.04,86.1,"GPS: 48.3800 N, -123.0800 W",93,EXCELLENT,NORMAL,0,0,0,3.04,3.04,0.39
162472,SNS-1006,BTC-SEA-5006,SHP-2026-106,2026-08-23 20:33 UTC,3.14,92.7,"GPS: 48.3900 N, -123.0900 W",93,FAIR,NORMAL,0,0,0,3.14,3.14,0.37
162473,SNS-1006,BTC-SEA-5006,SHP-2026-106,2026-08-23 20:48 UTC,3.21,85.9,"GPS: 48.4000 N, -123.1000 W",92,FAIR,NORMAL,0,0,0,3.21,3.21,0.39
162474,SNS-1006,BTC-SEA-5006,SHP-2026-106,2026-08-23 21:03 UTC,1.84,87.6,"GPS: 48.4100 N, -123.1100 W",92,EXCELLENT,NORMAL,0,0,0,1.84,1.84,0.45
162475,SNS-1006,BTC-SEA-5006,SHP-2026-106,2026-08-23 21:18 UTC,1.6,95.8,"GPS: 48.4200 N, -123.1200 W",92,EXCELLENT,NORMAL,0,0,0,1.6,1.6,0.39
162476,SNS-1006,BTC-SEA-5006,SHP-2026-106,2026-08-23 21:33 UTC,2.45,90.7,"GPS: 48.4300 N, -123.1300 W",92,FAIR,NORMAL,0,0,0,2.45,2.45,0.43
162477,SNS-1006,BTC-SEA-5006,SHP-2026-106,2026-08-23 21:48 UTC,4.46,87.0,"GPS: 48.4400 N, -123.1400 W",92,EXCELLENT,NORMAL,0,0,0,4.46,4.46,0.44
162478,SNS-1006,BTC-SEA-5006,SHP-2026-106,2026-08-23 22:03 UTC,2.89,87.6,"GPS: 48.4500 N, -123.1500 W",92,GOOD,NORMAL,0,0,0,2.89,2.89,0.38
162479,SNS-1006,BTC-SEA-5006,SHP-2026-106,2026-08-23 22:18 UTC,1.59,93.1,"GPS: 48.4600 N, -123.1600 W",92,EXCELLENT,NORMAL,0,0,0,1.59,1.59,0.36
162480,SNS-1006,BTC-SEA-5006,SHP-2026-106,2026-08-23 22:33 UTC,2.47,95.2,"GPS: 48.4700 N, -123.1700 W",92,GOOD,NORMAL,0,0,0,2.47,2.47,0.37
162481,SNS-1006,BTC-SEA-5006,SHP-2026-106,2026-08-23 22:48 UTC,2.02,88.4,"GPS: 48.4800 N, -123.1800 W",92,GOOD,NORMAL,0,0,0,2.02,2.02,0.36
162482,SNS-1006,BTC-SEA-5006,SHP-2026-106,2026-08-23 23:03 UTC,3.59,94.8,"GPS: 48.4900 N, -123.1900 W",92,GOOD,NORMAL,0,0,0,3.59,3.59,0.41
162483,SNS-1006,BTC-SEA-5006,SHP-2026-106,2026-08-23 23:18 UTC,2.2,89.6,"GPS: 48.5000 N, -123.2000 W",91,FAIR,NORMAL,0,0,0,2.2,2.2,0.37
162484,SNS-1006,BTC-SEA-5006,SHP-2026-106,2026-08-23 23:33 UTC,-32.92,93.6,"GPS: 48.5100 N, -123.2100 W",91,FAIR,WARNING,0,0,0,-32.92,-32.92,0.52
162485,SNS-1006,BTC-SEA-5006,SHP-2026-106,2026-08-23 23:48 UTC,1.53,90.9,"GPS: 48.5200 N, -123.2200 W",91,EXCELLENT,NORMAL,0,0,0,1.53,1.53,0.37
162486,SNS-1006,BTC-SEA-5006,SHP-2026-106,2026-08-24 00:03 UTC,3.98,93.5,"GPS: 48.5300 N, -123.2300 W",91,FAIR,NORMAL,0,0,0,3.98,3.98,0.37
162487,SNS-1006,BTC-SEA-5006,SHP-2026-106,2026-08-24 00:18 UTC,2.94,88.2,"GPS: 48.5400 N, -123.2400 W",91,GOOD,NORMAL,0,0,0,2.94,2.94,0.36
162488,SNS-1006,BTC-SEA-5006,SHP-2026-106,2026-08-24 00:33 UTC,4.66,95.0,"GPS: 48.5500 N, -123.2500 W",91,EXCELLENT,NORMAL,0,0,0,4.66,4.66,0.38
162489,SNS-1006,BTC-SEA-5006,SHP-2026-106,2026-08-24 00:48 UTC,3.81,94.2,"GPS: 48.5600 N, -123.2600 W",91,FAIR,NORMAL,0,0,0,3.81,3.81,0.37
162490,SNS-1006,BTC-SEA-5006,SHP-2026-106,2026-08-24 01:03 UTC,2.89,88.8,"GPS: 48.5700 N, -123.2700 W",91,FAIR,NORMAL,0,0,0,2.89,2.89,0.37
162491,SNS-1006,BTC-SEA-5006,SHP-2026-106,2026-08-24 01:18 UTC,2.92,94.8,"GPS: 48.5800 N, -123.2800 W",91,EXCELLENT,NORMAL,0,0,0,2.92,2.92,0.36
162492,SNS-1006,BTC-SEA-5006,SHP-2026-106,2026-08-24 01:33 UTC,2.25,91.1,"GPS: 48.5900 N, -123.2900 W",91,GOOD,NORMAL,0,0,0,2.25,2.25,0.38
162493,SNS-1006,BTC-SEA-5006,SHP-2026-106,2026-08-24 01:48 UTC,4.47,95.3,"GPS: 48.6000 N, -123.3000 W",90,EXCELLENT,NORMAL,0,0,0,4.47,4.47,0.43
162494,SNS-1006,BTC-SEA-5006,SHP-2026-106,2026-08-24 02:03 UTC,2.81,87.5,"GPS: 48.6100 N, -123.3100 W",90,EXCELLENT,NORMAL,0,0,0,2.81,2.81,0.37
162495,SNS-1006,BTC-SEA-5006,SHP-2026-106,2026-08-24 02:18 UTC,1.88,92.8,"GPS: 48.6200 N, -123.3200 W",90,GOOD,NORMAL,0,0,0,1.88,1.88,0.37
162496,SNS-1006,BTC-SEA-5006,SHP-2026-106,2026-08-24 02:33 UTC,1.51,85.0,"GPS: 48.6300 N, -123.3300 W",90,GOOD,NORMAL,0,0,0,1.51,1.51,0.37
162497,SNS-1006,BTC-SEA-5006,SHP-2026-106,2026-08-24 02:48 UTC,4.44,95.5,"GPS: 48.6400 N, -123.3400 W",90,EXCELLENT,NORMAL,0,0,0,4.44,4.44,0.39
162498,SNS-1006,BTC-SEA-5006,SHP-2026-106,2026-08-24 03:03 UTC,2.11,89.8,"GPS: 48.6500 N, -123.3500 W",90,EXCELLENT,NORMAL,0,0,0,2.11,2.11,0.37
162499,SNS-1006,BTC-SEA-5006,SHP-2026-106,2026-08-24 03:18 UTC,3.76,88.5,"GPS: 48.6600 N, -123.3600 W",90,FAIR,NORMAL,0,0,0,3.76,3.76,0.38
162500,SNS-1006,BTC-SEA-5006,SHP-2026-106,2026-08-24 03:33 UTC,2.72,92.5,"GPS: 48.6700 N, -123.3700 W",90,EXCELLENT,NORMAL,0,0,0,2.72,2.72,0.4
162501,SNS-1006,BTC-SEA-5006,SHP-2026-106,2026-08-24 03:48 UTC,2.96,91.2,"GPS: 48.6800 N, -123.3800 W",90,GOOD,NORMAL,0,0,0,2.96,2.96,0.38
162502,SNS-1006,BTC-SEA-5006,SHP-2026-106,2026-08-24 04:03 UTC,2.59,88.6,"GPS: 48.6900 N, -123.3900 W",90,FAIR,NORMAL,0,0,0,2.59,2.59,0.37
162503,SNS-1006,BTC-SEA-5006,SHP-2026-106,2026-08-24 04:18 UTC,1.61,94.2,"GPS: 48.7000 N, -123.4000 W",89,GOOD,NORMAL,0,0,0,1.61,1.61,0.44
162504,SNS-1006,BTC-SEA-5006,SHP-2026-106,2026-08-24 04:33 UTC,3.49,89.0,"GPS: 48.7100 N, -123.4100 W",89,EXCELLENT,NORMAL,0,0,0,3.49,3.49,0.4
162505,SNS-1006,BTC-SEA-5006,SHP-2026-106,2026-08-24 04:48 UTC,2.71,93.7,"GPS: 48.7200 N, -123.4200 W",89,EXCELLENT,NORMAL,0,0,0,2.71,2.71,0.43
162506,SNS-1006,BTC-SEA-5006,SHP-2026-106,2026-08-24 05:03 UTC,3.12,87.0,"GPS: 48.7300 N, -123.4300 W",89,EXCELLENT,NORMAL,0,0,0,3.12,3.12,0.38
162507,SNS-1006,BTC-SEA-5006,SHP-2026-106,2026-08-24 05:18 UTC,23.22,88.8,"GPS: 48.7400 N, -123.4400 W",89,FAIR,WARNING,0,0,0,23.22,23.22,0.58
162508,SNS-1006,BTC-SEA-5006,SHP-2026-106,2026-08-24 05:33 UTC,4.14,89.1,"GPS: 48.7500 N, -123.4500 W",89,FAIR,NORMAL,0,0,0,4.14,4.14,0.4
162509,SNS-1006,BTC-SEA-5006,SHP-2026-106,2026-08-24 05:48 UTC,3.13,89.6,"GPS: 48.7600 N, -123.4600 W",89,EXCELLENT,NORMAL,0,0,0,3.13,3.13,0.38
162510,SNS-1006,BTC-SEA-5006,SHP-2026-106,2026-08-24 06:03 UTC,3.3,87.1,"GPS: 48.7700 N, -123.4700 W",89,GOOD,NORMAL,0,0,0,3.3,3.3,0.38
162511,SNS-1006,BTC-SEA-5006,SHP-2026-106,2026-08-24 06:18 UTC,3.98,92.7,"GPS: 48.7800 N, -123.4800 W",89,FAIR,NORMAL,0,0,0,3.98,3.98,0.39
162512,SNS-1006,BTC-SEA-5006,SHP-2026-106,2026-08-24 06:33 UTC,1.57,87.0,"GPS: 48.7900 N, -123.4900 W",89,FAIR,NORMAL,0,0,0,1.57,1.57,0.45
162513,SNS-1006,BTC-SEA-5006,SHP-2026-106,2026-08-24 06:48 UTC,3.29,87.2,"GPS: 48.8000 N, -123.5000 W",88,FAIR,NORMAL,0,0,0,3.29,3.29,0.41
162514,SNS-1006,BTC-SEA-5006,SHP-2026-106,2026-08-24 07:03 UTC,4.05,95.2,"GPS: 48.8100 N, -123.5100 W",88,EXCELLENT,NORMAL,0,0,0,4.05,4.05,0.4
162515,SNS-1006,BTC-SEA-5006,SHP-2026-106,2026-08-24 07:18 UTC,2.79,90.8,"GPS: 48.8200 N, -123.5200 W",88,GOOD,NORMAL,0,0,0,2.79,2.79,0.4
162516,SNS-1006,BTC-SEA-5006,SHP-2026-106,2026-08-24 07:33 UTC,3.43,91.9,"GPS: 48.8300 N, -123.5300 W",88,FAIR,NORMAL,0,0,0,3.43,3.43,0.4
162517,SNS-1006,BTC-SEA-5006,SHP-2026-106,2026-08-24 07:48 UTC,2.24,90.8,"GPS: 48.8400 N, -123.5400 W",88,FAIR,NORMAL,0,0,0,2.24,2.24,0.43
162518,SNS-1006,BTC-SEA-5006,SHP-2026-106,2026-08-24 08:03 UTC,1.28,87.3,"GPS: 48.8500 N, -123.5500 W",88,EXCELLENT,NORMAL,0,0,0,1.28,1.28,0.44
162519,SNS-1006,BTC-SEA-5006,SHP-2026-106,2026-08-24 08:18 UTC,1.41,89.3,"GPS: 48.8600 N, -123.5600 W",88,EXCELLENT,NORMAL,0,0,0,1.41,1.41,0.4
162520,SNS-1006,BTC-SEA-5006,SHP-2026-106,2026-08-24 08:33 UTC,3.56,88.1,"GPS: 48.8700 N, -123.5700 W",88,GOOD,NORMAL,0,0,0,3.56,3.56,0.4
162521,SNS-1006,BTC-SEA-5006,SHP-2026-106,2026-08-24 08:48 UTC,3.68,85.1,"GPS: 48.8800 N, -123.5800 W",88,FAIR,NORMAL,0,0,0,3.68,3.68,0.4
162522,SNS-1006,BTC-SEA-5006,SHP-2026-106,2026-08-24 09:03 UTC,3.11,85.4,"GPS: 48.8900 N, -123.5900 W",88,FAIR,NORMAL,0,0,0,3.11,3.11,0.4
162523,SNS-1006,BTC-SEA-5006,SHP-2026-106,2026-08-24 09:18 UTC,4.59,93.0,"GPS: 48.9000 N, -123.6000 W",87,GOOD,NORMAL,0,0,0,4.59,4.59,0.46
162524,SNS-1006,BTC-SEA-5006,SHP-2026-106,2026-08-24 09:33 UTC,4.14,89.7,"GPS: 48.9100 N, -123.6100 W",87,FAIR,NORMAL,0,0,0,4.14,4.14,0.45
162525,SNS-1006,BTC-SEA-5006,SHP-2026-106,2026-08-24 09:48 UTC,1.46,92.7,"GPS: 48.9200 N, -123.6200 W",87,FAIR,NORMAL,0,0,0,1.46,1.46,0.5
162526,SNS-1006,BTC-SEA-5006,SHP-2026-106,2026-08-24 10:03 UTC,3.62,87.2,"GPS: 48.9300 N, -123.6300 W",87,GOOD,NORMAL,0,0,0,3.62,3.62,0.48
162527,SNS-1006,BTC-SEA-5006,SHP-2026-106,2026-08-24 10:18 UTC,4.23,89.6,"GPS: 48.9400 N, -123.6400 W",87,EXCELLENT,NORMAL,0,0,0,4.23,4.23,0.46
162528,SNS-1006,BTC-SEA-5006,SHP-2026-106,2026-08-24 10:33 UTC,1.54,86.1,"GPS: 48.9500 N, -123.6500 W",87,GOOD,NORMAL,0,0,0,1.54,1.54,0.44
162529,SNS-1007,BTC-SEA-5007,SHP-2026-107,2026-08-23 02:48 UTC,-18.76,86.7,"GPS: 47.6000 N, -122.3000 W",100,EXCELLENT,NORMAL,0,0,0,-18.76,-18.76,0.5
162530,SNS-1007,BTC-SEA-5007,SHP-2026-107,2026-08-23 03:03 UTC,,,"GPS: 47.6100 N, -122.3100 W",100,DISCONNECTED,WARNING,1,0,1,-19.0,-18.76,0.5
162531,SNS-1007,BTC-SEA-5007,SHP-2026-107,2026-08-23 03:18 UTC,-20.39,89.5,"GPS: 47.6200 N, -122.3200 W",100,EXCELLENT,NORMAL,0,0,0,-20.39,-20.39,0.46
162532,SNS-1007,BTC-SEA-5007,SHP-2026-107,2026-08-23 03:33 UTC,-18.74,87.0,"GPS: 47.6300 N, -122.3300 W",100,GOOD,NORMAL,0,0,0,-18.74,-18.74,0.43
162533,SNS-1007,BTC-SEA-5007,SHP-2026-107,2026-08-23 03:48 UTC,-20.1,87.4,"GPS: 47.6400 N, -122.3400 W",100,GOOD,NORMAL,0,0,0,-20.1,-20.1,0.45
162534,SNS-1007,BTC-SEA-5007,SHP-2026-107,2026-08-23 04:03 UTC,27.19,92.7,"GPS: 47.6500 N, -122.3500 W",100,GOOD,WARNING,0,0,0,27.19,27.19,0.61
162535,SNS-1007,BTC-SEA-5007,SHP-2026-107,2026-08-23 04:18 UTC,-18.61,94.9,"GPS: 47.6600 N, -122.3600 W",100,EXCELLENT,NORMAL,0,0,0,-18.61,-18.61,0.44
162536,SNS-1007,BTC-SEA-5007,SHP-2026-107,2026-08-23 04:33 UTC,-21.23,86.5,"GPS: 47.6700 N, -122.3700 W",100,EXCELLENT,NORMAL,0,0,0,-21.23,-21.23,0.43
162537,SNS-1007,BTC-SEA-5007,SHP-2026-107,2026-08-23 04:48 UTC,-21.62,91.1,"GPS: 47.6800 N, -122.3800 W",100,GOOD,NORMAL,0,0,0,-21.62,-21.62,0.43
162538,SNS-1007,BTC-SEA-5007,SHP-2026-107,2026-08-23 05:03 UTC,,,"GPS: 47.6900 N, -122.3900 W",100,DISCONNECTED,WARNING,1,0,1,-20.14,-21.62,0.43
162539,SNS-1007,BTC-SEA-5007,SHP-2026-107,2026-08-23 05:18 UTC,-23.46,92.0,"GPS: 47.7000 N, -122.4000 W",99,GOOD,NORMAL,0,0,0,-23.46,-23.46,0.46
162540,SNS-1007,BTC-SEA-5007,SHP-2026-107,2026-08-23 05:33 UTC,-22.06,93.2,"GPS: 47.7100 N, -122.4100 W",99,FAIR,NORMAL,0,0,0,-22.06,-22.06,0.47
162541,SNS-1007,BTC-SEA-5007,SHP-2026-107,2026-08-23 05:48 UTC,-19.45,93.0,"GPS: 47.7200 N, -122.4200 W",99,FAIR,NORMAL,0,0,0,-19.45,-19.45,0.47
162542,SNS-1007,BTC-SEA-5007,SHP-2026-107,2026-08-23 06:03 UTC,-19.51,86.9,"GPS: 47.7300 N, -122.4300 W",99,EXCELLENT,NORMAL,0,0,0,-19.51,-19.51,0.41
162543,SNS-1007,BTC-SEA-5007,SHP-2026-107,2026-08-23 06:18 UTC,-23.42,92.7,"GPS: 47.7400 N, -122.4400 W",99,GOOD,NORMAL,0,0,0,-23.42,-23.42,0.44
162544,SNS-1007,BTC-SEA-5007,SHP-2026-107,2026-08-23 06:33 UTC,-18.99,86.4,"GPS: 47.7500 N, -122.4500 W",99,EXCELLENT,NORMAL,0,0,0,-18.99,-18.99,0.41
162545,SNS-1007,BTC-SEA-5007,SHP-2026-107,2026-08-23 06:48 UTC,-19.36,91.3,"GPS: 47.7600 N, -122.4600 W",99,EXCELLENT,NORMAL,0,0,0,-19.36,-19.36,0.41
162546,SNS-1007,BTC-SEA-5007,SHP-2026-107,2026-08-23 07:03 UTC,,,"GPS: 47.7700 N, -122.4700 W",99,DISCONNECTED,WARNING,1,0,1,-20.76,-19.36,0.41
162547,SNS-1007,BTC-SEA-5007,SHP-2026-107,2026-08-23 07:18 UTC,-19.93,94.7,"GPS: 47.7800 N, -122.4800 W",99,FAIR,NORMAL,0,0,0,-19.93,-19.93,0.45
162548,SNS-1007,BTC-SEA-5007,SHP-2026-107,2026-08-23 07:33 UTC,-19.49,91.6,"GPS: 47.7900 N, -122.4900 W",99,FAIR,NORMAL,0,0,0,-19.49,-19.49,0.44
162549,SNS-1007,BTC-SEA-5007,SHP-2026-107,2026-08-23 07:48 UTC,,,"GPS: 47.8000 N, -122.5000 W",98,DISCONNECTED,WARNING,1,0,1,-22.37,-19.49,0.43
162550,SNS-1007,BTC-SEA-5007,SHP-2026-107,2026-08-23 08:03 UTC,-19.23,87.3,"GPS: 47.8100 N, -122.5100 W",98,FAIR,NORMAL,0,0,0,-19.23,-19.23,0.41
162551,SNS-1007,BTC-SEA-5007,SHP-2026-107,2026-08-23 08:18 UTC,,,"GPS: 47.8200 N, -122.5200 W",98,DISCONNECTED,WARNING,1,0,1,-20.44,-19.23,0.4
162552,SNS-1007,BTC-SEA-5007,SHP-2026-107,2026-08-23 08:33 UTC,-10.9,88.7,"GPS: 47.8300 N, -122.5300 W",98,FAIR,WARNING,0,0,0,-10.9,-10.9,0.51
162553,SNS-1007,BTC-SEA-5007,SHP-2026-107,2026-08-23 08:48 UTC,-18.6,95.6,"GPS: 47.8400 N, -122.5400 W",98,GOOD,NORMAL,0,0,0,-18.6,-18.6,0.42
162554,SNS-1007,BTC-SEA-5007,SHP-2026-107,2026-08-23 09:03 UTC,-23.79,91.8,"GPS: 47.8500 N, -122.5500 W",98,FAIR,NORMAL,0,0,0,-23.79,-23.79,0.45
162555,SNS-1007,BTC-SEA-5007,SHP-2026-107,2026-08-23 09:18 UTC,-21.05,94.8,"GPS: 47.8600 N, -122.5600 W",98,EXCELLENT,NORMAL,0,0,0,-21.05,-21.05,0.39
162556,SNS-1007,BTC-SEA-5007,SHP-2026-107,2026-08-23 09:33 UTC,-19.14,92.2,"GPS: 47.8700 N, -122.5700 W",98,FAIR,NORMAL,0,0,0,-19.14,-19.14,0.45
162557,SNS-1007,BTC-SEA-5007,SHP-2026-107,2026-08-23 09:48 UTC,-19.53,91.7,"GPS: 47.8800 N, -122.5800 W",98,GOOD,NORMAL,0,0,0,-19.53,-19.53,0.39
162558,SNS-1007,BTC-SEA-5007,SHP-2026-107,2026-08-23 10:03 UTC,-23.78,90.1,"GPS: 47.8900 N, -122.5900 W",98,EXCELLENT,NORMAL,0,0,0,-23.78,-23.78,0.44
162559,SNS-1007,BTC-SEA-5007,SHP-2026-107,2026-08-23 10:18 UTC,-21.62,89.0,"GPS: 47.9000 N, -122.6000 W",97,GOOD,NORMAL,0,0,0,-21.62,-21.62,0.41
162560,SNS-1007,BTC-SEA-5007,SHP-2026-107,2026-08-23 10:33 UTC,-20.17,91.5,"GPS: 47.9100 N, -122.6100 W",97,FAIR,NORMAL,0,0,0,-20.17,-20.17,0.4
162561,SNS-1007,BTC-SEA-5007,SHP-2026-107,2026-08-23 10:48 UTC,-19.77,93.0,"GPS: 47.9200 N, -122.6200 W",97,EXCELLENT,NORMAL,0,0,0,-19.77,-19.77,0.39
162562,SNS-1007,BTC-SEA-5007,SHP-2026-107,2026-08-23 11:03 UTC,-18.78,91.1,"GPS: 47.9300 N, -122.6300 W",97,EXCELLENT,NORMAL,0,0,0,-18.78,-18.78,0.4
162563,SNS-1007,BTC-SEA-5007,SHP-2026-107,2026-08-23 11:18 UTC,-19.12,86.6,"GPS: 47.9400 N, -122.6400 W",97,EXCELLENT,NORMAL,0,0,0,-19.12,-19.12,0.39
162564,SNS-1007,BTC-SEA-5007,SHP-2026-107,2026-08-23 11:33 UTC,-20.2,88.3,"GPS: 47.9500 N, -122.6500 W",97,EXCELLENT,NORMAL,0,0,0,-20.2,-20.2,0.4
162565,SNS-1007,BTC-SEA-5007,SHP-2026-107,2026-08-23 11:48 UTC,-21.71,89.2,"GPS: 47.9600 N, -122.6600 W",97,FAIR,NORMAL,0,0,0,-21.71,-21.71,0.46
162566,SNS-1007,BTC-SEA-5007,SHP-2026-107,2026-08-23 12:03 UTC,-20.82,86.3,"GPS: 47.9700 N, -122.6700 W",97,GOOD,NORMAL,0,0,0,-20.82,-20.82,0.39
162567,SNS-1007,BTC-SEA-5007,SHP-2026-107,2026-08-23 12:18 UTC,-21.86,93.1,"GPS: 47.9800 N, -122.6800 W",97,FAIR,NORMAL,0,0,0,-21.86,-21.86,0.4
162568,SNS-1007,BTC-SEA-5007,SHP-2026-107,2026-08-23 12:33 UTC,,,"GPS: 47.9900 N, -122.6900 W",97,DISCONNECTED,WARNING,1,0,1,-19.38,-21.86,0.39
162569,SNS-1007,BTC-SEA-5007,SHP-2026-107,2026-08-23 12:48 UTC,,,"GPS: 48.0000 N, -122.7000 W",96,DISCONNECTED,WARNING,1,0,1,-35.8,-21.86,0.39
162570,SNS-1007,BTC-SEA-5007,SHP-2026-107,2026-08-23 13:03 UTC,-21.85,94.5,"GPS: 48.0100 N, -122.7100 W",96,FAIR,NORMAL,0,0,0,-21.85,-21.85,0.39
162571,SNS-1007,BTC-SEA-5007,SHP-2026-107,2026-08-23 13:18 UTC,-20.45,85.4,"GPS: 48.0200 N, -122.7200 W",96,FAIR,NORMAL,0,0,0,-20.45,-20.45,0.47
162572,SNS-1007,BTC-SEA-5007,SHP-2026-107,2026-08-23 13:33 UTC,-21.61,93.1,"GPS: 48.0300 N, -122.7300 W",96,EXCELLENT,NORMAL,0,0,0,-21.61,-21.61,0.44
162573,SNS-1007,BTC-SEA-5007,SHP-2026-107,2026-08-23 13:48 UTC,-20.98,85.1,"GPS: 48.0400 N, -122.7400 W",96,GOOD,NORMAL,0,0,0,-20.98,-20.98,0.38
162574,SNS-1007,BTC-SEA-5007,SHP-2026-107,2026-08-23 14:03 UTC,-20.05,91.6,"GPS: 48.0500 N, -122.7500 W",96,FAIR,NORMAL,0,0,0,-20.05,-20.05,0.41
162575,SNS-1007,BTC-SEA-5007,SHP-2026-107,2026-08-23 14:18 UTC,-21.49,95.6,"GPS: 48.0600 N, -122.7600 W",96,FAIR,WARNING,0,0,0,-21.49,-21.49,0.39
162576,SNS-1007,BTC-SEA-5007,SHP-2026-107,2026-08-23 14:33 UTC,,,"GPS: 48.0700 N, -122.7700 W",96,DISCONNECTED,WARNING,1,0,1,-22.04,-21.49,0.38
162577,SNS-1007,BTC-SEA-5007,SHP-2026-107,2026-08-23 14:48 UTC,-23.14,88.1,"GPS: 48.0800 N, -122.7800 W",96,EXCELLENT,NORMAL,0,0,0,-23.14,-23.14,0.46
162578,SNS-1007,BTC-SEA-5007,SHP-2026-107,2026-08-23 15:03 UTC,-21.33,88.4,"GPS: 48.0900 N, -122.7900 W",96,EXCELLENT,NORMAL,0,0,0,-21.33,-21.33,0.43
162579,SNS-1007,BTC-SEA-5007,SHP-2026-107,2026-08-23 15:18 UTC,-22.81,95.6,"GPS: 48.1000 N, -122.8000 W",95,FAIR,NORMAL,0,0,0,-22.81,-22.81,0.41
162580,SNS-1007,BTC-SEA-5007,SHP-2026-107,2026-08-23 15:33 UTC,-19.84,87.1,"GPS: 48.1100 N, -122.8100 W",95,EXCELLENT,NORMAL,0,0,0,-19.84,-19.84,0.43
162581,SNS-1007,BTC-SEA-5007,SHP-2026-107,2026-08-23 15:48 UTC,,,"GPS: 48.1200 N, -122.8200 W",95,DISCONNECTED,WARNING,1,0,1,-23.74,-19.84,0.38
162582,SNS-1007,BTC-SEA-5007,SHP-2026-107,2026-08-23 16:03 UTC,-0.85,90.5,"GPS: 48.1300 N, -122.8300 W",95,EXCELLENT,WARNING,0,0,0,-0.85,-0.85,0.46
162583,SNS-1007,BTC-SEA-5007,SHP-2026-107,2026-08-23 16:18 UTC,,,"GPS: 48.1400 N, -122.8400 W",95,DISCONNECTED,WARNING,1,0,1,-18.74,-0.85,0.39
162584,SNS-1007,BTC-SEA-5007,SHP-2026-107,2026-08-23 16:33 UTC,-23.29,90.3,"GPS: 48.1500 N, -122.8500 W",95,EXCELLENT,NORMAL,0,0,0,-23.29,-23.29,0.41
162585,SNS-1007,BTC-SEA-5007,SHP-2026-107,2026-08-23 16:48 UTC,,,"GPS: 48.1600 N, -122.8600 W",95,DISCONNECTED,WARNING,1,0,1,-19.36,-23.29,0.4
162586,SNS-1007,BTC-SEA-5007,SHP-2026-107,2026-08-23 17:03 UTC,-18.46,93.0,"GPS: 48.1700 N, -122.8700 W",95,EXCELLENT,NORMAL,0,0,0,-18.46,-18.46,0.39
162587,SNS-1007,BTC-SEA-5007,SHP-2026-107,2026-08-23 17:18 UTC,-20.76,93.0,"GPS: 48.1800 N, -122.8800 W",95,GOOD,NORMAL,0,0,0,-20.76,-20.76,0.38
162588,SNS-1007,BTC-SEA-5007,SHP-2026-107,2026-08-23 17:33 UTC,,,"GPS: 48.1900 N, -122.8900 W",95,DISCONNECTED,WARNING,1,0,1,-19.4,-20.76,0.4
162589,SNS-1007,BTC-SEA-5007,SHP-2026-107,2026-08-23 17:48 UTC,-18.65,93.6,"GPS: 48.2000 N, -122.9000 W",94,FAIR,NORMAL,0,0,0,-18.65,-18.65,0.38
162590,SNS-1007,BTC-SEA-5007,SHP-2026-107,2026-08-23 18:03 UTC,-21.17,94.4,"GPS: 48.2100 N, -122.9100 W",94,EXCELLENT,NORMAL,0,0,0,-21.17,-21.17,0.39
162591,SNS-1007,BTC-SEA-5007,SHP-2026-107,2026-08-23 18:18 UTC,-18.95,90.4,"GPS: 48.2200 N, -122.9200 W",94,FAIR,NORMAL,0,0,0,-18.95,-18.95,0.39
162592,SNS-1007,BTC-SEA-5007,SHP-2026-107,2026-08-23 18:33 UTC,-18.79,90.2,"GPS: 48.2300 N, -122.9300 W",94,GOOD,NORMAL,0,0,0,-18.79,-18.79,0.38
162593,SNS-1007,BTC-SEA-5007,SHP-2026-107,2026-08-23 18:48 UTC,,,"GPS: 48.2400 N, -122.9400 W",94,DISCONNECTED,WARNING,1,0,1,16.94,-18.79,0.39
162594,SNS-1007,BTC-SEA-5007,SHP-2026-107,2026-08-23 19:03 UTC,-18.26,87.4,"GPS: 48.2500 N, -122.9500 W",94,FAIR,NORMAL,0,0,0,-18.26,-18.26,0.39
162595,SNS-1007,BTC-SEA-5007,SHP-2026-107,2026-08-23 19:18 UTC,-20.48,87.3,"GPS: 48.2600 N, -122.9600 W",94,EXCELLENT,NORMAL,0,0,0,-20.48,-20.48,0.45
162596,SNS-1007,BTC-SEA-5007,SHP-2026-107,2026-08-23 19:33 UTC,-20.35,95.7,"GPS: 48.2700 N, -122.9700 W",94,EXCELLENT,NORMAL,0,0,0,-20.35,-20.35,0.39
162597,SNS-1007,BTC-SEA-5007,SHP-2026-107,2026-08-23 19:48 UTC,-19.69,85.1,"GPS: 48.2800 N, -122.9800 W",94,EXCELLENT,NORMAL,0,0,0,-19.69,-19.69,0.41
162598,SNS-1007,BTC-SEA-5007,SHP-2026-107,2026-08-23 20:03 UTC,,,"GPS: 48.2900 N, -122.9900 W",94,DISCONNECTED,WARNING,1,0,1,-20.5,-19.69,0.46
162599,SNS-1007,BTC-SEA-5007,SHP-2026-107,2026-08-23 20:18 UTC,-20.16,85.3,"GPS: 48.3000 N, -123.0000 W",93,EXCELLENT,NORMAL,0,0,0,-20.16,-20.16,0.4
162600,SNS-1007,BTC-SEA-5007,SHP-2026-107,2026-08-23 20:33 UTC,-18.42,90.8,"GPS: 48.3100 N, -123.0100 W",93,FAIR,NORMAL,0,0,0,-18.42,-18.42,0.46
162601,SNS-1007,BTC-SEA-5007,SHP-2026-107,2026-08-23 20:48 UTC,-19.09,89.7,"GPS: 48.3200 N, -123.0200 W",93,FAIR,NORMAL,0,0,0,-19.09,-19.09,0.38
162602,SNS-1007,BTC-SEA-5007,SHP-2026-107,2026-08-23 21:03 UTC,-18.24,89.4,"GPS: 48.3300 N, -123.0300 W",93,EXCELLENT,NORMAL,0,0,0,-18.24,-18.24,0.4
162603,SNS-1007,BTC-SEA-5007,SHP-2026-107,2026-08-23 21:18 UTC,-21.15,88.2,"GPS: 48.3400 N, -123.0400 W",93,EXCELLENT,NORMAL,0,0,0,-21.15,-21.15,0.43
162604,SNS-1007,BTC-SEA-5007,SHP-2026-107,2026-08-23 21:33 UTC,-22.48,93.0,"GPS: 48.3500 N, -123.0500 W",93,GOOD,NORMAL,0,0,0,-22.48,-22.48,0.44
162605,SNS-1007,BTC-SEA-5007,SHP-2026-107,2026-08-23 21:48 UTC,-18.74,90.6,"GPS: 48.3600 N, -123.0600 W",93,FAIR,NORMAL,0,0,0,-18.74,-18.74,0.38
162606,SNS-1007,BTC-SEA-5007,SHP-2026-107,2026-08-23 22:03 UTC,-18.87,89.7,"GPS: 48.3700 N, -123.0700 W",93,EXCELLENT,NORMAL,0,0,0,-18.87,-18.87,0.38
162607,SNS-1007,BTC-SEA-5007,SHP-2026-107,2026-08-23 22:18 UTC,-19.74,93.7,"GPS: 48.3800 N, -123.0800 W",93,FAIR,NORMAL,0,0,0,-19.74,-19.74,0.4
162608,SNS-1007,BTC-SEA-5007,SHP-2026-107,2026-08-23 22:33 UTC,-19.16,85.3,"GPS: 48.3900 N, -123.0900 W",93,FAIR,NORMAL,0,0,0,-19.16,-19.16,0.39
162609,SNS-1007,BTC-SEA-5007,SHP-2026-107,2026-08-23 22:48 UTC,-23.16,93.0,"GPS: 48.4000 N, -123.1000 W",92,EXCELLENT,NORMAL,0,0,0,-23.16,-23.16,0.48
162610,SNS-1007,BTC-SEA-5007,SHP-2026-107,2026-08-23 23:03 UTC,-21.57,88.0,"GPS: 48.4100 N, -123.1100 W",92,EXCELLENT,NORMAL,0,0,0,-21.57,-21.57,0.38
162611,SNS-1007,BTC-SEA-5007,SHP-2026-107,2026-08-23 23:18 UTC,,,"GPS: 48.4200 N, -123.1200 W",92,DISCONNECTED,WARNING,1,0,1,-22.54,-21.57,0.39
162612,SNS-1007,BTC-SEA-5007,SHP-2026-107,2026-08-23 23:33 UTC,-23.35,90.4,"GPS: 48.4300 N, -123.1300 W",92,EXCELLENT,NORMAL,0,0,0,-23.35,-23.35,0.41
162613,SNS-1007,BTC-SEA-5007,SHP-2026-107,2026-08-23 23:48 UTC,-18.67,89.2,"GPS: 48.4400 N, -123.1400 W",92,EXCELLENT,NORMAL,0,0,0,-18.67,-18.67,0.45
162614,SNS-1007,BTC-SEA-5007,SHP-2026-107,2026-08-24 00:03 UTC,-20.67,95.6,"GPS: 48.4500 N, -123.1500 W",92,GOOD,NORMAL,0,0,0,-20.67,-20.67,0.39
162615,SNS-1007,BTC-SEA-5007,SHP-2026-107,2026-08-24 00:18 UTC,-22.61,95.2,"GPS: 48.4600 N, -123.1600 W",92,FAIR,NORMAL,0,0,0,-22.61,-22.61,0.4
162616,SNS-1007,BTC-SEA-5007,SHP-2026-107,2026-08-24 00:33 UTC,-23.28,91.3,"GPS: 48.4700 N, -123.1700 W",92,FAIR,NORMAL,0,0,0,-23.28,-23.28,0.4
162617,SNS-1007,BTC-SEA-5007,SHP-2026-107,2026-08-24 00:48 UTC,,,"GPS: 48.4800 N, -123.1800 W",92,DISCONNECTED,WARNING,1,0,1,-20.36,-23.28,0.4
162618,SNS-1007,BTC-SEA-5007,SHP-2026-107,2026-08-24 01:03 UTC,-20.83,94.4,"GPS: 48.4900 N, -123.1900 W",92,EXCELLENT,NORMAL,0,0,0,-20.83,-20.83,0.38
162619,SNS-1007,BTC-SEA-5007,SHP-2026-107,2026-08-24 01:18 UTC,-21.81,93.1,"GPS: 48.5000 N, -123.2000 W",91,EXCELLENT,NORMAL,0,0,0,-21.81,-21.81,0.39
162620,SNS-1007,BTC-SEA-5007,SHP-2026-107,2026-08-24 01:33 UTC,,,"GPS: 48.5100 N, -123.2100 W",91,DISCONNECTED,WARNING,1,0,1,-21.44,-21.81,0.4
162621,SNS-1007,BTC-SEA-5007,SHP-2026-107,2026-08-24 01:48 UTC,,,"GPS: 48.5200 N, -123.2200 W",91,DISCONNECTED,WARNING,1,0,1,-21.02,-21.81,0.43
162622,SNS-1007,BTC-SEA-5007,SHP-2026-107,2026-08-24 02:03 UTC,,,"GPS: 48.5300 N, -123.2300 W",91,DISCONNECTED,WARNING,1,0,1,-22.21,-21.81,0.39
162623,SNS-1007,BTC-SEA-5007,SHP-2026-107,2026-08-24 02:18 UTC,-21.33,88.8,"GPS: 48.5400 N, -123.2400 W",91,GOOD,NORMAL,0,0,0,-21.33,-21.33,0.47
162624,SNS-1007,BTC-SEA-5007,SHP-2026-107,2026-08-24 02:33 UTC,-19.41,87.2,"GPS: 48.5500 N, -123.2500 W",91,GOOD,NORMAL,0,0,0,-19.41,-19.41,0.46
162625,SNS-1007,BTC-SEA-5007,SHP-2026-107,2026-08-24 02:48 UTC,-21.98,94.0,"GPS: 48.5600 N, -123.2600 W",91,EXCELLENT,NORMAL,0,0,0,-21.98,-21.98,0.39
162626,SNS-1007,BTC-SEA-5007,SHP-2026-107,2026-08-24 03:03 UTC,-20.89,95.2,"GPS: 48.5700 N, -123.2700 W",91,GOOD,NORMAL,0,0,0,-20.89,-20.89,0.41
162627,SNS-1007,BTC-SEA-5007,SHP-2026-107,2026-08-24 03:18 UTC,-21.01,90.3,"GPS: 48.5800 N, -123.2800 W",91,GOOD,NORMAL,0,0,0,-21.01,-21.01,0.43
162628,SNS-1007,BTC-SEA-5007,SHP-2026-107,2026-08-24 03:33 UTC,,,"GPS: 48.5900 N, -123.2900 W",91,DISCONNECTED,WARNING,1,0,1,-23.7,-21.01,0.41
162629,SNS-1007,BTC-SEA-5007,SHP-2026-107,2026-08-24 03:48 UTC,,,"GPS: 48.6000 N, -123.3000 W",90,DISCONNECTED,WARNING,1,0,1,-18.28,-21.01,0.39
162630,SNS-1007,BTC-SEA-5007,SHP-2026-107,2026-08-24 04:03 UTC,-23.75,86.4,"GPS: 48.6100 N, -123.3100 W",90,EXCELLENT,NORMAL,0,0,0,-23.75,-23.75,0.5
162631,SNS-1007,BTC-SEA-5007,SHP-2026-107,2026-08-24 04:18 UTC,-20.8,92.7,"GPS: 48.6200 N, -123.3200 W",90,FAIR,NORMAL,0,0,0,-20.8,-20.8,0.38
162632,SNS-1007,BTC-SEA-5007,SHP-2026-107,2026-08-24 04:33 UTC,-21.91,86.2,"GPS: 48.6300 N, -123.3300 W",90,GOOD,NORMAL,0,0,0,-21.91,-21.91,0.43
162633,SNS-1007,BTC-SEA-5007,SHP-2026-107,2026-08-24 04:48 UTC,-19.91,86.1,"GPS: 48.6400 N, -123.3400 W",90,GOOD,NORMAL,0,0,0,-19.91,-19.91,0.39
162634,SNS-1007,BTC-SEA-5007,SHP-2026-107,2026-08-24 05:03 UTC,-18.5,90.6,"GPS: 48.6500 N, -123.3500 W",90,GOOD,NORMAL,0,0,0,-18.5,-18.5,0.41
162635,SNS-1007,BTC-SEA-5007,SHP-2026-107,2026-08-24 05:18 UTC,-23.64,93.1,"GPS: 48.6600 N, -123.3600 W",90,GOOD,NORMAL,0,0,0,-23.64,-23.64,0.46
162636,SNS-1007,BTC-SEA-5007,SHP-2026-107,2026-08-24 05:33 UTC,,,"GPS: 48.6700 N, -123.3700 W",90,DISCONNECTED,WARNING,1,0,1,-21.69,-23.64,0.41
162637,SNS-1007,BTC-SEA-5007,SHP-2026-107,2026-08-24 05:48 UTC,-22.7,85.1,"GPS: 48.6800 N, -123.3800 W",90,FAIR,NORMAL,0,0,0,-22.7,-22.7,0.41
162638,SNS-1007,BTC-SEA-5007,SHP-2026-107,2026-08-24 06:03 UTC,-23.41,89.1,"GPS: 48.6900 N, -123.3900 W",90,EXCELLENT,NORMAL,0,0,0,-23.41,-23.41,0.41
162639,SNS-1007,BTC-SEA-5007,SHP-2026-107,2026-08-24 06:18 UTC,,,"GPS: 48.7000 N, -123.4000 W",89,DISCONNECTED,WARNING,1,0,1,-23.78,-23.41,0.46
162640,SNS-1007,BTC-SEA-5007,SHP-2026-107,2026-08-24 06:33 UTC,-22.2,91.1,"GPS: 48.7100 N, -123.4100 W",89,EXCELLENT,NORMAL,0,0,0,-22.2,-22.2,0.46
162641,SNS-1007,BTC-SEA-5007,SHP-2026-107,2026-08-24 06:48 UTC,-22.15,88.4,"GPS: 48.7200 N, -123.4200 W",89,FAIR,NORMAL,0,0,0,-22.15,-22.15,0.42
162642,SNS-1007,BTC-SEA-5007,SHP-2026-107,2026-08-24 07:03 UTC,23.16,91.2,"GPS: 48.7300 N, -123.4300 W",89,FAIR,WARNING,0,0,0,23.16,23.16,0.58
162643,SNS-1007,BTC-SEA-5007,SHP-2026-107,2026-08-24 07:18 UTC,-19.4,91.3,"GPS: 48.7400 N, -123.4400 W",89,EXCELLENT,NORMAL,0,0,0,-19.4,-19.4,0.41
162644,SNS-1007,BTC-SEA-5007,SHP-2026-107,2026-08-24 07:33 UTC,,,"GPS: 48.7500 N, -123.4500 W",89,DISCONNECTED,WARNING,1,0,1,-19.12,-19.4,0.41
162645,SNS-1007,BTC-SEA-5007,SHP-2026-107,2026-08-24 07:48 UTC,,,"GPS: 48.7600 N, -123.4600 W",89,DISCONNECTED,WARNING,1,0,1,-19.71,-19.4,0.4
162646,SNS-1007,BTC-SEA-5007,SHP-2026-107,2026-08-24 08:03 UTC,-20.95,87.1,"GPS: 48.7700 N, -123.4700 W",89,GOOD,NORMAL,0,0,0,-20.95,-20.95,0.4
162647,SNS-1007,BTC-SEA-5007,SHP-2026-107,2026-08-24 08:18 UTC,,,"GPS: 48.7800 N, -123.4800 W",89,DISCONNECTED,WARNING,1,0,1,-18.49,-20.95,0.41
162648,SNS-1007,BTC-SEA-5007,SHP-2026-107,2026-08-24 08:33 UTC,-23.73,92.9,"GPS: 48.7900 N, -123.4900 W",89,FAIR,NORMAL,0,0,0,-23.73,-23.73,0.49
162649,SNS-1007,BTC-SEA-5007,SHP-2026-107,2026-08-24 08:48 UTC,-19.68,86.9,"GPS: 48.8000 N, -123.5000 W",88,FAIR,NORMAL,0,0,0,-19.68,-19.68,0.41
162650,SNS-1007,BTC-SEA-5007,SHP-2026-107,2026-08-24 09:03 UTC,,,"GPS: 48.8100 N, -123.5100 W",88,DISCONNECTED,WARNING,1,0,1,-20.84,-19.68,0.41
162651,SNS-1007,BTC-SEA-5007,SHP-2026-107,2026-08-24 09:18 UTC,-23.57,87.3,"GPS: 48.8200 N, -123.5200 W",88,GOOD,NORMAL,0,0,0,-23.57,-23.57,0.45
162652,SNS-1007,BTC-SEA-5007,SHP-2026-107,2026-08-24 09:33 UTC,-19.36,89.0,"GPS: 48.8300 N, -123.5300 W",88,EXCELLENT,NORMAL,0,0,0,-19.36,-19.36,0.41
162653,SNS-1007,BTC-SEA-5007,SHP-2026-107,2026-08-24 09:48 UTC,,,"GPS: 48.8400 N, -123.5400 W",88,DISCONNECTED,WARNING,1,0,1,-20.82,-19.36,0.42
162654,SNS-1007,BTC-SEA-5007,SHP-2026-107,2026-08-24 10:03 UTC,-19.54,91.9,"GPS: 48.8500 N, -123.5500 W",88,GOOD,NORMAL,0,0,0,-19.54,-19.54,0.42
162655,SNS-1007,BTC-SEA-5007,SHP-2026-107,2026-08-24 10:18 UTC,-18.37,90.4,"GPS: 48.8600 N, -123.5600 W",88,GOOD,NORMAL,0,0,0,-18.37,-18.37,0.42
162656,SNS-1007,BTC-SEA-5007,SHP-2026-107,2026-08-24 10:33 UTC,-22.29,88.8,"GPS: 48.8700 N, -123.5700 W",88,GOOD,NORMAL,0,0,0,-22.29,-22.29,0.49
162657,SNS-1007,BTC-SEA-5007,SHP-2026-107,2026-08-24 10:48 UTC,-32.9,88.7,"GPS: 48.8800 N, -123.5800 W",88,FAIR,WARNING,0,0,0,-32.9,-32.9,0.53
162658,SNS-1007,BTC-SEA-5007,SHP-2026-107,2026-08-24 11:03 UTC,,,"GPS: 48.8900 N, -123.5900 W",88,DISCONNECTED,WARNING,1,0,1,-20.28,-32.9,0.48
162659,SNS-1007,BTC-SEA-5007,SHP-2026-107,2026-08-24 11:18 UTC,-21.42,89.2,"GPS: 48.9000 N, -123.6000 W",87,GOOD,NORMAL,0,0,0,-21.42,-21.42,0.45
162660,SNS-1007,BTC-SEA-5007,SHP-2026-107,2026-08-24 11:33 UTC,,,"GPS: 48.9100 N, -123.6100 W",87,DISCONNECTED,WARNING,1,0,1,-21.5,-21.42,0.45
162661,SNS-1007,BTC-SEA-5007,SHP-2026-107,2026-08-24 11:48 UTC,-21.74,85.2,"GPS: 48.9200 N, -123.6200 W",87,GOOD,NORMAL,0,0,0,-21.74,-21.74,0.45
162662,SNS-1007,BTC-SEA-5007,SHP-2026-107,2026-08-24 12:03 UTC,-23.65,88.8,"GPS: 48.9300 N, -123.6300 W",87,GOOD,NORMAL,0,0,0,-23.65,-23.65,0.52
162663,SNS-1007,BTC-SEA-5007,SHP-2026-107,2026-08-24 12:18 UTC,-22.14,88.0,"GPS: 48.9400 N, -123.6400 W",87,EXCELLENT,NORMAL,0,0,0,-22.14,-22.14,0.51
162664,SNS-1007,BTC-SEA-5007,SHP-2026-107,2026-08-24 12:33 UTC,,,"GPS: 48.9500 N, -123.6500 W",87,DISCONNECTED,WARNING,1,0,1,-22.6,-22.14,0.51
162665,SNS-1008,BTC-SEA-5008,SHP-2026-108,2026-08-23 04:48 UTC,-20.6,91.9,"GPS: 47.6000 N, -122.3000 W",100,EXCELLENT,NORMAL,0,0,0,-20.6,-20.6,0.5
162666,SNS-1008,BTC-SEA-5008,SHP-2026-108,2026-08-23 05:03 UTC,-20.08,94.0,"GPS: 47.6100 N, -122.3100 W",100,GOOD,NORMAL,0,0,0,-20.08,-20.08,0.44
162667,SNS-1008,BTC-SEA-5008,SHP-2026-108,2026-08-23 05:18 UTC,-20.56,86.9,"GPS: 47.6200 N, -122.3200 W",100,EXCELLENT,NORMAL,0,0,0,-20.56,-20.56,0.42
162668,SNS-1008,BTC-SEA-5008,SHP-2026-108,2026-08-23 05:33 UTC,-19.65,95.9,"GPS: 47.6300 N, -122.3300 W",100,GOOD,NORMAL,0,0,0,-19.65,-19.65,0.46
162669,SNS-1008,BTC-SEA-5008,SHP-2026-108,2026-08-23 05:48 UTC,,,"GPS: 47.6400 N, -122.3400 W",100,DISCONNECTED,WARNING,1,0,1,-20.59,-19.65,0.44
162670,SNS-1008,BTC-SEA-5008,SHP-2026-108,2026-08-23 06:03 UTC,-20.66,86.1,"GPS: 47.6500 N, -122.3500 W",100,EXCELLENT,NORMAL,0,0,0,-20.66,-20.66,0.46
162671,SNS-1008,BTC-SEA-5008,SHP-2026-108,2026-08-23 06:18 UTC,-19.68,88.3,"GPS: 47.6600 N, -122.3600 W",100,FAIR,NORMAL,0,0,0,-19.68,-19.68,0.43
162672,SNS-1008,BTC-SEA-5008,SHP-2026-108,2026-08-23 06:33 UTC,-19.94,92.6,"GPS: 47.6700 N, -122.3700 W",100,EXCELLENT,NORMAL,0,0,0,-19.94,-19.94,0.48
162673,SNS-1008,BTC-SEA-5008,SHP-2026-108,2026-08-23 06:48 UTC,-19.79,93.2,"GPS: 47.6800 N, -122.3800 W",100,EXCELLENT,NORMAL,0,0,0,-19.79,-19.79,0.43
162674,SNS-1008,BTC-SEA-5008,SHP-2026-108,2026-08-23 07:03 UTC,-18.58,89.9,"GPS: 47.6900 N, -122.3900 W",100,FAIR,NORMAL,0,0,0,-18.58,-18.58,0.51
162675,SNS-1008,BTC-SEA-5008,SHP-2026-108,2026-08-23 07:18 UTC,-18.7,85.8,"GPS: 47.7000 N, -122.4000 W",99,EXCELLENT,NORMAL,0,0,0,-18.7,-18.7,0.42
162676,SNS-1008,BTC-SEA-5008,SHP-2026-108,2026-08-23 07:33 UTC,-19.22,95.1,"GPS: 47.7100 N, -122.4100 W",99,GOOD,NORMAL,0,0,0,-19.22,-19.22,0.46
162677,SNS-1008,BTC-SEA-5008,SHP-2026-108,2026-08-23 07:48 UTC,,,"GPS: 47.7200 N, -122.4200 W",99,DISCONNECTED,WARNING,1,0,1,-20.25,-19.22,0.43
162678,SNS-1008,BTC-SEA-5008,SHP-2026-108,2026-08-23 08:03 UTC,-19.81,95.5,"GPS: 47.7300 N, -122.4300 W",99,EXCELLENT,NORMAL,0,0,0,-19.81,-19.81,0.46
162679,SNS-1008,BTC-SEA-5008,SHP-2026-108,2026-08-23 08:18 UTC,-21.14,93.2,"GPS: 47.7400 N, -122.4400 W",99,FAIR,NORMAL,0,0,0,-21.14,-21.14,0.48
162680,SNS-1008,BTC-SEA-5008,SHP-2026-108,2026-08-23 08:33 UTC,-19.36,90.8,"GPS: 47.7500 N, -122.4500 W",99,GOOD,NORMAL,0,0,0,-19.36,-19.36,0.4
162681,SNS-1008,BTC-SEA-5008,SHP-2026-108,2026-08-23 08:48 UTC,,,"GPS: 47.7600 N, -122.4600 W",99,DISCONNECTED,WARNING,1,0,1,-18.66,-19.36,0.4
162682,SNS-1008,BTC-SEA-5008,SHP-2026-108,2026-08-23 09:03 UTC,-20.94,93.3,"GPS: 47.7700 N, -122.4700 W",99,EXCELLENT,NORMAL,0,0,0,-20.94,-20.94,0.42
162683,SNS-1008,BTC-SEA-5008,SHP-2026-108,2026-08-23 09:18 UTC,-19.89,85.3,"GPS: 47.7800 N, -122.4800 W",99,FAIR,NORMAL,0,0,0,-19.89,-19.89,0.42
162684,SNS-1008,BTC-SEA-5008,SHP-2026-108,2026-08-23 09:33 UTC,-18.36,95.1,"GPS: 47.7900 N, -122.4900 W",99,EXCELLENT,NORMAL,0,0,0,-18.36,-18.36,0.45
162685,SNS-1008,BTC-SEA-5008,SHP-2026-108,2026-08-23 09:48 UTC,-20.86,91.8,"GPS: 47.8000 N, -122.5000 W",98,GOOD,NORMAL,0,0,0,-20.86,-20.86,0.41
162686,SNS-1008,BTC-SEA-5008,SHP-2026-108,2026-08-23 10:03 UTC,-18.5,94.8,"GPS: 47.8100 N, -122.5100 W",98,FAIR,NORMAL,0,0,0,-18.5,-18.5,0.41
162687,SNS-1008,BTC-SEA-5008,SHP-2026-108,2026-08-23 10:18 UTC,-21.66,85.4,"GPS: 47.8200 N, -122.5200 W",98,EXCELLENT,NORMAL,0,0,0,-21.66,-21.66,0.44
162688,SNS-1008,BTC-SEA-5008,SHP-2026-108,2026-08-23 10:33 UTC,-21.08,92.8,"GPS: 47.8300 N, -122.5300 W",98,GOOD,NORMAL,0,0,0,-21.08,-21.08,0.4
162689,SNS-1008,BTC-SEA-5008,SHP-2026-108,2026-08-23 10:48 UTC,-18.64,93.7,"GPS: 47.8400 N, -122.5400 W",98,GOOD,NORMAL,0,0,0,-18.64,-18.64,0.41
162690,SNS-1008,BTC-SEA-5008,SHP-2026-108,2026-08-23 11:03 UTC,-19.4,89.7,"GPS: 47.8500 N, -122.5500 W",98,FAIR,NORMAL,0,0,0,-19.4,-19.4,0.41
162691,SNS-1008,BTC-SEA-5008,SHP-2026-108,2026-08-23 11:18 UTC,-18.52,93.6,"GPS: 47.8600 N, -122.5600 W",98,GOOD,NORMAL,0,0,0,-18.52,-18.52,0.41
162692,SNS-1008,BTC-SEA-5008,SHP-2026-108,2026-08-23 11:33 UTC,-19.61,87.2,"GPS: 47.8700 N, -122.5700 W",98,EXCELLENT,NORMAL,0,0,0,-19.61,-19.61,0.43
162693,SNS-1008,BTC-SEA-5008,SHP-2026-108,2026-08-23 11:48 UTC,-19.84,90.4,"GPS: 47.8800 N, -122.5800 W",98,GOOD,NORMAL,0,0,0,-19.84,-19.84,0.41
162694,SNS-1008,BTC-SEA-5008,SHP-2026-108,2026-08-23 12:03 UTC,-21.33,87.9,"GPS: 47.8900 N, -122.5900 W",98,EXCELLENT,NORMAL,0,0,0,-21.33,-21.33,0.47
162695,SNS-1008,BTC-SEA-5008,SHP-2026-108,2026-08-23 12:18 UTC,-18.38,93.5,"GPS: 47.9000 N, -122.6000 W",97,FAIR,NORMAL,0,0,0,-18.38,-18.38,0.4
162696,SNS-1008,BTC-SEA-5008,SHP-2026-108,2026-08-23 12:33 UTC,-20.06,87.4,"GPS: 47.9100 N, -122.6100 W",97,GOOD,NORMAL,0,0,0,-20.06,-20.06,0.42
162697,SNS-1008,BTC-SEA-5008,SHP-2026-108,2026-08-23 12:48 UTC,-20.96,86.8,"GPS: 47.9200 N, -122.6200 W",97,EXCELLENT,NORMAL,0,0,0,-20.96,-20.96,0.38
162698,SNS-1008,BTC-SEA-5008,SHP-2026-108,2026-08-23 13:03 UTC,-18.32,86.1,"GPS: 47.9300 N, -122.6300 W",97,EXCELLENT,NORMAL,0,0,0,-18.32,-18.32,0.41
162699,SNS-1008,BTC-SEA-5008,SHP-2026-108,2026-08-23 13:18 UTC,-21.51,90.5,"GPS: 47.9400 N, -122.6400 W",97,EXCELLENT,NORMAL,0,0,0,-21.51,-21.51,0.41
162700,SNS-1008,BTC-SEA-5008,SHP-2026-108,2026-08-23 13:33 UTC,-18.27,93.4,"GPS: 47.9500 N, -122.6500 W",97,FAIR,NORMAL,0,0,0,-18.27,-18.27,0.41
162701,SNS-1008,BTC-SEA-5008,SHP-2026-108,2026-08-23 13:48 UTC,,,"GPS: 47.9600 N, -122.6600 W",97,DISCONNECTED,WARNING,1,0,1,-20.51,-18.27,0.39
162702,SNS-1008,BTC-SEA-5008,SHP-2026-108,2026-08-23 14:03 UTC,-19.55,88.8,"GPS: 47.9700 N, -122.6700 W",97,GOOD,NORMAL,0,0,0,-19.55,-19.55,0.41
162703,SNS-1008,BTC-SEA-5008,SHP-2026-108,2026-08-23 14:18 UTC,,,"GPS: 47.9800 N, -122.6800 W",97,DISCONNECTED,WARNING,1,0,1,-20.55,-19.55,0.45
162704,SNS-1008,BTC-SEA-5008,SHP-2026-108,2026-08-23 14:33 UTC,-18.93,89.9,"GPS: 47.9900 N, -122.6900 W",97,FAIR,NORMAL,0,0,0,-18.93,-18.93,0.47
162705,SNS-1008,BTC-SEA-5008,SHP-2026-108,2026-08-23 14:48 UTC,-20.76,88.0,"GPS: 48.0000 N, -122.7000 W",96,GOOD,NORMAL,0,0,0,-20.76,-20.76,0.43
162706,SNS-1008,BTC-SEA-5008,SHP-2026-108,2026-08-23 15:03 UTC,-21.53,89.6,"GPS: 48.0100 N, -122.7100 W",96,FAIR,NORMAL,0,0,0,-21.53,-21.53,0.43
162707,SNS-1008,BTC-SEA-5008,SHP-2026-108,2026-08-23 15:18 UTC,-19.14,86.0,"GPS: 48.0200 N, -122.7200 W",96,FAIR,NORMAL,0,0,0,-19.14,-19.14,0.38
162708,SNS-1008,BTC-SEA-5008,SHP-2026-108,2026-08-23 15:33 UTC,,,"GPS: 48.0300 N, -122.7300 W",96,DISCONNECTED,WARNING,1,0,1,-20.06,-19.14,0.38
162709,SNS-1008,BTC-SEA-5008,SHP-2026-108,2026-08-23 15:48 UTC,-19.03,94.3,"GPS: 48.0400 N, -122.7400 W",96,FAIR,NORMAL,0,0,0,-19.03,-19.03,0.38
162710,SNS-1008,BTC-SEA-5008,SHP-2026-108,2026-08-23 16:03 UTC,-19.14,94.6,"GPS: 48.0500 N, -122.7500 W",96,GOOD,NORMAL,0,0,0,-19.14,-19.14,0.39
162711,SNS-1008,BTC-SEA-5008,SHP-2026-108,2026-08-23 16:18 UTC,,,"GPS: 48.0600 N, -122.7600 W",96,DISCONNECTED,WARNING,1,0,1,-21.09,-19.14,0.38
162712,SNS-1008,BTC-SEA-5008,SHP-2026-108,2026-08-23 16:33 UTC,-20.34,93.2,"GPS: 48.0700 N, -122.7700 W",96,EXCELLENT,NORMAL,0,0,0,-20.34,-20.34,0.46
162713,SNS-1008,BTC-SEA-5008,SHP-2026-108,2026-08-23 16:48 UTC,-21.56,88.1,"GPS: 48.0800 N, -122.7800 W",96,EXCELLENT,NORMAL,0,0,0,-21.56,-21.56,0.44
162714,SNS-1008,BTC-SEA-5008,SHP-2026-108,2026-08-23 17:03 UTC,-19.14,86.7,"GPS: 48.0900 N, -122.7900 W",96,FAIR,NORMAL,0,0,0,-19.14,-19.14,0.38
162715,SNS-1008,BTC-SEA-5008,SHP-2026-108,2026-08-23 17:18 UTC,,,"GPS: 48.1000 N, -122.8000 W",95,DISCONNECTED,WARNING,1,0,1,-19.81,-19.14,0.37
162716,SNS-1008,BTC-SEA-5008,SHP-2026-108,2026-08-23 17:33 UTC,,,"GPS: 48.1100 N, -122.8100 W",95,DISCONNECTED,WARNING,1,0,1,-19.72,-19.14,0.37
162717,SNS-1008,BTC-SEA-5008,SHP-2026-108,2026-08-23 17:48 UTC,-19.76,92.8,"GPS: 48.1200 N, -122.8200 W",95,EXCELLENT,NORMAL,0,0,0,-19.76,-19.76,0.46
162718,SNS-1008,BTC-SEA-5008,SHP-2026-108,2026-08-23 18:03 UTC,-19.12,92.7,"GPS: 48.1300 N, -122.8300 W",95,FAIR,NORMAL,0,0,0,-19.12,-19.12,0.38
162719,SNS-1008,BTC-SEA-5008,SHP-2026-108,2026-08-23 18:18 UTC,-18.95,90.4,"GPS: 48.1400 N, -122.8400 W",95,EXCELLENT,NORMAL,0,0,0,-18.95,-18.95,0.38
162720,SNS-1008,BTC-SEA-5008,SHP-2026-108,2026-08-23 18:33 UTC,,,"GPS: 48.1500 N, -122.8500 W",95,DISCONNECTED,WARNING,1,0,1,-18.44,-18.95,0.38
162721,SNS-1008,BTC-SEA-5008,SHP-2026-108,2026-08-23 18:48 UTC,-20.74,92.7,"GPS: 48.1600 N, -122.8600 W",95,FAIR,NORMAL,0,0,0,-20.74,-20.74,0.44
162722,SNS-1008,BTC-SEA-5008,SHP-2026-108,2026-08-23 19:03 UTC,-20.43,90.9,"GPS: 48.1700 N, -122.8700 W",95,FAIR,NORMAL,0,0,0,-20.43,-20.43,0.38
162723,SNS-1008,BTC-SEA-5008,SHP-2026-108,2026-08-23 19:18 UTC,,,"GPS: 48.1800 N, -122.8800 W",95,DISCONNECTED,WARNING,1,0,1,-18.6,-20.43,0.38
162724,SNS-1008,BTC-SEA-5008,SHP-2026-108,2026-08-23 19:33 UTC,-19.81,89.1,"GPS: 48.1900 N, -122.8900 W",95,EXCELLENT,NORMAL,0,0,0,-19.81,-19.81,0.38
162725,SNS-1008,BTC-SEA-5008,SHP-2026-108,2026-08-23 19:48 UTC,-20.17,89.5,"GPS: 48.2000 N, -122.9000 W",94,EXCELLENT,NORMAL,0,0,0,-20.17,-20.17,0.38
162726,SNS-1008,BTC-SEA-5008,SHP-2026-108,2026-08-23 20:03 UTC,-19.04,87.8,"GPS: 48.2100 N, -122.9100 W",94,FAIR,NORMAL,0,0,0,-19.04,-19.04,0.44
162727,SNS-1008,BTC-SEA-5008,SHP-2026-108,2026-08-23 20:18 UTC,,,"GPS: 48.2200 N, -122.9200 W",94,DISCONNECTED,WARNING,1,0,1,-19.32,-19.04,0.39
162728,SNS-1008,BTC-SEA-5008,SHP-2026-108,2026-08-23 20:33 UTC,-21.64,95.8,"GPS: 48.2300 N, -122.9300 W",94,FAIR,NORMAL,0,0,0,-21.64,-21.64,0.45
162729,SNS-1008,BTC-SEA-5008,SHP-2026-108,2026-08-23 20:48 UTC,-18.96,89.2,"GPS: 48.2400 N, -122.9400 W",94,FAIR,NORMAL,0,0,0,-18.96,-18.96,0.38
162730,SNS-1008,BTC-SEA-5008,SHP-2026-108,2026-08-23 21:03 UTC,-5.15,89.3,"GPS: 48.2500 N, -122.9500 W",94,FAIR,WARNING,0,0,0,-5.15,-5.15,0.47
162731,SNS-1008,BTC-SEA-5008,SHP-2026-108,2026-08-23 21:18 UTC,-20.02,94.1,"GPS: 48.2600 N, -122.9600 W",94,EXCELLENT,NORMAL,0,0,0,-20.02,-20.02,0.38
162732,SNS-1008,BTC-SEA-5008,SHP-2026-108,2026-08-23 21:33 UTC,-19.21,91.0,"GPS: 48.2700 N, -122.9700 W",94,FAIR,NORMAL,0,0,0,-19.21,-19.21,0.4
162733,SNS-1008,BTC-SEA-5008,SHP-2026-108,2026-08-23 21:48 UTC,-20.16,92.8,"GPS: 48.2800 N, -122.9800 W",94,FAIR,NORMAL,0,0,0,-20.16,-20.16,0.38
162734,SNS-1008,BTC-SEA-5008,SHP-2026-108,2026-08-23 22:03 UTC,-21.69,92.0,"GPS: 48.2900 N, -122.9900 W",94,GOOD,NORMAL,0,0,0,-21.69,-21.69,0.38
162735,SNS-1008,BTC-SEA-5008,SHP-2026-108,2026-08-23 22:18 UTC,-19.84,87.3,"GPS: 48.3000 N, -123.0000 W",93,GOOD,NORMAL,0,0,0,-19.84,-19.84,0.39
162736,SNS-1008,BTC-SEA-5008,SHP-2026-108,2026-08-23 22:33 UTC,-20.54,90.6,"GPS: 48.3100 N, -123.0100 W",93,GOOD,NORMAL,0,0,0,-20.54,-20.54,0.4
162737,SNS-1008,BTC-SEA-5008,SHP-2026-108,2026-08-23 22:48 UTC,-19.64,95.6,"GPS: 48.3200 N, -123.0200 W",93,GOOD,NORMAL,0,0,0,-19.64,-19.64,0.38
162738,SNS-1008,BTC-SEA-5008,SHP-2026-108,2026-08-23 23:03 UTC,-19.31,94.3,"GPS: 48.3300 N, -123.0300 W",93,FAIR,NORMAL,0,0,0,-19.31,-19.31,0.38
162739,SNS-1008,BTC-SEA-5008,SHP-2026-108,2026-08-23 23:18 UTC,-18.62,92.1,"GPS: 48.3400 N, -123.0400 W",93,GOOD,NORMAL,0,0,0,-18.62,-18.62,0.43
162740,SNS-1008,BTC-SEA-5008,SHP-2026-108,2026-08-23 23:33 UTC,-20.86,91.2,"GPS: 48.3500 N, -123.0500 W",93,FAIR,NORMAL,0,0,0,-20.86,-20.86,0.4
162741,SNS-1008,BTC-SEA-5008,SHP-2026-108,2026-08-23 23:48 UTC,,,"GPS: 48.3600 N, -123.0600 W",93,DISCONNECTED,WARNING,1,0,1,-20.54,-20.86,0.38
162742,SNS-1008,BTC-SEA-5008,SHP-2026-108,2026-08-24 00:03 UTC,-1.79,93.9,"GPS: 48.3700 N, -123.0700 W",93,GOOD,WARNING,0,0,0,-1.79,-1.79,0.46
162743,SNS-1008,BTC-SEA-5008,SHP-2026-108,2026-08-24 00:18 UTC,-21.64,94.6,"GPS: 48.3800 N, -123.0800 W",93,FAIR,NORMAL,0,0,0,-21.64,-21.64,0.38
162744,SNS-1008,BTC-SEA-5008,SHP-2026-108,2026-08-24 00:33 UTC,,,"GPS: 48.3900 N, -123.0900 W",93,DISCONNECTED,WARNING,1,0,1,-21.6,-21.64,0.38
162745,SNS-1008,BTC-SEA-5008,SHP-2026-108,2026-08-24 00:48 UTC,,,"GPS: 48.4000 N, -123.1000 W",92,DISCONNECTED,WARNING,1,0,1,-19.16,-21.64,0.38
162746,SNS-1008,BTC-SEA-5008,SHP-2026-108,2026-08-24 01:03 UTC,-19.07,94.5,"GPS: 48.4100 N, -123.1100 W",92,EXCELLENT,NORMAL,0,0,0,-19.07,-19.07,0.41
162747,SNS-1008,BTC-SEA-5008,SHP-2026-108,2026-08-24 01:18 UTC,,,"GPS: 48.4200 N, -123.1200 W",92,DISCONNECTED,WARNING,1,0,1,-20.47,-19.07,0.39
162748,SNS-1008,BTC-SEA-5008,SHP-2026-108,2026-08-24 01:33 UTC,-21.75,88.1,"GPS: 48.4300 N, -123.1300 W",92,GOOD,NORMAL,0,0,0,-21.75,-21.75,0.38
162749,SNS-1008,BTC-SEA-5008,SHP-2026-108,2026-08-24 01:48 UTC,-19.14,92.3,"GPS: 48.4400 N, -123.1400 W",92,EXCELLENT,NORMAL,0,0,0,-19.14,-19.14,0.38
162750,SNS-1008,BTC-SEA-5008,SHP-2026-108,2026-08-24 02:03 UTC,,,"GPS: 48.4500 N, -123.1500 W",92,DISCONNECTED,WARNING,1,0,1,-21.35,-19.14,0.39
162751,SNS-1008,BTC-SEA-5008,SHP-2026-108,2026-08-24 02:18 UTC,-21.69,87.1,"GPS: 48.4600 N, -123.1600 W",92,FAIR,NORMAL,0,0,0,-21.69,-21.69,0.39
162752,SNS-1008,BTC-SEA-5008,SHP-2026-108,2026-08-24 02:33 UTC,-19.13,86.9,"GPS: 48.4700 N, -123.1700 W",92,EXCELLENT,NORMAL,0,0,0,-19.13,-19.13,0.37
162753,SNS-1008,BTC-SEA-5008,SHP-2026-108,2026-08-24 02:48 UTC,-20.38,94.1,"GPS: 48.4800 N, -123.1800 W",92,EXCELLENT,NORMAL,0,0,0,-20.38,-20.38,0.38
162754,SNS-1008,BTC-SEA-5008,SHP-2026-108,2026-08-24 03:03 UTC,-21.34,90.1,"GPS: 48.4900 N, -123.1900 W",92,FAIR,NORMAL,0,0,0,-21.34,-21.34,0.38
162755,SNS-1008,BTC-SEA-5008,SHP-2026-108,2026-08-24 03:18 UTC,-20.31,89.6,"GPS: 48.5000 N, -123.2000 W",91,GOOD,NORMAL,0,0,0,-20.31,-20.31,0.39
162756,SNS-1008,BTC-SEA-5008,SHP-2026-108,2026-08-24 03:33 UTC,,,"GPS: 48.5100 N, -123.2100 W",91,DISCONNECTED,WARNING,1,0,1,-19.62,-20.31,0.45
162757,SNS-1008,BTC-SEA-5008,SHP-2026-108,2026-08-24 03:48 UTC,-19.1,89.2,"GPS: 48.5200 N, -123.2200 W",91,EXCELLENT,NORMAL,0,0,0,-19.1,-19.1,0.45
162758,SNS-1008,BTC-SEA-5008,SHP-2026-108,2026-08-24 04:03 UTC,,,"GPS: 48.5300 N, -123.2300 W",91,DISCONNECTED,WARNING,1,0,1,-20.09,-19.1,0.38
162759,SNS-1008,BTC-SEA-5008,SHP-2026-108,2026-08-24 04:18 UTC,-19.8,87.5,"GPS: 48.5400 N, -123.2400 W",91,GOOD,NORMAL,0,0,0,-19.8,-19.8,0.42
162760,SNS-1008,BTC-SEA-5008,SHP-2026-108,2026-08-24 04:33 UTC,,,"GPS: 48.5500 N, -123.2500 W",91,DISCONNECTED,WARNING,1,0,1,-19.21,-19.8,0.39
162761,SNS-1008,BTC-SEA-5008,SHP-2026-108,2026-08-24 04:48 UTC,-21.21,91.1,"GPS: 48.5600 N, -123.2600 W",91,EXCELLENT,NORMAL,0,0,0,-21.21,-21.21,0.46
162762,SNS-1008,BTC-SEA-5008,SHP-2026-108,2026-08-24 05:03 UTC,-21.47,90.4,"GPS: 48.5700 N, -123.2700 W",91,FAIR,NORMAL,0,0,0,-21.47,-21.47,0.4
162763,SNS-1008,BTC-SEA-5008,SHP-2026-108,2026-08-24 05:18 UTC,-19.03,91.8,"GPS: 48.5800 N, -123.2800 W",91,FAIR,NORMAL,0,0,0,-19.03,-19.03,0.4
162764,SNS-1008,BTC-SEA-5008,SHP-2026-108,2026-08-24 05:33 UTC,-21.7,90.5,"GPS: 48.5900 N, -123.2900 W",91,FAIR,NORMAL,0,0,0,-21.7,-21.7,0.39
162765,SNS-1008,BTC-SEA-5008,SHP-2026-108,2026-08-24 05:48 UTC,-20.85,90.0,"GPS: 48.6000 N, -123.3000 W",90,GOOD,NORMAL,0,0,0,-20.85,-20.85,0.47
162766,SNS-1008,BTC-SEA-5008,SHP-2026-108,2026-08-24 06:03 UTC,,,"GPS: 48.6100 N, -123.3100 W",90,DISCONNECTED,WARNING,1,0,1,-19.03,-20.85,0.44
162767,SNS-1008,BTC-SEA-5008,SHP-2026-108,2026-08-24 06:18 UTC,-19.98,92.7,"GPS: 48.6200 N, -123.3200 W",90,EXCELLENT,NORMAL,0,0,0,-19.98,-19.98,0.39
162768,SNS-1008,BTC-SEA-5008,SHP-2026-108,2026-08-24 06:33 UTC,-20.38,91.0,"GPS: 48.6300 N, -123.3300 W",90,GOOD,NORMAL,0,0,0,-20.38,-20.38,0.38
162769,SNS-1008,BTC-SEA-5008,SHP-2026-108,2026-08-24 06:48 UTC,-19.17,85.5,"GPS: 48.6400 N, -123.3400 W",90,EXCELLENT,NORMAL,0,0,0,-19.17,-19.17,0.46
162770,SNS-1008,BTC-SEA-5008,SHP-2026-108,2026-08-24 07:03 UTC,-18.62,90.9,"GPS: 48.6500 N, -123.3500 W",90,EXCELLENT,NORMAL,0,0,0,-18.62,-18.62,0.42
162771,SNS-1008,BTC-SEA-5008,SHP-2026-108,2026-08-24 07:18 UTC,-21.34,95.7,"GPS: 48.6600 N, -123.3600 W",90,GOOD,NORMAL,0,0,0,-21.34,-21.34,0.42
162772,SNS-1008,BTC-SEA-5008,SHP-2026-108,2026-08-24 07:33 UTC,-18.58,91.5,"GPS: 48.6700 N, -123.3700 W",90,GOOD,NORMAL,0,0,0,-18.58,-18.58,0.38
162773,SNS-1008,BTC-SEA-5008,SHP-2026-108,2026-08-24 07:48 UTC,,,"GPS: 48.6800 N, -123.3800 W",90,DISCONNECTED,WARNING,1,0,1,-21.04,-18.58,0.39
162774,SNS-1008,BTC-SEA-5008,SHP-2026-108,2026-08-24 08:03 UTC,-18.82,90.4,"GPS: 48.6900 N, -123.3900 W",90,FAIR,NORMAL,0,0,0,-18.82,-18.82,0.41
162775,SNS-1008,BTC-SEA-5008,SHP-2026-108,2026-08-24 08:18 UTC,,,"GPS: 48.7000 N, -123.4000 W",89,DISCONNECTED,WARNING,1,0,1,-18.88,-18.82,0.42
162776,SNS-1008,BTC-SEA-5008,SHP-2026-108,2026-08-24 08:33 UTC,,,"GPS: 48.7100 N, -123.4100 W",89,DISCONNECTED,WARNING,1,0,1,-19.16,-18.82,0.4
162777,SNS-1008,BTC-SEA-5008,SHP-2026-108,2026-08-24 08:48 UTC,-21.57,92.6,"GPS: 48.7200 N, -123.4200 W",89,FAIR,NORMAL,0,0,0,-21.57,-21.57,0.48
162778,SNS-1008,BTC-SEA-5008,SHP-2026-108,2026-08-24 09:03 UTC,-18.88,94.8,"GPS: 48.7300 N, -123.4300 W",89,EXCELLENT,NORMAL,0,0,0,-18.88,-18.88,0.41
162779,SNS-1008,BTC-SEA-5008,SHP-2026-108,2026-08-24 09:18 UTC,-20.86,93.2,"GPS: 48.7400 N, -123.4400 W",89,EXCELLENT,NORMAL,0,0,0,-20.86,-20.86,0.4
162780,SNS-1008,BTC-SEA-5008,SHP-2026-108,2026-08-24 09:33 UTC,-20.85,89.0,"GPS: 48.7500 N, -123.4500 W",89,EXCELLENT,NORMAL,0,0,0,-20.85,-20.85,0.4
162781,SNS-1008,BTC-SEA-5008,SHP-2026-108,2026-08-24 09:48 UTC,-20.54,91.9,"GPS: 48.7600 N, -123.4600 W",89,GOOD,NORMAL,0,0,0,-20.54,-20.54,0.48
162782,SNS-1008,BTC-SEA-5008,SHP-2026-108,2026-08-24 10:03 UTC,-20.47,90.0,"GPS: 48.7700 N, -123.4700 W",89,GOOD,NORMAL,0,0,0,-20.47,-20.47,0.43
162783,SNS-1008,BTC-SEA-5008,SHP-2026-108,2026-08-24 10:18 UTC,-18.79,86.5,"GPS: 48.7800 N, -123.4800 W",89,GOOD,NORMAL,0,0,0,-18.79,-18.79,0.47
162784,SNS-1008,BTC-SEA-5008,SHP-2026-108,2026-08-24 10:33 UTC,-18.34,87.6,"GPS: 48.7900 N, -123.4900 W",89,GOOD,NORMAL,0,0,0,-18.34,-18.34,0.43
162785,SNS-1008,BTC-SEA-5008,SHP-2026-108,2026-08-24 10:48 UTC,-18.68,95.1,"GPS: 48.8000 N, -123.5000 W",88,EXCELLENT,NORMAL,0,0,0,-18.68,-18.68,0.42
162786,SNS-1008,BTC-SEA-5008,SHP-2026-108,2026-08-24 11:03 UTC,-20.44,88.6,"GPS: 48.8100 N, -123.5100 W",88,EXCELLENT,NORMAL,0,0,0,-20.44,-20.44,0.42
162787,SNS-1008,BTC-SEA-5008,SHP-2026-108,2026-08-24 11:18 UTC,-19.97,91.1,"GPS: 48.8200 N, -123.5200 W",88,GOOD,NORMAL,0,0,0,-19.97,-19.97,0.41
162788,SNS-1008,BTC-SEA-5008,SHP-2026-108,2026-08-24 11:33 UTC,-20.96,86.4,"GPS: 48.8300 N, -123.5300 W",88,GOOD,NORMAL,0,0,0,-20.96,-20.96,0.43
162789,SNS-1008,BTC-SEA-5008,SHP-2026-108,2026-08-24 11:48 UTC,,,"GPS: 48.8400 N, -123.5400 W",88,DISCONNECTED,WARNING,1,0,1,-18.87,-20.96,0.41
162790,SNS-1008,BTC-SEA-5008,SHP-2026-108,2026-08-24 12:03 UTC,-21.7,85.0,"GPS: 48.8500 N, -123.5500 W",88,GOOD,NORMAL,0,0,0,-21.7,-21.7,0.45
162791,SNS-1008,BTC-SEA-5008,SHP-2026-108,2026-08-24 12:18 UTC,,,"GPS: 48.8600 N, -123.5600 W",88,DISCONNECTED,WARNING,1,0,1,-21.52,-21.7,0.42
162792,SNS-1008,BTC-SEA-5008,SHP-2026-108,2026-08-24 12:33 UTC,-20.65,88.0,"GPS: 48.8700 N, -123.5700 W",88,GOOD,NORMAL,0,0,0,-20.65,-20.65,0.42
162793,SNS-1008,BTC-SEA-5008,SHP-2026-108,2026-08-24 12:48 UTC,,,"GPS: 48.8800 N, -123.5800 W",88,DISCONNECTED,WARNING,1,0,1,-20.47,-20.65,0.41
162794,SNS-1008,BTC-SEA-5008,SHP-2026-108,2026-08-24 13:03 UTC,-18.36,94.0,"GPS: 48.8900 N, -123.5900 W",88,FAIR,NORMAL,0,0,0,-18.36,-18.36,0.48
162795,SNS-1008,BTC-SEA-5008,SHP-2026-108,2026-08-24 13:18 UTC,-21.03,95.3,"GPS: 48.9000 N, -123.6000 W",87,EXCELLENT,NORMAL,0,0,0,-21.03,-21.03,0.45
162796,SNS-1008,BTC-SEA-5008,SHP-2026-108,2026-08-24 13:33 UTC,-19.53,89.2,"GPS: 48.9100 N, -123.6100 W",87,EXCELLENT,NORMAL,0,0,0,-19.53,-19.53,0.45
162797,SNS-1008,BTC-SEA-5008,SHP-2026-108,2026-08-24 13:48 UTC,-19.66,91.1,"GPS: 48.9200 N, -123.6200 W",87,EXCELLENT,NORMAL,0,0,0,-19.66,-19.66,0.48
162798,SNS-1008,BTC-SEA-5008,SHP-2026-108,2026-08-24 14:03 UTC,-21.57,91.0,"GPS: 48.9300 N, -123.6300 W",87,FAIR,NORMAL,0,0,0,-21.57,-21.57,0.47
162799,SNS-1008,BTC-SEA-5008,SHP-2026-108,2026-08-24 14:18 UTC,,,"GPS: 48.9400 N, -123.6400 W",87,DISCONNECTED,WARNING,1,0,1,-18.91,-21.57,0.45
162800,SNS-1008,BTC-SEA-5008,SHP-2026-108,2026-08-24 14:33 UTC,-19.31,88.9,"GPS: 48.9500 N, -123.6500 W",87,GOOD,NORMAL,0,0,0,-19.31,-19.31,0.44
162801,SNS-1009,BTC-SEA-5009,SHP-2026-109,2026-08-23 06:48 UTC,7.35,94.7,"GPS: 47.6000 N, -122.3000 W",100,GOOD,WARNING,0,0,0,7.35,7.35,0.53
162802,SNS-1009,BTC-SEA-5009,SHP-2026-109,2026-08-23 07:03 UTC,-21.79,92.3,"GPS: 47.6100 N, -122.3100 W",100,EXCELLENT,NORMAL,0,0,0,-21.79,-21.79,0.45
162803,SNS-1009,BTC-SEA-5009,SHP-2026-109,2026-08-23 07:18 UTC,-19.84,96.0,"GPS: 47.6200 N, -122.3200 W",100,GOOD,NORMAL,0,0,0,-19.84,-19.84,0.42
162804,SNS-1009,BTC-SEA-5009,SHP-2026-109,2026-08-23 07:33 UTC,-22.8,89.6,"GPS: 47.6300 N, -122.3300 W",100,EXCELLENT,NORMAL,0,0,0,-22.8,-22.8,0.46
162805,SNS-1009,BTC-SEA-5009,SHP-2026-109,2026-08-23 07:48 UTC,-20.83,86.9,"GPS: 47.6400 N, -122.3400 W",100,EXCELLENT,NORMAL,0,0,0,-20.83,-20.83,0.44
162806,SNS-1009,BTC-SEA-5009,SHP-2026-109,2026-08-23 08:03 UTC,-19.5,86.6,"GPS: 47.6500 N, -122.3500 W",100,FAIR,NORMAL,0,0,0,-19.5,-19.5,0.44
162807,SNS-1009,BTC-SEA-5009,SHP-2026-109,2026-08-23 08:18 UTC,-19.0,95.7,"GPS: 47.6600 N, -122.3600 W",100,GOOD,NORMAL,0,0,0,-19.0,-19.0,0.45
162808,SNS-1009,BTC-SEA-5009,SHP-2026-109,2026-08-23 08:33 UTC,-22.49,85.2,"GPS: 47.6700 N, -122.3700 W",100,EXCELLENT,NORMAL,0,0,0,-22.49,-22.49,0.47
162809,SNS-1009,BTC-SEA-5009,SHP-2026-109,2026-08-23 08:48 UTC,-21.45,85.6,"GPS: 47.6800 N, -122.3800 W",100,GOOD,NORMAL,0,0,0,-21.45,-21.45,0.43
162810,SNS-1009,BTC-SEA-5009,SHP-2026-109,2026-08-23 09:03 UTC,28.12,85.6,"GPS: 47.6900 N, -122.3900 W",100,FAIR,WARNING,0,0,0,28.12,28.12,0.61
162811,SNS-1009,BTC-SEA-5009,SHP-2026-109,2026-08-23 09:18 UTC,-18.97,90.8,"GPS: 47.7000 N, -122.4000 W",99,GOOD,NORMAL,0,0,0,-18.97,-18.97,0.42
162812,SNS-1009,BTC-SEA-5009,SHP-2026-109,2026-08-23 09:33 UTC,-19.66,95.0,"GPS: 47.7100 N, -122.4100 W",99,EXCELLENT,NORMAL,0,0,0,-19.66,-19.66,0.4
162813,SNS-1009,BTC-SEA-5009,SHP-2026-109,2026-08-23 09:48 UTC,-20.38,90.4,"GPS: 47.7200 N, -122.4200 W",99,FAIR,NORMAL,0,0,0,-20.38,-20.38,0.4
162814,SNS-1009,BTC-SEA-5009,SHP-2026-109,2026-08-23 10:03 UTC,-19.41,94.8,"GPS: 47.7300 N, -122.4300 W",99,EXCELLENT,NORMAL,0,0,0,-19.41,-19.41,0.41
162815,SNS-1009,BTC-SEA-5009,SHP-2026-109,2026-08-23 10:18 UTC,-21.24,90.2,"GPS: 47.7400 N, -122.4400 W",99,FAIR,NORMAL,0,0,0,-21.24,-21.24,0.47
162816,SNS-1009,BTC-SEA-5009,SHP-2026-109,2026-08-23 10:33 UTC,-23.07,93.6,"GPS: 47.7500 N, -122.4500 W",99,GOOD,NORMAL,0,0,0,-23.07,-23.07,0.49
162817,SNS-1009,BTC-SEA-5009,SHP-2026-109,2026-08-23 10:48 UTC,-20.13,86.0,"GPS: 47.7600 N, -122.4600 W",99,EXCELLENT,NORMAL,0,0,0,-20.13,-20.13,0.4
162818,SNS-1009,BTC-SEA-5009,SHP-2026-109,2026-08-23 11:03 UTC,-21.67,85.0,"GPS: 47.7700 N, -122.4700 W",99,EXCELLENT,NORMAL,0,0,0,-21.67,-21.67,0.41
162819,SNS-1009,BTC-SEA-5009,SHP-2026-109,2026-08-23 11:18 UTC,-18.35,95.5,"GPS: 47.7800 N, -122.4800 W",99,EXCELLENT,NORMAL,0,0,0,-18.35,-18.35,0.47
162820,SNS-1009,BTC-SEA-5009,SHP-2026-109,2026-08-23 11:33 UTC,-21.69,90.5,"GPS: 47.7900 N, -122.4900 W",99,GOOD,NORMAL,0,0,0,-21.69,-21.69,0.41
162821,SNS-1009,BTC-SEA-5009,SHP-2026-109,2026-08-23 11:48 UTC,-13.37,95.0,"GPS: 47.8000 N, -122.5000 W",98,FAIR,WARNING,0,0,0,-13.37,-13.37,0.49
162822,SNS-1009,BTC-SEA-5009,SHP-2026-109,2026-08-23 12:03 UTC,-23.78,93.2,"GPS: 47.8100 N, -122.5100 W",98,EXCELLENT,NORMAL,0,0,0,-23.78,-23.78,0.43
162823,SNS-1009,BTC-SEA-5009,SHP-2026-109,2026-08-23 12:18 UTC,-22.9,91.4,"GPS: 47.8200 N, -122.5200 W",98,EXCELLENT,NORMAL,0,0,0,-22.9,-22.9,0.43
162824,SNS-1009,BTC-SEA-5009,SHP-2026-109,2026-08-23 12:33 UTC,-22.05,86.1,"GPS: 47.8300 N, -122.5300 W",98,EXCELLENT,NORMAL,0,0,0,-22.05,-22.05,0.42
162825,SNS-1009,BTC-SEA-5009,SHP-2026-109,2026-08-23 12:48 UTC,-22.95,93.0,"GPS: 47.8400 N, -122.5400 W",98,GOOD,NORMAL,0,0,0,-22.95,-22.95,0.42
162826,SNS-1009,BTC-SEA-5009,SHP-2026-109,2026-08-23 13:03 UTC,-20.81,85.7,"GPS: 47.8500 N, -122.5500 W",98,EXCELLENT,NORMAL,0,0,0,-20.81,-20.81,0.46
162827,SNS-1009,BTC-SEA-5009,SHP-2026-109,2026-08-23 13:18 UTC,-20.3,88.6,"GPS: 47.8600 N, -122.5600 W",98,FAIR,NORMAL,0,0,0,-20.3,-20.3,0.43
162828,SNS-1009,BTC-SEA-5009,SHP-2026-109,2026-08-23 13:33 UTC,-18.7,91.6,"GPS: 47.8700 N, -122.5700 W",98,FAIR,NORMAL,0,0,0,-18.7,-18.7,0.44
162829,SNS-1009,BTC-SEA-5009,SHP-2026-109,2026-08-23 13:48 UTC,-22.27,87.9,"GPS: 47.8800 N, -122.5800 W",98,EXCELLENT,NORMAL,0,0,0,-22.27,-22.27,0.41
162830,SNS-1009,BTC-SEA-5009,SHP-2026-109,2026-08-23 14:03 UTC,-18.42,94.4,"GPS: 47.8900 N, -122.5900 W",98,FAIR,NORMAL,0,0,0,-18.42,-18.42,0.41
162831,SNS-1009,BTC-SEA-5009,SHP-2026-109,2026-08-23 14:18 UTC,-20.22,93.5,"GPS: 47.9000 N, -122.6000 W",97,GOOD,NORMAL,0,0,0,-20.22,-20.22,0.44
162832,SNS-1009,BTC-SEA-5009,SHP-2026-109,2026-08-23 14:33 UTC,-20.99,85.2,"GPS: 47.9100 N, -122.6100 W",97,EXCELLENT,NORMAL,0,0,0,-20.99,-20.99,0.38
162833,SNS-1009,BTC-SEA-5009,SHP-2026-109,2026-08-23 14:48 UTC,-21.23,93.3,"GPS: 47.9200 N, -122.6200 W",97,FAIR,NORMAL,0,0,0,-21.23,-21.23,0.4
162834,SNS-1009,BTC-SEA-5009,SHP-2026-109,2026-08-23 15:03 UTC,-21.89,87.2,"GPS: 47.9300 N, -122.6300 W",97,FAIR,NORMAL,0,0,0,-21.89,-21.89,0.41
162835,SNS-1009,BTC-SEA-5009,SHP-2026-109,2026-08-23 15:18 UTC,-18.8,89.5,"GPS: 47.9400 N, -122.6400 W",97,GOOD,NORMAL,0,0,0,-18.8,-18.8,0.46
162836,SNS-1009,BTC-SEA-5009,SHP-2026-109,2026-08-23 15:33 UTC,-22.77,88.8,"GPS: 47.9500 N, -122.6500 W",97,EXCELLENT,NORMAL,0,0,0,-22.77,-22.77,0.42
162837,SNS-1009,BTC-SEA-5009,SHP-2026-109,2026-08-23 15:48 UTC,-22.17,95.5,"GPS: 47.9600 N, -122.6600 W",97,GOOD,NORMAL,0,0,0,-22.17,-22.17,0.39
162838,SNS-1009,BTC-SEA-5009,SHP-2026-109,2026-08-23 16:03 UTC,-10.16,92.1,"GPS: 47.9700 N, -122.6700 W",97,GOOD,WARNING,0,0,0,-10.16,-10.16,0.49
162839,SNS-1009,BTC-SEA-5009,SHP-2026-109,2026-08-23 16:18 UTC,-20.51,92.6,"GPS: 47.9800 N, -122.6800 W",97,FAIR,NORMAL,0,0,0,-20.51,-20.51,0.4
162840,SNS-1009,BTC-SEA-5009,SHP-2026-109,2026-08-23 16:33 UTC,-20.01,95.4,"GPS: 47.9900 N, -122.6900 W",97,FAIR,NORMAL,0,0,0,-20.01,-20.01,0.43
162841,SNS-1009,BTC-SEA-5009,SHP-2026-109,2026-08-23 16:48 UTC,-20.64,91.4,"GPS: 48.0000 N, -122.7000 W",96,GOOD,NORMAL,0,0,0,-20.64,-20.64,0.38
162842,SNS-1009,BTC-SEA-5009,SHP-2026-109,2026-08-23 17:03 UTC,-22.92,94.0,"GPS: 48.0100 N, -122.7100 W",96,EXCELLENT,NORMAL,0,0,0,-22.92,-22.92,0.41
162843,SNS-1009,BTC-SEA-5009,SHP-2026-109,2026-08-23 17:18 UTC,-23.79,94.8,"GPS: 48.0200 N, -122.7200 W",96,EXCELLENT,NORMAL,0,0,0,-23.79,-23.79,0.46
162844,SNS-1009,BTC-SEA-5009,SHP-2026-109,2026-08-23 17:33 UTC,-21.13,89.4,"GPS: 48.0300 N, -122.7300 W",96,FAIR,NORMAL,0,0,0,-21.13,-21.13,0.39
162845,SNS-1009,BTC-SEA-5009,SHP-2026-109,2026-08-23 17:48 UTC,-23.75,93.1,"GPS: 48.0400 N, -122.7400 W",96,GOOD,NORMAL,0,0,0,-23.75,-23.75,0.42
162846,SNS-1009,BTC-SEA-5009,SHP-2026-109,2026-08-23 18:03 UTC,-22.69,87.8,"GPS: 48.0500 N, -122.7500 W",96,GOOD,NORMAL,0,0,0,-22.69,-22.69,0.46
162847,SNS-1009,BTC-SEA-5009,SHP-2026-109,2026-08-23 18:18 UTC,-20.4,88.3,"GPS: 48.0600 N, -122.7600 W",96,GOOD,NORMAL,0,0,0,-20.4,-20.4,0.41
162848,SNS-1009,BTC-SEA-5009,SHP-2026-109,2026-08-23 18:33 UTC,-23.23,95.3,"GPS: 48.0700 N, -122.7700 W",96,EXCELLENT,NORMAL,0,0,0,-23.23,-23.23,0.41
162849,SNS-1009,BTC-SEA-5009,SHP-2026-109,2026-08-23 18:48 UTC,-18.7,85.4,"GPS: 48.0800 N, -122.7800 W",96,GOOD,NORMAL,0,0,0,-18.7,-18.7,0.44
162850,SNS-1009,BTC-SEA-5009,SHP-2026-109,2026-08-23 19:03 UTC,-22.67,88.2,"GPS: 48.0900 N, -122.7900 W",96,EXCELLENT,NORMAL,0,0,0,-22.67,-22.67,0.41
162851,SNS-1009,BTC-SEA-5009,SHP-2026-109,2026-08-23 19:18 UTC,-18.54,95.0,"GPS: 48.1000 N, -122.8000 W",95,GOOD,NORMAL,0,0,0,-18.54,-18.54,0.39
162852,SNS-1009,BTC-SEA-5009,SHP-2026-109,2026-08-23 19:33 UTC,-21.86,95.7,"GPS: 48.1100 N, -122.8100 W",95,EXCELLENT,NORMAL,0,0,0,-21.86,-21.86,0.39
162853,SNS-1009,BTC-SEA-5009,SHP-2026-109,2026-08-23 19:48 UTC,-19.87,86.3,"GPS: 48.1200 N, -122.8200 W",95,GOOD,NORMAL,0,0,0,-19.87,-19.87,0.4
162854,SNS-1009,BTC-SEA-5009,SHP-2026-109,2026-08-23 20:03 UTC,-19.32,95.5,"GPS: 48.1300 N, -122.8300 W",95,FAIR,NORMAL,0,0,0,-19.32,-19.32,0.38
162855,SNS-1009,BTC-SEA-5009,SHP-2026-109,2026-08-23 20:18 UTC,-21.16,93.1,"GPS: 48.1400 N, -122.8400 W",95,EXCELLENT,NORMAL,0,0,0,-21.16,-21.16,0.38
162856,SNS-1009,BTC-SEA-5009,SHP-2026-109,2026-08-23 20:33 UTC,-20.06,94.8,"GPS: 48.1500 N, -122.8500 W",95,FAIR,NORMAL,0,0,0,-20.06,-20.06,0.38
162857,SNS-1009,BTC-SEA-5009,SHP-2026-109,2026-08-23 20:48 UTC,-22.64,90.5,"GPS: 48.1600 N, -122.8600 W",95,FAIR,NORMAL,0,0,0,-22.64,-22.64,0.45
162858,SNS-1009,BTC-SEA-5009,SHP-2026-109,2026-08-23 21:03 UTC,-21.36,89.0,"GPS: 48.1700 N, -122.8700 W",95,EXCELLENT,NORMAL,0,0,0,-21.36,-21.36,0.39
162859,SNS-1009,BTC-SEA-5009,SHP-2026-109,2026-08-23 21:18 UTC,-22.12,95.2,"GPS: 48.1800 N, -122.8800 W",95,GOOD,NORMAL,0,0,0,-22.12,-22.12,0.39
162860,SNS-1009,BTC-SEA-5009,SHP-2026-109,2026-08-23 21:33 UTC,-20.79,91.3,"GPS: 48.1900 N, -122.8900 W",95,FAIR,NORMAL,0,0,0,-20.79,-20.79,0.38
162861,SNS-1009,BTC-SEA-5009,SHP-2026-109,2026-08-23 21:48 UTC,-20.12,94.6,"GPS: 48.2000 N, -122.9000 W",94,GOOD,NORMAL,0,0,0,-20.12,-20.12,0.41
162862,SNS-1009,BTC-SEA-5009,SHP-2026-109,2026-08-23 22:03 UTC,-21.91,86.5,"GPS: 48.2100 N, -122.9100 W",94,GOOD,NORMAL,0,0,0,-21.91,-21.91,0.39
162863,SNS-1009,BTC-SEA-5009,SHP-2026-109,2026-08-23 22:18 UTC,-20.96,91.0,"GPS: 48.2200 N, -122.9200 W",94,FAIR,NORMAL,0,0,0,-20.96,-20.96,0.4
162864,SNS-1009,BTC-SEA-5009,SHP-2026-109,2026-08-23 22:33 UTC,-20.72,94.9,"GPS: 48.2300 N, -122.9300 W",94,FAIR,NORMAL,0,0,0,-20.72,-20.72,0.4
162865,SNS-1009,BTC-SEA-5009,SHP-2026-109,2026-08-23 22:48 UTC,-19.24,85.4,"GPS: 48.2400 N, -122.9400 W",94,FAIR,NORMAL,0,0,0,-19.24,-19.24,0.42
162866,SNS-1009,BTC-SEA-5009,SHP-2026-109,2026-08-23 23:03 UTC,-21.57,91.3,"GPS: 48.2500 N, -122.9500 W",94,EXCELLENT,NORMAL,0,0,0,-21.57,-21.57,0.38
162867,SNS-1009,BTC-SEA-5009,SHP-2026-109,2026-08-23 23:18 UTC,-18.96,93.3,"GPS: 48.2600 N, -122.9600 W",94,FAIR,NORMAL,0,0,0,-18.96,-18.96,0.41
162868,SNS-1009,BTC-SEA-5009,SHP-2026-109,2026-08-23 23:33 UTC,-18.7,89.1,"GPS: 48.2700 N, -122.9700 W",94,FAIR,NORMAL,0,0,0,-18.7,-18.7,0.39
162869,SNS-1009,BTC-SEA-5009,SHP-2026-109,2026-08-23 23:48 UTC,-19.69,94.1,"GPS: 48.2800 N, -122.9800 W",94,GOOD,NORMAL,0,0,0,-19.69,-19.69,0.44
162870,SNS-1009,BTC-SEA-5009,SHP-2026-109,2026-08-24 00:03 UTC,-19.2,93.0,"GPS: 48.2900 N, -122.9900 W",94,FAIR,NORMAL,0,0,0,-19.2,-19.2,0.39
162871,SNS-1009,BTC-SEA-5009,SHP-2026-109,2026-08-24 00:18 UTC,-19.37,92.4,"GPS: 48.3000 N, -123.0000 W",93,GOOD,NORMAL,0,0,0,-19.37,-19.37,0.38
162872,SNS-1009,BTC-SEA-5009,SHP-2026-109,2026-08-24 00:33 UTC,-23.76,85.3,"GPS: 48.3100 N, -123.0100 W",93,EXCELLENT,NORMAL,0,0,0,-23.76,-23.76,0.49
162873,SNS-1009,BTC-SEA-5009,SHP-2026-109,2026-08-24 00:48 UTC,-19.15,94.7,"GPS: 48.3200 N, -123.0200 W",93,GOOD,NORMAL,0,0,0,-19.15,-19.15,0.37
162874,SNS-1009,BTC-SEA-5009,SHP-2026-109,2026-08-24 01:03 UTC,-23.22,95.7,"GPS: 48.3300 N, -123.0300 W",93,EXCELLENT,NORMAL,0,0,0,-23.22,-23.22,0.41
162875,SNS-1009,BTC-SEA-5009,SHP-2026-109,2026-08-24 01:18 UTC,-19.57,89.5,"GPS: 48.3400 N, -123.0400 W",93,FAIR,NORMAL,0,0,0,-19.57,-19.57,0.37
162876,SNS-1009,BTC-SEA-5009,SHP-2026-109,2026-08-24 01:33 UTC,-20.15,85.1,"GPS: 48.3500 N, -123.0500 W",93,EXCELLENT,NORMAL,0,0,0,-20.15,-20.15,0.38
162877,SNS-1009,BTC-SEA-5009,SHP-2026-109,2026-08-24 01:48 UTC,-23.65,89.5,"GPS: 48.3600 N, -123.0600 W",93,FAIR,NORMAL,0,0,0,-23.65,-23.65,0.43
162878,SNS-1009,BTC-SEA-5009,SHP-2026-109,2026-08-24 02:03 UTC,-21.79,88.7,"GPS: 48.3700 N, -123.0700 W",93,EXCELLENT,NORMAL,0,0,0,-21.79,-21.79,0.43
162879,SNS-1009,BTC-SEA-5009,SHP-2026-109,2026-08-24 02:18 UTC,-23.59,94.1,"GPS: 48.3800 N, -123.0800 W",93,EXCELLENT,NORMAL,0,0,0,-23.59,-23.59,0.41
162880,SNS-1009,BTC-SEA-5009,SHP-2026-109,2026-08-24 02:33 UTC,-18.5,91.2,"GPS: 48.3900 N, -123.0900 W",93,FAIR,NORMAL,0,0,0,-18.5,-18.5,0.43
162881,SNS-1009,BTC-SEA-5009,SHP-2026-109,2026-08-24 02:48 UTC,-23.42,88.0,"GPS: 48.4000 N, -123.1000 W",92,EXCELLENT,NORMAL,0,0,0,-23.42,-23.42,0.4
162882,SNS-1009,BTC-SEA-5009,SHP-2026-109,2026-08-24 03:03 UTC,-20.77,91.8,"GPS: 48.4100 N, -123.1100 W",92,EXCELLENT,NORMAL,0,0,0,-20.77,-20.77,0.38
162883,SNS-1009,BTC-SEA-5009,SHP-2026-109,2026-08-24 03:18 UTC,-20.28,86.6,"GPS: 48.4200 N, -123.1200 W",92,GOOD,NORMAL,0,0,0,-20.28,-20.28,0.37
162884,SNS-1009,BTC-SEA-5009,SHP-2026-109,2026-08-24 03:33 UTC,-18.37,90.7,"GPS: 48.4300 N, -123.1300 W",92,EXCELLENT,NORMAL,0,0,0,-18.37,-18.37,0.39
162885,SNS-1009,BTC-SEA-5009,SHP-2026-109,2026-08-24 03:48 UTC,-19.02,93.6,"GPS: 48.4400 N, -123.1400 W",92,FAIR,NORMAL,0,0,0,-19.02,-19.02,0.38
162886,SNS-1009,BTC-SEA-5009,SHP-2026-109,2026-08-24 04:03 UTC,-21.72,92.5,"GPS: 48.4500 N, -123.1500 W",92,GOOD,NORMAL,0,0,0,-21.72,-21.72,0.41
162887,SNS-1009,BTC-SEA-5009,SHP-2026-109,2026-08-24 04:18 UTC,-20.08,94.6,"GPS: 48.4600 N, -123.1600 W",92,GOOD,NORMAL,0,0,0,-20.08,-20.08,0.42
162888,SNS-1009,BTC-SEA-5009,SHP-2026-109,2026-08-24 04:33 UTC,-21.68,86.6,"GPS: 48.4700 N, -123.1700 W",92,FAIR,NORMAL,0,0,0,-21.68,-21.68,0.38
162889,SNS-1009,BTC-SEA-5009,SHP-2026-109,2026-08-24 04:48 UTC,-19.64,90.3,"GPS: 48.4800 N, -123.1800 W",92,EXCELLENT,NORMAL,0,0,0,-19.64,-19.64,0.37
162890,SNS-1009,BTC-SEA-5009,SHP-2026-109,2026-08-24 05:03 UTC,-23.36,91.2,"GPS: 48.4900 N, -123.1900 W",92,GOOD,NORMAL,0,0,0,-23.36,-23.36,0.44
162891,SNS-1009,BTC-SEA-5009,SHP-2026-109,2026-08-24 05:18 UTC,-20.01,86.4,"GPS: 48.5000 N, -123.2000 W",91,FAIR,NORMAL,0,0,0,-20.01,-20.01,0.37
162892,SNS-1009,BTC-SEA-5009,SHP-2026-109,2026-08-24 05:33 UTC,-22.49,89.8,"GPS: 48.5100 N, -123.2100 W",91,FAIR,NORMAL,0,0,0,-22.49,-22.49,0.39
162893,SNS-1009,BTC-SEA-5009,SHP-2026-109,2026-08-24 05:48 UTC,-22.46,85.4,"GPS: 48.5200 N, -123.2200 W",91,GOOD,NORMAL,0,0,0,-22.46,-22.46,0.39
162894,SNS-1009,BTC-SEA-5009,SHP-2026-109,2026-08-24 06:03 UTC,-18.81,94.3,"GPS: 48.5300 N, -123.2300 W",91,GOOD,NORMAL,0,0,0,-18.81,-18.81,0.43
162895,SNS-1009,BTC-SEA-5009,SHP-2026-109,2026-08-24 06:18 UTC,-18.78,90.4,"GPS: 48.5400 N, -123.2400 W",91,FAIR,NORMAL,0,0,0,-18.78,-18.78,0.39
162896,SNS-1009,BTC-SEA-5009,SHP-2026-109,2026-08-24 06:33 UTC,-18.84,91.2,"GPS: 48.5500 N, -123.2500 W",91,EXCELLENT,NORMAL,0,0,0,-18.84,-18.84,0.38
162897,SNS-1009,BTC-SEA-5009,SHP-2026-109,2026-08-24 06:48 UTC,-18.41,85.6,"GPS: 48.5600 N, -123.2600 W",91,EXCELLENT,NORMAL,0,0,0,-18.41,-18.41,0.38
162898,SNS-1009,BTC-SEA-5009,SHP-2026-109,2026-08-24 07:03 UTC,-21.23,86.9,"GPS: 48.5700 N, -123.2700 W",91,GOOD,NORMAL,0,0,0,-21.23,-21.23,0.46
162899,SNS-1009,BTC-SEA-5009,SHP-2026-109,2026-08-24 07:18 UTC,-18.97,91.1,"GPS: 48.5800 N, -123.2800 W",91,FAIR,NORMAL,0,0,0,-18.97,-18.97,0.4
162900,SNS-1009,BTC-SEA-5009,SHP-2026-109,2026-08-24 07:33 UTC,-20.42,88.7,"GPS: 48.5900 N, -123.2900 W",91,FAIR,NORMAL,0,0,0,-20.42,-20.42,0.38
162901,SNS-1009,BTC-SEA-5009,SHP-2026-109,2026-08-24 07:48 UTC,-23.65,95.1,"GPS: 48.6000 N, -123.3000 W",90,GOOD,NORMAL,0,0,0,-23.65,-23.65,0.48
162902,SNS-1009,BTC-SEA-5009,SHP-2026-109,2026-08-24 08:03 UTC,-19.68,95.9,"GPS: 48.6100 N, -123.3100 W",90,EXCELLENT,NORMAL,0,0,0,-19.68,-19.68,0.38
162903,SNS-1009,BTC-SEA-5009,SHP-2026-109,2026-08-24 08:18 UTC,-22.1,87.0,"GPS: 48.6200 N, -123.3200 W",90,GOOD,NORMAL,0,0,0,-22.1,-22.1,0.4
162904,SNS-1009,BTC-SEA-5009,SHP-2026-109,2026-08-24 08:33 UTC,-21.97,85.9,"GPS: 48.6300 N, -123.3300 W",90,EXCELLENT,NORMAL,0,0,0,-21.97,-21.97,0.4
162905,SNS-1009,BTC-SEA-5009,SHP-2026-109,2026-08-24 08:48 UTC,-22.83,89.7,"GPS: 48.6400 N, -123.3400 W",90,FAIR,NORMAL,0,0,0,-22.83,-22.83,0.41
162906,SNS-1009,BTC-SEA-5009,SHP-2026-109,2026-08-24 09:03 UTC,-21.34,86.0,"GPS: 48.6500 N, -123.3500 W",90,EXCELLENT,NORMAL,0,0,0,-21.34,-21.34,0.42
162907,SNS-1009,BTC-SEA-5009,SHP-2026-109,2026-08-24 09:18 UTC,-20.42,89.2,"GPS: 48.6600 N, -123.3600 W",90,FAIR,NORMAL,0,0,0,-20.42,-20.42,0.44
162908,SNS-1009,BTC-SEA-5009,SHP-2026-109,2026-08-24 09:33 UTC,-23.23,91.7,"GPS: 48.6700 N, -123.3700 W",90,GOOD,NORMAL,0,0,0,-23.23,-23.23,0.42
162909,SNS-1009,BTC-SEA-5009,SHP-2026-109,2026-08-24 09:48 UTC,-20.23,90.6,"GPS: 48.6800 N, -123.3800 W",90,FAIR,NORMAL,0,0,0,-20.23,-20.23,0.39
162910,SNS-1009,BTC-SEA-5009,SHP-2026-109,2026-08-24 10:03 UTC,-21.84,92.9,"GPS: 48.6900 N, -123.3900 W",90,FAIR,NORMAL,0,0,0,-21.84,-21.84,0.4
162911,SNS-1009,BTC-SEA-5009,SHP-2026-109,2026-08-24 10:18 UTC,-22.35,91.6,"GPS: 48.7000 N, -123.4000 W",89,EXCELLENT,NORMAL,0,0,0,-22.35,-22.35,0.41
162912,SNS-1009,BTC-SEA-5009,SHP-2026-109,2026-08-24 10:33 UTC,-21.2,95.8,"GPS: 48.7100 N, -123.4100 W",89,FAIR,NORMAL,0,0,0,-21.2,-21.2,0.4
162913,SNS-1009,BTC-SEA-5009,SHP-2026-109,2026-08-24 10:48 UTC,-18.46,85.8,"GPS: 48.7200 N, -123.4200 W",89,EXCELLENT,NORMAL,0,0,0,-18.46,-18.46,0.46
162914,SNS-1009,BTC-SEA-5009,SHP-2026-109,2026-08-24 11:03 UTC,-19.68,86.9,"GPS: 48.7300 N, -123.4300 W",89,GOOD,NORMAL,0,0,0,-19.68,-19.68,0.4
162915,SNS-1009,BTC-SEA-5009,SHP-2026-109,2026-08-24 11:18 UTC,-22.1,93.1,"GPS: 48.7400 N, -123.4400 W",89,GOOD,NORMAL,0,0,0,-22.1,-22.1,0.41
162916,SNS-1009,BTC-SEA-5009,SHP-2026-109,2026-08-24 11:33 UTC,-20.12,94.3,"GPS: 48.7500 N, -123.4500 W",89,FAIR,NORMAL,0,0,0,-20.12,-20.12,0.44
162917,SNS-1009,BTC-SEA-5009,SHP-2026-109,2026-08-24 11:48 UTC,-20.49,93.7,"GPS: 48.7600 N, -123.4600 W",89,FAIR,NORMAL,0,0,0,-20.49,-20.49,0.41
162918,SNS-1009,BTC-SEA-5009,SHP-2026-109,2026-08-24 12:03 UTC,-21.59,94.8,"GPS: 48.7700 N, -123.4700 W",89,FAIR,NORMAL,0,0,0,-21.59,-21.59,0.4
162919,SNS-1009,BTC-SEA-5009,SHP-2026-109,2026-08-24 12:18 UTC,-19.9,93.0,"GPS: 48.7800 N, -123.4800 W",89,FAIR,NORMAL,0,0,0,-19.9,-19.9,0.4
162920,SNS-1009,BTC-SEA-5009,SHP-2026-109,2026-08-24 12:33 UTC,-21.51,89.4,"GPS: 48.7900 N, -123.4900 W",89,FAIR,NORMAL,0,0,0,-21.51,-21.51,0.41
162921,SNS-1009,BTC-SEA-5009,SHP-2026-109,2026-08-24 12:48 UTC,-21.74,93.2,"GPS: 48.8000 N, -123.5000 W",88,FAIR,NORMAL,0,0,0,-21.74,-21.74,0.41
162922,SNS-1009,BTC-SEA-5009,SHP-2026-109,2026-08-24 13:03 UTC,-21.23,89.0,"GPS: 48.8100 N, -123.5100 W",88,GOOD,NORMAL,0,0,0,-21.23,-21.23,0.48
162923,SNS-1009,BTC-SEA-5009,SHP-2026-109,2026-08-24 13:18 UTC,-20.94,94.7,"GPS: 48.8200 N, -123.5200 W",88,EXCELLENT,NORMAL,0,0,0,-20.94,-20.94,0.45
162924,SNS-1009,BTC-SEA-5009,SHP-2026-109,2026-08-24 13:33 UTC,-18.97,95.2,"GPS: 48.8300 N, -123.5300 W",88,FAIR,NORMAL,0,0,0,-18.97,-18.97,0.48
162925,SNS-1009,BTC-SEA-5009,SHP-2026-109,2026-08-24 13:48 UTC,-18.92,88.4,"GPS: 48.8400 N, -123.5400 W",88,EXCELLENT,NORMAL,0,0,0,-18.92,-18.92,0.42
162926,SNS-1009,BTC-SEA-5009,SHP-2026-109,2026-08-24 14:03 UTC,14.73,92.4,"GPS: 48.8500 N, -123.5500 W",88,FAIR,WARNING,0,0,0,14.73,14.73,0.56
162927,SNS-1009,BTC-SEA-5009,SHP-2026-109,2026-08-24 14:18 UTC,-20.38,85.2,"GPS: 48.8600 N, -123.5600 W",88,GOOD,NORMAL,0,0,0,-20.38,-20.38,0.41
162928,SNS-1009,BTC-SEA-5009,SHP-2026-109,2026-08-24 14:33 UTC,-23.33,88.6,"GPS: 48.8700 N, -123.5700 W",88,FAIR,NORMAL,0,0,0,-23.33,-23.33,0.44
162929,SNS-1009,BTC-SEA-5009,SHP-2026-109,2026-08-24 14:48 UTC,-22.02,93.2,"GPS: 48.8800 N, -123.5800 W",88,FAIR,NORMAL,0,0,0,-22.02,-22.02,0.42
162930,SNS-1009,BTC-SEA-5009,SHP-2026-109,2026-08-24 15:03 UTC,-20.7,92.4,"GPS: 48.8900 N, -123.5900 W",88,EXCELLENT,NORMAL,0,0,0,-20.7,-20.7,0.41
162931,SNS-1009,BTC-SEA-5009,SHP-2026-109,2026-08-24 15:18 UTC,-21.11,85.2,"GPS: 48.9000 N, -123.6000 W",87,FAIR,NORMAL,0,0,0,-21.11,-21.11,0.46
162932,SNS-1009,BTC-SEA-5009,SHP-2026-109,2026-08-24 15:33 UTC,-22.94,95.6,"GPS: 48.9100 N, -123.6100 W",87,EXCELLENT,NORMAL,0,0,0,-22.94,-22.94,0.47
162933,SNS-1009,BTC-SEA-5009,SHP-2026-109,2026-08-24 15:48 UTC,-21.59,92.5,"GPS: 48.9200 N, -123.6200 W",87,EXCELLENT,NORMAL,0,0,0,-21.59,-21.59,0.5
162934,SNS-1009,BTC-SEA-5009,SHP-2026-109,2026-08-24 16:03 UTC,-18.39,85.6,"GPS: 48.9300 N, -123.6300 W",87,FAIR,NORMAL,0,0,0,-18.39,-18.39,0.49
162935,SNS-1009,BTC-SEA-5009,SHP-2026-109,2026-08-24 16:18 UTC,-19.7,94.8,"GPS: 48.9400 N, -123.6400 W",87,GOOD,NORMAL,0,0,0,-19.7,-19.7,0.44
162936,SNS-1009,BTC-SEA-5009,SHP-2026-109,2026-08-24 16:33 UTC,-20.49,85.5,"GPS: 48.9500 N, -123.6500 W",87,GOOD,NORMAL,0,0,0,-20.49,-20.49,0.5
162937,SNS-1010,BTC-SEA-5010,SHP-2026-110,2026-08-23 08:48 UTC,3.66,92.1,"GPS: 47.6000 N, -122.3000 W",100,EXCELLENT,NORMAL,0,0,0,3.66,3.66,0.49
162938,SNS-1010,BTC-SEA-5010,SHP-2026-110,2026-08-23 09:03 UTC,2.93,93.1,"GPS: 47.6100 N, -122.3100 W",100,GOOD,NORMAL,0,0,0,2.93,2.93,0.41
162939,SNS-1010,BTC-SEA-5010,SHP-2026-110,2026-08-23 09:18 UTC,4.46,90.7,"GPS: 47.6200 N, -122.3200 W",100,EXCELLENT,NORMAL,0,0,0,4.46,4.46,0.44
162940,SNS-1010,BTC-SEA-5010,SHP-2026-110,2026-08-23 09:33 UTC,1.68,87.7,"GPS: 47.6300 N, -122.3300 W",100,GOOD,NORMAL,0,0,0,1.68,1.68,0.44
162941,SNS-1010,BTC-SEA-5010,SHP-2026-110,2026-08-23 09:48 UTC,2.42,88.7,"GPS: 47.6400 N, -122.3400 W",100,FAIR,NORMAL,0,0,0,2.42,2.42,0.4
162942,SNS-1010,BTC-SEA-5010,SHP-2026-110,2026-08-23 10:03 UTC,4.4,91.9,"GPS: 47.6500 N, -122.3500 W",100,GOOD,NORMAL,0,0,0,4.4,4.4,0.44
162943,SNS-1010,BTC-SEA-5010,SHP-2026-110,2026-08-23 10:18 UTC,1.86,95.1,"GPS: 47.6600 N, -122.3600 W",100,GOOD,NORMAL,0,0,0,1.86,1.86,0.42
162944,SNS-1010,BTC-SEA-5010,SHP-2026-110,2026-08-23 10:33 UTC,1.56,92.9,"GPS: 47.6700 N, -122.3700 W",100,FAIR,NORMAL,0,0,0,1.56,1.56,0.42
162945,SNS-1010,BTC-SEA-5010,SHP-2026-110,2026-08-23 10:48 UTC,2.94,90.7,"GPS: 47.6800 N, -122.3800 W",100,GOOD,NORMAL,0,0,0,2.94,2.94,0.44
162946,SNS-1010,BTC-SEA-5010,SHP-2026-110,2026-08-23 11:03 UTC,3.91,89.4,"GPS: 47.6900 N, -122.3900 W",100,EXCELLENT,WARNING,0,0,0,3.91,3.91,0.43
162947,SNS-1010,BTC-SEA-5010,SHP-2026-110,2026-08-23 11:18 UTC,2.41,92.9,"GPS: 47.7000 N, -122.4000 W",99,FAIR,NORMAL,0,0,0,2.41,2.41,0.43
162948,SNS-1010,BTC-SEA-5010,SHP-2026-110,2026-08-23 11:33 UTC,4.38,93.8,"GPS: 47.7100 N, -122.4100 W",99,GOOD,NORMAL,0,0,0,4.38,4.38,0.41
162949,SNS-1010,BTC-SEA-5010,SHP-2026-110,2026-08-23 11:48 UTC,4.74,87.3,"GPS: 47.7200 N, -122.4200 W",99,GOOD,NORMAL,0,0,0,4.74,4.74,0.41
162950,SNS-1010,BTC-SEA-5010,SHP-2026-110,2026-08-23 12:03 UTC,4.15,91.2,"GPS: 47.7300 N, -122.4300 W",99,FAIR,NORMAL,0,0,0,4.15,4.15,0.42
162951,SNS-1010,BTC-SEA-5010,SHP-2026-110,2026-08-23 12:18 UTC,3.19,91.8,"GPS: 47.7400 N, -122.4400 W",99,FAIR,NORMAL,0,0,0,3.19,3.19,0.39
162952,SNS-1010,BTC-SEA-5010,SHP-2026-110,2026-08-23 12:33 UTC,3.13,87.2,"GPS: 47.7500 N, -122.4500 W",99,EXCELLENT,NORMAL,0,0,0,3.13,3.13,0.4
162953,SNS-1010,BTC-SEA-5010,SHP-2026-110,2026-08-23 12:48 UTC,3.27,93.5,"GPS: 47.7600 N, -122.4600 W",99,EXCELLENT,NORMAL,0,0,0,3.27,3.27,0.39
162954,SNS-1010,BTC-SEA-5010,SHP-2026-110,2026-08-23 13:03 UTC,1.72,94.1,"GPS: 47.7700 N, -122.4700 W",99,GOOD,NORMAL,0,0,0,1.72,1.72,0.46
162955,SNS-1010,BTC-SEA-5010,SHP-2026-110,2026-08-23 13:18 UTC,3.62,95.1,"GPS: 47.7800 N, -122.4800 W",99,EXCELLENT,NORMAL,0,0,0,3.62,3.62,0.4
162956,SNS-1010,BTC-SEA-5010,SHP-2026-110,2026-08-23 13:33 UTC,2.57,86.9,"GPS: 47.7900 N, -122.4900 W",99,GOOD,NORMAL,0,0,0,2.57,2.57,0.39
162957,SNS-1010,BTC-SEA-5010,SHP-2026-110,2026-08-23 13:48 UTC,1.78,92.4,"GPS: 47.8000 N, -122.5000 W",98,EXCELLENT,NORMAL,0,0,0,1.78,1.78,0.38
162958,SNS-1010,BTC-SEA-5010,SHP-2026-110,2026-08-23 14:03 UTC,4.22,94.5,"GPS: 47.8100 N, -122.5100 W",98,GOOD,NORMAL,0,0,0,4.22,4.22,0.42
162959,SNS-1010,BTC-SEA-5010,SHP-2026-110,2026-08-23 14:18 UTC,2.17,85.1,"GPS: 47.8200 N, -122.5200 W",98,EXCELLENT,NORMAL,0,0,0,2.17,2.17,0.38
162960,SNS-1010,BTC-SEA-5010,SHP-2026-110,2026-08-23 14:33 UTC,3.1,90.9,"GPS: 47.8300 N, -122.5300 W",98,EXCELLENT,NORMAL,0,0,0,3.1,3.1,0.38
162961,SNS-1010,BTC-SEA-5010,SHP-2026-110,2026-08-23 14:48 UTC,1.53,94.9,"GPS: 47.8400 N, -122.5400 W",98,FAIR,NORMAL,0,0,0,1.53,1.53,0.39
162962,SNS-1010,BTC-SEA-5010,SHP-2026-110,2026-08-23 15:03 UTC,2.07,86.9,"GPS: 47.8500 N, -122.5500 W",98,FAIR,NORMAL,0,0,0,2.07,2.07,0.37
162963,SNS-1010,BTC-SEA-5010,SHP-2026-110,2026-08-23 15:18 UTC,2.08,91.5,"GPS: 47.8600 N, -122.5600 W",98,GOOD,NORMAL,0,0,0,2.08,2.08,0.4
162964,SNS-1010,BTC-SEA-5010,SHP-2026-110,2026-08-23 15:33 UTC,1.21,88.8,"GPS: 47.8700 N, -122.5700 W",98,EXCELLENT,WARNING,0,0,0,1.21,1.21,0.39
162965,SNS-1010,BTC-SEA-5010,SHP-2026-110,2026-08-23 15:48 UTC,2.92,93.3,"GPS: 47.8800 N, -122.5800 W",98,EXCELLENT,NORMAL,0,0,0,2.92,2.92,0.44
162966,SNS-1010,BTC-SEA-5010,SHP-2026-110,2026-08-23 16:03 UTC,1.44,89.2,"GPS: 47.8900 N, -122.5900 W",98,FAIR,NORMAL,0,0,0,1.44,1.44,0.38
162967,SNS-1010,BTC-SEA-5010,SHP-2026-110,2026-08-23 16:18 UTC,3.03,86.6,"GPS: 47.9000 N, -122.6000 W",97,EXCELLENT,NORMAL,0,0,0,3.03,3.03,0.38
162968,SNS-1010,BTC-SEA-5010,SHP-2026-110,2026-08-23 16:33 UTC,1.48,92.8,"GPS: 47.9100 N, -122.6100 W",97,GOOD,NORMAL,0,0,0,1.48,1.48,0.37
162969,SNS-1010,BTC-SEA-5010,SHP-2026-110,2026-08-23 16:48 UTC,3.66,87.9,"GPS: 47.9200 N, -122.6200 W",97,EXCELLENT,NORMAL,0,0,0,3.66,3.66,0.39
162970,SNS-1010,BTC-SEA-5010,SHP-2026-110,2026-08-23 17:03 UTC,2.17,91.1,"GPS: 47.9300 N, -122.6300 W",97,EXCELLENT,NORMAL,0,0,0,2.17,2.17,0.39
162971,SNS-1010,BTC-SEA-5010,SHP-2026-110,2026-08-23 17:18 UTC,1.66,87.5,"GPS: 47.9400 N, -122.6400 W",97,GOOD,NORMAL,0,0,0,1.66,1.66,0.37
162972,SNS-1010,BTC-SEA-5010,SHP-2026-110,2026-08-23 17:33 UTC,1.6,94.7,"GPS: 47.9500 N, -122.6500 W",97,FAIR,NORMAL,0,0,0,1.6,1.6,0.36
162973,SNS-1010,BTC-SEA-5010,SHP-2026-110,2026-08-23 17:48 UTC,1.38,85.7,"GPS: 47.9600 N, -122.6600 W",97,FAIR,NORMAL,0,0,0,1.38,1.38,0.37
162974,SNS-1010,BTC-SEA-5010,SHP-2026-110,2026-08-23 18:03 UTC,3.57,90.1,"GPS: 47.9700 N, -122.6700 W",97,GOOD,NORMAL,0,0,0,3.57,3.57,0.46
162975,SNS-1010,BTC-SEA-5010,SHP-2026-110,2026-08-23 18:18 UTC,1.89,95.2,"GPS: 47.9800 N, -122.6800 W",97,EXCELLENT,NORMAL,0,0,0,1.89,1.89,0.41
162976,SNS-1010,BTC-SEA-5010,SHP-2026-110,2026-08-23 18:33 UTC,4.08,90.4,"GPS: 47.9900 N, -122.6900 W",97,EXCELLENT,NORMAL,0,0,0,4.08,4.08,0.4
162977,SNS-1010,BTC-SEA-5010,SHP-2026-110,2026-08-23 18:48 UTC,1.34,87.8,"GPS: 48.0000 N, -122.7000 W",96,GOOD,NORMAL,0,0,0,1.34,1.34,0.37
162978,SNS-1010,BTC-SEA-5010,SHP-2026-110,2026-08-23 19:03 UTC,3.36,88.1,"GPS: 48.0100 N, -122.7100 W",96,GOOD,NORMAL,0,0,0,3.36,3.36,0.36
162979,SNS-1010,BTC-SEA-5010,SHP-2026-110,2026-08-23 19:18 UTC,1.8,91.8,"GPS: 48.0200 N, -122.7200 W",96,EXCELLENT,NORMAL,0,0,0,1.8,1.8,0.36
162980,SNS-1010,BTC-SEA-5010,SHP-2026-110,2026-08-23 19:33 UTC,2.23,90.3,"GPS: 48.0300 N, -122.7300 W",96,EXCELLENT,NORMAL,0,0,0,2.23,2.23,0.37
162981,SNS-1010,BTC-SEA-5010,SHP-2026-110,2026-08-23 19:48 UTC,2.78,87.9,"GPS: 48.0400 N, -122.7400 W",96,EXCELLENT,NORMAL,0,0,0,2.78,2.78,0.36
162982,SNS-1010,BTC-SEA-5010,SHP-2026-110,2026-08-23 20:03 UTC,1.32,86.5,"GPS: 48.0500 N, -122.7500 W",96,GOOD,NORMAL,0,0,0,1.32,1.32,0.4
162983,SNS-1010,BTC-SEA-5010,SHP-2026-110,2026-08-23 20:18 UTC,2.51,89.1,"GPS: 48.0600 N, -122.7600 W",96,GOOD,NORMAL,0,0,0,2.51,2.51,0.37
162984,SNS-1010,BTC-SEA-5010,SHP-2026-110,2026-08-23 20:33 UTC,2.41,85.4,"GPS: 48.0700 N, -122.7700 W",96,EXCELLENT,NORMAL,0,0,0,2.41,2.41,0.37
162985,SNS-1010,BTC-SEA-5010,SHP-2026-110,2026-08-23 20:48 UTC,4.0,88.5,"GPS: 48.0800 N, -122.7800 W",96,EXCELLENT,NORMAL,0,0,0,4.0,4.0,0.42
162986,SNS-1010,BTC-SEA-5010,SHP-2026-110,2026-08-23 21:03 UTC,3.31,90.3,"GPS: 48.0900 N, -122.7900 W",96,EXCELLENT,NORMAL,0,0,0,3.31,3.31,0.36
162987,SNS-1010,BTC-SEA-5010,SHP-2026-110,2026-08-23 21:18 UTC,3.32,86.8,"GPS: 48.1000 N, -122.8000 W",95,GOOD,NORMAL,0,0,0,3.32,3.32,0.37
162988,SNS-1010,BTC-SEA-5010,SHP-2026-110,2026-08-23 21:33 UTC,3.56,87.7,"GPS: 48.1100 N, -122.8100 W",95,GOOD,NORMAL,0,0,0,3.56,3.56,0.36
162989,SNS-1010,BTC-SEA-5010,SHP-2026-110,2026-08-23 21:48 UTC,4.72,87.4,"GPS: 48.1200 N, -122.8200 W",95,FAIR,NORMAL,0,0,0,4.72,4.72,0.44
162990,SNS-1010,BTC-SEA-5010,SHP-2026-110,2026-08-23 22:03 UTC,3.25,88.1,"GPS: 48.1300 N, -122.8300 W",95,GOOD,NORMAL,0,0,0,3.25,3.25,0.36
162991,SNS-1010,BTC-SEA-5010,SHP-2026-110,2026-08-23 22:18 UTC,3.01,91.9,"GPS: 48.1400 N, -122.8400 W",95,FAIR,NORMAL,0,0,0,3.01,3.01,0.36
162992,SNS-1010,BTC-SEA-5010,SHP-2026-110,2026-08-23 22:33 UTC,4.68,86.9,"GPS: 48.1500 N, -122.8500 W",95,FAIR,NORMAL,0,0,0,4.68,4.68,0.38
162993,SNS-1010,BTC-SEA-5010,SHP-2026-110,2026-08-23 22:48 UTC,2.88,92.2,"GPS: 48.1600 N, -122.8600 W",95,FAIR,NORMAL,0,0,0,2.88,2.88,0.36
162994,SNS-1010,BTC-SEA-5010,SHP-2026-110,2026-08-23 23:03 UTC,4.72,93.4,"GPS: 48.1700 N, -122.8700 W",95,GOOD,NORMAL,0,0,0,4.72,4.72,0.39
162995,SNS-1010,BTC-SEA-5010,SHP-2026-110,2026-08-23 23:18 UTC,2.67,94.5,"GPS: 48.1800 N, -122.8800 W",95,FAIR,NORMAL,0,0,0,2.67,2.67,0.36
162996,SNS-1010,BTC-SEA-5010,SHP-2026-110,2026-08-23 23:33 UTC,3.26,92.9,"GPS: 48.1900 N, -122.8900 W",95,EXCELLENT,NORMAL,0,0,0,3.26,3.26,0.36
162997,SNS-1010,BTC-SEA-5010,SHP-2026-110,2026-08-23 23:48 UTC,3.42,89.0,"GPS: 48.2000 N, -122.9000 W",94,GOOD,NORMAL,0,0,0,3.42,3.42,0.41
162998,SNS-1010,BTC-SEA-5010,SHP-2026-110,2026-08-24 00:03 UTC,1.36,86.8,"GPS: 48.2100 N, -122.9100 W",94,GOOD,NORMAL,0,0,0,1.36,1.36,0.42
162999,SNS-1010,BTC-SEA-5010,SHP-2026-110,2026-08-24 00:18 UTC,1.27,87.4,"GPS: 48.2200 N, -122.9200 W",94,EXCELLENT,NORMAL,0,0,0,1.27,1.27,0.38
163000,SNS-1010,BTC-SEA-5010,SHP-2026-110,2026-08-24 00:33 UTC,3.3,95.9,"GPS: 48.2300 N, -122.9300 W",94,EXCELLENT,NORMAL,0,0,0,3.3,3.3,0.37
163001,SNS-1010,BTC-SEA-5010,SHP-2026-110,2026-08-24 00:48 UTC,3.45,88.6,"GPS: 48.2400 N, -122.9400 W",94,EXCELLENT,NORMAL,0,0,0,3.45,3.45,0.37
163002,SNS-1010,BTC-SEA-5010,SHP-2026-110,2026-08-24 01:03 UTC,-10.35,91.3,"GPS: 48.2500 N, -122.9500 W",94,FAIR,WARNING,0,0,0,-10.35,-10.35,0.48
163003,SNS-1010,BTC-SEA-5010,SHP-2026-110,2026-08-24 01:18 UTC,2.55,88.5,"GPS: 48.2600 N, -122.9600 W",94,FAIR,NORMAL,0,0,0,2.55,2.55,0.35
163004,SNS-1010,BTC-SEA-5010,SHP-2026-110,2026-08-24 01:33 UTC,4.74,95.0,"GPS: 48.2700 N, -122.9700 W",94,FAIR,NORMAL,0,0,0,4.74,4.74,0.38
163005,SNS-1010,BTC-SEA-5010,SHP-2026-110,2026-08-24 01:48 UTC,4.04,91.4,"GPS: 48.2800 N, -122.9800 W",94,GOOD,NORMAL,0,0,0,4.04,4.04,0.36
163006,SNS-1010,BTC-SEA-5010,SHP-2026-110,2026-08-24 02:03 UTC,4.01,87.1,"GPS: 48.2900 N, -122.9900 W",94,EXCELLENT,NORMAL,0,0,0,4.01,4.01,0.36
163007,SNS-1010,BTC-SEA-5010,SHP-2026-110,2026-08-24 02:18 UTC,4.43,85.3,"GPS: 48.3000 N, -123.0000 W",93,GOOD,NORMAL,0,0,0,4.43,4.43,0.37
163008,SNS-1010,BTC-SEA-5010,SHP-2026-110,2026-08-24 02:33 UTC,4.76,89.2,"GPS: 48.3100 N, -123.0100 W",93,EXCELLENT,NORMAL,0,0,0,4.76,4.76,0.38
163009,SNS-1010,BTC-SEA-5010,SHP-2026-110,2026-08-24 02:48 UTC,3.21,94.9,"GPS: 48.3200 N, -123.0200 W",93,EXCELLENT,NORMAL,0,0,0,3.21,3.21,0.43
163010,SNS-1010,BTC-SEA-5010,SHP-2026-110,2026-08-24 03:03 UTC,2.84,93.2,"GPS: 48.3300 N, -123.0300 W",93,EXCELLENT,NORMAL,0,0,0,2.84,2.84,0.38
163011,SNS-1010,BTC-SEA-5010,SHP-2026-110,2026-08-24 03:18 UTC,-19.94,93.7,"GPS: 48.3400 N, -123.0400 W",93,FAIR,WARNING,0,0,0,-19.94,-19.94,0.46
163012,SNS-1010,BTC-SEA-5010,SHP-2026-110,2026-08-24 03:33 UTC,2.78,88.7,"GPS: 48.3500 N, -123.0500 W",93,GOOD,NORMAL,0,0,0,2.78,2.78,0.36
163013,SNS-1010,BTC-SEA-5010,SHP-2026-110,2026-08-24 03:48 UTC,4.08,90.3,"GPS: 48.3600 N, -123.0600 W",93,EXCELLENT,NORMAL,0,0,0,4.08,4.08,0.37
163014,SNS-1010,BTC-SEA-5010,SHP-2026-110,2026-08-24 04:03 UTC,1.71,87.1,"GPS: 48.3700 N, -123.0700 W",93,GOOD,NORMAL,0,0,0,1.71,1.71,0.37
163015,SNS-1010,BTC-SEA-5010,SHP-2026-110,2026-08-24 04:18 UTC,1.29,85.9,"GPS: 48.3800 N, -123.0800 W",93,EXCELLENT,NORMAL,0,0,0,1.29,1.29,0.38
163016,SNS-1010,BTC-SEA-5010,SHP-2026-110,2026-08-24 04:33 UTC,2.57,88.2,"GPS: 48.3900 N, -123.0900 W",93,EXCELLENT,NORMAL,0,0,0,2.57,2.57,0.39
163017,SNS-1010,BTC-SEA-5010,SHP-2026-110,2026-08-24 04:48 UTC,1.23,93.5,"GPS: 48.4000 N, -123.1000 W",92,FAIR,NORMAL,0,0,0,1.23,1.23,0.37
163018,SNS-1010,BTC-SEA-5010,SHP-2026-110,2026-08-24 05:03 UTC,2.87,86.3,"GPS: 48.4100 N, -123.1100 W",92,FAIR,NORMAL,0,0,0,2.87,2.87,0.38
163019,SNS-1010,BTC-SEA-5010,SHP-2026-110,2026-08-24 05:18 UTC,1.22,85.5,"GPS: 48.4200 N, -123.1200 W",92,GOOD,NORMAL,0,0,0,1.22,1.22,0.37
163020,SNS-1010,BTC-SEA-5010,SHP-2026-110,2026-08-24 05:33 UTC,4.71,85.5,"GPS: 48.4300 N, -123.1300 W",92,FAIR,NORMAL,0,0,0,4.71,4.71,0.44
163021,SNS-1010,BTC-SEA-5010,SHP-2026-110,2026-08-24 05:48 UTC,1.6,91.6,"GPS: 48.4400 N, -123.1400 W",92,FAIR,NORMAL,0,0,0,1.6,1.6,0.36
163022,SNS-1010,BTC-SEA-5010,SHP-2026-110,2026-08-24 06:03 UTC,4.78,95.3,"GPS: 48.4500 N, -123.1500 W",92,FAIR,NORMAL,0,0,0,4.78,4.78,0.39
163023,SNS-1010,BTC-SEA-5010,SHP-2026-110,2026-08-24 06:18 UTC,2.98,91.5,"GPS: 48.4600 N, -123.1600 W",92,GOOD,NORMAL,0,0,0,2.98,2.98,0.4
163024,SNS-1010,BTC-SEA-5010,SHP-2026-110,2026-08-24 06:33 UTC,-32.08,94.0,"GPS: 48.4700 N, -123.1700 W",92,FAIR,WARNING,0,0,0,-32.08,-32.08,0.51
163025,SNS-1010,BTC-SEA-5010,SHP-2026-110,2026-08-24 06:48 UTC,3.03,85.8,"GPS: 48.4800 N, -123.1800 W",92,GOOD,NORMAL,0,0,0,3.03,3.03,0.36
163026,SNS-1010,BTC-SEA-5010,SHP-2026-110,2026-08-24 07:03 UTC,2.98,95.6,"GPS: 48.4900 N, -123.1900 W",92,FAIR,NORMAL,0,0,0,2.98,2.98,0.36
163027,SNS-1010,BTC-SEA-5010,SHP-2026-110,2026-08-24 07:18 UTC,2.62,85.5,"GPS: 48.5000 N, -123.2000 W",91,EXCELLENT,NORMAL,0,0,0,2.62,2.62,0.36
163028,SNS-1010,BTC-SEA-5010,SHP-2026-110,2026-08-24 07:33 UTC,3.71,86.2,"GPS: 48.5100 N, -123.2100 W",91,FAIR,NORMAL,0,0,0,3.71,3.71,0.36
163029,SNS-1010,BTC-SEA-5010,SHP-2026-110,2026-08-24 07:48 UTC,3.64,87.1,"GPS: 48.5200 N, -123.2200 W",91,FAIR,NORMAL,0,0,0,3.64,3.64,0.38
163030,SNS-1010,BTC-SEA-5010,SHP-2026-110,2026-08-24 08:03 UTC,2.31,93.7,"GPS: 48.5300 N, -123.2300 W",91,FAIR,NORMAL,0,0,0,2.31,2.31,0.38
163031,SNS-1010,BTC-SEA-5010,SHP-2026-110,2026-08-24 08:18 UTC,4.38,93.2,"GPS: 48.5400 N, -123.2400 W",91,FAIR,NORMAL,0,0,0,4.38,4.38,0.4
163032,SNS-1010,BTC-SEA-5010,SHP-2026-110,2026-08-24 08:33 UTC,1.58,87.7,"GPS: 48.5500 N, -123.2500 W",91,EXCELLENT,NORMAL,0,0,0,1.58,1.58,0.41
163033,SNS-1010,BTC-SEA-5010,SHP-2026-110,2026-08-24 08:48 UTC,3.38,90.8,"GPS: 48.5600 N, -123.2600 W",91,FAIR,NORMAL,0,0,0,3.38,3.38,0.37
163034,SNS-1010,BTC-SEA-5010,SHP-2026-110,2026-08-24 09:03 UTC,4.59,88.5,"GPS: 48.5700 N, -123.2700 W",91,EXCELLENT,NORMAL,0,0,0,4.59,4.59,0.39
163035,SNS-1010,BTC-SEA-5010,SHP-2026-110,2026-08-24 09:18 UTC,4.19,92.3,"GPS: 48.5800 N, -123.2800 W",91,FAIR,NORMAL,0,0,0,4.19,4.19,0.37
163036,SNS-1010,BTC-SEA-5010,SHP-2026-110,2026-08-24 09:33 UTC,2.47,87.8,"GPS: 48.5900 N, -123.2900 W",91,FAIR,NORMAL,0,0,0,2.47,2.47,0.36
163037,SNS-1010,BTC-SEA-5010,SHP-2026-110,2026-08-24 09:48 UTC,3.85,95.9,"GPS: 48.6000 N, -123.3000 W",90,GOOD,NORMAL,0,0,0,3.85,3.85,0.41
163038,SNS-1010,BTC-SEA-5010,SHP-2026-110,2026-08-24 10:03 UTC,4.05,89.1,"GPS: 48.6100 N, -123.3100 W",90,FAIR,NORMAL,0,0,0,4.05,4.05,0.39
163039,SNS-1010,BTC-SEA-5010,SHP-2026-110,2026-08-24 10:18 UTC,3.41,87.8,"GPS: 48.6200 N, -123.3200 W",90,EXCELLENT,NORMAL,0,0,0,3.41,3.41,0.38
163040,SNS-1010,BTC-SEA-5010,SHP-2026-110,2026-08-24 10:33 UTC,1.84,90.3,"GPS: 48.6300 N, -123.3300 W",90,FAIR,NORMAL,0,0,0,1.84,1.84,0.41
163041,SNS-1010,BTC-SEA-5010,SHP-2026-110,2026-08-24 10:48 UTC,3.14,88.8,"GPS: 48.6400 N, -123.3400 W",90,FAIR,NORMAL,0,0,0,3.14,3.14,0.4
163042,SNS-1010,BTC-SEA-5010,SHP-2026-110,2026-08-24 11:03 UTC,3.65,86.9,"GPS: 48.6500 N, -123.3500 W",90,FAIR,NORMAL,0,0,0,3.65,3.65,0.37
163043,SNS-1010,BTC-SEA-5010,SHP-2026-110,2026-08-24 11:18 UTC,1.56,90.5,"GPS: 48.6600 N, -123.3600 W",90,GOOD,NORMAL,0,0,0,1.56,1.56,0.39
163044,SNS-1010,BTC-SEA-5010,SHP-2026-110,2026-08-24 11:33 UTC,1.42,90.7,"GPS: 48.6700 N, -123.3700 W",90,EXCELLENT,NORMAL,0,0,0,1.42,1.42,0.37
163045,SNS-1010,BTC-SEA-5010,SHP-2026-110,2026-08-24 11:48 UTC,1.42,90.8,"GPS: 48.6800 N, -123.3800 W",90,GOOD,NORMAL,0,0,0,1.42,1.42,0.37
163046,SNS-1010,BTC-SEA-5010,SHP-2026-110,2026-08-24 12:03 UTC,1.69,88.3,"GPS: 48.6900 N, -123.3900 W",90,GOOD,NORMAL,0,0,0,1.69,1.69,0.38
163047,SNS-1010,BTC-SEA-5010,SHP-2026-110,2026-08-24 12:18 UTC,2.91,92.6,"GPS: 48.7000 N, -123.4000 W",89,GOOD,NORMAL,0,0,0,2.91,2.91,0.47
163048,SNS-1010,BTC-SEA-5010,SHP-2026-110,2026-08-24 12:33 UTC,4.46,87.3,"GPS: 48.7100 N, -123.4100 W",89,FAIR,NORMAL,0,0,0,4.46,4.46,0.46
163049,SNS-1010,BTC-SEA-5010,SHP-2026-110,2026-08-24 12:48 UTC,2.97,87.3,"GPS: 48.7200 N, -123.4200 W",89,EXCELLENT,NORMAL,0,0,0,2.97,2.97,0.4
163050,SNS-1010,BTC-SEA-5010,SHP-2026-110,2026-08-24 13:03 UTC,3.04,95.4,"GPS: 48.7300 N, -123.4300 W",89,EXCELLENT,NORMAL,0,0,0,3.04,3.04,0.44
163051,SNS-1010,BTC-SEA-5010,SHP-2026-110,2026-08-24 13:18 UTC,2.71,90.4,"GPS: 48.7400 N, -123.4400 W",89,FAIR,NORMAL,0,0,0,2.71,2.71,0.38
163052,SNS-1010,BTC-SEA-5010,SHP-2026-110,2026-08-24 13:33 UTC,2.25,90.1,"GPS: 48.7500 N, -123.4500 W",89,EXCELLENT,NORMAL,0,0,0,2.25,2.25,0.39
163053,SNS-1010,BTC-SEA-5010,SHP-2026-110,2026-08-24 13:48 UTC,3.11,90.8,"GPS: 48.7600 N, -123.4600 W",89,GOOD,NORMAL,0,0,0,3.11,3.11,0.38
163054,SNS-1010,BTC-SEA-5010,SHP-2026-110,2026-08-24 14:03 UTC,2.93,87.4,"GPS: 48.7700 N, -123.4700 W",89,FAIR,NORMAL,0,0,0,2.93,2.93,0.38
163055,SNS-1010,BTC-SEA-5010,SHP-2026-110,2026-08-24 14:18 UTC,1.4,89.6,"GPS: 48.7800 N, -123.4800 W",89,EXCELLENT,NORMAL,0,0,0,1.4,1.4,0.45
163056,SNS-1010,BTC-SEA-5010,SHP-2026-110,2026-08-24 14:33 UTC,4.14,85.4,"GPS: 48.7900 N, -123.4900 W",89,GOOD,NORMAL,0,0,0,4.14,4.14,0.42
163057,SNS-1010,BTC-SEA-5010,SHP-2026-110,2026-08-24 14:48 UTC,2.67,93.6,"GPS: 48.8000 N, -123.5000 W",88,EXCELLENT,NORMAL,0,0,0,2.67,2.67,0.43
163058,SNS-1010,BTC-SEA-5010,SHP-2026-110,2026-08-24 15:03 UTC,2.73,85.3,"GPS: 48.8100 N, -123.5100 W",88,FAIR,NORMAL,0,0,0,2.73,2.73,0.45
163059,SNS-1010,BTC-SEA-5010,SHP-2026-110,2026-08-24 15:18 UTC,3.87,92.7,"GPS: 48.8200 N, -123.5200 W",88,FAIR,NORMAL,0,0,0,3.87,3.87,0.39
163060,SNS-1010,BTC-SEA-5010,SHP-2026-110,2026-08-24 15:33 UTC,1.45,85.3,"GPS: 48.8300 N, -123.5300 W",88,FAIR,NORMAL,0,0,0,1.45,1.45,0.45
163061,SNS-1010,BTC-SEA-5010,SHP-2026-110,2026-08-24 15:48 UTC,1.91,93.8,"GPS: 48.8400 N, -123.5400 W",88,GOOD,NORMAL,0,0,0,1.91,1.91,0.39
163062,SNS-1010,BTC-SEA-5010,SHP-2026-110,2026-08-24 16:03 UTC,3.08,95.7,"GPS: 48.8500 N, -123.5500 W",88,EXCELLENT,NORMAL,0,0,0,3.08,3.08,0.4
163063,SNS-1010,BTC-SEA-5010,SHP-2026-110,2026-08-24 16:18 UTC,2.98,90.9,"GPS: 48.8600 N, -123.5600 W",88,FAIR,NORMAL,0,0,0,2.98,2.98,0.4
163064,SNS-1010,BTC-SEA-5010,SHP-2026-110,2026-08-24 16:33 UTC,2.92,92.7,"GPS: 48.8700 N, -123.5700 W",88,FAIR,NORMAL,0,0,0,2.92,2.92,0.39
163065,SNS-1010,BTC-SEA-5010,SHP-2026-110,2026-08-24 16:48 UTC,1.21,86.7,"GPS: 48.8800 N, -123.5800 W",88,GOOD,NORMAL,0,0,0,1.21,1.21,0.46
163066,SNS-1010,BTC-SEA-5010,SHP-2026-110,2026-08-24 17:03 UTC,2.07,92.8,"GPS: 48.8900 N, -123.5900 W",88,GOOD,NORMAL,0,0,0,2.07,2.07,0.39
163067,SNS-1010,BTC-SEA-5010,SHP-2026-110,2026-08-24 17:18 UTC,2.64,90.0,"GPS: 48.9000 N, -123.6000 W",87,EXCELLENT,NORMAL,0,0,0,2.64,2.64,0.44
163068,SNS-1010,BTC-SEA-5010,SHP-2026-110,2026-08-24 17:33 UTC,1.99,85.5,"GPS: 48.9100 N, -123.6100 W",87,EXCELLENT,NORMAL,0,0,0,1.99,1.99,0.45
163069,SNS-1010,BTC-SEA-5010,SHP-2026-110,2026-08-24 17:48 UTC,3.74,95.4,"GPS: 48.9200 N, -123.6200 W",87,FAIR,NORMAL,0,0,0,3.74,3.74,0.5
163070,SNS-1010,BTC-SEA-5010,SHP-2026-110,2026-08-24 18:03 UTC,3.04,93.5,"GPS: 48.9300 N, -123.6300 W",87,FAIR,NORMAL,0,0,0,3.04,3.04,0.44
163071,SNS-1010,BTC-SEA-5010,SHP-2026-110,2026-08-24 18:18 UTC,1.99,92.9,"GPS: 48.9400 N, -123.6400 W",87,FAIR,NORMAL,0,0,0,1.99,1.99,0.44
163072,SNS-1010,BTC-SEA-5010,SHP-2026-110,2026-08-24 18:33 UTC,4.59,90.0,"GPS: 48.9500 N, -123.6500 W",87,GOOD,NORMAL,0,0,0,4.59,4.59,0.49
163073,SNS-1011,BTC-SEA-5011,SHP-2026-111,2026-08-23 10:48 UTC,-20.08,85.9,"GPS: 47.6000 N, -122.3000 W",100,FAIR,NORMAL,0,0,0,-20.08,-20.08,0.49
163074,SNS-1011,BTC-SEA-5011,SHP-2026-111,2026-08-23 11:03 UTC,-20.15,94.0,"GPS: 47.6100 N, -122.3100 W",100,GOOD,NORMAL,0,0,0,-20.15,-20.15,0.44
163075,SNS-1011,BTC-SEA-5011,SHP-2026-111,2026-08-23 11:18 UTC,-19.67,93.1,"GPS: 47.6200 N, -122.3200 W",100,FAIR,NORMAL,0,0,0,-19.67,-19.67,0.45
163076,SNS-1011,BTC-SEA-5011,SHP-2026-111,2026-08-23 11:33 UTC,-22.53,87.1,"GPS: 47.6300 N, -122.3300 W",100,EXCELLENT,NORMAL,0,0,0,-22.53,-22.53,0.51
163077,SNS-1011,BTC-SEA-5011,SHP-2026-111,2026-08-23 11:48 UTC,-21.29,85.9,"GPS: 47.6400 N, -122.3400 W",100,FAIR,NORMAL,0,0,0,-21.29,-21.29,0.43
163078,SNS-1011,BTC-SEA-5011,SHP-2026-111,2026-08-23 12:03 UTC,-18.87,87.8,"GPS: 47.6500 N, -122.3500 W",100,EXCELLENT,NORMAL,0,0,0,-18.87,-18.87,0.45
163079,SNS-1011,BTC-SEA-5011,SHP-2026-111,2026-08-23 12:18 UTC,-23.76,90.4,"GPS: 47.6600 N, -122.3600 W",100,EXCELLENT,NORMAL,0,0,0,-23.76,-23.76,0.5
163080,SNS-1011,BTC-SEA-5011,SHP-2026-111,2026-08-23 12:33 UTC,-23.35,93.4,"GPS: 47.6700 N, -122.3700 W",100,GOOD,NORMAL,0,0,0,-23.35,-23.35,0.46
163081,SNS-1011,BTC-SEA-5011,SHP-2026-111,2026-08-23 12:48 UTC,-19.35,93.8,"GPS: 47.6800 N, -122.3800 W",100,GOOD,NORMAL,0,0,0,-19.35,-19.35,0.44
163082,SNS-1011,BTC-SEA-5011,SHP-2026-111,2026-08-23 13:03 UTC,-23.48,87.4,"GPS: 47.6900 N, -122.3900 W",100,GOOD,NORMAL,0,0,0,-23.48,-23.48,0.46
163083,SNS-1011,BTC-SEA-5011,SHP-2026-111,2026-08-23 13:18 UTC,-22.58,89.8,"GPS: 47.7000 N, -122.4000 W",99,FAIR,NORMAL,0,0,0,-22.58,-22.58,0.48
163084,SNS-1011,BTC-SEA-5011,SHP-2026-111,2026-08-23 13:33 UTC,-23.38,93.2,"GPS: 47.7100 N, -122.4100 W",99,EXCELLENT,NORMAL,0,0,0,-23.38,-23.38,0.43
163085,SNS-1011,BTC-SEA-5011,SHP-2026-111,2026-08-23 13:48 UTC,-23.16,85.9,"GPS: 47.7200 N, -122.4200 W",99,GOOD,NORMAL,0,0,0,-23.16,-23.16,0.43
163086,SNS-1011,BTC-SEA-5011,SHP-2026-111,2026-08-23 14:03 UTC,-20.32,91.8,"GPS: 47.7300 N, -122.4300 W",99,GOOD,NORMAL,0,0,0,-20.32,-20.32,0.49
163087,SNS-1011,BTC-SEA-5011,SHP-2026-111,2026-08-23 14:18 UTC,-22.22,87.7,"GPS: 47.7400 N, -122.4400 W",99,FAIR,NORMAL,0,0,0,-22.22,-22.22,0.47
163088,SNS-1011,BTC-SEA-5011,SHP-2026-111,2026-08-23 14:33 UTC,-22.56,90.5,"GPS: 47.7500 N, -122.4500 W",99,EXCELLENT,NORMAL,0,0,0,-22.56,-22.56,0.46
163089,SNS-1011,BTC-SEA-5011,SHP-2026-111,2026-08-23 14:48 UTC,-21.78,95.6,"GPS: 47.7600 N, -122.4600 W",99,GOOD,NORMAL,0,0,0,-21.78,-21.78,0.44
163090,SNS-1011,BTC-SEA-5011,SHP-2026-111,2026-08-23 15:03 UTC,-21.55,93.5,"GPS: 47.7700 N, -122.4700 W",99,FAIR,NORMAL,0,0,0,-21.55,-21.55,0.45
163091,SNS-1011,BTC-SEA-5011,SHP-2026-111,2026-08-23 15:18 UTC,-22.45,95.8,"GPS: 47.7800 N, -122.4800 W",99,FAIR,NORMAL,0,0,0,-22.45,-22.45,0.43
163092,SNS-1011,BTC-SEA-5011,SHP-2026-111,2026-08-23 15:33 UTC,-19.42,89.5,"GPS: 47.7900 N, -122.4900 W",99,GOOD,NORMAL,0,0,0,-19.42,-19.42,0.48
163093,SNS-1011,BTC-SEA-5011,SHP-2026-111,2026-08-23 15:48 UTC,-4.29,85.9,"GPS: 47.8000 N, -122.5000 W",98,GOOD,WARNING,0,0,0,-4.29,-4.29,0.49
163094,SNS-1011,BTC-SEA-5011,SHP-2026-111,2026-08-23 16:03 UTC,-21.76,86.7,"GPS: 47.8100 N, -122.5100 W",98,GOOD,NORMAL,0,0,0,-21.76,-21.76,0.4
163095,SNS-1011,BTC-SEA-5011,SHP-2026-111,2026-08-23 16:18 UTC,-18.41,85.7,"GPS: 47.8200 N, -122.5200 W",98,FAIR,NORMAL,0,0,0,-18.41,-18.41,0.45
163096,SNS-1011,BTC-SEA-5011,SHP-2026-111,2026-08-23 16:33 UTC,-19.93,86.6,"GPS: 47.8300 N, -122.5300 W",98,FAIR,NORMAL,0,0,0,-19.93,-19.93,0.4
163097,SNS-1011,BTC-SEA-5011,SHP-2026-111,2026-08-23 16:48 UTC,-23.09,89.1,"GPS: 47.8400 N, -122.5400 W",98,FAIR,NORMAL,0,0,0,-23.09,-23.09,0.42
163098,SNS-1011,BTC-SEA-5011,SHP-2026-111,2026-08-23 17:03 UTC,-23.06,88.0,"GPS: 47.8500 N, -122.5500 W",98,FAIR,NORMAL,0,0,0,-23.06,-23.06,0.43
163099,SNS-1011,BTC-SEA-5011,SHP-2026-111,2026-08-23 17:18 UTC,-21.54,94.5,"GPS: 47.8600 N, -122.5600 W",98,GOOD,NORMAL,0,0,0,-21.54,-21.54,0.44
163100,SNS-1011,BTC-SEA-5011,SHP-2026-111,2026-08-23 17:33 UTC,-22.22,89.0,"GPS: 47.8700 N, -122.5700 W",98,EXCELLENT,NORMAL,0,0,0,-22.22,-22.22,0.44
163101,SNS-1011,BTC-SEA-5011,SHP-2026-111,2026-08-23 17:48 UTC,-21.33,86.0,"GPS: 47.8800 N, -122.5800 W",98,GOOD,NORMAL,0,0,0,-21.33,-21.33,0.42
163102,SNS-1011,BTC-SEA-5011,SHP-2026-111,2026-08-23 18:03 UTC,-20.71,94.5,"GPS: 47.8900 N, -122.5900 W",98,EXCELLENT,NORMAL,0,0,0,-20.71,-20.71,0.42
163103,SNS-1011,BTC-SEA-5011,SHP-2026-111,2026-08-23 18:18 UTC,-19.44,95.1,"GPS: 47.9000 N, -122.6000 W",97,EXCELLENT,NORMAL,0,0,0,-19.44,-19.44,0.45
163104,SNS-1011,BTC-SEA-5011,SHP-2026-111,2026-08-23 18:33 UTC,-22.03,87.8,"GPS: 47.9100 N, -122.6100 W",97,FAIR,NORMAL,0,0,0,-22.03,-22.03,0.4
163105,SNS-1011,BTC-SEA-5011,SHP-2026-111,2026-08-23 18:48 UTC,-18.63,91.7,"GPS: 47.9200 N, -122.6200 W",97,EXCELLENT,NORMAL,0,0,0,-18.63,-18.63,0.43
163106,SNS-1011,BTC-SEA-5011,SHP-2026-111,2026-08-23 19:03 UTC,-20.79,95.0,"GPS: 47.9300 N, -122.6300 W",97,EXCELLENT,NORMAL,0,0,0,-20.79,-20.79,0.4
163107,SNS-1011,BTC-SEA-5011,SHP-2026-111,2026-08-23 19:18 UTC,-19.9,87.8,"GPS: 47.9400 N, -122.6400 W",97,GOOD,NORMAL,0,0,0,-19.9,-19.9,0.42
163108,SNS-1011,BTC-SEA-5011,SHP-2026-111,2026-08-23 19:33 UTC,-21.75,91.8,"GPS: 47.9500 N, -122.6500 W",97,GOOD,NORMAL,0,0,0,-21.75,-21.75,0.39
163109,SNS-1011,BTC-SEA-5011,SHP-2026-111,2026-08-23 19:48 UTC,-21.08,95.6,"GPS: 47.9600 N, -122.6600 W",97,EXCELLENT,NORMAL,0,0,0,-21.08,-21.08,0.38
163110,SNS-1011,BTC-SEA-5011,SHP-2026-111,2026-08-23 20:03 UTC,-22.15,85.8,"GPS: 47.9700 N, -122.6700 W",97,GOOD,NORMAL,0,0,0,-22.15,-22.15,0.43
163111,SNS-1011,BTC-SEA-5011,SHP-2026-111,2026-08-23 20:18 UTC,-21.56,94.5,"GPS: 47.9800 N, -122.6800 W",97,EXCELLENT,NORMAL,0,0,0,-21.56,-21.56,0.41
163112,SNS-1011,BTC-SEA-5011,SHP-2026-111,2026-08-23 20:33 UTC,-18.62,90.8,"GPS: 47.9900 N, -122.6900 W",97,GOOD,NORMAL,0,0,0,-18.62,-18.62,0.48
163113,SNS-1011,BTC-SEA-5011,SHP-2026-111,2026-08-23 20:48 UTC,-19.51,87.5,"GPS: 48.0000 N, -122.7000 W",96,GOOD,NORMAL,0,0,0,-19.51,-19.51,0.38
163114,SNS-1011,BTC-SEA-5011,SHP-2026-111,2026-08-23 21:03 UTC,-21.96,94.2,"GPS: 48.0100 N, -122.7100 W",96,EXCELLENT,NORMAL,0,0,0,-21.96,-21.96,0.39
163115,SNS-1011,BTC-SEA-5011,SHP-2026-111,2026-08-23 21:18 UTC,-20.59,86.6,"GPS: 48.0200 N, -122.7200 W",96,GOOD,NORMAL,0,0,0,-20.59,-20.59,0.44
163116,SNS-1011,BTC-SEA-5011,SHP-2026-111,2026-08-23 21:33 UTC,-21.63,91.2,"GPS: 48.0300 N, -122.7300 W",96,GOOD,NORMAL,0,0,0,-21.63,-21.63,0.39
163117,SNS-1011,BTC-SEA-5011,SHP-2026-111,2026-08-23 21:48 UTC,-18.9,85.4,"GPS: 48.0400 N, -122.7400 W",96,EXCELLENT,NORMAL,0,0,0,-18.9,-18.9,0.42
163118,SNS-1011,BTC-SEA-5011,SHP-2026-111,2026-08-23 22:03 UTC,-23.22,87.2,"GPS: 48.0500 N, -122.7500 W",96,GOOD,NORMAL,0,0,0,-23.22,-23.22,0.43
163119,SNS-1011,BTC-SEA-5011,SHP-2026-111,2026-08-23 22:18 UTC,-21.86,86.0,"GPS: 48.0600 N, -122.7600 W",96,EXCELLENT,NORMAL,0,0,0,-21.86,-21.86,0.39
163120,SNS-1011,BTC-SEA-5011,SHP-2026-111,2026-08-23 22:33 UTC,-19.83,90.0,"GPS: 48.0700 N, -122.7700 W",96,FAIR,NORMAL,0,0,0,-19.83,-19.83,0.37
163121,SNS-1011,BTC-SEA-5011,SHP-2026-111,2026-08-23 22:48 UTC,-23.76,92.4,"GPS: 48.0800 N, -122.7800 W",96,GOOD,NORMAL,0,0,0,-23.76,-23.76,0.43
163122,SNS-1011,BTC-SEA-5011,SHP-2026-111,2026-08-23 23:03 UTC,-23.07,85.8,"GPS: 48.0900 N, -122.7900 W",96,EXCELLENT,NORMAL,0,0,0,-23.07,-23.07,0.41
163123,SNS-1011,BTC-SEA-5011,SHP-2026-111,2026-08-23 23:18 UTC,-22.01,90.1,"GPS: 48.1000 N, -122.8000 W",95,GOOD,NORMAL,0,0,0,-22.01,-22.01,0.45
163124,SNS-1011,BTC-SEA-5011,SHP-2026-111,2026-08-23 23:33 UTC,-22.66,92.4,"GPS: 48.1100 N, -122.8100 W",95,FAIR,NORMAL,0,0,0,-22.66,-22.66,0.42
163125,SNS-1011,BTC-SEA-5011,SHP-2026-111,2026-08-23 23:48 UTC,-23.68,89.5,"GPS: 48.1200 N, -122.8200 W",95,GOOD,NORMAL,0,0,0,-23.68,-23.68,0.41
163126,SNS-1011,BTC-SEA-5011,SHP-2026-111,2026-08-24 00:03 UTC,-22.18,90.5,"GPS: 48.1300 N, -122.8300 W",95,GOOD,NORMAL,0,0,0,-22.18,-22.18,0.39
163127,SNS-1011,BTC-SEA-5011,SHP-2026-111,2026-08-24 00:18 UTC,-22.6,86.1,"GPS: 48.1400 N, -122.8400 W",95,FAIR,NORMAL,0,0,0,-22.6,-22.6,0.47
163128,SNS-1011,BTC-SEA-5011,SHP-2026-111,2026-08-24 00:33 UTC,-20.44,90.0,"GPS: 48.1500 N, -122.8500 W",95,EXCELLENT,NORMAL,0,0,0,-20.44,-20.44,0.44
163129,SNS-1011,BTC-SEA-5011,SHP-2026-111,2026-08-24 00:48 UTC,-19.55,85.8,"GPS: 48.1600 N, -122.8600 W",95,FAIR,NORMAL,0,0,0,-19.55,-19.55,0.4
163130,SNS-1011,BTC-SEA-5011,SHP-2026-111,2026-08-24 01:03 UTC,-23.74,86.1,"GPS: 48.1700 N, -122.8700 W",95,GOOD,NORMAL,0,0,0,-23.74,-23.74,0.44
163131,SNS-1011,BTC-SEA-5011,SHP-2026-111,2026-08-24 01:18 UTC,-23.45,95.4,"GPS: 48.1800 N, -122.8800 W",95,GOOD,NORMAL,0,0,0,-23.45,-23.45,0.41
163132,SNS-1011,BTC-SEA-5011,SHP-2026-111,2026-08-24 01:33 UTC,-20.58,95.3,"GPS: 48.1900 N, -122.8900 W",95,GOOD,NORMAL,0,0,0,-20.58,-20.58,0.37
163133,SNS-1011,BTC-SEA-5011,SHP-2026-111,2026-08-24 01:48 UTC,-23.75,92.3,"GPS: 48.2000 N, -122.9000 W",94,GOOD,NORMAL,0,0,0,-23.75,-23.75,0.42
163134,SNS-1011,BTC-SEA-5011,SHP-2026-111,2026-08-24 02:03 UTC,-8.93,90.0,"GPS: 48.2100 N, -122.9100 W",94,FAIR,WARNING,0,0,0,-8.93,-8.93,0.48
163135,SNS-1011,BTC-SEA-5011,SHP-2026-111,2026-08-24 02:18 UTC,-19.08,93.7,"GPS: 48.2200 N, -122.9200 W",94,EXCELLENT,NORMAL,0,0,0,-19.08,-19.08,0.46
163136,SNS-1011,BTC-SEA-5011,SHP-2026-111,2026-08-24 02:33 UTC,-20.21,93.6,"GPS: 48.2300 N, -122.9300 W",94,FAIR,NORMAL,0,0,0,-20.21,-20.21,0.39
163137,SNS-1011,BTC-SEA-5011,SHP-2026-111,2026-08-24 02:48 UTC,-21.56,92.7,"GPS: 48.2400 N, -122.9400 W",94,EXCELLENT,NORMAL,0,0,0,-21.56,-21.56,0.38
163138,SNS-1011,BTC-SEA-5011,SHP-2026-111,2026-08-24 03:03 UTC,-21.12,90.7,"GPS: 48.2500 N, -122.9500 W",94,EXCELLENT,NORMAL,0,0,0,-21.12,-21.12,0.38
163139,SNS-1011,BTC-SEA-5011,SHP-2026-111,2026-08-24 03:18 UTC,-21.79,88.8,"GPS: 48.2600 N, -122.9600 W",94,EXCELLENT,NORMAL,0,0,0,-21.79,-21.79,0.39
163140,SNS-1011,BTC-SEA-5011,SHP-2026-111,2026-08-24 03:33 UTC,-22.58,90.6,"GPS: 48.2700 N, -122.9700 W",94,FAIR,WARNING,0,0,0,-22.58,-22.58,0.43
163141,SNS-1011,BTC-SEA-5011,SHP-2026-111,2026-08-24 03:48 UTC,-21.42,88.4,"GPS: 48.2800 N, -122.9800 W",94,EXCELLENT,NORMAL,0,0,0,-21.42,-21.42,0.38
163142,SNS-1011,BTC-SEA-5011,SHP-2026-111,2026-08-24 04:03 UTC,-19.42,86.6,"GPS: 48.2900 N, -122.9900 W",94,GOOD,NORMAL,0,0,0,-19.42,-19.42,0.44
163143,SNS-1011,BTC-SEA-5011,SHP-2026-111,2026-08-24 04:18 UTC,-22.16,90.0,"GPS: 48.3000 N, -123.0000 W",93,EXCELLENT,NORMAL,0,0,0,-22.16,-22.16,0.39
163144,SNS-1011,BTC-SEA-5011,SHP-2026-111,2026-08-24 04:33 UTC,-19.54,94.7,"GPS: 48.3100 N, -123.0100 W",93,FAIR,NORMAL,0,0,0,-19.54,-19.54,0.38
163145,SNS-1011,BTC-SEA-5011,SHP-2026-111,2026-08-24 04:48 UTC,-23.38,94.2,"GPS: 48.3200 N, -123.0200 W",93,FAIR,NORMAL,0,0,0,-23.38,-23.38,0.43
163146,SNS-1011,BTC-SEA-5011,SHP-2026-111,2026-08-24 05:03 UTC,-19.24,89.0,"GPS: 48.3300 N, -123.0300 W",93,FAIR,NORMAL,0,0,0,-19.24,-19.24,0.37
163147,SNS-1011,BTC-SEA-5011,SHP-2026-111,2026-08-24 05:18 UTC,-22.71,94.6,"GPS: 48.3400 N, -123.0400 W",93,FAIR,NORMAL,0,0,0,-22.71,-22.71,0.4
163148,SNS-1011,BTC-SEA-5011,SHP-2026-111,2026-08-24 05:33 UTC,-23.76,94.7,"GPS: 48.3500 N, -123.0500 W",93,EXCELLENT,NORMAL,0,0,0,-23.76,-23.76,0.41
163149,SNS-1011,BTC-SEA-5011,SHP-2026-111,2026-08-24 05:48 UTC,-23.61,91.7,"GPS: 48.3600 N, -123.0600 W",93,GOOD,NORMAL,0,0,0,-23.61,-23.61,0.4
163150,SNS-1011,BTC-SEA-5011,SHP-2026-111,2026-08-24 06:03 UTC,-21.01,93.7,"GPS: 48.3700 N, -123.0700 W",93,FAIR,NORMAL,0,0,0,-21.01,-21.01,0.38
163151,SNS-1011,BTC-SEA-5011,SHP-2026-111,2026-08-24 06:18 UTC,-21.23,90.0,"GPS: 48.3800 N, -123.0800 W",93,EXCELLENT,NORMAL,0,0,0,-21.23,-21.23,0.38
163152,SNS-1011,BTC-SEA-5011,SHP-2026-111,2026-08-24 06:33 UTC,-21.67,89.0,"GPS: 48.3900 N, -123.0900 W",93,EXCELLENT,NORMAL,0,0,0,-21.67,-21.67,0.38
163153,SNS-1011,BTC-SEA-5011,SHP-2026-111,2026-08-24 06:48 UTC,-21.3,85.7,"GPS: 48.4000 N, -123.1000 W",92,GOOD,NORMAL,0,0,0,-21.3,-21.3,0.38
163154,SNS-1011,BTC-SEA-5011,SHP-2026-111,2026-08-24 07:03 UTC,-22.44,91.2,"GPS: 48.4100 N, -123.1100 W",92,GOOD,NORMAL,0,0,0,-22.44,-22.44,0.45
163155,SNS-1011,BTC-SEA-5011,SHP-2026-111,2026-08-24 07:18 UTC,-22.94,85.1,"GPS: 48.4200 N, -123.1200 W",92,EXCELLENT,NORMAL,0,0,0,-22.94,-22.94,0.44
163156,SNS-1011,BTC-SEA-5011,SHP-2026-111,2026-08-24 07:33 UTC,-18.92,85.2,"GPS: 48.4300 N, -123.1300 W",92,FAIR,NORMAL,0,0,0,-18.92,-18.92,0.45
163157,SNS-1011,BTC-SEA-5011,SHP-2026-111,2026-08-24 07:48 UTC,-21.29,85.2,"GPS: 48.4400 N, -123.1400 W",92,FAIR,NORMAL,0,0,0,-21.29,-21.29,0.43
163158,SNS-1011,BTC-SEA-5011,SHP-2026-111,2026-08-24 08:03 UTC,-19.4,92.3,"GPS: 48.4500 N, -123.1500 W",92,GOOD,NORMAL,0,0,0,-19.4,-19.4,0.37
163159,SNS-1011,BTC-SEA-5011,SHP-2026-111,2026-08-24 08:18 UTC,-21.38,95.5,"GPS: 48.4600 N, -123.1600 W",92,FAIR,NORMAL,0,0,0,-21.38,-21.38,0.39
163160,SNS-1011,BTC-SEA-5011,SHP-2026-111,2026-08-24 08:33 UTC,-18.34,87.7,"GPS: 48.4700 N, -123.1700 W",92,FAIR,NORMAL,0,0,0,-18.34,-18.34,0.4
163161,SNS-1011,BTC-SEA-5011,SHP-2026-111,2026-08-24 08:48 UTC,-20.5,94.3,"GPS: 48.4800 N, -123.1800 W",92,FAIR,NORMAL,0,0,0,-20.5,-20.5,0.39
163162,SNS-1011,BTC-SEA-5011,SHP-2026-111,2026-08-24 09:03 UTC,-19.81,91.8,"GPS: 48.4900 N, -123.1900 W",92,FAIR,NORMAL,0,0,0,-19.81,-19.81,0.43
163163,SNS-1011,BTC-SEA-5011,SHP-2026-111,2026-08-24 09:18 UTC,-19.76,92.5,"GPS: 48.5000 N, -123.2000 W",91,EXCELLENT,NORMAL,0,0,0,-19.76,-19.76,0.41
163164,SNS-1011,BTC-SEA-5011,SHP-2026-111,2026-08-24 09:33 UTC,-19.88,90.6,"GPS: 48.5100 N, -123.2100 W",91,GOOD,NORMAL,0,0,0,-19.88,-19.88,0.4
163165,SNS-1011,BTC-SEA-5011,SHP-2026-111,2026-08-24 09:48 UTC,-23.27,91.4,"GPS: 48.5200 N, -123.2200 W",91,FAIR,NORMAL,0,0,0,-23.27,-23.27,0.49
163166,SNS-1011,BTC-SEA-5011,SHP-2026-111,2026-08-24 10:03 UTC,-22.82,92.4,"GPS: 48.5300 N, -123.2300 W",91,EXCELLENT,NORMAL,0,0,0,-22.82,-22.82,0.41
163167,SNS-1011,BTC-SEA-5011,SHP-2026-111,2026-08-24 10:18 UTC,-23.24,90.4,"GPS: 48.5400 N, -123.2400 W",91,FAIR,NORMAL,0,0,0,-23.24,-23.24,0.41
163168,SNS-1011,BTC-SEA-5011,SHP-2026-111,2026-08-24 10:33 UTC,-23.7,89.5,"GPS: 48.5500 N, -123.2500 W",91,FAIR,NORMAL,0,0,0,-23.7,-23.7,0.42
163169,SNS-1011,BTC-SEA-5011,SHP-2026-111,2026-08-24 10:48 UTC,-23.71,86.8,"GPS: 48.5600 N, -123.2600 W",91,EXCELLENT,NORMAL,0,0,0,-23.71,-23.71,0.42
163170,SNS-1011,BTC-SEA-5011,SHP-2026-111,2026-08-24 11:03 UTC,-22.87,92.8,"GPS: 48.5700 N, -123.2700 W",91,GOOD,NORMAL,0,0,0,-22.87,-22.87,0.41
163171,SNS-1011,BTC-SEA-5011,SHP-2026-111,2026-08-24 11:18 UTC,-19.61,89.0,"GPS: 48.5800 N, -123.2800 W",91,FAIR,NORMAL,0,0,0,-19.61,-19.61,0.46
163172,SNS-1011,BTC-SEA-5011,SHP-2026-111,2026-08-24 11:33 UTC,-20.63,91.5,"GPS: 48.5900 N, -123.2900 W",91,EXCELLENT,NORMAL,0,0,0,-20.63,-20.63,0.38
163173,SNS-1011,BTC-SEA-5011,SHP-2026-111,2026-08-24 11:48 UTC,-23.6,95.5,"GPS: 48.6000 N, -123.3000 W",90,GOOD,NORMAL,0,0,0,-23.6,-23.6,0.41
163174,SNS-1011,BTC-SEA-5011,SHP-2026-111,2026-08-24 12:03 UTC,-20.14,86.3,"GPS: 48.6100 N, -123.3100 W",90,GOOD,NORMAL,0,0,0,-20.14,-20.14,0.38
163175,SNS-1011,BTC-SEA-5011,SHP-2026-111,2026-08-24 12:18 UTC,-19.24,88.4,"GPS: 48.6200 N, -123.3200 W",90,FAIR,NORMAL,0,0,0,-19.24,-19.24,0.38
163176,SNS-1011,BTC-SEA-5011,SHP-2026-111,2026-08-24 12:33 UTC,-23.65,95.1,"GPS: 48.6300 N, -123.3300 W",90,GOOD,NORMAL,0,0,0,-23.65,-23.65,0.42
163177,SNS-1011,BTC-SEA-5011,SHP-2026-111,2026-08-24 12:48 UTC,-22.23,92.1,"GPS: 48.6400 N, -123.3400 W",90,FAIR,NORMAL,0,0,0,-22.23,-22.23,0.41
163178,SNS-1011,BTC-SEA-5011,SHP-2026-111,2026-08-24 13:03 UTC,-20.79,88.2,"GPS: 48.6500 N, -123.3500 W",90,GOOD,NORMAL,0,0,0,-20.79,-20.79,0.4
163179,SNS-1011,BTC-SEA-5011,SHP-2026-111,2026-08-24 13:18 UTC,-19.68,88.7,"GPS: 48.6600 N, -123.3600 W",90,EXCELLENT,NORMAL,0,0,0,-19.68,-19.68,0.38
163180,SNS-1011,BTC-SEA-5011,SHP-2026-111,2026-08-24 13:33 UTC,-19.73,91.4,"GPS: 48.6700 N, -123.3700 W",90,FAIR,NORMAL,0,0,0,-19.73,-19.73,0.38
163181,SNS-1011,BTC-SEA-5011,SHP-2026-111,2026-08-24 13:48 UTC,-19.96,87.7,"GPS: 48.6800 N, -123.3800 W",90,FAIR,NORMAL,0,0,0,-19.96,-19.96,0.39
163182,SNS-1011,BTC-SEA-5011,SHP-2026-111,2026-08-24 14:03 UTC,-20.35,90.2,"GPS: 48.6900 N, -123.3900 W",90,FAIR,NORMAL,0,0,0,-20.35,-20.35,0.38
163183,SNS-1011,BTC-SEA-5011,SHP-2026-111,2026-08-24 14:18 UTC,-21.45,92.7,"GPS: 48.7000 N, -123.4000 W",89,FAIR,NORMAL,0,0,0,-21.45,-21.45,0.47
163184,SNS-1011,BTC-SEA-5011,SHP-2026-111,2026-08-24 14:33 UTC,-38.7,90.2,"GPS: 48.7100 N, -123.4100 W",89,GOOD,WARNING,0,0,0,-38.7,-38.7,0.55
163185,SNS-1011,BTC-SEA-5011,SHP-2026-111,2026-08-24 14:48 UTC,-22.62,88.4,"GPS: 48.7200 N, -123.4200 W",89,GOOD,NORMAL,0,0,0,-22.62,-22.62,0.43
163186,SNS-1011,BTC-SEA-5011,SHP-2026-111,2026-08-24 15:03 UTC,31.21,89.7,"GPS: 48.7300 N, -123.4300 W",89,GOOD,WARNING,0,0,0,31.21,31.21,0.6
163187,SNS-1011,BTC-SEA-5011,SHP-2026-111,2026-08-24 15:18 UTC,-19.36,92.6,"GPS: 48.7400 N, -123.4400 W",89,EXCELLENT,NORMAL,0,0,0,-19.36,-19.36,0.43
163188,SNS-1011,BTC-SEA-5011,SHP-2026-111,2026-08-24 15:33 UTC,-21.83,87.7,"GPS: 48.7500 N, -123.4500 W",89,FAIR,NORMAL,0,0,0,-21.83,-21.83,0.41
163189,SNS-1011,BTC-SEA-5011,SHP-2026-111,2026-08-24 15:48 UTC,-21.76,95.4,"GPS: 48.7600 N, -123.4600 W",89,EXCELLENT,NORMAL,0,0,0,-21.76,-21.76,0.4
163190,SNS-1011,BTC-SEA-5011,SHP-2026-111,2026-08-24 16:03 UTC,-23.26,87.1,"GPS: 48.7700 N, -123.4700 W",89,FAIR,NORMAL,0,0,0,-23.26,-23.26,0.42
163191,SNS-1011,BTC-SEA-5011,SHP-2026-111,2026-08-24 16:18 UTC,-20.01,88.4,"GPS: 48.7800 N, -123.4800 W",89,GOOD,NORMAL,0,0,0,-20.01,-20.01,0.39
163192,SNS-1011,BTC-SEA-5011,SHP-2026-111,2026-08-24 16:33 UTC,-18.43,94.9,"GPS: 48.7900 N, -123.4900 W",89,EXCELLENT,NORMAL,0,0,0,-18.43,-18.43,0.45
163193,SNS-1011,BTC-SEA-5011,SHP-2026-111,2026-08-24 16:48 UTC,-21.67,87.3,"GPS: 48.8000 N, -123.5000 W",88,EXCELLENT,NORMAL,0,0,0,-21.67,-21.67,0.42
163194,SNS-1011,BTC-SEA-5011,SHP-2026-111,2026-08-24 17:03 UTC,-21.04,88.7,"GPS: 48.8100 N, -123.5100 W",88,GOOD,NORMAL,0,0,0,-21.04,-21.04,0.47
163195,SNS-1011,BTC-SEA-5011,SHP-2026-111,2026-08-24 17:18 UTC,-23.43,87.8,"GPS: 48.8200 N, -123.5200 W",88,GOOD,NORMAL,0,0,0,-23.43,-23.43,0.47
163196,SNS-1011,BTC-SEA-5011,SHP-2026-111,2026-08-24 17:33 UTC,-21.7,91.8,"GPS: 48.8300 N, -123.5300 W",88,FAIR,NORMAL,0,0,0,-21.7,-21.7,0.44
163197,SNS-1011,BTC-SEA-5011,SHP-2026-111,2026-08-24 17:48 UTC,-20.47,86.7,"GPS: 48.8400 N, -123.5400 W",88,EXCELLENT,NORMAL,0,0,0,-20.47,-20.47,0.42
163198,SNS-1011,BTC-SEA-5011,SHP-2026-111,2026-08-24 18:03 UTC,-22.28,95.0,"GPS: 48.8500 N, -123.5500 W",88,FAIR,NORMAL,0,0,0,-22.28,-22.28,0.43
163199,SNS-1011,BTC-SEA-5011,SHP-2026-111,2026-08-24 18:18 UTC,-22.7,86.6,"GPS: 48.8600 N, -123.5600 W",88,GOOD,NORMAL,0,0,0,-22.7,-22.7,0.44
163200,SNS-1011,BTC-SEA-5011,SHP-2026-111,2026-08-24 18:33 UTC,-23.31,93.7,"GPS: 48.8700 N, -123.5700 W",88,EXCELLENT,NORMAL,0,0,0,-23.31,-23.31,0.45
163201,SNS-1011,BTC-SEA-5011,SHP-2026-111,2026-08-24 18:48 UTC,-19.02,86.4,"GPS: 48.8800 N, -123.5800 W",88,FAIR,NORMAL,0,0,0,-19.02,-19.02,0.47
163202,SNS-1011,BTC-SEA-5011,SHP-2026-111,2026-08-24 19:03 UTC,-21.35,89.0,"GPS: 48.8900 N, -123.5900 W",88,FAIR,NORMAL,0,0,0,-21.35,-21.35,0.44
163203,SNS-1011,BTC-SEA-5011,SHP-2026-111,2026-08-24 19:18 UTC,-20.96,91.2,"GPS: 48.9000 N, -123.6000 W",87,GOOD,NORMAL,0,0,0,-20.96,-20.96,0.46
163204,SNS-1011,BTC-SEA-5011,SHP-2026-111,2026-08-24 19:33 UTC,-18.2,86.4,"GPS: 48.9100 N, -123.6100 W",87,GOOD,WARNING,0,0,0,-18.2,-18.2,0.46
163205,SNS-1011,BTC-SEA-5011,SHP-2026-111,2026-08-24 19:48 UTC,-22.6,86.7,"GPS: 48.9200 N, -123.6200 W",87,FAIR,NORMAL,0,0,0,-22.6,-22.6,0.48
163206,SNS-1011,BTC-SEA-5011,SHP-2026-111,2026-08-24 20:03 UTC,-22.59,88.0,"GPS: 48.9300 N, -123.6300 W",87,FAIR,NORMAL,0,0,0,-22.59,-22.59,0.46
163207,SNS-1011,BTC-SEA-5011,SHP-2026-111,2026-08-24 20:18 UTC,-18.65,91.5,"GPS: 48.9400 N, -123.6400 W",87,FAIR,NORMAL,0,0,0,-18.65,-18.65,0.45
163208,SNS-1011,BTC-SEA-5011,SHP-2026-111,2026-08-24 20:33 UTC,-19.88,89.8,"GPS: 48.9500 N, -123.6500 W",87,GOOD,NORMAL,0,0,0,-19.88,-19.88,0.47
163209,SNS-1012,BTC-SEA-5012,SHP-2026-112,2026-08-23 12:48 UTC,2.3,90.8,"GPS: 47.6000 N, -122.3000 W",100,GOOD,NORMAL,0,0,0,2.3,2.3,0.49
163210,SNS-1012,BTC-SEA-5012,SHP-2026-112,2026-08-23 13:03 UTC,2.89,89.6,"GPS: 47.6100 N, -122.3100 W",100,GOOD,NORMAL,0,0,0,2.89,2.89,0.41
163211,SNS-1012,BTC-SEA-5012,SHP-2026-112,2026-08-23 13:18 UTC,3.65,88.6,"GPS: 47.6200 N, -122.3200 W",100,FAIR,NORMAL,0,0,0,3.65,3.65,0.43
163212,SNS-1012,BTC-SEA-5012,SHP-2026-112,2026-08-23 13:33 UTC,19.9,92.4,"GPS: 47.6300 N, -122.3300 W",100,EXCELLENT,WARNING,0,0,0,19.9,19.9,0.57
163213,SNS-1012,BTC-SEA-5012,SHP-2026-112,2026-08-23 13:48 UTC,4.75,88.1,"GPS: 47.6400 N, -122.3400 W",100,FAIR,NORMAL,0,0,0,4.75,4.75,0.46
163214,SNS-1012,BTC-SEA-5012,SHP-2026-112,2026-08-23 14:03 UTC,1.8,95.6,"GPS: 47.6500 N, -122.3500 W",100,EXCELLENT,NORMAL,0,0,0,1.8,1.8,0.41
163215,SNS-1012,BTC-SEA-5012,SHP-2026-112,2026-08-23 14:18 UTC,4.68,91.6,"GPS: 47.6600 N, -122.3600 W",100,FAIR,NORMAL,0,0,0,4.68,4.68,0.45
163216,SNS-1012,BTC-SEA-5012,SHP-2026-112,2026-08-23 14:33 UTC,3.46,88.3,"GPS: 47.6700 N, -122.3700 W",100,FAIR,NORMAL,0,0,0,3.46,3.46,0.41
163217,SNS-1012,BTC-SEA-5012,SHP-2026-112,2026-08-23 14:48 UTC,4.61,85.4,"GPS: 47.6800 N, -122.3800 W",100,FAIR,NORMAL,0,0,0,4.61,4.61,0.44
163218,SNS-1012,BTC-SEA-5012,SHP-2026-112,2026-08-23 15:03 UTC,2.45,94.0,"GPS: 47.6900 N, -122.3900 W",100,FAIR,NORMAL,0,0,0,2.45,2.45,0.41
163219,SNS-1012,BTC-SEA-5012,SHP-2026-112,2026-08-23 15:18 UTC,3.6,90.1,"GPS: 47.7000 N, -122.4000 W",99,FAIR,NORMAL,0,0,0,3.6,3.6,0.43
163220,SNS-1012,BTC-SEA-5012,SHP-2026-112,2026-08-23 15:33 UTC,2.47,93.3,"GPS: 47.7100 N, -122.4100 W",99,FAIR,NORMAL,0,0,0,2.47,2.47,0.39
163221,SNS-1012,BTC-SEA-5012,SHP-2026-112,2026-08-23 15:48 UTC,2.07,89.0,"GPS: 47.7200 N, -122.4200 W",99,EXCELLENT,NORMAL,0,0,0,2.07,2.07,0.39
163222,SNS-1012,BTC-SEA-5012,SHP-2026-112,2026-08-23 16:03 UTC,1.48,93.4,"GPS: 47.7300 N, -122.4300 W",99,GOOD,NORMAL,0,0,0,1.48,1.48,0.41
163223,SNS-1012,BTC-SEA-5012,SHP-2026-112,2026-08-23 16:18 UTC,3.03,95.8,"GPS: 47.7400 N, -122.4400 W",99,EXCELLENT,NORMAL,0,0,0,3.03,3.03,0.39
163224,SNS-1012,BTC-SEA-5012,SHP-2026-112,2026-08-23 16:33 UTC,4.11,89.4,"GPS: 47.7500 N, -122.4500 W",99,FAIR,NORMAL,0,0,0,4.11,4.11,0.46
163225,SNS-1012,BTC-SEA-5012,SHP-2026-112,2026-08-23 16:48 UTC,4.31,87.7,"GPS: 47.7600 N, -122.4600 W",99,FAIR,NORMAL,0,0,0,4.31,4.31,0.4
163226,SNS-1012,BTC-SEA-5012,SHP-2026-112,2026-08-23 17:03 UTC,3.23,85.9,"GPS: 47.7700 N, -122.4700 W",99,EXCELLENT,NORMAL,0,0,0,3.23,3.23,0.47
163227,SNS-1012,BTC-SEA-5012,SHP-2026-112,2026-08-23 17:18 UTC,3.58,86.4,"GPS: 47.7800 N, -122.4800 W",99,GOOD,NORMAL,0,0,0,3.58,3.58,0.44
163228,SNS-1012,BTC-SEA-5012,SHP-2026-112,2026-08-23 17:33 UTC,2.76,91.5,"GPS: 47.7900 N, -122.4900 W",99,FAIR,NORMAL,0,0,0,2.76,2.76,0.43
163229,SNS-1012,BTC-SEA-5012,SHP-2026-112,2026-08-23 17:48 UTC,3.52,94.5,"GPS: 47.8000 N, -122.5000 W",98,GOOD,NORMAL,0,0,0,3.52,3.52,0.43
163230,SNS-1012,BTC-SEA-5012,SHP-2026-112,2026-08-23 18:03 UTC,1.28,90.4,"GPS: 47.8100 N, -122.5100 W",98,EXCELLENT,NORMAL,0,0,0,1.28,1.28,0.46
163231,SNS-1012,BTC-SEA-5012,SHP-2026-112,2026-08-23 18:18 UTC,2.6,85.3,"GPS: 47.8200 N, -122.5200 W",98,FAIR,NORMAL,0,0,0,2.6,2.6,0.4
163232,SNS-1012,BTC-SEA-5012,SHP-2026-112,2026-08-23 18:33 UTC,4.03,89.3,"GPS: 47.8300 N, -122.5300 W",98,FAIR,NORMAL,0,0,0,4.03,4.03,0.39
163233,SNS-1012,BTC-SEA-5012,SHP-2026-112,2026-08-23 18:48 UTC,1.39,94.7,"GPS: 47.8400 N, -122.5400 W",98,FAIR,NORMAL,0,0,0,1.39,1.39,0.39
163234,SNS-1012,BTC-SEA-5012,SHP-2026-112,2026-08-23 19:03 UTC,2.14,87.0,"GPS: 47.8500 N, -122.5500 W",98,GOOD,NORMAL,0,0,0,2.14,2.14,0.41
163235,SNS-1012,BTC-SEA-5012,SHP-2026-112,2026-08-23 19:18 UTC,1.58,87.6,"GPS: 47.8600 N, -122.5600 W",98,GOOD,NORMAL,0,0,0,1.58,1.58,0.38
163236,SNS-1012,BTC-SEA-5012,SHP-2026-112,2026-08-23 19:33 UTC,2.85,85.3,"GPS: 47.8700 N, -122.5700 W",98,GOOD,NORMAL,0,0,0,2.85,2.85,0.37
163237,SNS-1012,BTC-SEA-5012,SHP-2026-112,2026-08-23 19:48 UTC,4.6,87.0,"GPS: 47.8800 N, -122.5800 W",98,EXCELLENT,NORMAL,0,0,0,4.6,4.6,0.47
163238,SNS-1012,BTC-SEA-5012,SHP-2026-112,2026-08-23 20:03 UTC,2.97,94.1,"GPS: 47.8900 N, -122.5900 W",98,FAIR,NORMAL,0,0,0,2.97,2.97,0.41
163239,SNS-1012,BTC-SEA-5012,SHP-2026-112,2026-08-23 20:18 UTC,2.13,86.4,"GPS: 47.9000 N, -122.6000 W",97,EXCELLENT,NORMAL,0,0,0,2.13,2.13,0.37
163240,SNS-1012,BTC-SEA-5012,SHP-2026-112,2026-08-23 20:33 UTC,3.19,88.2,"GPS: 47.9100 N, -122.6100 W",97,GOOD,NORMAL,0,0,0,3.19,3.19,0.43
163241,SNS-1012,BTC-SEA-5012,SHP-2026-112,2026-08-23 20:48 UTC,1.22,93.1,"GPS: 47.9200 N, -122.6200 W",97,FAIR,NORMAL,0,0,0,1.22,1.22,0.4
163242,SNS-1012,BTC-SEA-5012,SHP-2026-112,2026-08-23 21:03 UTC,4.56,91.7,"GPS: 47.9300 N, -122.6300 W",97,GOOD,NORMAL,0,0,0,4.56,4.56,0.43
163243,SNS-1012,BTC-SEA-5012,SHP-2026-112,2026-08-23 21:18 UTC,3.0,88.7,"GPS: 47.9400 N, -122.6400 W",97,FAIR,NORMAL,0,0,0,3.0,3.0,0.41
163244,SNS-1012,BTC-SEA-5012,SHP-2026-112,2026-08-23 21:33 UTC,4.06,87.3,"GPS: 47.9500 N, -122.6500 W",97,FAIR,NORMAL,0,0,0,4.06,4.06,0.38
163245,SNS-1012,BTC-SEA-5012,SHP-2026-112,2026-08-23 21:48 UTC,4.06,89.1,"GPS: 47.9600 N, -122.6600 W",97,EXCELLENT,NORMAL,0,0,0,4.06,4.06,0.37
163246,SNS-1012,BTC-SEA-5012,SHP-2026-112,2026-08-23 22:03 UTC,1.46,88.7,"GPS: 47.9700 N, -122.6700 W",97,GOOD,NORMAL,0,0,0,1.46,1.46,0.44
163247,SNS-1012,BTC-SEA-5012,SHP-2026-112,2026-08-23 22:18 UTC,4.2,91.3,"GPS: 47.9800 N, -122.6800 W",97,GOOD,NORMAL,0,0,0,4.2,4.2,0.38
163248,SNS-1012,BTC-SEA-5012,SHP-2026-112,2026-08-23 22:33 UTC,4.61,90.7,"GPS: 47.9900 N, -122.6900 W",97,GOOD,NORMAL,0,0,0,4.61,4.61,0.39
163249,SNS-1012,BTC-SEA-5012,SHP-2026-112,2026-08-23 22:48 UTC,3.9,89.3,"GPS: 48.0000 N, -122.7000 W",96,EXCELLENT,NORMAL,0,0,0,3.9,3.9,0.39
163250,SNS-1012,BTC-SEA-5012,SHP-2026-112,2026-08-23 23:03 UTC,2.87,87.6,"GPS: 48.0100 N, -122.7100 W",96,GOOD,NORMAL,0,0,0,2.87,2.87,0.36
163251,SNS-1012,BTC-SEA-5012,SHP-2026-112,2026-08-23 23:18 UTC,1.4,89.0,"GPS: 48.0200 N, -122.7200 W",96,GOOD,NORMAL,0,0,0,1.4,1.4,0.43
163252,SNS-1012,BTC-SEA-5012,SHP-2026-112,2026-08-23 23:33 UTC,1.41,85.6,"GPS: 48.0300 N, -122.7300 W",96,GOOD,NORMAL,0,0,0,1.41,1.41,0.37
163253,SNS-1012,BTC-SEA-5012,SHP-2026-112,2026-08-23 23:48 UTC,4.71,94.4,"GPS: 48.0400 N, -122.7400 W",96,GOOD,NORMAL,0,0,0,4.71,4.71,0.4
163254,SNS-1012,BTC-SEA-5012,SHP-2026-112,2026-08-24 00:03 UTC,3.32,95.8,"GPS: 48.0500 N, -122.7500 W",96,GOOD,NORMAL,0,0,0,3.32,3.32,0.36
163255,SNS-1012,BTC-SEA-5012,SHP-2026-112,2026-08-24 00:18 UTC,4.6,86.9,"GPS: 48.0600 N, -122.7600 W",96,EXCELLENT,NORMAL,0,0,0,4.6,4.6,0.38
163256,SNS-1012,BTC-SEA-5012,SHP-2026-112,2026-08-24 00:33 UTC,2.0,85.5,"GPS: 48.0700 N, -122.7700 W",96,GOOD,NORMAL,0,0,0,2.0,2.0,0.37
163257,SNS-1012,BTC-SEA-5012,SHP-2026-112,2026-08-24 00:48 UTC,2.2,95.3,"GPS: 48.0800 N, -122.7800 W",96,FAIR,NORMAL,0,0,0,2.2,2.2,0.37
163258,SNS-1012,BTC-SEA-5012,SHP-2026-112,2026-08-24 01:03 UTC,3.3,88.5,"GPS: 48.0900 N, -122.7900 W",96,GOOD,NORMAL,0,0,0,3.3,3.3,0.39
163259,SNS-1012,BTC-SEA-5012,SHP-2026-112,2026-08-24 01:18 UTC,3.64,86.7,"GPS: 48.1000 N, -122.8000 W",95,EXCELLENT,NORMAL,0,0,0,3.64,3.64,0.36
163260,SNS-1012,BTC-SEA-5012,SHP-2026-112,2026-08-24 01:33 UTC,4.3,85.4,"GPS: 48.1100 N, -122.8100 W",95,FAIR,NORMAL,0,0,0,4.3,4.3,0.39
163261,SNS-1012,BTC-SEA-5012,SHP-2026-112,2026-08-24 01:48 UTC,2.72,87.7,"GPS: 48.1200 N, -122.8200 W",95,GOOD,NORMAL,0,0,0,2.72,2.72,0.36
163262,SNS-1012,BTC-SEA-5012,SHP-2026-112,2026-08-24 02:03 UTC,3.89,86.5,"GPS: 48.1300 N, -122.8300 W",95,FAIR,NORMAL,0,0,0,3.89,3.89,0.36
163263,SNS-1012,BTC-SEA-5012,SHP-2026-112,2026-08-24 02:18 UTC,4.18,91.0,"GPS: 48.1400 N, -122.8400 W",95,GOOD,NORMAL,0,0,0,4.18,4.18,0.37
163264,SNS-1012,BTC-SEA-5012,SHP-2026-112,2026-08-24 02:33 UTC,4.56,88.1,"GPS: 48.1500 N, -122.8500 W",95,FAIR,NORMAL,0,0,0,4.56,4.56,0.37
163265,SNS-1012,BTC-SEA-5012,SHP-2026-112,2026-08-24 02:48 UTC,3.05,89.2,"GPS: 48.1600 N, -122.8600 W",95,FAIR,NORMAL,0,0,0,3.05,3.05,0.37
163266,SNS-1012,BTC-SEA-5012,SHP-2026-112,2026-08-24 03:03 UTC,2.44,94.8,"GPS: 48.1700 N, -122.8700 W",95,GOOD,NORMAL,0,0,0,2.44,2.44,0.4
163267,SNS-1012,BTC-SEA-5012,SHP-2026-112,2026-08-24 03:18 UTC,3.32,87.3,"GPS: 48.1800 N, -122.8800 W",95,FAIR,NORMAL,0,0,0,3.32,3.32,0.38
163268,SNS-1012,BTC-SEA-5012,SHP-2026-112,2026-08-24 03:33 UTC,4.75,91.7,"GPS: 48.1900 N, -122.8900 W",95,GOOD,NORMAL,0,0,0,4.75,4.75,0.39
163269,SNS-1012,BTC-SEA-5012,SHP-2026-112,2026-08-24 03:48 UTC,2.6,94.7,"GPS: 48.2000 N, -122.9000 W",94,EXCELLENT,NORMAL,0,0,0,2.6,2.6,0.37
163270,SNS-1012,BTC-SEA-5012,SHP-2026-112,2026-08-24 04:03 UTC,4.0,90.7,"GPS: 48.2100 N, -122.9100 W",94,EXCELLENT,NORMAL,0,0,0,4.0,4.0,0.37
163271,SNS-1012,BTC-SEA-5012,SHP-2026-112,2026-08-24 04:18 UTC,11.84,87.7,"GPS: 48.2200 N, -122.9200 W",94,GOOD,WARNING,0,0,0,11.84,11.84,0.51
163272,SNS-1012,BTC-SEA-5012,SHP-2026-112,2026-08-24 04:33 UTC,3.92,93.1,"GPS: 48.2300 N, -122.9300 W",94,EXCELLENT,NORMAL,0,0,0,3.92,3.92,0.37
163273,SNS-1012,BTC-SEA-5012,SHP-2026-112,2026-08-24 04:48 UTC,3.39,94.0,"GPS: 48.2400 N, -122.9400 W",94,EXCELLENT,NORMAL,0,0,0,3.39,3.39,0.36
163274,SNS-1012,BTC-SEA-5012,SHP-2026-112,2026-08-24 05:03 UTC,3.77,89.2,"GPS: 48.2500 N, -122.9500 W",94,EXCELLENT,NORMAL,0,0,0,3.77,3.77,0.36
163275,SNS-1012,BTC-SEA-5012,SHP-2026-112,2026-08-24 05:18 UTC,2.29,89.9,"GPS: 48.2600 N, -122.9600 W",94,FAIR,NORMAL,0,0,0,2.29,2.29,0.36
163276,SNS-1012,BTC-SEA-5012,SHP-2026-112,2026-08-24 05:33 UTC,4.15,90.7,"GPS: 48.2700 N, -122.9700 W",94,FAIR,NORMAL,0,0,0,4.15,4.15,0.37
163277,SNS-1012,BTC-SEA-5012,SHP-2026-112,2026-08-24 05:48 UTC,2.35,90.1,"GPS: 48.2800 N, -122.9800 W",94,GOOD,NORMAL,0,0,0,2.35,2.35,0.37
163278,SNS-1012,BTC-SEA-5012,SHP-2026-112,2026-08-24 06:03 UTC,3.39,88.3,"GPS: 48.2900 N, -122.9900 W",94,GOOD,NORMAL,0,0,0,3.39,3.39,0.37
163279,SNS-1012,BTC-SEA-5012,SHP-2026-112,2026-08-24 06:18 UTC,4.0,89.3,"GPS: 48.3000 N, -123.0000 W",93,GOOD,NORMAL,0,0,0,4.0,4.0,0.37
163280,SNS-1012,BTC-SEA-5012,SHP-2026-112,2026-08-24 06:33 UTC,4.49,94.6,"GPS: 48.3100 N, -123.0100 W",93,FAIR,NORMAL,0,0,0,4.49,4.49,0.38
163281,SNS-1012,BTC-SEA-5012,SHP-2026-112,2026-08-24 06:48 UTC,3.6,91.6,"GPS: 48.3200 N, -123.0200 W",93,EXCELLENT,NORMAL,0,0,0,3.6,3.6,0.41
163282,SNS-1012,BTC-SEA-5012,SHP-2026-112,2026-08-24 07:03 UTC,3.95,86.9,"GPS: 48.3300 N, -123.0300 W",93,FAIR,NORMAL,0,0,0,3.95,3.95,0.4
163283,SNS-1012,BTC-SEA-5012,SHP-2026-112,2026-08-24 07:18 UTC,2.97,89.0,"GPS: 48.3400 N, -123.0400 W",93,GOOD,NORMAL,0,0,0,2.97,2.97,0.42
163284,SNS-1012,BTC-SEA-5012,SHP-2026-112,2026-08-24 07:33 UTC,2.97,90.0,"GPS: 48.3500 N, -123.0500 W",93,FAIR,NORMAL,0,0,0,2.97,2.97,0.37
163285,SNS-1012,BTC-SEA-5012,SHP-2026-112,2026-08-24 07:48 UTC,3.39,94.0,"GPS: 48.3600 N, -123.0600 W",93,FAIR,NORMAL,0,0,0,3.39,3.39,0.41
163286,SNS-1012,BTC-SEA-5012,SHP-2026-112,2026-08-24 08:03 UTC,1.62,85.9,"GPS: 48.3700 N, -123.0700 W",93,GOOD,NORMAL,0,0,0,1.62,1.62,0.43
163287,SNS-1012,BTC-SEA-5012,SHP-2026-112,2026-08-24 08:18 UTC,1.82,94.8,"GPS: 48.3800 N, -123.0800 W",93,FAIR,NORMAL,0,0,0,1.82,1.82,0.37
163288,SNS-1012,BTC-SEA-5012,SHP-2026-112,2026-08-24 08:33 UTC,4.05,91.9,"GPS: 48.3900 N, -123.0900 W",93,FAIR,NORMAL,0,0,0,4.05,4.05,0.39
163289,SNS-1012,BTC-SEA-5012,SHP-2026-112,2026-08-24 08:48 UTC,4.3,86.9,"GPS: 48.4000 N, -123.1000 W",92,GOOD,NORMAL,0,0,0,4.3,4.3,0.38
163290,SNS-1012,BTC-SEA-5012,SHP-2026-112,2026-08-24 09:03 UTC,3.14,95.6,"GPS: 48.4100 N, -123.1100 W",92,EXCELLENT,NORMAL,0,0,0,3.14,3.14,0.39
163291,SNS-1012,BTC-SEA-5012,SHP-2026-112,2026-08-24 09:18 UTC,1.85,92.8,"GPS: 48.4200 N, -123.1200 W",92,FAIR,NORMAL,0,0,0,1.85,1.85,0.37
163292,SNS-1012,BTC-SEA-5012,SHP-2026-112,2026-08-24 09:33 UTC,3.69,88.4,"GPS: 48.4300 N, -123.1300 W",92,GOOD,NORMAL,0,0,0,3.69,3.69,0.37
163293,SNS-1012,BTC-SEA-5012,SHP-2026-112,2026-08-24 09:48 UTC,3.65,95.3,"GPS: 48.4400 N, -123.1400 W",92,FAIR,NORMAL,0,0,0,3.65,3.65,0.37
163294,SNS-1012,BTC-SEA-5012,SHP-2026-112,2026-08-24 10:03 UTC,1.67,91.5,"GPS: 48.4500 N, -123.1500 W",92,EXCELLENT,NORMAL,0,0,0,1.67,1.67,0.38
163295,SNS-1012,BTC-SEA-5012,SHP-2026-112,2026-08-24 10:18 UTC,4.2,89.5,"GPS: 48.4600 N, -123.1600 W",92,FAIR,NORMAL,0,0,0,4.2,4.2,0.38
163296,SNS-1012,BTC-SEA-5012,SHP-2026-112,2026-08-24 10:33 UTC,2.45,89.2,"GPS: 48.4700 N, -123.1700 W",92,GOOD,NORMAL,0,0,0,2.45,2.45,0.36
163297,SNS-1012,BTC-SEA-5012,SHP-2026-112,2026-08-24 10:48 UTC,1.6,94.3,"GPS: 48.4800 N, -123.1800 W",92,EXCELLENT,NORMAL,0,0,0,1.6,1.6,0.37
163298,SNS-1012,BTC-SEA-5012,SHP-2026-112,2026-08-24 11:03 UTC,1.35,93.2,"GPS: 48.4900 N, -123.1900 W",92,EXCELLENT,NORMAL,0,0,0,1.35,1.35,0.36
163299,SNS-1012,BTC-SEA-5012,SHP-2026-112,2026-08-24 11:18 UTC,3.48,91.3,"GPS: 48.5000 N, -123.2000 W",91,FAIR,NORMAL,0,0,0,3.48,3.48,0.37
163300,SNS-1012,BTC-SEA-5012,SHP-2026-112,2026-08-24 11:33 UTC,1.56,93.8,"GPS: 48.5100 N, -123.2100 W",91,EXCELLENT,NORMAL,0,0,0,1.56,1.56,0.37
163301,SNS-1012,BTC-SEA-5012,SHP-2026-112,2026-08-24 11:48 UTC,2.73,94.7,"GPS: 48.5200 N, -123.2200 W",91,EXCELLENT,NORMAL,0,0,0,2.73,2.73,0.37
163302,SNS-1012,BTC-SEA-5012,SHP-2026-112,2026-08-24 12:03 UTC,32.35,93.5,"GPS: 48.5300 N, -123.2300 W",91,EXCELLENT,WARNING,0,0,0,32.35,32.35,0.6
163303,SNS-1012,BTC-SEA-5012,SHP-2026-112,2026-08-24 12:18 UTC,1.31,94.6,"GPS: 48.5400 N, -123.2400 W",91,FAIR,NORMAL,0,0,0,1.31,1.31,0.38
163304,SNS-1012,BTC-SEA-5012,SHP-2026-112,2026-08-24 12:33 UTC,2.43,90.7,"GPS: 48.5500 N, -123.2500 W",91,EXCELLENT,NORMAL,0,0,0,2.43,2.43,0.36
163305,SNS-1012,BTC-SEA-5012,SHP-2026-112,2026-08-24 12:48 UTC,4.15,90.6,"GPS: 48.5600 N, -123.2600 W",91,EXCELLENT,NORMAL,0,0,0,4.15,4.15,0.38
163306,SNS-1012,BTC-SEA-5012,SHP-2026-112,2026-08-24 13:03 UTC,4.04,91.1,"GPS: 48.5700 N, -123.2700 W",91,GOOD,NORMAL,0,0,0,4.04,4.04,0.37
163307,SNS-1012,BTC-SEA-5012,SHP-2026-112,2026-08-24 13:18 UTC,4.41,94.3,"GPS: 48.5800 N, -123.2800 W",91,FAIR,NORMAL,0,0,0,4.41,4.41,0.38
163308,SNS-1012,BTC-SEA-5012,SHP-2026-112,2026-08-24 13:33 UTC,2.28,94.9,"GPS: 48.5900 N, -123.2900 W",91,GOOD,NORMAL,0,0,0,2.28,2.28,0.38
163309,SNS-1012,BTC-SEA-5012,SHP-2026-112,2026-08-24 13:48 UTC,3.63,94.4,"GPS: 48.6000 N, -123.3000 W",90,FAIR,NORMAL,0,0,0,3.63,3.63,0.42
163310,SNS-1012,BTC-SEA-5012,SHP-2026-112,2026-08-24 14:03 UTC,3.05,93.4,"GPS: 48.6100 N, -123.3100 W",90,EXCELLENT,NORMAL,0,0,0,3.05,3.05,0.37
163311,SNS-1012,BTC-SEA-5012,SHP-2026-112,2026-08-24 14:18 UTC,1.32,92.4,"GPS: 48.6200 N, -123.3200 W",90,FAIR,NORMAL,0,0,0,1.32,1.32,0.42
163312,SNS-1012,BTC-SEA-5012,SHP-2026-112,2026-08-24 14:33 UTC,3.45,85.9,"GPS: 48.6300 N, -123.3300 W",90,GOOD,NORMAL,0,0,0,3.45,3.45,0.37
163313,SNS-1012,BTC-SEA-5012,SHP-2026-112,2026-08-24 14:48 UTC,2.49,85.3,"GPS: 48.6400 N, -123.3400 W",90,FAIR,NORMAL,0,0,0,2.49,2.49,0.37
163314,SNS-1012,BTC-SEA-5012,SHP-2026-112,2026-08-24 15:03 UTC,4.55,90.7,"GPS: 48.6500 N, -123.3500 W",90,FAIR,NORMAL,0,0,0,4.55,4.55,0.42
163315,SNS-1012,BTC-SEA-5012,SHP-2026-112,2026-08-24 15:18 UTC,2.71,89.2,"GPS: 48.6600 N, -123.3600 W",90,GOOD,NORMAL,0,0,0,2.71,2.71,0.4
163316,SNS-1012,BTC-SEA-5012,SHP-2026-112,2026-08-24 15:33 UTC,4.35,86.8,"GPS: 48.6700 N, -123.3700 W",90,EXCELLENT,NORMAL,0,0,0,4.35,4.35,0.38
163317,SNS-1012,BTC-SEA-5012,SHP-2026-112,2026-08-24 15:48 UTC,2.98,94.3,"GPS: 48.6800 N, -123.3800 W",90,FAIR,NORMAL,0,0,0,2.98,2.98,0.37
163318,SNS-1012,BTC-SEA-5012,SHP-2026-112,2026-08-24 16:03 UTC,1.26,91.1,"GPS: 48.6900 N, -123.3900 W",90,GOOD,NORMAL,0,0,0,1.26,1.26,0.43
163319,SNS-1012,BTC-SEA-5012,SHP-2026-112,2026-08-24 16:18 UTC,1.45,88.6,"GPS: 48.7000 N, -123.4000 W",89,EXCELLENT,NORMAL,0,0,0,1.45,1.45,0.38
163320,SNS-1012,BTC-SEA-5012,SHP-2026-112,2026-08-24 16:33 UTC,2.12,95.4,"GPS: 48.7100 N, -123.4100 W",89,EXCELLENT,NORMAL,0,0,0,2.12,2.12,0.39
163321,SNS-1012,BTC-SEA-5012,SHP-2026-112,2026-08-24 16:48 UTC,1.86,91.6,"GPS: 48.7200 N, -123.4200 W",89,GOOD,NORMAL,0,0,0,1.86,1.86,0.42
163322,SNS-1012,BTC-SEA-5012,SHP-2026-112,2026-08-24 17:03 UTC,1.48,91.0,"GPS: 48.7300 N, -123.4300 W",89,FAIR,NORMAL,0,0,0,1.48,1.48,0.38
163323,SNS-1012,BTC-SEA-5012,SHP-2026-112,2026-08-24 17:18 UTC,4.71,92.1,"GPS: 48.7400 N, -123.4400 W",89,FAIR,NORMAL,0,0,0,4.71,4.71,0.48
163324,SNS-1012,BTC-SEA-5012,SHP-2026-112,2026-08-24 17:33 UTC,-20.68,94.4,"GPS: 48.7500 N, -123.4500 W",89,FAIR,WARNING,0,0,0,-20.68,-20.68,0.47
163325,SNS-1012,BTC-SEA-5012,SHP-2026-112,2026-08-24 17:48 UTC,2.15,93.8,"GPS: 48.7600 N, -123.4600 W",89,EXCELLENT,NORMAL,0,0,0,2.15,2.15,0.38
163326,SNS-1012,BTC-SEA-5012,SHP-2026-112,2026-08-24 18:03 UTC,3.72,86.7,"GPS: 48.7700 N, -123.4700 W",89,GOOD,NORMAL,0,0,0,3.72,3.72,0.38
163327,SNS-1012,BTC-SEA-5012,SHP-2026-112,2026-08-24 18:18 UTC,2.98,92.8,"GPS: 48.7800 N, -123.4800 W",89,EXCELLENT,NORMAL,0,0,0,2.98,2.98,0.38
163328,SNS-1012,BTC-SEA-5012,SHP-2026-112,2026-08-24 18:33 UTC,2.14,91.1,"GPS: 48.7900 N, -123.4900 W",89,EXCELLENT,NORMAL,0,0,0,2.14,2.14,0.38
163329,SNS-1012,BTC-SEA-5012,SHP-2026-112,2026-08-24 18:48 UTC,3.79,93.5,"GPS: 48.8000 N, -123.5000 W",88,FAIR,NORMAL,0,0,0,3.79,3.79,0.4
163330,SNS-1012,BTC-SEA-5012,SHP-2026-112,2026-08-24 19:03 UTC,2.96,88.3,"GPS: 48.8100 N, -123.5100 W",88,EXCELLENT,NORMAL,0,0,0,2.96,2.96,0.42
163331,SNS-1012,BTC-SEA-5012,SHP-2026-112,2026-08-24 19:18 UTC,4.11,86.9,"GPS: 48.8200 N, -123.5200 W",88,GOOD,NORMAL,0,0,0,4.11,4.11,0.42
163332,SNS-1012,BTC-SEA-5012,SHP-2026-112,2026-08-24 19:33 UTC,3.29,92.6,"GPS: 48.8300 N, -123.5300 W",88,EXCELLENT,NORMAL,0,0,0,3.29,3.29,0.45
163333,SNS-1012,BTC-SEA-5012,SHP-2026-112,2026-08-24 19:48 UTC,2.41,92.0,"GPS: 48.8400 N, -123.5400 W",88,FAIR,NORMAL,0,0,0,2.41,2.41,0.43
163334,SNS-1012,BTC-SEA-5012,SHP-2026-112,2026-08-24 20:03 UTC,2.14,92.1,"GPS: 48.8500 N, -123.5500 W",88,FAIR,NORMAL,0,0,0,2.14,2.14,0.4
163335,SNS-1012,BTC-SEA-5012,SHP-2026-112,2026-08-24 20:18 UTC,4.54,88.7,"GPS: 48.8600 N, -123.5600 W",88,GOOD,NORMAL,0,0,0,4.54,4.54,0.42
163336,SNS-1012,BTC-SEA-5012,SHP-2026-112,2026-08-24 20:33 UTC,4.09,95.0,"GPS: 48.8700 N, -123.5700 W",88,EXCELLENT,NORMAL,0,0,0,4.09,4.09,0.4
163337,SNS-1012,BTC-SEA-5012,SHP-2026-112,2026-08-24 20:48 UTC,1.74,92.3,"GPS: 48.8800 N, -123.5800 W",88,FAIR,NORMAL,0,0,0,1.74,1.74,0.39
163338,SNS-1012,BTC-SEA-5012,SHP-2026-112,2026-08-24 21:03 UTC,1.95,86.1,"GPS: 48.8900 N, -123.5900 W",88,FAIR,NORMAL,0,0,0,1.95,1.95,0.39
163339,SNS-1012,BTC-SEA-5012,SHP-2026-112,2026-08-24 21:18 UTC,1.68,87.3,"GPS: 48.9000 N, -123.6000 W",87,FAIR,NORMAL,0,0,0,1.68,1.68,0.43
163340,SNS-1012,BTC-SEA-5012,SHP-2026-112,2026-08-24 21:33 UTC,2.17,85.2,"GPS: 48.9100 N, -123.6100 W",87,FAIR,NORMAL,0,0,0,2.17,2.17,0.47
163341,SNS-1012,BTC-SEA-5012,SHP-2026-112,2026-08-24 21:48 UTC,4.13,92.7,"GPS: 48.9200 N, -123.6200 W",87,EXCELLENT,NORMAL,0,0,0,4.13,4.13,0.52
163342,SNS-1012,BTC-SEA-5012,SHP-2026-112,2026-08-24 22:03 UTC,1.71,95.7,"GPS: 48.9300 N, -123.6300 W",87,FAIR,NORMAL,0,0,0,1.71,1.71,0.44
163343,SNS-1012,BTC-SEA-5012,SHP-2026-112,2026-08-24 22:18 UTC,2.75,95.0,"GPS: 48.9400 N, -123.6400 W",87,EXCELLENT,NORMAL,0,0,0,2.75,2.75,0.45
163344,SNS-1012,BTC-SEA-5012,SHP-2026-112,2026-08-24 22:33 UTC,4.45,85.4,"GPS: 48.9500 N, -123.6500 W",87,EXCELLENT,NORMAL,0,0,0,4.45,4.45,0.47
163345,SNS-1013,BTC-SEA-5013,SHP-2026-113,2026-08-23 14:48 UTC,3.2,94.0,"GPS: 47.6000 N, -122.3000 W",100,GOOD,NORMAL,0,0,0,3.2,3.2,0.49
163346,SNS-1013,BTC-SEA-5013,SHP-2026-113,2026-08-23 15:03 UTC,2.84,95.4,"GPS: 47.6100 N, -122.3100 W",100,EXCELLENT,NORMAL,0,0,0,2.84,2.84,0.41
163347,SNS-1013,BTC-SEA-5013,SHP-2026-113,2026-08-23 15:18 UTC,1.86,93.2,"GPS: 47.6200 N, -122.3200 W",100,FAIR,NORMAL,0,0,0,1.86,1.86,0.43
163348,SNS-1013,BTC-SEA-5013,SHP-2026-113,2026-08-23 15:33 UTC,2.58,89.0,"GPS: 47.6300 N, -122.3300 W",100,GOOD,NORMAL,0,0,0,2.58,2.58,0.47
163349,SNS-1013,BTC-SEA-5013,SHP-2026-113,2026-08-23 15:48 UTC,2.55,90.3,"GPS: 47.6400 N, -122.3400 W",100,GOOD,NORMAL,0,0,0,2.55,2.55,0.46
163350,SNS-1013,BTC-SEA-5013,SHP-2026-113,2026-08-23 16:03 UTC,3.42,93.2,"GPS: 47.6500 N, -122.3500 W",100,EXCELLENT,NORMAL,0,0,0,3.42,3.42,0.46
163351,SNS-1013,BTC-SEA-5013,SHP-2026-113,2026-08-23 16:18 UTC,3.43,88.7,"GPS: 47.6600 N, -122.3600 W",100,EXCELLENT,NORMAL,0,0,0,3.43,3.43,0.43
163352,SNS-1013,BTC-SEA-5013,SHP-2026-113,2026-08-23 16:33 UTC,2.82,88.2,"GPS: 47.6700 N, -122.3700 W",100,GOOD,NORMAL,0,0,0,2.82,2.82,0.42
163353,SNS-1013,BTC-SEA-5013,SHP-2026-113,2026-08-23 16:48 UTC,0.8,87.5,"GPS: 47.6800 N, -122.3800 W",100,GOOD,NORMAL,0,0,0,0.8,0.8,0.5
163354,SNS-1013,BTC-SEA-5013,SHP-2026-113,2026-08-23 17:03 UTC,1.08,86.0,"GPS: 47.6900 N, -122.3900 W",100,FAIR,NORMAL,0,0,0,1.08,1.08,0.43
163355,SNS-1013,BTC-SEA-5013,SHP-2026-113,2026-08-23 17:18 UTC,3.31,94.9,"GPS: 47.7000 N, -122.4000 W",99,EXCELLENT,NORMAL,0,0,0,3.31,3.31,0.39
163356,SNS-1013,BTC-SEA-5013,SHP-2026-113,2026-08-23 17:33 UTC,1.97,90.5,"GPS: 47.7100 N, -122.4100 W",99,FAIR,NORMAL,0,0,0,1.97,1.97,0.46
163357,SNS-1013,BTC-SEA-5013,SHP-2026-113,2026-08-23 17:48 UTC,1.66,87.9,"GPS: 47.7200 N, -122.4200 W",99,GOOD,NORMAL,0,0,0,1.66,1.66,0.45
163358,SNS-1013,BTC-SEA-5013,SHP-2026-113,2026-08-23 18:03 UTC,1.63,92.9,"GPS: 47.7300 N, -122.4300 W",99,FAIR,NORMAL,0,0,0,1.63,1.63,0.4
163359,SNS-1013,BTC-SEA-5013,SHP-2026-113,2026-08-23 18:18 UTC,3.74,93.1,"GPS: 47.7400 N, -122.4400 W",99,FAIR,NORMAL,0,0,0,3.74,3.74,0.42
163360,SNS-1013,BTC-SEA-5013,SHP-2026-113,2026-08-23 18:33 UTC,3.44,87.7,"GPS: 47.7500 N, -122.4500 W",99,GOOD,NORMAL,0,0,0,3.44,3.44,0.4
163361,SNS-1013,BTC-SEA-5013,SHP-2026-113,2026-08-23 18:48 UTC,2.7,89.6,"GPS: 47.7600 N, -122.4600 W",99,EXCELLENT,NORMAL,0,0,0,2.7,2.7,0.45
163362,SNS-1013,BTC-SEA-5013,SHP-2026-113,2026-08-23 19:03 UTC,3.73,94.6,"GPS: 47.7700 N, -122.4700 W",99,FAIR,NORMAL,0,0,0,3.73,3.73,0.39
163363,SNS-1013,BTC-SEA-5013,SHP-2026-113,2026-08-23 19:18 UTC,2.72,92.7,"GPS: 47.7800 N, -122.4800 W",99,EXCELLENT,NORMAL,0,0,0,2.72,2.72,0.39
163364,SNS-1013,BTC-SEA-5013,SHP-2026-113,2026-08-23 19:33 UTC,3.29,93.4,"GPS: 47.7900 N, -122.4900 W",99,FAIR,NORMAL,0,0,0,3.29,3.29,0.41
163365,SNS-1013,BTC-SEA-5013,SHP-2026-113,2026-08-23 19:48 UTC,2.54,91.3,"GPS: 47.8000 N, -122.5000 W",98,GOOD,NORMAL,0,0,0,2.54,2.54,0.38
163366,SNS-1013,BTC-SEA-5013,SHP-2026-113,2026-08-23 20:03 UTC,1.66,89.4,"GPS: 47.8100 N, -122.5100 W",98,FAIR,NORMAL,0,0,0,1.66,1.66,0.44
163367,SNS-1013,BTC-SEA-5013,SHP-2026-113,2026-08-23 20:18 UTC,2.62,92.7,"GPS: 47.8200 N, -122.5200 W",98,EXCELLENT,NORMAL,0,0,0,2.62,2.62,0.42
163368,SNS-1013,BTC-SEA-5013,SHP-2026-113,2026-08-23 20:33 UTC,1.31,89.6,"GPS: 47.8300 N, -122.5300 W",98,FAIR,NORMAL,0,0,0,1.31,1.31,0.41
163369,SNS-1013,BTC-SEA-5013,SHP-2026-113,2026-08-23 20:48 UTC,1.99,94.4,"GPS: 47.8400 N, -122.5400 W",98,FAIR,NORMAL,0,0,0,1.99,1.99,0.43
163370,SNS-1013,BTC-SEA-5013,SHP-2026-113,2026-08-23 21:03 UTC,2.5,89.3,"GPS: 47.8500 N, -122.5500 W",98,FAIR,NORMAL,0,0,0,2.5,2.5,0.38
163371,SNS-1013,BTC-SEA-5013,SHP-2026-113,2026-08-23 21:18 UTC,3.12,91.1,"GPS: 47.8600 N, -122.5600 W",98,EXCELLENT,NORMAL,0,0,0,3.12,3.12,0.39
163372,SNS-1013,BTC-SEA-5013,SHP-2026-113,2026-08-23 21:33 UTC,-16.57,94.2,"GPS: 47.8700 N, -122.5700 W",98,EXCELLENT,WARNING,0,0,0,-16.57,-16.57,0.5
163373,SNS-1013,BTC-SEA-5013,SHP-2026-113,2026-08-23 21:48 UTC,0.82,90.5,"GPS: 47.8800 N, -122.5800 W",98,GOOD,NORMAL,0,0,0,0.82,0.82,0.4
163374,SNS-1013,BTC-SEA-5013,SHP-2026-113,2026-08-23 22:03 UTC,3.68,89.9,"GPS: 47.8900 N, -122.5900 W",98,EXCELLENT,NORMAL,0,0,0,3.68,3.68,0.37
163375,SNS-1013,BTC-SEA-5013,SHP-2026-113,2026-08-23 22:18 UTC,0.94,87.1,"GPS: 47.9000 N, -122.6000 W",97,FAIR,NORMAL,0,0,0,0.94,0.94,0.39
163376,SNS-1013,BTC-SEA-5013,SHP-2026-113,2026-08-23 22:33 UTC,3.52,88.0,"GPS: 47.9100 N, -122.6100 W",97,FAIR,NORMAL,0,0,0,3.52,3.52,0.37
163377,SNS-1013,BTC-SEA-5013,SHP-2026-113,2026-08-23 22:48 UTC,3.1,91.2,"GPS: 47.9200 N, -122.6200 W",97,FAIR,NORMAL,0,0,0,3.1,3.1,0.37
163378,SNS-1013,BTC-SEA-5013,SHP-2026-113,2026-08-23 23:03 UTC,1.06,95.7,"GPS: 47.9300 N, -122.6300 W",97,EXCELLENT,NORMAL,0,0,0,1.06,1.06,0.38
163379,SNS-1013,BTC-SEA-5013,SHP-2026-113,2026-08-23 23:18 UTC,3.59,94.5,"GPS: 47.9400 N, -122.6400 W",97,FAIR,NORMAL,0,0,0,3.59,3.59,0.37
163380,SNS-1013,BTC-SEA-5013,SHP-2026-113,2026-08-23 23:33 UTC,3.26,92.0,"GPS: 47.9500 N, -122.6500 W",97,FAIR,NORMAL,0,0,0,3.26,3.26,0.38
163381,SNS-1013,BTC-SEA-5013,SHP-2026-113,2026-08-23 23:48 UTC,3.28,93.3,"GPS: 47.9600 N, -122.6600 W",97,FAIR,NORMAL,0,0,0,3.28,3.28,0.37
163382,SNS-1013,BTC-SEA-5013,SHP-2026-113,2026-08-24 00:03 UTC,2.49,92.8,"GPS: 47.9700 N, -122.6700 W",97,FAIR,NORMAL,0,0,0,2.49,2.49,0.38
163383,SNS-1013,BTC-SEA-5013,SHP-2026-113,2026-08-24 00:18 UTC,1.58,85.5,"GPS: 47.9800 N, -122.6800 W",97,FAIR,NORMAL,0,0,0,1.58,1.58,0.44
163384,SNS-1013,BTC-SEA-5013,SHP-2026-113,2026-08-24 00:33 UTC,1.14,94.6,"GPS: 47.9900 N, -122.6900 W",97,GOOD,NORMAL,0,0,0,1.14,1.14,0.4
163385,SNS-1013,BTC-SEA-5013,SHP-2026-113,2026-08-24 00:48 UTC,2.87,86.4,"GPS: 48.0000 N, -122.7000 W",96,EXCELLENT,NORMAL,0,0,0,2.87,2.87,0.37
163386,SNS-1013,BTC-SEA-5013,SHP-2026-113,2026-08-24 01:03 UTC,2.75,87.5,"GPS: 48.0100 N, -122.7100 W",96,GOOD,NORMAL,0,0,0,2.75,2.75,0.37
163387,SNS-1013,BTC-SEA-5013,SHP-2026-113,2026-08-24 01:18 UTC,1.38,85.5,"GPS: 48.0200 N, -122.7200 W",96,FAIR,NORMAL,0,0,0,1.38,1.38,0.37
163388,SNS-1013,BTC-SEA-5013,SHP-2026-113,2026-08-24 01:33 UTC,0.8,85.9,"GPS: 48.0300 N, -122.7300 W",96,FAIR,NORMAL,0,0,0,0.8,0.8,0.38
163389,SNS-1013,BTC-SEA-5013,SHP-2026-113,2026-08-24 01:48 UTC,3.38,90.0,"GPS: 48.0400 N, -122.7400 W",96,FAIR,NORMAL,0,0,0,3.38,3.38,0.37
163390,SNS-1013,BTC-SEA-5013,SHP-2026-113,2026-08-24 02:03 UTC,2.34,85.7,"GPS: 48.0500 N, -122.7500 W",96,EXCELLENT,NORMAL,0,0,0,2.34,2.34,0.39
163391,SNS-1013,BTC-SEA-5013,SHP-2026-113,2026-08-24 02:18 UTC,2.33,93.3,"GPS: 48.0600 N, -122.7600 W",96,EXCELLENT,NORMAL,0,0,0,2.33,2.33,0.37
163392,SNS-1013,BTC-SEA-5013,SHP-2026-113,2026-08-24 02:33 UTC,0.72,91.9,"GPS: 48.0700 N, -122.7700 W",96,FAIR,NORMAL,0,0,0,0.72,0.72,0.38
163393,SNS-1013,BTC-SEA-5013,SHP-2026-113,2026-08-24 02:48 UTC,1.32,95.1,"GPS: 48.0800 N, -122.7800 W",96,GOOD,NORMAL,0,0,0,1.32,1.32,0.38
163394,SNS-1013,BTC-SEA-5013,SHP-2026-113,2026-08-24 03:03 UTC,2.93,89.3,"GPS: 48.0900 N, -122.7900 W",96,FAIR,NORMAL,0,0,0,2.93,2.93,0.38
163395,SNS-1013,BTC-SEA-5013,SHP-2026-113,2026-08-24 03:18 UTC,1.51,93.7,"GPS: 48.1000 N, -122.8000 W",95,FAIR,NORMAL,0,0,0,1.51,1.51,0.38
163396,SNS-1013,BTC-SEA-5013,SHP-2026-113,2026-08-24 03:33 UTC,1.95,92.3,"GPS: 48.1100 N, -122.8100 W",95,FAIR,NORMAL,0,0,0,1.95,1.95,0.37
163397,SNS-1013,BTC-SEA-5013,SHP-2026-113,2026-08-24 03:48 UTC,2.5,90.1,"GPS: 48.1200 N, -122.8200 W",95,GOOD,NORMAL,0,0,0,2.5,2.5,0.36
163398,SNS-1013,BTC-SEA-5013,SHP-2026-113,2026-08-24 04:03 UTC,2.64,90.9,"GPS: 48.1300 N, -122.8300 W",95,EXCELLENT,NORMAL,0,0,0,2.64,2.64,0.36
163399,SNS-1013,BTC-SEA-5013,SHP-2026-113,2026-08-24 04:18 UTC,2.0,94.2,"GPS: 48.1400 N, -122.8400 W",95,GOOD,NORMAL,0,0,0,2.0,2.0,0.38
163400,SNS-1013,BTC-SEA-5013,SHP-2026-113,2026-08-24 04:33 UTC,3.14,94.0,"GPS: 48.1500 N, -122.8500 W",95,EXCELLENT,NORMAL,0,0,0,3.14,3.14,0.41
163401,SNS-1013,BTC-SEA-5013,SHP-2026-113,2026-08-24 04:48 UTC,0.87,90.7,"GPS: 48.1600 N, -122.8600 W",95,FAIR,NORMAL,0,0,0,0.87,0.87,0.43
163402,SNS-1013,BTC-SEA-5013,SHP-2026-113,2026-08-24 05:03 UTC,2.16,95.1,"GPS: 48.1700 N, -122.8700 W",95,FAIR,NORMAL,0,0,0,2.16,2.16,0.43
163403,SNS-1013,BTC-SEA-5013,SHP-2026-113,2026-08-24 05:18 UTC,3.59,89.5,"GPS: 48.1800 N, -122.8800 W",95,FAIR,NORMAL,0,0,0,3.59,3.59,0.38
163404,SNS-1013,BTC-SEA-5013,SHP-2026-113,2026-08-24 05:33 UTC,1.36,88.1,"GPS: 48.1900 N, -122.8900 W",95,EXCELLENT,NORMAL,0,0,0,1.36,1.36,0.37
163405,SNS-1013,BTC-SEA-5013,SHP-2026-113,2026-08-24 05:48 UTC,2.27,87.4,"GPS: 48.2000 N, -122.9000 W",94,GOOD,NORMAL,0,0,0,2.27,2.27,0.37
163406,SNS-1013,BTC-SEA-5013,SHP-2026-113,2026-08-24 06:03 UTC,0.93,87.3,"GPS: 48.2100 N, -122.9100 W",94,GOOD,NORMAL,0,0,0,0.93,0.93,0.38
163407,SNS-1013,BTC-SEA-5013,SHP-2026-113,2026-08-24 06:18 UTC,1.54,89.2,"GPS: 48.2200 N, -122.9200 W",94,EXCELLENT,NORMAL,0,0,0,1.54,1.54,0.37
163408,SNS-1013,BTC-SEA-5013,SHP-2026-113,2026-08-24 06:33 UTC,1.29,93.1,"GPS: 48.2300 N, -122.9300 W",94,FAIR,NORMAL,0,0,0,1.29,1.29,0.37
163409,SNS-1013,BTC-SEA-5013,SHP-2026-113,2026-08-24 06:48 UTC,1.63,95.2,"GPS: 48.2400 N, -122.9400 W",94,GOOD,NORMAL,0,0,0,1.63,1.63,0.38
163410,SNS-1013,BTC-SEA-5013,SHP-2026-113,2026-08-24 07:03 UTC,3.51,91.0,"GPS: 48.2500 N, -122.9500 W",94,FAIR,NORMAL,0,0,0,3.51,3.51,0.45
163411,SNS-1013,BTC-SEA-5013,SHP-2026-113,2026-08-24 07:18 UTC,1.2,87.6,"GPS: 48.2600 N, -122.9600 W",94,FAIR,NORMAL,0,0,0,1.2,1.2,0.37
163412,SNS-1013,BTC-SEA-5013,SHP-2026-113,2026-08-24 07:33 UTC,3.8,85.8,"GPS: 48.2700 N, -122.9700 W",94,GOOD,NORMAL,0,0,0,3.8,3.8,0.38
163413,SNS-1013,BTC-SEA-5013,SHP-2026-113,2026-08-24 07:48 UTC,2.75,95.2,"GPS: 48.2800 N, -122.9800 W",94,EXCELLENT,NORMAL,0,0,0,2.75,2.75,0.38
163414,SNS-1013,BTC-SEA-5013,SHP-2026-113,2026-08-24 08:03 UTC,3.0,93.8,"GPS: 48.2900 N, -122.9900 W",94,GOOD,NORMAL,0,0,0,3.0,3.0,0.38
163415,SNS-1013,BTC-SEA-5013,SHP-2026-113,2026-08-24 08:18 UTC,13.41,85.3,"GPS: 48.3000 N, -123.0000 W",93,EXCELLENT,WARNING,0,0,0,13.41,13.41,0.52
163416,SNS-1013,BTC-SEA-5013,SHP-2026-113,2026-08-24 08:33 UTC,1.58,92.5,"GPS: 48.3100 N, -123.0100 W",93,FAIR,NORMAL,0,0,0,1.58,1.58,0.37
163417,SNS-1013,BTC-SEA-5013,SHP-2026-113,2026-08-24 08:48 UTC,1.13,87.4,"GPS: 48.3200 N, -123.0200 W",93,GOOD,NORMAL,0,0,0,1.13,1.13,0.37
163418,SNS-1013,BTC-SEA-5013,SHP-2026-113,2026-08-24 09:03 UTC,2.48,87.1,"GPS: 48.3300 N, -123.0300 W",93,EXCELLENT,NORMAL,0,0,0,2.48,2.48,0.36
163419,SNS-1013,BTC-SEA-5013,SHP-2026-113,2026-08-24 09:18 UTC,3.07,91.5,"GPS: 48.3400 N, -123.0400 W",93,GOOD,NORMAL,0,0,0,3.07,3.07,0.37
163420,SNS-1013,BTC-SEA-5013,SHP-2026-113,2026-08-24 09:33 UTC,2.32,88.8,"GPS: 48.3500 N, -123.0500 W",93,FAIR,NORMAL,0,0,0,2.32,2.32,0.37
163421,SNS-1013,BTC-SEA-5013,SHP-2026-113,2026-08-24 09:48 UTC,3.73,86.7,"GPS: 48.3600 N, -123.0600 W",93,FAIR,NORMAL,0,0,0,3.73,3.73,0.38
163422,SNS-1013,BTC-SEA-5013,SHP-2026-113,2026-08-24 10:03 UTC,1.19,88.7,"GPS: 48.3700 N, -123.0700 W",93,FAIR,NORMAL,0,0,0,1.19,1.19,0.42
163423,SNS-1013,BTC-SEA-5013,SHP-2026-113,2026-08-24 10:18 UTC,1.55,92.5,"GPS: 48.3800 N, -123.0800 W",93,FAIR,NORMAL,0,0,0,1.55,1.55,0.37
163424,SNS-1013,BTC-SEA-5013,SHP-2026-113,2026-08-24 10:33 UTC,2.54,89.1,"GPS: 48.3900 N, -123.0900 W",93,FAIR,NORMAL,0,0,0,2.54,2.54,0.37
163425,SNS-1013,BTC-SEA-5013,SHP-2026-113,2026-08-24 10:48 UTC,2.55,92.9,"GPS: 48.4000 N, -123.1000 W",92,GOOD,NORMAL,0,0,0,2.55,2.55,0.37
163426,SNS-1013,BTC-SEA-5013,SHP-2026-113,2026-08-24 11:03 UTC,1.1,86.1,"GPS: 48.4100 N, -123.1100 W",92,GOOD,NORMAL,0,0,0,1.1,1.1,0.38
163427,SNS-1013,BTC-SEA-5013,SHP-2026-113,2026-08-24 11:18 UTC,2.83,89.8,"GPS: 48.4200 N, -123.1200 W",92,EXCELLENT,NORMAL,0,0,0,2.83,2.83,0.37
163428,SNS-1013,BTC-SEA-5013,SHP-2026-113,2026-08-24 11:33 UTC,1.97,88.2,"GPS: 48.4300 N, -123.1300 W",92,GOOD,NORMAL,0,0,0,1.97,1.97,0.36
163429,SNS-1013,BTC-SEA-5013,SHP-2026-113,2026-08-24 11:48 UTC,2.82,96.0,"GPS: 48.4400 N, -123.1400 W",92,GOOD,NORMAL,0,0,0,2.82,2.82,0.36
163430,SNS-1013,BTC-SEA-5013,SHP-2026-113,2026-08-24 12:03 UTC,2.39,86.2,"GPS: 48.4500 N, -123.1500 W",92,FAIR,NORMAL,0,0,0,2.39,2.39,0.37
163431,SNS-1013,BTC-SEA-5013,SHP-2026-113,2026-08-24 12:18 UTC,1.56,93.2,"GPS: 48.4600 N, -123.1600 W",92,GOOD,NORMAL,0,0,0,1.56,1.56,0.41
163432,SNS-1013,BTC-SEA-5013,SHP-2026-113,2026-08-24 12:33 UTC,2.03,90.0,"GPS: 48.4700 N, -123.1700 W",92,GOOD,NORMAL,0,0,0,2.03,2.03,0.37
163433,SNS-1013,BTC-SEA-5013,SHP-2026-113,2026-08-24 12:48 UTC,1.87,90.6,"GPS: 48.4800 N, -123.1800 W",92,GOOD,NORMAL,0,0,0,1.87,1.87,0.36
163434,SNS-1013,BTC-SEA-5013,SHP-2026-113,2026-08-24 13:03 UTC,1.19,92.4,"GPS: 48.4900 N, -123.1900 W",92,GOOD,NORMAL,0,0,0,1.19,1.19,0.4
163435,SNS-1013,BTC-SEA-5013,SHP-2026-113,2026-08-24 13:18 UTC,1.4,86.1,"GPS: 48.5000 N, -123.2000 W",91,FAIR,NORMAL,0,0,0,1.4,1.4,0.37
163436,SNS-1013,BTC-SEA-5013,SHP-2026-113,2026-08-24 13:33 UTC,1.06,94.4,"GPS: 48.5100 N, -123.2100 W",91,EXCELLENT,NORMAL,0,0,0,1.06,1.06,0.38
163437,SNS-1013,BTC-SEA-5013,SHP-2026-113,2026-08-24 13:48 UTC,1.52,87.5,"GPS: 48.5200 N, -123.2200 W",91,FAIR,NORMAL,0,0,0,1.52,1.52,0.37
163438,SNS-1013,BTC-SEA-5013,SHP-2026-113,2026-08-24 14:03 UTC,3.31,94.1,"GPS: 48.5300 N, -123.2300 W",91,FAIR,NORMAL,0,0,0,3.31,3.31,0.46
163439,SNS-1013,BTC-SEA-5013,SHP-2026-113,2026-08-24 14:18 UTC,-15.31,89.6,"GPS: 48.5400 N, -123.2400 W",91,EXCELLENT,WARNING,0,0,0,-15.31,-15.31,0.48
163440,SNS-1013,BTC-SEA-5013,SHP-2026-113,2026-08-24 14:33 UTC,3.58,88.4,"GPS: 48.5500 N, -123.2500 W",91,FAIR,NORMAL,0,0,0,3.58,3.58,0.36
163441,SNS-1013,BTC-SEA-5013,SHP-2026-113,2026-08-24 14:48 UTC,3.22,89.0,"GPS: 48.5600 N, -123.2600 W",91,GOOD,NORMAL,0,0,0,3.22,3.22,0.36
163442,SNS-1013,BTC-SEA-5013,SHP-2026-113,2026-08-24 15:03 UTC,1.17,87.8,"GPS: 48.5700 N, -123.2700 W",91,FAIR,NORMAL,0,0,0,1.17,1.17,0.39
163443,SNS-1013,BTC-SEA-5013,SHP-2026-113,2026-08-24 15:18 UTC,1.44,85.4,"GPS: 48.5800 N, -123.2800 W",91,GOOD,NORMAL,0,0,0,1.44,1.44,0.38
163444,SNS-1013,BTC-SEA-5013,SHP-2026-113,2026-08-24 15:33 UTC,2.38,94.9,"GPS: 48.5900 N, -123.2900 W",91,GOOD,NORMAL,0,0,0,2.38,2.38,0.42
163445,SNS-1013,BTC-SEA-5013,SHP-2026-113,2026-08-24 15:48 UTC,0.93,94.5,"GPS: 48.6000 N, -123.3000 W",90,EXCELLENT,NORMAL,0,0,0,0.93,0.93,0.39
163446,SNS-1013,BTC-SEA-5013,SHP-2026-113,2026-08-24 16:03 UTC,0.91,94.8,"GPS: 48.6100 N, -123.3100 W",90,EXCELLENT,NORMAL,0,0,0,0.91,0.91,0.38
163447,SNS-1013,BTC-SEA-5013,SHP-2026-113,2026-08-24 16:18 UTC,1.09,92.3,"GPS: 48.6200 N, -123.3200 W",90,GOOD,NORMAL,0,0,0,1.09,1.09,0.39
163448,SNS-1013,BTC-SEA-5013,SHP-2026-113,2026-08-24 16:33 UTC,1.32,85.0,"GPS: 48.6300 N, -123.3300 W",90,EXCELLENT,NORMAL,0,0,0,1.32,1.32,0.44
163449,SNS-1013,BTC-SEA-5013,SHP-2026-113,2026-08-24 16:48 UTC,3.08,91.1,"GPS: 48.6400 N, -123.3400 W",90,GOOD,NORMAL,0,0,0,3.08,3.08,0.46
163450,SNS-1013,BTC-SEA-5013,SHP-2026-113,2026-08-24 17:03 UTC,3.3,95.7,"GPS: 48.6500 N, -123.3500 W",90,GOOD,NORMAL,0,0,0,3.3,3.3,0.39
163451,SNS-1013,BTC-SEA-5013,SHP-2026-113,2026-08-24 17:18 UTC,3.49,85.1,"GPS: 48.6600 N, -123.3600 W",90,EXCELLENT,NORMAL,0,0,0,3.49,3.49,0.37
163452,SNS-1013,BTC-SEA-5013,SHP-2026-113,2026-08-24 17:33 UTC,3.18,95.3,"GPS: 48.6700 N, -123.3700 W",90,GOOD,NORMAL,0,0,0,3.18,3.18,0.37
163453,SNS-1013,BTC-SEA-5013,SHP-2026-113,2026-08-24 17:48 UTC,2.87,92.7,"GPS: 48.6800 N, -123.3800 W",90,FAIR,NORMAL,0,0,0,2.87,2.87,0.41
163454,SNS-1013,BTC-SEA-5013,SHP-2026-113,2026-08-24 18:03 UTC,3.51,89.0,"GPS: 48.6900 N, -123.3900 W",90,FAIR,NORMAL,0,0,0,3.51,3.51,0.37
163455,SNS-1013,BTC-SEA-5013,SHP-2026-113,2026-08-24 18:18 UTC,2.27,93.7,"GPS: 48.7000 N, -123.4000 W",89,GOOD,NORMAL,0,0,0,2.27,2.27,0.45
163456,SNS-1013,BTC-SEA-5013,SHP-2026-113,2026-08-24 18:33 UTC,3.4,94.5,"GPS: 48.7100 N, -123.4100 W",89,EXCELLENT,NORMAL,0,0,0,3.4,3.4,0.38
163457,SNS-1013,BTC-SEA-5013,SHP-2026-113,2026-08-24 18:48 UTC,1.02,93.4,"GPS: 48.7200 N, -123.4200 W",89,GOOD,NORMAL,0,0,0,1.02,1.02,0.45
163458,SNS-1013,BTC-SEA-5013,SHP-2026-113,2026-08-24 19:03 UTC,0.85,90.2,"GPS: 48.7300 N, -123.4300 W",89,EXCELLENT,NORMAL,0,0,0,0.85,0.85,0.4
163459,SNS-1013,BTC-SEA-5013,SHP-2026-113,2026-08-24 19:18 UTC,1.62,92.3,"GPS: 48.7400 N, -123.4400 W",89,GOOD,NORMAL,0,0,0,1.62,1.62,0.41
163460,SNS-1013,BTC-SEA-5013,SHP-2026-113,2026-08-24 19:33 UTC,1.38,94.9,"GPS: 48.7500 N, -123.4500 W",89,FAIR,NORMAL,0,0,0,1.38,1.38,0.4
163461,SNS-1013,BTC-SEA-5013,SHP-2026-113,2026-08-24 19:48 UTC,0.9,95.8,"GPS: 48.7600 N, -123.4600 W",89,EXCELLENT,NORMAL,0,0,0,0.9,0.9,0.39
163462,SNS-1013,BTC-SEA-5013,SHP-2026-113,2026-08-24 20:03 UTC,1.08,89.5,"GPS: 48.7700 N, -123.4700 W",89,EXCELLENT,NORMAL,0,0,0,1.08,1.08,0.41
163463,SNS-1013,BTC-SEA-5013,SHP-2026-113,2026-08-24 20:18 UTC,3.16,94.0,"GPS: 48.7800 N, -123.4800 W",89,EXCELLENT,NORMAL,0,0,0,3.16,3.16,0.46
163464,SNS-1013,BTC-SEA-5013,SHP-2026-113,2026-08-24 20:33 UTC,1.76,89.0,"GPS: 48.7900 N, -123.4900 W",89,GOOD,NORMAL,0,0,0,1.76,1.76,0.42
163465,SNS-1013,BTC-SEA-5013,SHP-2026-113,2026-08-24 20:48 UTC,0.8,91.8,"GPS: 48.8000 N, -123.5000 W",88,FAIR,NORMAL,0,0,0,0.8,0.8,0.4
163466,SNS-1013,BTC-SEA-5013,SHP-2026-113,2026-08-24 21:03 UTC,3.75,95.8,"GPS: 48.8100 N, -123.5100 W",88,EXCELLENT,NORMAL,0,0,0,3.75,3.75,0.42
163467,SNS-1013,BTC-SEA-5013,SHP-2026-113,2026-08-24 21:18 UTC,3.71,90.9,"GPS: 48.8200 N, -123.5200 W",88,FAIR,NORMAL,0,0,0,3.71,3.71,0.39
163468,SNS-1013,BTC-SEA-5013,SHP-2026-113,2026-08-24 21:33 UTC,2.31,92.3,"GPS: 48.8300 N, -123.5300 W",88,GOOD,NORMAL,0,0,0,2.31,2.31,0.43
163469,SNS-1013,BTC-SEA-5013,SHP-2026-113,2026-08-24 21:48 UTC,3.52,90.8,"GPS: 48.8400 N, -123.5400 W",88,GOOD,NORMAL,0,0,0,3.52,3.52,0.4
163470,SNS-1013,BTC-SEA-5013,SHP-2026-113,2026-08-24 22:03 UTC,3.37,93.2,"GPS: 48.8500 N, -123.5500 W",88,FAIR,NORMAL,0,0,0,3.37,3.37,0.45
163471,SNS-1013,BTC-SEA-5013,SHP-2026-113,2026-08-24 22:18 UTC,1.47,90.2,"GPS: 48.8600 N, -123.5600 W",88,GOOD,NORMAL,0,0,0,1.47,1.47,0.46
163472,SNS-1013,BTC-SEA-5013,SHP-2026-113,2026-08-24 22:33 UTC,2.03,89.4,"GPS: 48.8700 N, -123.5700 W",88,FAIR,NORMAL,0,0,0,2.03,2.03,0.39
163473,SNS-1013,BTC-SEA-5013,SHP-2026-113,2026-08-24 22:48 UTC,2.12,92.8,"GPS: 48.8800 N, -123.5800 W",88,FAIR,NORMAL,0,0,0,2.12,2.12,0.39
163474,SNS-1013,BTC-SEA-5013,SHP-2026-113,2026-08-24 23:03 UTC,3.13,85.9,"GPS: 48.8900 N, -123.5900 W",88,EXCELLENT,NORMAL,0,0,0,3.13,3.13,0.39
163475,SNS-1013,BTC-SEA-5013,SHP-2026-113,2026-08-24 23:18 UTC,2.95,89.6,"GPS: 48.9000 N, -123.6000 W",87,EXCELLENT,NORMAL,0,0,0,2.95,2.95,0.43
163476,SNS-1013,BTC-SEA-5013,SHP-2026-113,2026-08-24 23:33 UTC,3.54,86.4,"GPS: 48.9100 N, -123.6100 W",87,GOOD,NORMAL,0,0,0,3.54,3.54,0.46
163477,SNS-1013,BTC-SEA-5013,SHP-2026-113,2026-08-24 23:48 UTC,2.6,86.4,"GPS: 48.9200 N, -123.6200 W",87,EXCELLENT,NORMAL,0,0,0,2.6,2.6,0.44
163478,SNS-1013,BTC-SEA-5013,SHP-2026-113,2026-08-25 00:03 UTC,1.07,86.6,"GPS: 48.9300 N, -123.6300 W",87,GOOD,NORMAL,0,0,0,1.07,1.07,0.51
163479,SNS-1013,BTC-SEA-5013,SHP-2026-113,2026-08-25 00:18 UTC,3.09,93.3,"GPS: 48.9400 N, -123.6400 W",87,GOOD,NORMAL,0,0,0,3.09,3.09,0.44
163480,SNS-1013,BTC-SEA-5013,SHP-2026-113,2026-08-25 00:33 UTC,1.9,88.2,"GPS: 48.9500 N, -123.6500 W",87,FAIR,NORMAL,0,0,0,1.9,1.9,0.44
163481,SNS-1014,BTC-SEA-5014,SHP-2026-114,2026-08-23 16:48 UTC,1.75,95.6,"GPS: 47.6000 N, -122.3000 W",100,EXCELLENT,NORMAL,0,0,0,1.75,1.75,0.49
163482,SNS-1014,BTC-SEA-5014,SHP-2026-114,2026-08-23 17:03 UTC,2.77,91.6,"GPS: 47.6100 N, -122.3100 W",100,FAIR,NORMAL,0,0,0,2.77,2.77,0.41
163483,SNS-1014,BTC-SEA-5014,SHP-2026-114,2026-08-23 17:18 UTC,3.54,86.6,"GPS: 47.6200 N, -122.3200 W",100,EXCELLENT,NORMAL,0,0,0,3.54,3.54,0.43
163484,SNS-1014,BTC-SEA-5014,SHP-2026-114,2026-08-23 17:33 UTC,3.5,88.4,"GPS: 47.6300 N, -122.3300 W",100,GOOD,NORMAL,0,0,0,3.5,3.5,0.42
163485,SNS-1014,BTC-SEA-5014,SHP-2026-114,2026-08-23 17:48 UTC,1.04,85.6,"GPS: 47.6400 N, -122.3400 W",100,EXCELLENT,NORMAL,0,0,0,1.04,1.04,0.46
163486,SNS-1014,BTC-SEA-5014,SHP-2026-114,2026-08-23 18:03 UTC,1.48,95.3,"GPS: 47.6500 N, -122.3500 W",100,FAIR,NORMAL,0,0,0,1.48,1.48,0.43
163487,SNS-1014,BTC-SEA-5014,SHP-2026-114,2026-08-23 18:18 UTC,1.61,96.0,"GPS: 47.6600 N, -122.3600 W",100,GOOD,NORMAL,0,0,0,1.61,1.61,0.41
163488,SNS-1014,BTC-SEA-5014,SHP-2026-114,2026-08-23 18:33 UTC,2.08,92.4,"GPS: 47.6700 N, -122.3700 W",100,GOOD,NORMAL,0,0,0,2.08,2.08,0.46
163489,SNS-1014,BTC-SEA-5014,SHP-2026-114,2026-08-23 18:48 UTC,1.24,94.9,"GPS: 47.6800 N, -122.3800 W",100,GOOD,NORMAL,0,0,0,1.24,1.24,0.42
163490,SNS-1014,BTC-SEA-5014,SHP-2026-114,2026-08-23 19:03 UTC,1.75,93.9,"GPS: 47.6900 N, -122.3900 W",100,EXCELLENT,NORMAL,0,0,0,1.75,1.75,0.41
163491,SNS-1014,BTC-SEA-5014,SHP-2026-114,2026-08-23 19:18 UTC,0.7,94.9,"GPS: 47.7000 N, -122.4000 W",99,EXCELLENT,NORMAL,0,0,0,0.7,0.7,0.46
163492,SNS-1014,BTC-SEA-5014,SHP-2026-114,2026-08-23 19:33 UTC,3.57,91.8,"GPS: 47.7100 N, -122.4100 W",99,FAIR,NORMAL,0,0,0,3.57,3.57,0.47
163493,SNS-1014,BTC-SEA-5014,SHP-2026-114,2026-08-23 19:48 UTC,3.36,92.1,"GPS: 47.7200 N, -122.4200 W",99,EXCELLENT,NORMAL,0,0,0,3.36,3.36,0.4
163494,SNS-1014,BTC-SEA-5014,SHP-2026-114,2026-08-23 20:03 UTC,2.41,91.1,"GPS: 47.7300 N, -122.4300 W",99,EXCELLENT,NORMAL,0,0,0,2.41,2.41,0.45
163495,SNS-1014,BTC-SEA-5014,SHP-2026-114,2026-08-23 20:18 UTC,3.52,94.5,"GPS: 47.7400 N, -122.4400 W",99,GOOD,NORMAL,0,0,0,3.52,3.52,0.4
163496,SNS-1014,BTC-SEA-5014,SHP-2026-114,2026-08-23 20:33 UTC,3.58,85.8,"GPS: 47.7500 N, -122.4500 W",99,EXCELLENT,NORMAL,0,0,0,3.58,3.58,0.39
163497,SNS-1014,BTC-SEA-5014,SHP-2026-114,2026-08-23 20:48 UTC,2.37,92.4,"GPS: 47.7600 N, -122.4600 W",99,EXCELLENT,NORMAL,0,0,0,2.37,2.37,0.4
163498,SNS-1014,BTC-SEA-5014,SHP-2026-114,2026-08-23 21:03 UTC,2.3,94.9,"GPS: 47.7700 N, -122.4700 W",99,GOOD,NORMAL,0,0,0,2.3,2.3,0.39
163499,SNS-1014,BTC-SEA-5014,SHP-2026-114,2026-08-23 21:18 UTC,3.25,88.7,"GPS: 47.7800 N, -122.4800 W",99,GOOD,NORMAL,0,0,0,3.25,3.25,0.39
163500,SNS-1014,BTC-SEA-5014,SHP-2026-114,2026-08-23 21:33 UTC,2.49,93.6,"GPS: 47.7900 N, -122.4900 W",99,FAIR,NORMAL,0,0,0,2.49,2.49,0.38
163501,SNS-1014,BTC-SEA-5014,SHP-2026-114,2026-08-23 21:48 UTC,3.3,89.2,"GPS: 47.8000 N, -122.5000 W",98,EXCELLENT,NORMAL,0,0,0,3.3,3.3,0.39
163502,SNS-1014,BTC-SEA-5014,SHP-2026-114,2026-08-23 22:03 UTC,2.89,89.6,"GPS: 47.8100 N, -122.5100 W",98,FAIR,NORMAL,0,0,0,2.89,2.89,0.42
163503,SNS-1014,BTC-SEA-5014,SHP-2026-114,2026-08-23 22:18 UTC,0.71,86.6,"GPS: 47.8200 N, -122.5200 W",98,GOOD,NORMAL,0,0,0,0.71,0.71,0.47
163504,SNS-1014,BTC-SEA-5014,SHP-2026-114,2026-08-23 22:33 UTC,3.37,87.2,"GPS: 47.8300 N, -122.5300 W",98,FAIR,NORMAL,0,0,0,3.37,3.37,0.38
163505,SNS-1014,BTC-SEA-5014,SHP-2026-114,2026-08-23 22:48 UTC,1.89,94.1,"GPS: 47.8400 N, -122.5400 W",98,EXCELLENT,NORMAL,0,0,0,1.89,1.89,0.37
163506,SNS-1014,BTC-SEA-5014,SHP-2026-114,2026-08-23 23:03 UTC,2.44,95.2,"GPS: 47.8500 N, -122.5500 W",98,FAIR,NORMAL,0,0,0,2.44,2.44,0.4
163507,SNS-1014,BTC-SEA-5014,SHP-2026-114,2026-08-23 23:18 UTC,3.58,93.8,"GPS: 47.8600 N, -122.5600 W",98,EXCELLENT,NORMAL,0,0,0,3.58,3.58,0.39
163508,SNS-1014,BTC-SEA-5014,SHP-2026-114,2026-08-23 23:33 UTC,2.98,90.9,"GPS: 47.8700 N, -122.5700 W",98,GOOD,NORMAL,0,0,0,2.98,2.98,0.4
163509,SNS-1014,BTC-SEA-5014,SHP-2026-114,2026-08-23 23:48 UTC,4.78,93.4,"GPS: 47.8800 N, -122.5800 W",98,FAIR,WARNING,0,0,0,4.78,4.78,0.45
163510,SNS-1014,BTC-SEA-5014,SHP-2026-114,2026-08-24 00:03 UTC,2.88,95.1,"GPS: 47.8900 N, -122.5900 W",98,EXCELLENT,NORMAL,0,0,0,2.88,2.88,0.37
163511,SNS-1014,BTC-SEA-5014,SHP-2026-114,2026-08-24 00:18 UTC,1.76,95.2,"GPS: 47.9000 N, -122.6000 W",97,GOOD,NORMAL,0,0,0,1.76,1.76,0.4
163512,SNS-1014,BTC-SEA-5014,SHP-2026-114,2026-08-24 00:33 UTC,1.21,95.0,"GPS: 47.9100 N, -122.6100 W",97,EXCELLENT,NORMAL,0,0,0,1.21,1.21,0.38
163513,SNS-1014,BTC-SEA-5014,SHP-2026-114,2026-08-24 00:48 UTC,1.26,91.6,"GPS: 47.9200 N, -122.6200 W",97,FAIR,NORMAL,0,0,0,1.26,1.26,0.37
163514,SNS-1014,BTC-SEA-5014,SHP-2026-114,2026-08-24 01:03 UTC,2.29,89.8,"GPS: 47.9300 N, -122.6300 W",97,GOOD,NORMAL,0,0,0,2.29,2.29,0.36
163515,SNS-1014,BTC-SEA-5014,SHP-2026-114,2026-08-24 01:18 UTC,2.59,89.7,"GPS: 47.9400 N, -122.6400 W",97,FAIR,NORMAL,0,0,0,2.59,2.59,0.39
163516,SNS-1014,BTC-SEA-5014,SHP-2026-114,2026-08-24 01:33 UTC,2.24,86.5,"GPS: 47.9500 N, -122.6500 W",97,GOOD,NORMAL,0,0,0,2.24,2.24,0.36
163517,SNS-1014,BTC-SEA-5014,SHP-2026-114,2026-08-24 01:48 UTC,1.93,88.6,"GPS: 47.9600 N, -122.6600 W",97,GOOD,NORMAL,0,0,0,1.93,1.93,0.38
163518,SNS-1014,BTC-SEA-5014,SHP-2026-114,2026-08-24 02:03 UTC,2.84,93.5,"GPS: 47.9700 N, -122.6700 W",97,EXCELLENT,NORMAL,0,0,0,2.84,2.84,0.41
163519,SNS-1014,BTC-SEA-5014,SHP-2026-114,2026-08-24 02:18 UTC,3.05,88.3,"GPS: 47.9800 N, -122.6800 W",97,EXCELLENT,NORMAL,0,0,0,3.05,3.05,0.38
163520,SNS-1014,BTC-SEA-5014,SHP-2026-114,2026-08-24 02:33 UTC,2.4,85.2,"GPS: 47.9900 N, -122.6900 W",97,EXCELLENT,NORMAL,0,0,0,2.4,2.4,0.4
163521,SNS-1014,BTC-SEA-5014,SHP-2026-114,2026-08-24 02:48 UTC,0.76,92.0,"GPS: 48.0000 N, -122.7000 W",96,FAIR,NORMAL,0,0,0,0.76,0.76,0.44
163522,SNS-1014,BTC-SEA-5014,SHP-2026-114,2026-08-24 03:03 UTC,2.94,85.8,"GPS: 48.0100 N, -122.7100 W",96,GOOD,NORMAL,0,0,0,2.94,2.94,0.36
163523,SNS-1014,BTC-SEA-5014,SHP-2026-114,2026-08-24 03:18 UTC,3.4,93.8,"GPS: 48.0200 N, -122.7200 W",96,GOOD,NORMAL,0,0,0,3.4,3.4,0.37
163524,SNS-1014,BTC-SEA-5014,SHP-2026-114,2026-08-24 03:33 UTC,-20.69,87.9,"GPS: 48.0300 N, -122.7300 W",96,FAIR,WARNING,0,0,0,-20.69,-20.69,0.46
163525,SNS-1014,BTC-SEA-5014,SHP-2026-114,2026-08-24 03:48 UTC,0.71,94.8,"GPS: 48.0400 N, -122.7400 W",96,GOOD,NORMAL,0,0,0,0.71,0.71,0.38
163526,SNS-1014,BTC-SEA-5014,SHP-2026-114,2026-08-24 04:03 UTC,-6.1,90.2,"GPS: 48.0500 N, -122.7500 W",96,EXCELLENT,WARNING,0,0,0,-6.1,-6.1,0.41
163527,SNS-1014,BTC-SEA-5014,SHP-2026-114,2026-08-24 04:18 UTC,1.98,85.2,"GPS: 48.0600 N, -122.7600 W",96,GOOD,NORMAL,0,0,0,1.98,1.98,0.36
163528,SNS-1014,BTC-SEA-5014,SHP-2026-114,2026-08-24 04:33 UTC,16.14,90.7,"GPS: 48.0700 N, -122.7700 W",96,EXCELLENT,WARNING,0,0,0,16.14,16.14,0.5
163529,SNS-1014,BTC-SEA-5014,SHP-2026-114,2026-08-24 04:48 UTC,1.47,87.0,"GPS: 48.0800 N, -122.7800 W",96,FAIR,NORMAL,0,0,0,1.47,1.47,0.4
163530,SNS-1014,BTC-SEA-5014,SHP-2026-114,2026-08-24 05:03 UTC,1.83,86.5,"GPS: 48.0900 N, -122.7900 W",96,GOOD,NORMAL,0,0,0,1.83,1.83,0.4
163531,SNS-1014,BTC-SEA-5014,SHP-2026-114,2026-08-24 05:18 UTC,2.34,89.1,"GPS: 48.1000 N, -122.8000 W",95,FAIR,NORMAL,0,0,0,2.34,2.34,0.36
163532,SNS-1014,BTC-SEA-5014,SHP-2026-114,2026-08-24 05:33 UTC,2.79,92.6,"GPS: 48.1100 N, -122.8100 W",95,EXCELLENT,NORMAL,0,0,0,2.79,2.79,0.36
163533,SNS-1014,BTC-SEA-5014,SHP-2026-114,2026-08-24 05:48 UTC,2.86,89.5,"GPS: 48.1200 N, -122.8200 W",95,FAIR,NORMAL,0,0,0,2.86,2.86,0.37
163534,SNS-1014,BTC-SEA-5014,SHP-2026-114,2026-08-24 06:03 UTC,1.32,94.1,"GPS: 48.1300 N, -122.8300 W",95,FAIR,NORMAL,0,0,0,1.32,1.32,0.41
163535,SNS-1014,BTC-SEA-5014,SHP-2026-114,2026-08-24 06:18 UTC,1.13,93.9,"GPS: 48.1400 N, -122.8400 W",95,EXCELLENT,NORMAL,0,0,0,1.13,1.13,0.38
163536,SNS-1014,BTC-SEA-5014,SHP-2026-114,2026-08-24 06:33 UTC,10.26,85.6,"GPS: 48.1500 N, -122.8500 W",95,EXCELLENT,CRITICAL,0,0,0,10.26,10.26,0.51
163537,SNS-1014,BTC-SEA-5014,SHP-2026-114,2026-08-24 06:48 UTC,10.02,92.8,"GPS: 48.1600 N, -122.8600 W",95,FAIR,CRITICAL,0,0,0,10.02,10.02,0.44
163538,SNS-1014,BTC-SEA-5014,SHP-2026-114,2026-08-24 07:03 UTC,9.75,94.5,"GPS: 48.1700 N, -122.8700 W",95,FAIR,CRITICAL,0,0,0,9.75,9.75,0.44
163539,SNS-1014,BTC-SEA-5014,SHP-2026-114,2026-08-24 07:18 UTC,7.01,92.7,"GPS: 48.1800 N, -122.8800 W",95,FAIR,CRITICAL,0,0,0,7.01,7.01,0.43
163540,SNS-1014,BTC-SEA-5014,SHP-2026-114,2026-08-24 07:33 UTC,7.27,91.2,"GPS: 48.1900 N, -122.8900 W",95,EXCELLENT,CRITICAL,0,0,0,7.27,7.27,0.41
163541,SNS-1014,BTC-SEA-5014,SHP-2026-114,2026-08-24 07:48 UTC,6.61,92.4,"GPS: 48.2000 N, -122.9000 W",94,EXCELLENT,CRITICAL,0,0,0,6.61,6.61,0.4
163542,SNS-1014,BTC-SEA-5014,SHP-2026-114,2026-08-24 08:03 UTC,9.77,94.0,"GPS: 48.2100 N, -122.9100 W",94,EXCELLENT,CRITICAL,0,0,0,9.77,9.77,0.43
163543,SNS-1014,BTC-SEA-5014,SHP-2026-114,2026-08-24 08:18 UTC,8.6,87.0,"GPS: 48.2200 N, -122.9200 W",94,GOOD,CRITICAL,0,0,0,8.6,8.6,0.42
163544,SNS-1014,BTC-SEA-5014,SHP-2026-114,2026-08-24 08:33 UTC,6.69,92.2,"GPS: 48.2300 N, -122.9300 W",94,EXCELLENT,CRITICAL,0,0,0,6.69,6.69,0.4
163545,SNS-1014,BTC-SEA-5014,SHP-2026-114,2026-08-24 08:48 UTC,9.64,95.0,"GPS: 48.2400 N, -122.9400 W",94,FAIR,CRITICAL,0,0,0,9.64,9.64,0.42
163546,SNS-1014,BTC-SEA-5014,SHP-2026-114,2026-08-24 09:03 UTC,10.56,88.3,"GPS: 48.2500 N, -122.9500 W",94,FAIR,CRITICAL,0,0,0,10.56,10.56,0.44
163547,SNS-1014,BTC-SEA-5014,SHP-2026-114,2026-08-24 09:18 UTC,7.01,87.7,"GPS: 48.2600 N, -122.9600 W",94,FAIR,CRITICAL,0,0,0,7.01,7.01,0.4
163548,SNS-1014,BTC-SEA-5014,SHP-2026-114,2026-08-24 09:33 UTC,8.5,93.8,"GPS: 48.2700 N, -122.9700 W",94,GOOD,CRITICAL,0,0,0,8.5,8.5,0.48
163549,SNS-1014,BTC-SEA-5014,SHP-2026-114,2026-08-24 09:48 UTC,8.08,88.3,"GPS: 48.2800 N, -122.9800 W",94,GOOD,CRITICAL,0,0,0,8.08,8.08,0.42
163550,SNS-1014,BTC-SEA-5014,SHP-2026-114,2026-08-24 10:03 UTC,10.73,93.4,"GPS: 48.2900 N, -122.9900 W",94,GOOD,CRITICAL,0,0,0,10.73,10.73,0.44
163551,SNS-1014,BTC-SEA-5014,SHP-2026-114,2026-08-24 10:18 UTC,7.62,88.5,"GPS: 48.3000 N, -123.0000 W",93,GOOD,CRITICAL,0,0,0,7.62,7.62,0.41
163552,SNS-1014,BTC-SEA-5014,SHP-2026-114,2026-08-24 10:33 UTC,7.79,94.9,"GPS: 48.3100 N, -123.0100 W",93,EXCELLENT,CRITICAL,0,0,0,7.79,7.79,0.42
163553,SNS-1014,BTC-SEA-5014,SHP-2026-114,2026-08-24 10:48 UTC,10.51,92.9,"GPS: 48.3200 N, -123.0200 W",93,EXCELLENT,CRITICAL,0,0,0,10.51,10.51,0.44
163554,SNS-1014,BTC-SEA-5014,SHP-2026-114,2026-08-24 11:03 UTC,8.17,90.0,"GPS: 48.3300 N, -123.0300 W",93,FAIR,CRITICAL,0,0,0,8.17,8.17,0.43
163555,SNS-1014,BTC-SEA-5014,SHP-2026-114,2026-08-24 11:18 UTC,10.49,85.9,"GPS: 48.3400 N, -123.0400 W",93,FAIR,CRITICAL,0,0,0,10.49,10.49,0.45
163556,SNS-1014,BTC-SEA-5014,SHP-2026-114,2026-08-24 11:33 UTC,7.54,92.3,"GPS: 48.3500 N, -123.0500 W",93,FAIR,CRITICAL,0,0,0,7.54,7.54,0.4
163557,SNS-1014,BTC-SEA-5014,SHP-2026-114,2026-08-24 11:48 UTC,9.27,89.2,"GPS: 48.3600 N, -123.0600 W",93,EXCELLENT,CRITICAL,0,0,0,9.27,9.27,0.46
163558,SNS-1014,BTC-SEA-5014,SHP-2026-114,2026-08-24 12:03 UTC,10.66,95.6,"GPS: 48.3700 N, -123.0700 W",93,GOOD,CRITICAL,0,0,0,10.66,10.66,0.44
163559,SNS-1014,BTC-SEA-5014,SHP-2026-114,2026-08-24 12:18 UTC,10.13,87.9,"GPS: 48.3800 N, -123.0800 W",93,FAIR,CRITICAL,0,0,0,10.13,10.13,0.45
163560,SNS-1014,BTC-SEA-5014,SHP-2026-114,2026-08-24 12:33 UTC,9.79,94.1,"GPS: 48.3900 N, -123.0900 W",93,FAIR,CRITICAL,0,0,0,9.79,9.79,0.45
163561,SNS-1014,BTC-SEA-5014,SHP-2026-114,2026-08-24 12:48 UTC,10.18,93.9,"GPS: 48.4000 N, -123.1000 W",92,FAIR,CRITICAL,0,0,0,10.18,10.18,0.45
163562,SNS-1014,BTC-SEA-5014,SHP-2026-114,2026-08-24 13:03 UTC,7.8,95.6,"GPS: 48.4100 N, -123.1100 W",92,GOOD,CRITICAL,0,0,0,7.8,7.8,0.49
163563,SNS-1014,BTC-SEA-5014,SHP-2026-114,2026-08-24 13:18 UTC,8.19,93.3,"GPS: 48.4200 N, -123.1200 W",92,EXCELLENT,CRITICAL,0,0,0,8.19,8.19,0.41
163564,SNS-1014,BTC-SEA-5014,SHP-2026-114,2026-08-24 13:33 UTC,8.84,87.5,"GPS: 48.4300 N, -123.1300 W",92,EXCELLENT,CRITICAL,0,0,0,8.84,8.84,0.46
163565,SNS-1014,BTC-SEA-5014,SHP-2026-114,2026-08-24 13:48 UTC,7.75,86.3,"GPS: 48.4400 N, -123.1400 W",92,FAIR,CRITICAL,0,0,0,7.75,7.75,0.41
163566,SNS-1014,BTC-SEA-5014,SHP-2026-114,2026-08-24 14:03 UTC,6.68,88.3,"GPS: 48.4500 N, -123.1500 W",92,EXCELLENT,CRITICAL,0,0,0,6.68,6.68,0.46
163567,SNS-1014,BTC-SEA-5014,SHP-2026-114,2026-08-24 14:18 UTC,10.04,93.6,"GPS: 48.4600 N, -123.1600 W",92,EXCELLENT,CRITICAL,0,0,0,10.04,10.04,0.46
163568,SNS-1014,BTC-SEA-5014,SHP-2026-114,2026-08-24 14:33 UTC,10.34,93.2,"GPS: 48.4700 N, -123.1700 W",92,EXCELLENT,CRITICAL,0,0,0,10.34,10.34,0.44
163569,SNS-1014,BTC-SEA-5014,SHP-2026-114,2026-08-24 14:48 UTC,6.94,89.3,"GPS: 48.4800 N, -123.1800 W",92,FAIR,CRITICAL,0,0,0,6.94,6.94,0.4
163570,SNS-1014,BTC-SEA-5014,SHP-2026-114,2026-08-24 15:03 UTC,2.71,88.3,"GPS: 48.4900 N, -123.1900 W",92,EXCELLENT,NORMAL,0,0,0,2.71,2.71,0.43
163571,SNS-1014,BTC-SEA-5014,SHP-2026-114,2026-08-24 15:18 UTC,3.16,93.0,"GPS: 48.5000 N, -123.2000 W",91,EXCELLENT,NORMAL,0,0,0,3.16,3.16,0.38
163572,SNS-1014,BTC-SEA-5014,SHP-2026-114,2026-08-24 15:33 UTC,1.47,95.9,"GPS: 48.5100 N, -123.2100 W",91,GOOD,NORMAL,0,0,0,1.47,1.47,0.38
163573,SNS-1014,BTC-SEA-5014,SHP-2026-114,2026-08-24 15:48 UTC,0.75,87.8,"GPS: 48.5200 N, -123.2200 W",91,EXCELLENT,NORMAL,0,0,0,0.75,0.75,0.39
163574,SNS-1014,BTC-SEA-5014,SHP-2026-114,2026-08-24 16:03 UTC,2.75,86.9,"GPS: 48.5300 N, -123.2300 W",91,GOOD,NORMAL,0,0,0,2.75,2.75,0.36
163575,SNS-1014,BTC-SEA-5014,SHP-2026-114,2026-08-24 16:18 UTC,-4.38,90.4,"GPS: 48.5400 N, -123.2400 W",91,EXCELLENT,WARNING,0,0,0,-4.38,-4.38,0.46
163576,SNS-1014,BTC-SEA-5014,SHP-2026-114,2026-08-24 16:33 UTC,2.58,85.9,"GPS: 48.5500 N, -123.2500 W",91,EXCELLENT,NORMAL,0,0,0,2.58,2.58,0.36
163577,SNS-1014,BTC-SEA-5014,SHP-2026-114,2026-08-24 16:48 UTC,2.28,86.8,"GPS: 48.5600 N, -123.2600 W",91,EXCELLENT,NORMAL,0,0,0,2.28,2.28,0.36
163578,SNS-1014,BTC-SEA-5014,SHP-2026-114,2026-08-24 17:03 UTC,2.04,87.6,"GPS: 48.5700 N, -123.2700 W",91,FAIR,NORMAL,0,0,0,2.04,2.04,0.37
163579,SNS-1014,BTC-SEA-5014,SHP-2026-114,2026-08-24 17:18 UTC,2.32,85.3,"GPS: 48.5800 N, -123.2800 W",91,GOOD,NORMAL,0,0,0,2.32,2.32,0.36
163580,SNS-1014,BTC-SEA-5014,SHP-2026-114,2026-08-24 17:33 UTC,1.28,96.0,"GPS: 48.5900 N, -123.2900 W",91,EXCELLENT,NORMAL,0,0,0,1.28,1.28,0.45
163581,SNS-1014,BTC-SEA-5014,SHP-2026-114,2026-08-24 17:48 UTC,3.49,87.0,"GPS: 48.6000 N, -123.3000 W",90,GOOD,NORMAL,0,0,0,3.49,3.49,0.45
163582,SNS-1014,BTC-SEA-5014,SHP-2026-114,2026-08-24 18:03 UTC,3.74,85.3,"GPS: 48.6100 N, -123.3100 W",90,GOOD,NORMAL,0,0,0,3.74,3.74,0.38
163583,SNS-1014,BTC-SEA-5014,SHP-2026-114,2026-08-24 18:18 UTC,1.29,89.1,"GPS: 48.6200 N, -123.3200 W",90,FAIR,NORMAL,0,0,0,1.29,1.29,0.38
163584,SNS-1014,BTC-SEA-5014,SHP-2026-114,2026-08-24 18:33 UTC,2.74,94.6,"GPS: 48.6300 N, -123.3300 W",90,FAIR,NORMAL,0,0,0,2.74,2.74,0.39
163585,SNS-1014,BTC-SEA-5014,SHP-2026-114,2026-08-24 18:48 UTC,3.27,88.2,"GPS: 48.6400 N, -123.3400 W",90,GOOD,NORMAL,0,0,0,3.27,3.27,0.37
163586,SNS-1014,BTC-SEA-5014,SHP-2026-114,2026-08-24 19:03 UTC,-11.36,94.6,"GPS: 48.6500 N, -123.3500 W",90,EXCELLENT,WARNING,0,0,0,-11.36,-11.36,0.48
163587,SNS-1014,BTC-SEA-5014,SHP-2026-114,2026-08-24 19:18 UTC,2.49,91.0,"GPS: 48.6600 N, -123.3600 W",90,EXCELLENT,NORMAL,0,0,0,2.49,2.49,0.37
163588,SNS-1014,BTC-SEA-5014,SHP-2026-114,2026-08-24 19:33 UTC,2.95,89.3,"GPS: 48.6700 N, -123.3700 W",90,EXCELLENT,NORMAL,0,0,0,2.95,2.95,0.37
163589,SNS-1014,BTC-SEA-5014,SHP-2026-114,2026-08-24 19:48 UTC,2.71,88.0,"GPS: 48.6800 N, -123.3800 W",90,EXCELLENT,NORMAL,0,0,0,2.71,2.71,0.37
163590,SNS-1014,BTC-SEA-5014,SHP-2026-114,2026-08-24 20:03 UTC,2.08,95.2,"GPS: 48.6900 N, -123.3900 W",90,GOOD,NORMAL,0,0,0,2.08,2.08,0.37
163591,SNS-1014,BTC-SEA-5014,SHP-2026-114,2026-08-24 20:18 UTC,2.01,87.4,"GPS: 48.7000 N, -123.4000 W",89,GOOD,NORMAL,0,0,0,2.01,2.01,0.39
163592,SNS-1014,BTC-SEA-5014,SHP-2026-114,2026-08-24 20:33 UTC,2.92,95.7,"GPS: 48.7100 N, -123.4100 W",89,EXCELLENT,NORMAL,0,0,0,2.92,2.92,0.38
163593,SNS-1014,BTC-SEA-5014,SHP-2026-114,2026-08-24 20:48 UTC,2.08,88.8,"GPS: 48.7200 N, -123.4200 W",89,FAIR,NORMAL,0,0,0,2.08,2.08,0.38
163594,SNS-1014,BTC-SEA-5014,SHP-2026-114,2026-08-24 21:03 UTC,1.24,95.9,"GPS: 48.7300 N, -123.4300 W",89,EXCELLENT,NORMAL,0,0,0,1.24,1.24,0.42
163595,SNS-1014,BTC-SEA-5014,SHP-2026-114,2026-08-24 21:18 UTC,3.36,93.8,"GPS: 48.7400 N, -123.4400 W",89,EXCELLENT,NORMAL,0,0,0,3.36,3.36,0.4
163596,SNS-1014,BTC-SEA-5014,SHP-2026-114,2026-08-24 21:33 UTC,2.12,94.3,"GPS: 48.7500 N, -123.4500 W",89,EXCELLENT,NORMAL,0,0,0,2.12,2.12,0.39
163597,SNS-1014,BTC-SEA-5014,SHP-2026-114,2026-08-24 21:48 UTC,1.21,88.4,"GPS: 48.7600 N, -123.4600 W",89,FAIR,NORMAL,0,0,0,1.21,1.21,0.39
163598,SNS-1014,BTC-SEA-5014,SHP-2026-114,2026-08-24 22:03 UTC,2.06,88.4,"GPS: 48.7700 N, -123.4700 W",89,EXCELLENT,NORMAL,0,0,0,2.06,2.06,0.42
163599,SNS-1014,BTC-SEA-5014,SHP-2026-114,2026-08-24 22:18 UTC,3.61,93.4,"GPS: 48.7800 N, -123.4800 W",89,GOOD,NORMAL,0,0,0,3.61,3.61,0.4
163600,SNS-1014,BTC-SEA-5014,SHP-2026-114,2026-08-24 22:33 UTC,1.09,86.6,"GPS: 48.7900 N, -123.4900 W",89,EXCELLENT,NORMAL,0,0,0,1.09,1.09,0.39
163601,SNS-1014,BTC-SEA-5014,SHP-2026-114,2026-08-24 22:48 UTC,1.77,87.1,"GPS: 48.8000 N, -123.5000 W",88,EXCELLENT,NORMAL,0,0,0,1.77,1.77,0.43
163602,SNS-1014,BTC-SEA-5014,SHP-2026-114,2026-08-24 23:03 UTC,1.72,95.6,"GPS: 48.8100 N, -123.5100 W",88,FAIR,NORMAL,0,0,0,1.72,1.72,0.4
163603,SNS-1014,BTC-SEA-5014,SHP-2026-114,2026-08-24 23:18 UTC,3.57,92.6,"GPS: 48.8200 N, -123.5200 W",88,GOOD,NORMAL,0,0,0,3.57,3.57,0.4
163604,SNS-1014,BTC-SEA-5014,SHP-2026-114,2026-08-24 23:33 UTC,1.23,85.1,"GPS: 48.8300 N, -123.5300 W",88,GOOD,NORMAL,0,0,0,1.23,1.23,0.4
163605,SNS-1014,BTC-SEA-5014,SHP-2026-114,2026-08-24 23:48 UTC,0.92,89.8,"GPS: 48.8400 N, -123.5400 W",88,FAIR,NORMAL,0,0,0,0.92,0.92,0.4
163606,SNS-1014,BTC-SEA-5014,SHP-2026-114,2026-08-25 00:03 UTC,1.13,89.6,"GPS: 48.8500 N, -123.5500 W",88,EXCELLENT,NORMAL,0,0,0,1.13,1.13,0.4
163607,SNS-1014,BTC-SEA-5014,SHP-2026-114,2026-08-25 00:18 UTC,3.27,95.5,"GPS: 48.8600 N, -123.5600 W",88,EXCELLENT,NORMAL,0,0,0,3.27,3.27,0.4
163608,SNS-1014,BTC-SEA-5014,SHP-2026-114,2026-08-25 00:33 UTC,2.44,94.7,"GPS: 48.8700 N, -123.5700 W",88,EXCELLENT,NORMAL,0,0,0,2.44,2.44,0.39
163609,SNS-1014,BTC-SEA-5014,SHP-2026-114,2026-08-25 00:48 UTC,1.7,87.4,"GPS: 48.8800 N, -123.5800 W",88,GOOD,NORMAL,0,0,0,1.7,1.7,0.43
163610,SNS-1014,BTC-SEA-5014,SHP-2026-114,2026-08-25 01:03 UTC,20.73,92.4,"GPS: 48.8900 N, -123.5900 W",88,GOOD,WARNING,0,0,0,20.73,20.73,0.58
163611,SNS-1014,BTC-SEA-5014,SHP-2026-114,2026-08-25 01:18 UTC,3.79,93.2,"GPS: 48.9000 N, -123.6000 W",87,FAIR,NORMAL,0,0,0,3.79,3.79,0.45
163612,SNS-1014,BTC-SEA-5014,SHP-2026-114,2026-08-25 01:33 UTC,3.59,92.1,"GPS: 48.9100 N, -123.6100 W",87,FAIR,NORMAL,0,0,0,3.59,3.59,0.45
163613,SNS-1014,BTC-SEA-5014,SHP-2026-114,2026-08-25 01:48 UTC,2.63,94.8,"GPS: 48.9200 N, -123.6200 W",87,GOOD,NORMAL,0,0,0,2.63,2.63,0.44
163614,SNS-1014,BTC-SEA-5014,SHP-2026-114,2026-08-25 02:03 UTC,1.31,89.6,"GPS: 48.9300 N, -123.6300 W",87,FAIR,NORMAL,0,0,0,1.31,1.31,0.45
163615,SNS-1014,BTC-SEA-5014,SHP-2026-114,2026-08-25 02:18 UTC,1.15,88.9,"GPS: 48.9400 N, -123.6400 W",87,FAIR,NORMAL,0,0,0,1.15,1.15,0.45
163616,SNS-1014,BTC-SEA-5014,SHP-2026-114,2026-08-25 02:33 UTC,3.71,86.6,"GPS: 48.9500 N, -123.6500 W",87,FAIR,NORMAL,0,0,0,3.71,3.71,0.45
163617,SNS-1015,BTC-SEA-5015,SHP-2026-115,2026-08-23 18:48 UTC,3.94,87.1,"GPS: 47.6000 N, -122.3000 W",100,EXCELLENT,NORMAL,0,0,0,3.94,3.94,0.49
163618,SNS-1015,BTC-SEA-5015,SHP-2026-115,2026-08-23 19:03 UTC,2.27,95.5,"GPS: 47.6100 N, -122.3100 W",100,EXCELLENT,NORMAL,0,0,0,2.27,2.27,0.41
163619,SNS-1015,BTC-SEA-5015,SHP-2026-115,2026-08-23 19:18 UTC,2.37,93.6,"GPS: 47.6200 N, -122.3200 W",100,FAIR,NORMAL,0,0,0,2.37,2.37,0.4
163620,SNS-1015,BTC-SEA-5015,SHP-2026-115,2026-08-23 19:33 UTC,4.3,95.0,"GPS: 47.6300 N, -122.3300 W",100,FAIR,NORMAL,0,0,0,4.3,4.3,0.44
163621,SNS-1015,BTC-SEA-5015,SHP-2026-115,2026-08-23 19:48 UTC,5.5,94.3,"GPS: 47.6400 N, -122.3400 W",100,GOOD,NORMAL,0,0,0,5.5,5.5,0.47
163622,SNS-1015,BTC-SEA-5015,SHP-2026-115,2026-08-23 20:03 UTC,5.07,92.3,"GPS: 47.6500 N, -122.3500 W",100,EXCELLENT,NORMAL,0,0,0,5.07,5.07,0.44
163623,SNS-1015,BTC-SEA-5015,SHP-2026-115,2026-08-23 20:18 UTC,5.39,93.2,"GPS: 47.6600 N, -122.3600 W",100,GOOD,NORMAL,0,0,0,5.39,5.39,0.45
163624,SNS-1015,BTC-SEA-5015,SHP-2026-115,2026-08-23 20:33 UTC,3.71,94.2,"GPS: 47.6700 N, -122.3700 W",100,GOOD,NORMAL,0,0,0,3.71,3.71,0.47
163625,SNS-1015,BTC-SEA-5015,SHP-2026-115,2026-08-23 20:48 UTC,4.25,87.6,"GPS: 47.6800 N, -122.3800 W",100,FAIR,NORMAL,0,0,0,4.25,4.25,0.43
163626,SNS-1015,BTC-SEA-5015,SHP-2026-115,2026-08-23 21:03 UTC,4.34,93.6,"GPS: 47.6900 N, -122.3900 W",100,EXCELLENT,NORMAL,0,0,0,4.34,4.34,0.44
163627,SNS-1015,BTC-SEA-5015,SHP-2026-115,2026-08-23 21:18 UTC,2.23,94.8,"GPS: 47.7000 N, -122.4000 W",99,FAIR,NORMAL,0,0,0,2.23,2.23,0.46
163628,SNS-1015,BTC-SEA-5015,SHP-2026-115,2026-08-23 21:33 UTC,2.42,87.3,"GPS: 47.7100 N, -122.4100 W",99,GOOD,NORMAL,0,0,0,2.42,2.42,0.39
163629,SNS-1015,BTC-SEA-5015,SHP-2026-115,2026-08-23 21:48 UTC,5.12,88.6,"GPS: 47.7200 N, -122.4200 W",99,GOOD,NORMAL,0,0,0,5.12,5.12,0.42
163630,SNS-1015,BTC-SEA-5015,SHP-2026-115,2026-08-23 22:03 UTC,3.53,86.8,"GPS: 47.7300 N, -122.4300 W",99,FAIR,NORMAL,0,0,0,3.53,3.53,0.47
163631,SNS-1015,BTC-SEA-5015,SHP-2026-115,2026-08-23 22:18 UTC,3.8,92.1,"GPS: 47.7400 N, -122.4400 W",99,GOOD,NORMAL,0,0,0,3.8,3.8,0.41
163632,SNS-1015,BTC-SEA-5015,SHP-2026-115,2026-08-23 22:33 UTC,2.53,93.6,"GPS: 47.7500 N, -122.4500 W",99,GOOD,NORMAL,0,0,0,2.53,2.53,0.39
163633,SNS-1015,BTC-SEA-5015,SHP-2026-115,2026-08-23 22:48 UTC,4.0,90.7,"GPS: 47.7600 N, -122.4600 W",99,EXCELLENT,NORMAL,0,0,0,4.0,4.0,0.43
163634,SNS-1015,BTC-SEA-5015,SHP-2026-115,2026-08-23 23:03 UTC,5.74,87.0,"GPS: 47.7700 N, -122.4700 W",99,GOOD,NORMAL,0,0,0,5.74,5.74,0.49
163635,SNS-1015,BTC-SEA-5015,SHP-2026-115,2026-08-23 23:18 UTC,2.52,92.8,"GPS: 47.7800 N, -122.4800 W",99,FAIR,NORMAL,0,0,0,2.52,2.52,0.39
163636,SNS-1015,BTC-SEA-5015,SHP-2026-115,2026-08-23 23:33 UTC,4.73,85.1,"GPS: 47.7900 N, -122.4900 W",99,EXCELLENT,NORMAL,0,0,0,4.73,4.73,0.42
163637,SNS-1015,BTC-SEA-5015,SHP-2026-115,2026-08-23 23:48 UTC,2.87,86.0,"GPS: 47.8000 N, -122.5000 W",98,EXCELLENT,NORMAL,0,0,0,2.87,2.87,0.38
163638,SNS-1015,BTC-SEA-5015,SHP-2026-115,2026-08-24 00:03 UTC,5.53,86.3,"GPS: 47.8100 N, -122.5100 W",98,GOOD,NORMAL,0,0,0,5.53,5.53,0.41
163639,SNS-1015,BTC-SEA-5015,SHP-2026-115,2026-08-24 00:18 UTC,5.61,92.3,"GPS: 47.8200 N, -122.5200 W",98,GOOD,NORMAL,0,0,0,5.61,5.61,0.41
163640,SNS-1015,BTC-SEA-5015,SHP-2026-115,2026-08-24 00:33 UTC,2.89,89.0,"GPS: 47.8300 N, -122.5300 W",98,GOOD,NORMAL,0,0,0,2.89,2.89,0.38
163641,SNS-1015,BTC-SEA-5015,SHP-2026-115,2026-08-24 00:48 UTC,5.16,95.6,"GPS: 47.8400 N, -122.5400 W",98,GOOD,NORMAL,0,0,0,5.16,5.16,0.41
163642,SNS-1015,BTC-SEA-5015,SHP-2026-115,2026-08-24 01:03 UTC,3.96,88.8,"GPS: 47.8500 N, -122.5500 W",98,EXCELLENT,NORMAL,0,0,0,3.96,3.96,0.38
163643,SNS-1015,BTC-SEA-5015,SHP-2026-115,2026-08-24 01:18 UTC,4.08,89.8,"GPS: 47.8600 N, -122.5600 W",98,EXCELLENT,NORMAL,0,0,0,4.08,4.08,0.4
163644,SNS-1015,BTC-SEA-5015,SHP-2026-115,2026-08-24 01:33 UTC,3.96,91.6,"GPS: 47.8700 N, -122.5700 W",98,FAIR,NORMAL,0,0,0,3.96,3.96,0.43
163645,SNS-1015,BTC-SEA-5015,SHP-2026-115,2026-08-24 01:48 UTC,5.24,89.0,"GPS: 47.8800 N, -122.5800 W",98,GOOD,NORMAL,0,0,0,5.24,5.24,0.41
163646,SNS-1015,BTC-SEA-5015,SHP-2026-115,2026-08-24 02:03 UTC,5.65,95.8,"GPS: 47.8900 N, -122.5900 W",98,FAIR,NORMAL,0,0,0,5.65,5.65,0.44
163647,SNS-1015,BTC-SEA-5015,SHP-2026-115,2026-08-24 02:18 UTC,2.41,89.0,"GPS: 47.9000 N, -122.6000 W",97,EXCELLENT,NORMAL,0,0,0,2.41,2.41,0.43
163648,SNS-1015,BTC-SEA-5015,SHP-2026-115,2026-08-24 02:33 UTC,4.62,86.2,"GPS: 47.9100 N, -122.6100 W",97,EXCELLENT,NORMAL,0,0,0,4.62,4.62,0.41
163649,SNS-1015,BTC-SEA-5015,SHP-2026-115,2026-08-24 02:48 UTC,5.12,90.0,"GPS: 47.9200 N, -122.6200 W",97,FAIR,NORMAL,0,0,0,5.12,5.12,0.4
163650,SNS-1015,BTC-SEA-5015,SHP-2026-115,2026-08-24 03:03 UTC,3.12,95.9,"GPS: 47.9300 N, -122.6300 W",97,FAIR,NORMAL,0,0,0,3.12,3.12,0.37
163651,SNS-1015,BTC-SEA-5015,SHP-2026-115,2026-08-24 03:18 UTC,5.57,90.3,"GPS: 47.9400 N, -122.6400 W",97,GOOD,NORMAL,0,0,0,5.57,5.57,0.41
163652,SNS-1015,BTC-SEA-5015,SHP-2026-115,2026-08-24 03:33 UTC,5.28,85.2,"GPS: 47.9500 N, -122.6500 W",97,FAIR,NORMAL,0,0,0,5.28,5.28,0.4
163653,SNS-1015,BTC-SEA-5015,SHP-2026-115,2026-08-24 03:48 UTC,2.49,88.2,"GPS: 47.9600 N, -122.6600 W",97,GOOD,NORMAL,0,0,0,2.49,2.49,0.4
163654,SNS-1015,BTC-SEA-5015,SHP-2026-115,2026-08-24 04:03 UTC,4.98,92.9,"GPS: 47.9700 N, -122.6700 W",97,GOOD,NORMAL,0,0,0,4.98,4.98,0.4
163655,SNS-1015,BTC-SEA-5015,SHP-2026-115,2026-08-24 04:18 UTC,3.02,86.0,"GPS: 47.9800 N, -122.6800 W",97,GOOD,NORMAL,0,0,0,3.02,3.02,0.37
163656,SNS-1015,BTC-SEA-5015,SHP-2026-115,2026-08-24 04:33 UTC,2.74,91.2,"GPS: 47.9900 N, -122.6900 W",97,GOOD,NORMAL,0,0,0,2.74,2.74,0.37
163657,SNS-1015,BTC-SEA-5015,SHP-2026-115,2026-08-24 04:48 UTC,4.71,93.6,"GPS: 48.0000 N, -122.7000 W",96,EXCELLENT,NORMAL,0,0,0,4.71,4.71,0.38
163658,SNS-1015,BTC-SEA-5015,SHP-2026-115,2026-08-24 05:03 UTC,3.54,95.0,"GPS: 48.0100 N, -122.7100 W",96,GOOD,NORMAL,0,0,0,3.54,3.54,0.38
163659,SNS-1015,BTC-SEA-5015,SHP-2026-115,2026-08-24 05:18 UTC,3.56,90.5,"GPS: 48.0200 N, -122.7200 W",96,FAIR,NORMAL,0,0,0,3.56,3.56,0.42
163660,SNS-1015,BTC-SEA-5015,SHP-2026-115,2026-08-24 05:33 UTC,3.8,94.5,"GPS: 48.0300 N, -122.7300 W",96,FAIR,NORMAL,0,0,0,3.8,3.8,0.39
163661,SNS-1015,BTC-SEA-5015,SHP-2026-115,2026-08-24 05:48 UTC,2.7,86.7,"GPS: 48.0400 N, -122.7400 W",96,FAIR,NORMAL,0,0,0,2.7,2.7,0.4
163662,SNS-1015,BTC-SEA-5015,SHP-2026-115,2026-08-24 06:03 UTC,4.35,91.3,"GPS: 48.0500 N, -122.7500 W",96,GOOD,NORMAL,0,0,0,4.35,4.35,0.4
163663,SNS-1015,BTC-SEA-5015,SHP-2026-115,2026-08-24 06:18 UTC,5.0,89.4,"GPS: 48.0600 N, -122.7600 W",96,FAIR,NORMAL,0,0,0,5.0,5.0,0.41
163664,SNS-1015,BTC-SEA-5015,SHP-2026-115,2026-08-24 06:33 UTC,4.1,94.5,"GPS: 48.0700 N, -122.7700 W",96,EXCELLENT,NORMAL,0,0,0,4.1,4.1,0.41
163665,SNS-1015,BTC-SEA-5015,SHP-2026-115,2026-08-24 06:48 UTC,-18.66,86.3,"GPS: 48.0800 N, -122.7800 W",96,FAIR,WARNING,0,0,0,-18.66,-18.66,0.47
163666,SNS-1015,BTC-SEA-5015,SHP-2026-115,2026-08-24 07:03 UTC,5.0,88.4,"GPS: 48.0900 N, -122.7900 W",96,EXCELLENT,NORMAL,0,0,0,5.0,5.0,0.38
163667,SNS-1015,BTC-SEA-5015,SHP-2026-115,2026-08-24 07:18 UTC,3.9,86.2,"GPS: 48.1000 N, -122.8000 W",95,GOOD,NORMAL,0,0,0,3.9,3.9,0.37
163668,SNS-1015,BTC-SEA-5015,SHP-2026-115,2026-08-24 07:33 UTC,2.7,95.9,"GPS: 48.1100 N, -122.8100 W",95,FAIR,NORMAL,0,0,0,2.7,2.7,0.37
163669,SNS-1015,BTC-SEA-5015,SHP-2026-115,2026-08-24 07:48 UTC,3.39,85.4,"GPS: 48.1200 N, -122.8200 W",95,GOOD,NORMAL,0,0,0,3.39,3.39,0.36
163670,SNS-1015,BTC-SEA-5015,SHP-2026-115,2026-08-24 08:03 UTC,5.76,92.7,"GPS: 48.1300 N, -122.8300 W",95,FAIR,NORMAL,0,0,0,5.76,5.76,0.42
163671,SNS-1015,BTC-SEA-5015,SHP-2026-115,2026-08-24 08:18 UTC,5.17,85.8,"GPS: 48.1400 N, -122.8400 W",95,FAIR,NORMAL,0,0,0,5.17,5.17,0.38
163672,SNS-1015,BTC-SEA-5015,SHP-2026-115,2026-08-24 08:33 UTC,3.53,92.8,"GPS: 48.1500 N, -122.8500 W",95,FAIR,NORMAL,0,0,0,3.53,3.53,0.36
163673,SNS-1015,BTC-SEA-5015,SHP-2026-115,2026-08-24 08:48 UTC,2.72,85.2,"GPS: 48.1600 N, -122.8600 W",95,GOOD,NORMAL,0,0,0,2.72,2.72,0.38
163674,SNS-1015,BTC-SEA-5015,SHP-2026-115,2026-08-24 09:03 UTC,2.63,93.7,"GPS: 48.1700 N, -122.8700 W",95,FAIR,NORMAL,0,0,0,2.63,2.63,0.36
163675,SNS-1015,BTC-SEA-5015,SHP-2026-115,2026-08-24 09:18 UTC,4.41,85.2,"GPS: 48.1800 N, -122.8800 W",95,GOOD,NORMAL,0,0,0,4.41,4.41,0.37
163676,SNS-1015,BTC-SEA-5015,SHP-2026-115,2026-08-24 09:33 UTC,5.45,87.5,"GPS: 48.1900 N, -122.8900 W",95,EXCELLENT,NORMAL,0,0,0,5.45,5.45,0.43
163677,SNS-1015,BTC-SEA-5015,SHP-2026-115,2026-08-24 09:48 UTC,4.73,85.8,"GPS: 48.2000 N, -122.9000 W",94,GOOD,NORMAL,0,0,0,4.73,4.73,0.38
163678,SNS-1015,BTC-SEA-5015,SHP-2026-115,2026-08-24 10:03 UTC,3.61,89.6,"GPS: 48.2100 N, -122.9100 W",94,GOOD,NORMAL,0,0,0,3.61,3.61,0.36
163679,SNS-1015,BTC-SEA-5015,SHP-2026-115,2026-08-24 10:18 UTC,3.57,89.7,"GPS: 48.2200 N, -122.9200 W",94,EXCELLENT,NORMAL,0,0,0,3.57,3.57,0.37
163680,SNS-1015,BTC-SEA-5015,SHP-2026-115,2026-08-24 10:33 UTC,2.94,91.7,"GPS: 48.2300 N, -122.9300 W",94,GOOD,NORMAL,0,0,0,2.94,2.94,0.37
163681,SNS-1015,BTC-SEA-5015,SHP-2026-115,2026-08-24 10:48 UTC,3.87,87.3,"GPS: 48.2400 N, -122.9400 W",94,GOOD,NORMAL,0,0,0,3.87,3.87,0.39
163682,SNS-1015,BTC-SEA-5015,SHP-2026-115,2026-08-24 11:03 UTC,4.54,94.4,"GPS: 48.2500 N, -122.9500 W",94,GOOD,NORMAL,0,0,0,4.54,4.54,0.42
163683,SNS-1015,BTC-SEA-5015,SHP-2026-115,2026-08-24 11:18 UTC,2.86,93.2,"GPS: 48.2600 N, -122.9600 W",94,FAIR,NORMAL,0,0,0,2.86,2.86,0.37
163684,SNS-1015,BTC-SEA-5015,SHP-2026-115,2026-08-24 11:33 UTC,5.58,87.3,"GPS: 48.2700 N, -122.9700 W",94,EXCELLENT,NORMAL,0,0,0,5.58,5.58,0.43
163685,SNS-1015,BTC-SEA-5015,SHP-2026-115,2026-08-24 11:48 UTC,2.48,87.0,"GPS: 48.2800 N, -122.9800 W",94,FAIR,NORMAL,0,0,0,2.48,2.48,0.37
163686,SNS-1015,BTC-SEA-5015,SHP-2026-115,2026-08-24 12:03 UTC,19.32,93.2,"GPS: 48.2900 N, -122.9900 W",94,GOOD,WARNING,0,0,0,19.32,19.32,0.56
163687,SNS-1015,BTC-SEA-5015,SHP-2026-115,2026-08-24 12:18 UTC,2.71,87.4,"GPS: 48.3000 N, -123.0000 W",93,GOOD,NORMAL,0,0,0,2.71,2.71,0.36
163688,SNS-1015,BTC-SEA-5015,SHP-2026-115,2026-08-24 12:33 UTC,5.2,89.6,"GPS: 48.3100 N, -123.0100 W",93,EXCELLENT,NORMAL,0,0,0,5.2,5.2,0.4
163689,SNS-1015,BTC-SEA-5015,SHP-2026-115,2026-08-24 12:48 UTC,3.44,92.8,"GPS: 48.3200 N, -123.0200 W",93,EXCELLENT,NORMAL,0,0,0,3.44,3.44,0.36
163690,SNS-1015,BTC-SEA-5015,SHP-2026-115,2026-08-24 13:03 UTC,3.14,93.5,"GPS: 48.3300 N, -123.0300 W",93,FAIR,NORMAL,0,0,0,3.14,3.14,0.36
163691,SNS-1015,BTC-SEA-5015,SHP-2026-115,2026-08-24 13:18 UTC,5.68,88.6,"GPS: 48.3400 N, -123.0400 W",93,GOOD,NORMAL,0,0,0,5.68,5.68,0.4
163692,SNS-1015,BTC-SEA-5015,SHP-2026-115,2026-08-24 13:33 UTC,4.46,88.8,"GPS: 48.3500 N, -123.0500 W",93,FAIR,NORMAL,0,0,0,4.46,4.46,0.42
163693,SNS-1015,BTC-SEA-5015,SHP-2026-115,2026-08-24 13:48 UTC,4.03,90.5,"GPS: 48.3600 N, -123.0600 W",93,FAIR,NORMAL,0,0,0,4.03,4.03,0.4
163694,SNS-1015,BTC-SEA-5015,SHP-2026-115,2026-08-24 14:03 UTC,2.65,85.9,"GPS: 48.3700 N, -123.0700 W",93,GOOD,NORMAL,0,0,0,2.65,2.65,0.38
163695,SNS-1015,BTC-SEA-5015,SHP-2026-115,2026-08-24 14:18 UTC,15.48,94.1,"GPS: 48.3800 N, -123.0800 W",93,GOOD,WARNING,0,0,0,15.48,15.48,0.53
163696,SNS-1015,BTC-SEA-5015,SHP-2026-115,2026-08-24 14:33 UTC,3.77,93.7,"GPS: 48.3900 N, -123.0900 W",93,GOOD,NORMAL,0,0,0,3.77,3.77,0.36
163697,SNS-1015,BTC-SEA-5015,SHP-2026-115,2026-08-24 14:48 UTC,3.72,87.1,"GPS: 48.4000 N, -123.1000 W",92,EXCELLENT,NORMAL,0,0,0,3.72,3.72,0.36
163698,SNS-1015,BTC-SEA-5015,SHP-2026-115,2026-08-24 15:03 UTC,5.7,85.7,"GPS: 48.4100 N, -123.1100 W",92,EXCELLENT,NORMAL,0,0,0,5.7,5.7,0.43
163699,SNS-1015,BTC-SEA-5015,SHP-2026-115,2026-08-24 15:18 UTC,3.95,95.7,"GPS: 48.4200 N, -123.1200 W",92,EXCELLENT,NORMAL,0,0,0,3.95,3.95,0.37
163700,SNS-1015,BTC-SEA-5015,SHP-2026-115,2026-08-24 15:33 UTC,4.51,85.3,"GPS: 48.4300 N, -123.1300 W",92,GOOD,NORMAL,0,0,0,4.51,4.51,0.39
163701,SNS-1015,BTC-SEA-5015,SHP-2026-115,2026-08-24 15:48 UTC,5.13,85.8,"GPS: 48.4400 N, -123.1400 W",92,EXCELLENT,NORMAL,0,0,0,5.13,5.13,0.38
163702,SNS-1015,BTC-SEA-5015,SHP-2026-115,2026-08-24 16:03 UTC,3.85,92.5,"GPS: 48.4500 N, -123.1500 W",92,GOOD,NORMAL,0,0,0,3.85,3.85,0.38
163703,SNS-1015,BTC-SEA-5015,SHP-2026-115,2026-08-24 16:18 UTC,4.71,95.7,"GPS: 48.4600 N, -123.1600 W",92,GOOD,NORMAL,0,0,0,4.71,4.71,0.37
163704,SNS-1015,BTC-SEA-5015,SHP-2026-115,2026-08-24 16:33 UTC,4.13,95.0,"GPS: 48.4700 N, -123.1700 W",92,GOOD,NORMAL,0,0,0,4.13,4.13,0.37
163705,SNS-1015,BTC-SEA-5015,SHP-2026-115,2026-08-24 16:48 UTC,5.77,93.7,"GPS: 48.4800 N, -123.1800 W",92,GOOD,NORMAL,0,0,0,5.77,5.77,0.42
163706,SNS-1015,BTC-SEA-5015,SHP-2026-115,2026-08-24 17:03 UTC,2.52,91.0,"GPS: 48.4900 N, -123.1900 W",92,GOOD,NORMAL,0,0,0,2.52,2.52,0.41
163707,SNS-1015,BTC-SEA-5015,SHP-2026-115,2026-08-24 17:18 UTC,3.28,86.6,"GPS: 48.5000 N, -123.2000 W",91,FAIR,NORMAL,0,0,0,3.28,3.28,0.37
163708,SNS-1015,BTC-SEA-5015,SHP-2026-115,2026-08-24 17:33 UTC,5.43,87.4,"GPS: 48.5100 N, -123.2100 W",91,GOOD,NORMAL,0,0,0,5.43,5.43,0.39
163709,SNS-1015,BTC-SEA-5015,SHP-2026-115,2026-08-24 17:48 UTC,5.22,91.5,"GPS: 48.5200 N, -123.2200 W",91,FAIR,NORMAL,0,0,0,5.22,5.22,0.38
163710,SNS-1015,BTC-SEA-5015,SHP-2026-115,2026-08-24 18:03 UTC,3.21,90.4,"GPS: 48.5300 N, -123.2300 W",91,FAIR,NORMAL,0,0,0,3.21,3.21,0.36
163711,SNS-1015,BTC-SEA-5015,SHP-2026-115,2026-08-24 18:18 UTC,5.07,92.2,"GPS: 48.5400 N, -123.2400 W",91,EXCELLENT,NORMAL,0,0,0,5.07,5.07,0.38
163712,SNS-1015,BTC-SEA-5015,SHP-2026-115,2026-08-24 18:33 UTC,2.92,94.3,"GPS: 48.5500 N, -123.2500 W",91,EXCELLENT,NORMAL,0,0,0,2.92,2.92,0.38
163713,SNS-1015,BTC-SEA-5015,SHP-2026-115,2026-08-24 18:48 UTC,4.37,95.6,"GPS: 48.5600 N, -123.2600 W",91,GOOD,NORMAL,0,0,0,4.37,4.37,0.4
163714,SNS-1015,BTC-SEA-5015,SHP-2026-115,2026-08-24 19:03 UTC,4.09,94.0,"GPS: 48.5700 N, -123.2700 W",91,GOOD,NORMAL,0,0,0,4.09,4.09,0.4
163715,SNS-1015,BTC-SEA-5015,SHP-2026-115,2026-08-24 19:18 UTC,3.28,94.8,"GPS: 48.5800 N, -123.2800 W",91,FAIR,NORMAL,0,0,0,3.28,3.28,0.36
163716,SNS-1015,BTC-SEA-5015,SHP-2026-115,2026-08-24 19:33 UTC,3.54,88.2,"GPS: 48.5900 N, -123.2900 W",91,GOOD,NORMAL,0,0,0,3.54,3.54,0.39
163717,SNS-1015,BTC-SEA-5015,SHP-2026-115,2026-08-24 19:48 UTC,3.73,93.2,"GPS: 48.6000 N, -123.3000 W",90,GOOD,NORMAL,0,0,0,3.73,3.73,0.4
163718,SNS-1015,BTC-SEA-5015,SHP-2026-115,2026-08-24 20:03 UTC,4.97,94.0,"GPS: 48.6100 N, -123.3100 W",90,GOOD,NORMAL,0,0,0,4.97,4.97,0.46
163719,SNS-1015,BTC-SEA-5015,SHP-2026-115,2026-08-24 20:18 UTC,3.92,90.7,"GPS: 48.6200 N, -123.3200 W",90,EXCELLENT,NORMAL,0,0,0,3.92,3.92,0.43
163720,SNS-1015,BTC-SEA-5015,SHP-2026-115,2026-08-24 20:33 UTC,2.57,88.3,"GPS: 48.6300 N, -123.3300 W",90,GOOD,NORMAL,0,0,0,2.57,2.57,0.41
163721,SNS-1015,BTC-SEA-5015,SHP-2026-115,2026-08-24 20:48 UTC,5.57,89.4,"GPS: 48.6400 N, -123.3400 W",90,EXCELLENT,NORMAL,0,0,0,5.57,5.57,0.41
163722,SNS-1015,BTC-SEA-5015,SHP-2026-115,2026-08-24 21:03 UTC,3.22,92.0,"GPS: 48.6500 N, -123.3500 W",90,GOOD,NORMAL,0,0,0,3.22,3.22,0.37
163723,SNS-1015,BTC-SEA-5015,SHP-2026-115,2026-08-24 21:18 UTC,5.06,93.1,"GPS: 48.6600 N, -123.3600 W",90,FAIR,NORMAL,0,0,0,5.06,5.06,0.39
163724,SNS-1015,BTC-SEA-5015,SHP-2026-115,2026-08-24 21:33 UTC,5.56,95.4,"GPS: 48.6700 N, -123.3700 W",90,GOOD,NORMAL,0,0,0,5.56,5.56,0.4
163725,SNS-1015,BTC-SEA-5015,SHP-2026-115,2026-08-24 21:48 UTC,-1.09,89.4,"GPS: 48.6800 N, -123.3800 W",90,FAIR,WARNING,0,0,0,-1.09,-1.09,0.46
163726,SNS-1015,BTC-SEA-5015,SHP-2026-115,2026-08-24 22:03 UTC,4.52,86.9,"GPS: 48.6900 N, -123.3900 W",90,GOOD,NORMAL,0,0,0,4.52,4.52,0.38
163727,SNS-1015,BTC-SEA-5015,SHP-2026-115,2026-08-24 22:18 UTC,4.08,91.2,"GPS: 48.7000 N, -123.4000 W",89,GOOD,NORMAL,0,0,0,4.08,4.08,0.43
163728,SNS-1015,BTC-SEA-5015,SHP-2026-115,2026-08-24 22:33 UTC,5.08,92.1,"GPS: 48.7100 N, -123.4100 W",89,EXCELLENT,NORMAL,0,0,0,5.08,5.08,0.4
163729,SNS-1015,BTC-SEA-5015,SHP-2026-115,2026-08-24 22:48 UTC,4.37,91.8,"GPS: 48.7200 N, -123.4200 W",89,GOOD,NORMAL,0,0,0,4.37,4.37,0.4
163730,SNS-1015,BTC-SEA-5015,SHP-2026-115,2026-08-24 23:03 UTC,2.32,95.4,"GPS: 48.7300 N, -123.4300 W",89,GOOD,NORMAL,0,0,0,2.32,2.32,0.45
163731,SNS-1015,BTC-SEA-5015,SHP-2026-115,2026-08-24 23:18 UTC,5.25,88.3,"GPS: 48.7400 N, -123.4400 W",89,GOOD,NORMAL,0,0,0,5.25,5.25,0.4
163732,SNS-1015,BTC-SEA-5015,SHP-2026-115,2026-08-24 23:33 UTC,5.27,94.6,"GPS: 48.7500 N, -123.4500 W",89,EXCELLENT,NORMAL,0,0,0,5.27,5.27,0.41
163733,SNS-1015,BTC-SEA-5015,SHP-2026-115,2026-08-24 23:48 UTC,2.55,91.0,"GPS: 48.7600 N, -123.4600 W",89,FAIR,NORMAL,0,0,0,2.55,2.55,0.39
163734,SNS-1015,BTC-SEA-5015,SHP-2026-115,2026-08-25 00:03 UTC,3.57,86.6,"GPS: 48.7700 N, -123.4700 W",89,FAIR,NORMAL,0,0,0,3.57,3.57,0.42
163735,SNS-1015,BTC-SEA-5015,SHP-2026-115,2026-08-25 00:18 UTC,5.07,92.9,"GPS: 48.7800 N, -123.4800 W",89,GOOD,NORMAL,0,0,0,5.07,5.07,0.4
163736,SNS-1015,BTC-SEA-5015,SHP-2026-115,2026-08-25 00:33 UTC,3.2,92.8,"GPS: 48.7900 N, -123.4900 W",89,EXCELLENT,NORMAL,0,0,0,3.2,3.2,0.38
163737,SNS-1015,BTC-SEA-5015,SHP-2026-115,2026-08-25 00:48 UTC,5.51,85.8,"GPS: 48.8000 N, -123.5000 W",88,FAIR,NORMAL,0,0,0,5.51,5.51,0.44
163738,SNS-1015,BTC-SEA-5015,SHP-2026-115,2026-08-25 01:03 UTC,2.44,93.7,"GPS: 48.8100 N, -123.5100 W",88,GOOD,NORMAL,0,0,0,2.44,2.44,0.41
163739,SNS-1015,BTC-SEA-5015,SHP-2026-115,2026-08-25 01:18 UTC,3.27,85.0,"GPS: 48.8200 N, -123.5200 W",88,GOOD,NORMAL,0,0,0,3.27,3.27,0.4
163740,SNS-1015,BTC-SEA-5015,SHP-2026-115,2026-08-25 01:33 UTC,3.18,85.5,"GPS: 48.8300 N, -123.5300 W",88,EXCELLENT,NORMAL,0,0,0,3.18,3.18,0.41
163741,SNS-1015,BTC-SEA-5015,SHP-2026-115,2026-08-25 01:48 UTC,3.39,90.4,"GPS: 48.8400 N, -123.5400 W",88,EXCELLENT,NORMAL,0,0,0,3.39,3.39,0.44
163742,SNS-1015,BTC-SEA-5015,SHP-2026-115,2026-08-25 02:03 UTC,3.49,86.2,"GPS: 48.8500 N, -123.5500 W",88,FAIR,NORMAL,0,0,0,3.49,3.49,0.39
163743,SNS-1015,BTC-SEA-5015,SHP-2026-115,2026-08-25 02:18 UTC,4.33,91.5,"GPS: 48.8600 N, -123.5600 W",88,EXCELLENT,NORMAL,0,0,0,4.33,4.33,0.48
163744,SNS-1015,BTC-SEA-5015,SHP-2026-115,2026-08-25 02:33 UTC,5.13,91.7,"GPS: 48.8700 N, -123.5700 W",88,FAIR,NORMAL,0,0,0,5.13,5.13,0.48
163745,SNS-1015,BTC-SEA-5015,SHP-2026-115,2026-08-25 02:48 UTC,5.43,87.0,"GPS: 48.8800 N, -123.5800 W",88,GOOD,NORMAL,0,0,0,5.43,5.43,0.43
163746,SNS-1015,BTC-SEA-5015,SHP-2026-115,2026-08-25 03:03 UTC,3.75,85.6,"GPS: 48.8900 N, -123.5900 W",88,EXCELLENT,NORMAL,0,0,0,3.75,3.75,0.39
163747,SNS-1015,BTC-SEA-5015,SHP-2026-115,2026-08-25 03:18 UTC,4.61,85.2,"GPS: 48.9000 N, -123.6000 W",87,FAIR,NORMAL,0,0,0,4.61,4.61,0.5
163748,SNS-1015,BTC-SEA-5015,SHP-2026-115,2026-08-25 03:33 UTC,4.98,90.6,"GPS: 48.9100 N, -123.6100 W",87,EXCELLENT,NORMAL,0,0,0,4.98,4.98,0.47
163749,SNS-1015,BTC-SEA-5015,SHP-2026-115,2026-08-25 03:48 UTC,4.14,90.7,"GPS: 48.9200 N, -123.6200 W",87,FAIR,NORMAL,0,0,0,4.14,4.14,0.45
163750,SNS-1015,BTC-SEA-5015,SHP-2026-115,2026-08-25 04:03 UTC,3.92,89.2,"GPS: 48.9300 N, -123.6300 W",87,GOOD,NORMAL,0,0,0,3.92,3.92,0.45
163751,SNS-1015,BTC-SEA-5015,SHP-2026-115,2026-08-25 04:18 UTC,3.19,87.4,"GPS: 48.9400 N, -123.6400 W",87,GOOD,NORMAL,0,0,0,3.19,3.19,0.49
163752,SNS-1015,BTC-SEA-5015,SHP-2026-115,2026-08-25 04:33 UTC,2.93,86.2,"GPS: 48.9500 N, -123.6500 W",87,EXCELLENT,NORMAL,0,0,0,2.93,2.93,0.45
163753,SNS-1016,BTC-SEA-5016,SHP-2026-116,2026-08-23 20:48 UTC,-21.62,86.9,"GPS: 47.6000 N, -122.3000 W",100,FAIR,NORMAL,0,0,0,-21.62,-21.62,0.5
163754,SNS-1016,BTC-SEA-5016,SHP-2026-116,2026-08-23 21:03 UTC,-20.61,90.7,"GPS: 47.6100 N, -122.3100 W",100,EXCELLENT,NORMAL,0,0,0,-20.61,-20.61,0.44
163755,SNS-1016,BTC-SEA-5016,SHP-2026-116,2026-08-23 21:18 UTC,-18.39,89.1,"GPS: 47.6200 N, -122.3200 W",100,EXCELLENT,NORMAL,0,0,0,-18.39,-18.39,0.46
163756,SNS-1016,BTC-SEA-5016,SHP-2026-116,2026-08-23 21:33 UTC,-21.49,89.1,"GPS: 47.6300 N, -122.3300 W",100,GOOD,NORMAL,0,0,0,-21.49,-21.49,0.44
163757,SNS-1016,BTC-SEA-5016,SHP-2026-116,2026-08-23 21:48 UTC,-20.65,93.9,"GPS: 47.6400 N, -122.3400 W",100,FAIR,NORMAL,0,0,0,-20.65,-20.65,0.48
163758,SNS-1016,BTC-SEA-5016,SHP-2026-116,2026-08-23 22:03 UTC,-22.91,94.6,"GPS: 47.6500 N, -122.3500 W",100,GOOD,NORMAL,0,0,0,-22.91,-22.91,0.49
163759,SNS-1016,BTC-SEA-5016,SHP-2026-116,2026-08-23 22:18 UTC,-18.57,86.2,"GPS: 47.6600 N, -122.3600 W",100,FAIR,NORMAL,0,0,0,-18.57,-18.57,0.45
163760,SNS-1016,BTC-SEA-5016,SHP-2026-116,2026-08-23 22:33 UTC,-18.65,85.8,"GPS: 47.6700 N, -122.3700 W",100,GOOD,NORMAL,0,0,0,-18.65,-18.65,0.45
163761,SNS-1016,BTC-SEA-5016,SHP-2026-116,2026-08-23 22:48 UTC,-19.76,91.2,"GPS: 47.6800 N, -122.3800 W",100,EXCELLENT,NORMAL,0,0,0,-19.76,-19.76,0.46
163762,SNS-1016,BTC-SEA-5016,SHP-2026-116,2026-08-23 23:03 UTC,,,"GPS: 47.6900 N, -122.3900 W",100,DISCONNECTED,WARNING,1,0,1,-18.82,-19.76,0.47
163763,SNS-1016,BTC-SEA-5016,SHP-2026-116,2026-08-23 23:18 UTC,,,"GPS: 47.7000 N, -122.4000 W",99,DISCONNECTED,WARNING,1,0,1,-22.54,-19.76,0.4
163764,SNS-1016,BTC-SEA-5016,SHP-2026-116,2026-08-23 23:33 UTC,-18.36,85.1,"GPS: 47.7100 N, -122.4100 W",99,EXCELLENT,NORMAL,0,0,0,-18.36,-18.36,0.45
163765,SNS-1016,BTC-SEA-5016,SHP-2026-116,2026-08-23 23:48 UTC,-18.99,87.0,"GPS: 47.7200 N, -122.4200 W",99,EXCELLENT,NORMAL,0,0,0,-18.99,-18.99,0.41
163766,SNS-1016,BTC-SEA-5016,SHP-2026-116,2026-08-24 00:03 UTC,-23.1,90.9,"GPS: 47.7300 N, -122.4300 W",99,GOOD,NORMAL,0,0,0,-23.1,-23.1,0.5
163767,SNS-1016,BTC-SEA-5016,SHP-2026-116,2026-08-24 00:18 UTC,-20.84,88.6,"GPS: 47.7400 N, -122.4400 W",99,FAIR,NORMAL,0,0,0,-20.84,-20.84,0.42
163768,SNS-1016,BTC-SEA-5016,SHP-2026-116,2026-08-24 00:33 UTC,-20.09,91.1,"GPS: 47.7500 N, -122.4500 W",99,FAIR,NORMAL,0,0,0,-20.09,-20.09,0.45
163769,SNS-1016,BTC-SEA-5016,SHP-2026-116,2026-08-24 00:48 UTC,-18.31,89.3,"GPS: 47.7600 N, -122.4600 W",99,FAIR,NORMAL,0,0,0,-18.31,-18.31,0.43
163770,SNS-1016,BTC-SEA-5016,SHP-2026-116,2026-08-24 01:03 UTC,-20.14,87.9,"GPS: 47.7700 N, -122.4700 W",99,EXCELLENT,NORMAL,0,0,0,-20.14,-20.14,0.43
163771,SNS-1016,BTC-SEA-5016,SHP-2026-116,2026-08-24 01:18 UTC,-22.47,94.5,"GPS: 47.7800 N, -122.4800 W",99,FAIR,NORMAL,0,0,0,-22.47,-22.47,0.47
163772,SNS-1016,BTC-SEA-5016,SHP-2026-116,2026-08-24 01:33 UTC,-20.58,91.9,"GPS: 47.7900 N, -122.4900 W",99,GOOD,NORMAL,0,0,0,-20.58,-20.58,0.44
163773,SNS-1016,BTC-SEA-5016,SHP-2026-116,2026-08-24 01:48 UTC,-23.45,95.1,"GPS: 47.8000 N, -122.5000 W",98,FAIR,NORMAL,0,0,0,-23.45,-23.45,0.45
163774,SNS-1016,BTC-SEA-5016,SHP-2026-116,2026-08-24 02:03 UTC,-23.22,86.0,"GPS: 47.8100 N, -122.5100 W",98,FAIR,NORMAL,0,0,0,-23.22,-23.22,0.42
163775,SNS-1016,BTC-SEA-5016,SHP-2026-116,2026-08-24 02:18 UTC,-19.21,92.3,"GPS: 47.8200 N, -122.5200 W",98,FAIR,NORMAL,0,0,0,-19.21,-19.21,0.45
163776,SNS-1016,BTC-SEA-5016,SHP-2026-116,2026-08-24 02:33 UTC,-18.69,85.6,"GPS: 47.8300 N, -122.5300 W",98,EXCELLENT,NORMAL,0,0,0,-18.69,-18.69,0.41
163777,SNS-1016,BTC-SEA-5016,SHP-2026-116,2026-08-24 02:48 UTC,-19.45,94.4,"GPS: 47.8400 N, -122.5400 W",98,FAIR,NORMAL,0,0,0,-19.45,-19.45,0.39
163778,SNS-1016,BTC-SEA-5016,SHP-2026-116,2026-08-24 03:03 UTC,,,"GPS: 47.8500 N, -122.5500 W",98,DISCONNECTED,WARNING,1,0,1,-18.83,-19.45,0.41
163779,SNS-1016,BTC-SEA-5016,SHP-2026-116,2026-08-24 03:18 UTC,-22.6,94.4,"GPS: 47.8600 N, -122.5600 W",98,EXCELLENT,NORMAL,0,0,0,-22.6,-22.6,0.5
163780,SNS-1016,BTC-SEA-5016,SHP-2026-116,2026-08-24 03:33 UTC,-21.98,94.5,"GPS: 47.8700 N, -122.5700 W",98,FAIR,NORMAL,0,0,0,-21.98,-21.98,0.41
163781,SNS-1016,BTC-SEA-5016,SHP-2026-116,2026-08-24 03:48 UTC,-19.0,94.4,"GPS: 47.8800 N, -122.5800 W",98,GOOD,NORMAL,0,0,0,-19.0,-19.0,0.4
163782,SNS-1016,BTC-SEA-5016,SHP-2026-116,2026-08-24 04:03 UTC,,,"GPS: 47.8900 N, -122.5900 W",98,DISCONNECTED,WARNING,1,0,1,-23.66,-19.0,0.4
163783,SNS-1016,BTC-SEA-5016,SHP-2026-116,2026-08-24 04:18 UTC,-21.87,87.8,"GPS: 47.9000 N, -122.6000 W",97,FAIR,NORMAL,0,0,0,-21.87,-21.87,0.39
163784,SNS-1016,BTC-SEA-5016,SHP-2026-116,2026-08-24 04:33 UTC,-22.92,87.4,"GPS: 47.9100 N, -122.6100 W",97,FAIR,NORMAL,0,0,0,-22.92,-22.92,0.42
163785,SNS-1016,BTC-SEA-5016,SHP-2026-116,2026-08-24 04:48 UTC,-22.68,87.8,"GPS: 47.9200 N, -122.6200 W",97,GOOD,NORMAL,0,0,0,-22.68,-22.68,0.41
163786,SNS-1016,BTC-SEA-5016,SHP-2026-116,2026-08-24 05:03 UTC,,,"GPS: 47.9300 N, -122.6300 W",97,DISCONNECTED,WARNING,1,0,1,-22.03,-22.68,0.41
163787,SNS-1016,BTC-SEA-5016,SHP-2026-116,2026-08-24 05:18 UTC,-21.14,89.6,"GPS: 47.9400 N, -122.6400 W",97,GOOD,NORMAL,0,0,0,-21.14,-21.14,0.45
163788,SNS-1016,BTC-SEA-5016,SHP-2026-116,2026-08-24 05:33 UTC,-20.94,90.9,"GPS: 47.9500 N, -122.6500 W",97,FAIR,NORMAL,0,0,0,-20.94,-20.94,0.41
163789,SNS-1016,BTC-SEA-5016,SHP-2026-116,2026-08-24 05:48 UTC,,,"GPS: 47.9600 N, -122.6600 W",97,DISCONNECTED,WARNING,1,0,1,-22.49,-20.94,0.38
163790,SNS-1016,BTC-SEA-5016,SHP-2026-116,2026-08-24 06:03 UTC,-23.66,85.4,"GPS: 47.9700 N, -122.6700 W",97,FAIR,NORMAL,0,0,0,-23.66,-23.66,0.47
163791,SNS-1016,BTC-SEA-5016,SHP-2026-116,2026-08-24 06:18 UTC,-22.2,87.3,"GPS: 47.9800 N, -122.6800 W",97,GOOD,NORMAL,0,0,0,-22.2,-22.2,0.41
163792,SNS-1016,BTC-SEA-5016,SHP-2026-116,2026-08-24 06:33 UTC,-20.26,91.0,"GPS: 47.9900 N, -122.6900 W",97,GOOD,NORMAL,0,0,0,-20.26,-20.26,0.39
163793,SNS-1016,BTC-SEA-5016,SHP-2026-116,2026-08-24 06:48 UTC,-21.41,90.2,"GPS: 48.0000 N, -122.7000 W",96,GOOD,NORMAL,0,0,0,-21.41,-21.41,0.41
163794,SNS-1016,BTC-SEA-5016,SHP-2026-116,2026-08-24 07:03 UTC,-18.67,89.3,"GPS: 48.0100 N, -122.7100 W",96,GOOD,NORMAL,0,0,0,-18.67,-18.67,0.43
163795,SNS-1016,BTC-SEA-5016,SHP-2026-116,2026-08-24 07:18 UTC,-22.3,92.2,"GPS: 48.0200 N, -122.7200 W",96,EXCELLENT,NORMAL,0,0,0,-22.3,-22.3,0.4
163796,SNS-1016,BTC-SEA-5016,SHP-2026-116,2026-08-24 07:33 UTC,-18.29,91.9,"GPS: 48.0300 N, -122.7300 W",96,EXCELLENT,NORMAL,0,0,0,-18.29,-18.29,0.42
163797,SNS-1016,BTC-SEA-5016,SHP-2026-116,2026-08-24 07:48 UTC,-18.51,87.5,"GPS: 48.0400 N, -122.7400 W",96,GOOD,NORMAL,0,0,0,-18.51,-18.51,0.39
163798,SNS-1016,BTC-SEA-5016,SHP-2026-116,2026-08-24 08:03 UTC,-23.23,88.7,"GPS: 48.0500 N, -122.7500 W",96,GOOD,NORMAL,0,0,0,-23.23,-23.23,0.44
163799,SNS-1016,BTC-SEA-5016,SHP-2026-116,2026-08-24 08:18 UTC,-23.01,95.9,"GPS: 48.0600 N, -122.7600 W",96,FAIR,NORMAL,0,0,0,-23.01,-23.01,0.41
163800,SNS-1016,BTC-SEA-5016,SHP-2026-116,2026-08-24 08:33 UTC,-21.85,94.6,"GPS: 48.0700 N, -122.7700 W",96,FAIR,NORMAL,0,0,0,-21.85,-21.85,0.39
163801,SNS-1016,BTC-SEA-5016,SHP-2026-116,2026-08-24 08:48 UTC,-19.17,88.2,"GPS: 48.0800 N, -122.7800 W",96,FAIR,NORMAL,0,0,0,-19.17,-19.17,0.39
163802,SNS-1016,BTC-SEA-5016,SHP-2026-116,2026-08-24 09:03 UTC,-18.52,91.5,"GPS: 48.0900 N, -122.7900 W",96,EXCELLENT,NORMAL,0,0,0,-18.52,-18.52,0.42
163803,SNS-1016,BTC-SEA-5016,SHP-2026-116,2026-08-24 09:18 UTC,-19.31,86.2,"GPS: 48.1000 N, -122.8000 W",95,GOOD,NORMAL,0,0,0,-19.31,-19.31,0.37
163804,SNS-1016,BTC-SEA-5016,SHP-2026-116,2026-08-24 09:33 UTC,-20.85,91.9,"GPS: 48.1100 N, -122.8100 W",95,EXCELLENT,NORMAL,0,0,0,-20.85,-20.85,0.38
163805,SNS-1016,BTC-SEA-5016,SHP-2026-116,2026-08-24 09:48 UTC,-21.6,88.3,"GPS: 48.1200 N, -122.8200 W",95,FAIR,NORMAL,0,0,0,-21.6,-21.6,0.42
163806,SNS-1016,BTC-SEA-5016,SHP-2026-116,2026-08-24 10:03 UTC,,,"GPS: 48.1300 N, -122.8300 W",95,DISCONNECTED,WARNING,1,0,1,-18.83,-21.6,0.39
163807,SNS-1016,BTC-SEA-5016,SHP-2026-116,2026-08-24 10:18 UTC,-20.76,89.2,"GPS: 48.1400 N, -122.8400 W",95,GOOD,NORMAL,0,0,0,-20.76,-20.76,0.44
163808,SNS-1016,BTC-SEA-5016,SHP-2026-116,2026-08-24 10:33 UTC,-20.03,87.4,"GPS: 48.1500 N, -122.8500 W",95,GOOD,NORMAL,0,0,0,-20.03,-20.03,0.43
163809,SNS-1016,BTC-SEA-5016,SHP-2026-116,2026-08-24 10:48 UTC,-18.5,91.2,"GPS: 48.1600 N, -122.8600 W",95,GOOD,NORMAL,0,0,0,-18.5,-18.5,0.45
163810,SNS-1016,BTC-SEA-5016,SHP-2026-116,2026-08-24 11:03 UTC,,,"GPS: 48.1700 N, -122.8700 W",95,DISCONNECTED,WARNING,1,0,1,-20.54,-18.5,0.39
163811,SNS-1016,BTC-SEA-5016,SHP-2026-116,2026-08-24 11:18 UTC,0.08,85.4,"GPS: 48.1800 N, -122.8800 W",95,FAIR,WARNING,0,0,0,0.08,0.08,0.46
163812,SNS-1016,BTC-SEA-5016,SHP-2026-116,2026-08-24 11:33 UTC,,,"GPS: 48.1900 N, -122.8900 W",95,DISCONNECTED,WARNING,1,0,1,-20.73,0.08,0.39
163813,SNS-1016,BTC-SEA-5016,SHP-2026-116,2026-08-24 11:48 UTC,-18.5,90.2,"GPS: 48.2000 N, -122.9000 W",94,FAIR,NORMAL,0,0,0,-18.5,-18.5,0.39
163814,SNS-1016,BTC-SEA-5016,SHP-2026-116,2026-08-24 12:03 UTC,-23.72,95.1,"GPS: 48.2100 N, -122.9100 W",94,EXCELLENT,NORMAL,0,0,0,-23.72,-23.72,0.42
163815,SNS-1016,BTC-SEA-5016,SHP-2026-116,2026-08-24 12:18 UTC,-21.65,95.2,"GPS: 48.2200 N, -122.9200 W",94,GOOD,NORMAL,0,0,0,-21.65,-21.65,0.38
163816,SNS-1016,BTC-SEA-5016,SHP-2026-116,2026-08-24 12:33 UTC,,,"GPS: 48.2300 N, -122.9300 W",94,DISCONNECTED,WARNING,1,0,1,-22.15,-21.65,0.38
163817,SNS-1016,BTC-SEA-5016,SHP-2026-116,2026-08-24 12:48 UTC,,,"GPS: 48.2400 N, -122.9400 W",94,DISCONNECTED,WARNING,1,0,1,-23.26,-21.65,0.43
163818,SNS-1016,BTC-SEA-5016,SHP-2026-116,2026-08-24 13:03 UTC,-19.45,95.8,"GPS: 48.2500 N, -122.9500 W",94,GOOD,NORMAL,0,0,0,-19.45,-19.45,0.43
163819,SNS-1016,BTC-SEA-5016,SHP-2026-116,2026-08-24 13:18 UTC,-21.01,91.5,"GPS: 48.2600 N, -122.9600 W",94,FAIR,NORMAL,0,0,0,-21.01,-21.01,0.43
163820,SNS-1016,BTC-SEA-5016,SHP-2026-116,2026-08-24 13:33 UTC,,,"GPS: 48.2700 N, -122.9700 W",94,DISCONNECTED,WARNING,1,0,1,-19.58,-21.01,0.43
163821,SNS-1016,BTC-SEA-5016,SHP-2026-116,2026-08-24 13:48 UTC,-20.83,90.0,"GPS: 48.2800 N, -122.9800 W",94,FAIR,NORMAL,0,0,0,-20.83,-20.83,0.44
163822,SNS-1016,BTC-SEA-5016,SHP-2026-116,2026-08-24 14:03 UTC,-23.63,94.4,"GPS: 48.2900 N, -122.9900 W",94,GOOD,NORMAL,0,0,0,-23.63,-23.63,0.47
163823,SNS-1016,BTC-SEA-5016,SHP-2026-116,2026-08-24 14:18 UTC,-23.1,93.2,"GPS: 48.3000 N, -123.0000 W",93,FAIR,NORMAL,0,0,0,-23.1,-23.1,0.4
163824,SNS-1016,BTC-SEA-5016,SHP-2026-116,2026-08-24 14:33 UTC,-22.54,85.6,"GPS: 48.3100 N, -123.0100 W",93,GOOD,NORMAL,0,0,0,-22.54,-22.54,0.42
163825,SNS-1016,BTC-SEA-5016,SHP-2026-116,2026-08-24 14:48 UTC,-22.48,94.6,"GPS: 48.3200 N, -123.0200 W",93,FAIR,NORMAL,0,0,0,-22.48,-22.48,0.45
163826,SNS-1016,BTC-SEA-5016,SHP-2026-116,2026-08-24 15:03 UTC,-19.69,87.9,"GPS: 48.3300 N, -123.0300 W",93,GOOD,NORMAL,0,0,0,-19.69,-19.69,0.45
163827,SNS-1016,BTC-SEA-5016,SHP-2026-116,2026-08-24 15:18 UTC,-18.59,87.9,"GPS: 48.3400 N, -123.0400 W",93,GOOD,NORMAL,0,0,0,-18.59,-18.59,0.42
163828,SNS-1016,BTC-SEA-5016,SHP-2026-116,2026-08-24 15:33 UTC,-21.23,93.4,"GPS: 48.3500 N, -123.0500 W",93,FAIR,NORMAL,0,0,0,-21.23,-21.23,0.42
163829,SNS-1016,BTC-SEA-5016,SHP-2026-116,2026-08-24 15:48 UTC,-21.93,86.6,"GPS: 48.3600 N, -123.0600 W",93,FAIR,NORMAL,0,0,0,-21.93,-21.93,0.39
163830,SNS-1016,BTC-SEA-5016,SHP-2026-116,2026-08-24 16:03 UTC,-19.32,94.8,"GPS: 48.3700 N, -123.0700 W",93,FAIR,NORMAL,0,0,0,-19.32,-19.32,0.38
163831,SNS-1016,BTC-SEA-5016,SHP-2026-116,2026-08-24 16:18 UTC,-21.94,92.5,"GPS: 48.3800 N, -123.0800 W",93,FAIR,NORMAL,0,0,0,-21.94,-21.94,0.38
163832,SNS-1016,BTC-SEA-5016,SHP-2026-116,2026-08-24 16:33 UTC,-21.07,95.9,"GPS: 48.3900 N, -123.0900 W",93,GOOD,NORMAL,0,0,0,-21.07,-21.07,0.45
163833,SNS-1016,BTC-SEA-5016,SHP-2026-116,2026-08-24 16:48 UTC,-22.98,95.8,"GPS: 48.4000 N, -123.1000 W",92,FAIR,NORMAL,0,0,0,-22.98,-22.98,0.41
163834,SNS-1016,BTC-SEA-5016,SHP-2026-116,2026-08-24 17:03 UTC,,,"GPS: 48.4100 N, -123.1100 W",92,DISCONNECTED,WARNING,1,0,1,-19.76,-22.98,0.4
163835,SNS-1016,BTC-SEA-5016,SHP-2026-116,2026-08-24 17:18 UTC,-19.06,94.8,"GPS: 48.4200 N, -123.1200 W",92,FAIR,NORMAL,0,0,0,-19.06,-19.06,0.44
163836,SNS-1016,BTC-SEA-5016,SHP-2026-116,2026-08-24 17:33 UTC,,,"GPS: 48.4300 N, -123.1300 W",92,DISCONNECTED,WARNING,1,0,1,-20.18,-19.06,0.38
163837,SNS-1016,BTC-SEA-5016,SHP-2026-116,2026-08-24 17:48 UTC,-23.25,95.7,"GPS: 48.4400 N, -123.1400 W",92,EXCELLENT,NORMAL,0,0,0,-23.25,-23.25,0.4
163838,SNS-1016,BTC-SEA-5016,SHP-2026-116,2026-08-24 18:03 UTC,-23.45,93.1,"GPS: 48.4500 N, -123.1500 W",92,FAIR,NORMAL,0,0,0,-23.45,-23.45,0.41
163839,SNS-1016,BTC-SEA-5016,SHP-2026-116,2026-08-24 18:18 UTC,-19.64,88.6,"GPS: 48.4600 N, -123.1600 W",92,GOOD,NORMAL,0,0,0,-19.64,-19.64,0.37
163840,SNS-1016,BTC-SEA-5016,SHP-2026-116,2026-08-24 18:33 UTC,-19.46,90.6,"GPS: 48.4700 N, -123.1700 W",92,FAIR,NORMAL,0,0,0,-19.46,-19.46,0.37
163841,SNS-1016,BTC-SEA-5016,SHP-2026-116,2026-08-24 18:48 UTC,-22.07,95.4,"GPS: 48.4800 N, -123.1800 W",92,EXCELLENT,NORMAL,0,0,0,-22.07,-22.07,0.41
163842,SNS-1016,BTC-SEA-5016,SHP-2026-116,2026-08-24 19:03 UTC,-23.05,92.4,"GPS: 48.4900 N, -123.1900 W",92,GOOD,NORMAL,0,0,0,-23.05,-23.05,0.4
163843,SNS-1016,BTC-SEA-5016,SHP-2026-116,2026-08-24 19:18 UTC,,,"GPS: 48.5000 N, -123.2000 W",91,DISCONNECTED,WARNING,1,0,1,-19.04,-23.05,0.41
163844,SNS-1016,BTC-SEA-5016,SHP-2026-116,2026-08-24 19:33 UTC,-19.59,93.9,"GPS: 48.5100 N, -123.2100 W",91,FAIR,NORMAL,0,0,0,-19.59,-19.59,0.38
163845,SNS-1016,BTC-SEA-5016,SHP-2026-116,2026-08-24 19:48 UTC,-22.36,87.0,"GPS: 48.5200 N, -123.2200 W",91,EXCELLENT,NORMAL,0,0,0,-22.36,-22.36,0.41
163846,SNS-1016,BTC-SEA-5016,SHP-2026-116,2026-08-24 20:03 UTC,-19.84,85.3,"GPS: 48.5300 N, -123.2300 W",91,FAIR,NORMAL,0,0,0,-19.84,-19.84,0.38
163847,SNS-1016,BTC-SEA-5016,SHP-2026-116,2026-08-24 20:18 UTC,-19.77,95.6,"GPS: 48.5400 N, -123.2400 W",91,GOOD,NORMAL,0,0,0,-19.77,-19.77,0.38
163848,SNS-1016,BTC-SEA-5016,SHP-2026-116,2026-08-24 20:33 UTC,-19.54,94.2,"GPS: 48.5500 N, -123.2500 W",91,EXCELLENT,NORMAL,0,0,0,-19.54,-19.54,0.37
163849,SNS-1016,BTC-SEA-5016,SHP-2026-116,2026-08-24 20:48 UTC,-18.54,95.8,"GPS: 48.5600 N, -123.2600 W",91,FAIR,NORMAL,0,0,0,-18.54,-18.54,0.39
163850,SNS-1016,BTC-SEA-5016,SHP-2026-116,2026-08-24 21:03 UTC,-20.81,87.9,"GPS: 48.5700 N, -123.2700 W",91,EXCELLENT,NORMAL,0,0,0,-20.81,-20.81,0.42
163851,SNS-1016,BTC-SEA-5016,SHP-2026-116,2026-08-24 21:18 UTC,,,"GPS: 48.5800 N, -123.2800 W",91,DISCONNECTED,WARNING,1,0,1,-20.84,-20.81,0.39
163852,SNS-1016,BTC-SEA-5016,SHP-2026-116,2026-08-24 21:33 UTC,,,"GPS: 48.5900 N, -123.2900 W",91,DISCONNECTED,WARNING,1,0,1,-18.98,-20.81,0.38
163853,SNS-1016,BTC-SEA-5016,SHP-2026-116,2026-08-24 21:48 UTC,-22.77,88.2,"GPS: 48.6000 N, -123.3000 W",90,GOOD,NORMAL,0,0,0,-22.77,-22.77,0.44
163854,SNS-1016,BTC-SEA-5016,SHP-2026-116,2026-08-24 22:03 UTC,,,"GPS: 48.6100 N, -123.3100 W",90,DISCONNECTED,WARNING,1,0,1,-21.8,-22.77,0.42
163855,SNS-1016,BTC-SEA-5016,SHP-2026-116,2026-08-24 22:18 UTC,-18.78,85.3,"GPS: 48.6200 N, -123.3200 W",90,GOOD,NORMAL,0,0,0,-18.78,-18.78,0.45
163856,SNS-1016,BTC-SEA-5016,SHP-2026-116,2026-08-24 22:33 UTC,-22.26,95.5,"GPS: 48.6300 N, -123.3300 W",90,FAIR,NORMAL,0,0,0,-22.26,-22.26,0.4
163857,SNS-1016,BTC-SEA-5016,SHP-2026-116,2026-08-24 22:48 UTC,20.95,91.3,"GPS: 48.6400 N, -123.3400 W",90,EXCELLENT,WARNING,0,0,0,20.95,20.95,0.57
163858,SNS-1016,BTC-SEA-5016,SHP-2026-116,2026-08-24 23:03 UTC,-21.52,91.6,"GPS: 48.6500 N, -123.3500 W",90,FAIR,NORMAL,0,0,0,-21.52,-21.52,0.39
163859,SNS-1016,BTC-SEA-5016,SHP-2026-116,2026-08-24 23:18 UTC,,,"GPS: 48.6600 N, -123.3600 W",90,DISCONNECTED,WARNING,1,0,1,-19.37,-21.52,0.39
163860,SNS-1016,BTC-SEA-5016,SHP-2026-116,2026-08-24 23:33 UTC,-18.35,89.4,"GPS: 48.6700 N, -123.3700 W",90,FAIR,NORMAL,0,0,0,-18.35,-18.35,0.41
163861,SNS-1016,BTC-SEA-5016,SHP-2026-116,2026-08-24 23:48 UTC,,,"GPS: 48.6800 N, -123.3800 W",90,DISCONNECTED,WARNING,1,0,1,-19.92,-18.35,0.41
163862,SNS-1016,BTC-SEA-5016,SHP-2026-116,2026-08-25 00:03 UTC,-22.64,95.9,"GPS: 48.6900 N, -123.3900 W",90,GOOD,NORMAL,0,0,0,-22.64,-22.64,0.42
163863,SNS-1016,BTC-SEA-5016,SHP-2026-116,2026-08-25 00:18 UTC,-19.15,90.1,"GPS: 48.7000 N, -123.4000 W",89,EXCELLENT,NORMAL,0,0,0,-19.15,-19.15,0.4
163864,SNS-1016,BTC-SEA-5016,SHP-2026-116,2026-08-25 00:33 UTC,,,"GPS: 48.7100 N, -123.4100 W",89,DISCONNECTED,WARNING,1,0,1,-19.87,-19.15,0.43
163865,SNS-1016,BTC-SEA-5016,SHP-2026-116,2026-08-25 00:48 UTC,-19.37,89.9,"GPS: 48.7200 N, -123.4200 W",89,FAIR,NORMAL,0,0,0,-19.37,-19.37,0.42
163866,SNS-1016,BTC-SEA-5016,SHP-2026-116,2026-08-25 01:03 UTC,-21.42,93.6,"GPS: 48.7300 N, -123.4300 W",89,GOOD,NORMAL,0,0,0,-21.42,-21.42,0.4
163867,SNS-1016,BTC-SEA-5016,SHP-2026-116,2026-08-25 01:18 UTC,,,"GPS: 48.7400 N, -123.4400 W",89,DISCONNECTED,WARNING,1,0,1,-21.92,-21.42,0.41
163868,SNS-1016,BTC-SEA-5016,SHP-2026-116,2026-08-25 01:33 UTC,-19.89,92.5,"GPS: 48.7500 N, -123.4500 W",89,FAIR,NORMAL,0,0,0,-19.89,-19.89,0.4
163869,SNS-1016,BTC-SEA-5016,SHP-2026-116,2026-08-25 01:48 UTC,-23.52,93.1,"GPS: 48.7600 N, -123.4600 W",89,EXCELLENT,NORMAL,0,0,0,-23.52,-23.52,0.48
163870,SNS-1016,BTC-SEA-5016,SHP-2026-116,2026-08-25 02:03 UTC,-21.31,87.6,"GPS: 48.7700 N, -123.4700 W",89,EXCELLENT,NORMAL,0,0,0,-21.31,-21.31,0.44
163871,SNS-1016,BTC-SEA-5016,SHP-2026-116,2026-08-25 02:18 UTC,-22.48,89.6,"GPS: 48.7800 N, -123.4800 W",89,EXCELLENT,NORMAL,0,0,0,-22.48,-22.48,0.41
163872,SNS-1016,BTC-SEA-5016,SHP-2026-116,2026-08-25 02:33 UTC,-22.76,90.6,"GPS: 48.7900 N, -123.4900 W",89,GOOD,NORMAL,0,0,0,-22.76,-22.76,0.42
163873,SNS-1016,BTC-SEA-5016,SHP-2026-116,2026-08-25 02:48 UTC,-22.23,91.3,"GPS: 48.8000 N, -123.5000 W",88,GOOD,NORMAL,0,0,0,-22.23,-22.23,0.44
163874,SNS-1016,BTC-SEA-5016,SHP-2026-116,2026-08-25 03:03 UTC,,,"GPS: 48.8100 N, -123.5100 W",88,DISCONNECTED,WARNING,1,0,1,-21.71,-22.23,0.48
163875,SNS-1016,BTC-SEA-5016,SHP-2026-116,2026-08-25 03:18 UTC,-18.67,95.0,"GPS: 48.8200 N, -123.5200 W",88,EXCELLENT,NORMAL,0,0,0,-18.67,-18.67,0.49
163876,SNS-1016,BTC-SEA-5016,SHP-2026-116,2026-08-25 03:33 UTC,,,"GPS: 48.8300 N, -123.5300 W",88,DISCONNECTED,WARNING,1,0,1,-18.79,-18.67,0.42
163877,SNS-1016,BTC-SEA-5016,SHP-2026-116,2026-08-25 03:48 UTC,-20.32,87.5,"GPS: 48.8400 N, -123.5400 W",88,EXCELLENT,NORMAL,0,0,0,-20.32,-20.32,0.47
163878,SNS-1016,BTC-SEA-5016,SHP-2026-116,2026-08-25 04:03 UTC,-21.58,89.6,"GPS: 48.8500 N, -123.5500 W",88,FAIR,NORMAL,0,0,0,-21.58,-21.58,0.42
163879,SNS-1016,BTC-SEA-5016,SHP-2026-116,2026-08-25 04:18 UTC,-23.22,87.0,"GPS: 48.8600 N, -123.5600 W",88,EXCELLENT,NORMAL,0,0,0,-23.22,-23.22,0.48
163880,SNS-1016,BTC-SEA-5016,SHP-2026-116,2026-08-25 04:33 UTC,-21.63,88.1,"GPS: 48.8700 N, -123.5700 W",88,EXCELLENT,NORMAL,0,0,0,-21.63,-21.63,0.43
163881,SNS-1016,BTC-SEA-5016,SHP-2026-116,2026-08-25 04:48 UTC,-18.64,95.8,"GPS: 48.8800 N, -123.5800 W",88,FAIR,NORMAL,0,0,0,-18.64,-18.64,0.46
163882,SNS-1016,BTC-SEA-5016,SHP-2026-116,2026-08-25 05:03 UTC,-23.26,85.1,"GPS: 48.8900 N, -123.5900 W",88,FAIR,NORMAL,0,0,0,-23.26,-23.26,0.43
163883,SNS-1016,BTC-SEA-5016,SHP-2026-116,2026-08-25 05:18 UTC,,,"GPS: 48.9000 N, -123.6000 W",87,DISCONNECTED,WARNING,1,0,1,-19.99,-23.26,0.47
163884,SNS-1016,BTC-SEA-5016,SHP-2026-116,2026-08-25 05:33 UTC,-21.07,87.3,"GPS: 48.9100 N, -123.6100 W",87,GOOD,NORMAL,0,0,0,-21.07,-21.07,0.47
163885,SNS-1016,BTC-SEA-5016,SHP-2026-116,2026-08-25 05:48 UTC,-19.43,87.6,"GPS: 48.9200 N, -123.6200 W",87,GOOD,NORMAL,0,0,0,-19.43,-19.43,0.44
163886,SNS-1016,BTC-SEA-5016,SHP-2026-116,2026-08-25 06:03 UTC,,,"GPS: 48.9300 N, -123.6300 W",87,DISCONNECTED,WARNING,1,0,1,-19.17,-19.43,0.45
163887,SNS-1016,BTC-SEA-5016,SHP-2026-116,2026-08-25 06:18 UTC,-21.75,92.3,"GPS: 48.9400 N, -123.6400 W",87,GOOD,NORMAL,0,0,0,-21.75,-21.75,0.45
163888,SNS-1016,BTC-SEA-5016,SHP-2026-116,2026-08-25 06:33 UTC,-21.8,85.3,"GPS: 48.9500 N, -123.6500 W",87,EXCELLENT,NORMAL,0,0,0,-21.8,-21.8,0.46
163889,SNS-1017,BTC-SEA-5017,SHP-2026-117,2026-08-23 22:48 UTC,2.68,92.6,"GPS: 47.6000 N, -122.3000 W",100,FAIR,NORMAL,0,0,0,2.68,2.68,0.49
163890,SNS-1017,BTC-SEA-5017,SHP-2026-117,2026-08-23 23:03 UTC,1.83,89.9,"GPS: 47.6100 N, -122.3100 W",100,EXCELLENT,NORMAL,0,0,0,1.83,1.83,0.41
163891,SNS-1017,BTC-SEA-5017,SHP-2026-117,2026-08-23 23:18 UTC,1.96,94.9,"GPS: 47.6200 N, -122.3200 W",100,FAIR,NORMAL,0,0,0,1.96,1.96,0.41
163892,SNS-1017,BTC-SEA-5017,SHP-2026-117,2026-08-23 23:33 UTC,3.24,88.6,"GPS: 47.6300 N, -122.3300 W",100,EXCELLENT,NORMAL,0,0,0,3.24,3.24,0.44
163893,SNS-1017,BTC-SEA-5017,SHP-2026-117,2026-08-23 23:48 UTC,1.49,85.9,"GPS: 47.6400 N, -122.3400 W",100,GOOD,NORMAL,0,0,0,1.49,1.49,0.43
163894,SNS-1017,BTC-SEA-5017,SHP-2026-117,2026-08-24 00:03 UTC,1.55,93.0,"GPS: 47.6500 N, -122.3500 W",100,FAIR,NORMAL,0,0,0,1.55,1.55,0.41
163895,SNS-1017,BTC-SEA-5017,SHP-2026-117,2026-08-24 00:18 UTC,0.55,86.2,"GPS: 47.6600 N, -122.3600 W",100,GOOD,NORMAL,0,0,0,0.55,0.55,0.45
163896,SNS-1017,BTC-SEA-5017,SHP-2026-117,2026-08-24 00:33 UTC,0.78,88.4,"GPS: 47.6700 N, -122.3700 W",100,EXCELLENT,NORMAL,0,0,0,0.78,0.78,0.43
163897,SNS-1017,BTC-SEA-5017,SHP-2026-117,2026-08-24 00:48 UTC,2.63,92.5,"GPS: 47.6800 N, -122.3800 W",100,EXCELLENT,NORMAL,0,0,0,2.63,2.63,0.49
163898,SNS-1017,BTC-SEA-5017,SHP-2026-117,2026-08-24 01:03 UTC,2.31,85.1,"GPS: 47.6900 N, -122.3900 W",100,EXCELLENT,NORMAL,0,0,0,2.31,2.31,0.42
163899,SNS-1017,BTC-SEA-5017,SHP-2026-117,2026-08-24 01:18 UTC,1.02,90.0,"GPS: 47.7000 N, -122.4000 W",99,GOOD,NORMAL,0,0,0,1.02,1.02,0.4
163900,SNS-1017,BTC-SEA-5017,SHP-2026-117,2026-08-24 01:33 UTC,3.2,91.9,"GPS: 47.7100 N, -122.4100 W",99,GOOD,NORMAL,0,0,0,3.2,3.2,0.4
163901,SNS-1017,BTC-SEA-5017,SHP-2026-117,2026-08-24 01:48 UTC,1.06,85.4,"GPS: 47.7200 N, -122.4200 W",99,GOOD,NORMAL,0,0,0,1.06,1.06,0.4
163902,SNS-1017,BTC-SEA-5017,SHP-2026-117,2026-08-24 02:03 UTC,2.78,90.3,"GPS: 47.7300 N, -122.4300 W",99,EXCELLENT,NORMAL,0,0,0,2.78,2.78,0.39
163903,SNS-1017,BTC-SEA-5017,SHP-2026-117,2026-08-24 02:18 UTC,2.24,90.6,"GPS: 47.7400 N, -122.4400 W",99,FAIR,NORMAL,0,0,0,2.24,2.24,0.42
163904,SNS-1017,BTC-SEA-5017,SHP-2026-117,2026-08-24 02:33 UTC,1.24,92.4,"GPS: 47.7500 N, -122.4500 W",99,EXCELLENT,NORMAL,0,0,0,1.24,1.24,0.4
163905,SNS-1017,BTC-SEA-5017,SHP-2026-117,2026-08-24 02:48 UTC,0.32,88.8,"GPS: 47.7600 N, -122.4600 W",99,GOOD,NORMAL,0,0,0,0.32,0.32,0.43
163906,SNS-1017,BTC-SEA-5017,SHP-2026-117,2026-08-24 03:03 UTC,2.19,94.1,"GPS: 47.7700 N, -122.4700 W",99,FAIR,NORMAL,0,0,0,2.19,2.19,0.39
163907,SNS-1017,BTC-SEA-5017,SHP-2026-117,2026-08-24 03:18 UTC,1.45,93.9,"GPS: 47.7800 N, -122.4800 W",99,EXCELLENT,NORMAL,0,0,0,1.45,1.45,0.46
163908,SNS-1017,BTC-SEA-5017,SHP-2026-117,2026-08-24 03:33 UTC,-2.77,94.4,"GPS: 47.7900 N, -122.4900 W",99,FAIR,WARNING,0,0,0,-2.77,-2.77,0.48
163909,SNS-1017,BTC-SEA-5017,SHP-2026-117,2026-08-24 03:48 UTC,0.81,91.5,"GPS: 47.8000 N, -122.5000 W",98,GOOD,NORMAL,0,0,0,0.81,0.81,0.42
163910,SNS-1017,BTC-SEA-5017,SHP-2026-117,2026-08-24 04:03 UTC,1.69,92.4,"GPS: 47.8100 N, -122.5100 W",98,FAIR,NORMAL,0,0,0,1.69,1.69,0.37
163911,SNS-1017,BTC-SEA-5017,SHP-2026-117,2026-08-24 04:18 UTC,22.2,87.1,"GPS: 47.8200 N, -122.5200 W",98,FAIR,WARNING,0,0,0,22.2,22.2,0.58
163912,SNS-1017,BTC-SEA-5017,SHP-2026-117,2026-08-24 04:33 UTC,2.69,93.1,"GPS: 47.8300 N, -122.5300 W",98,EXCELLENT,NORMAL,0,0,0,2.69,2.69,0.4
163913,SNS-1017,BTC-SEA-5017,SHP-2026-117,2026-08-24 04:48 UTC,2.39,95.9,"GPS: 47.8400 N, -122.5400 W",98,GOOD,NORMAL,0,0,0,2.39,2.39,0.37
163914,SNS-1017,BTC-SEA-5017,SHP-2026-117,2026-08-24 05:03 UTC,3.05,87.2,"GPS: 47.8500 N, -122.5500 W",98,GOOD,NORMAL,0,0,0,3.05,3.05,0.38
163915,SNS-1017,BTC-SEA-5017,SHP-2026-117,2026-08-24 05:18 UTC,2.58,91.1,"GPS: 47.8600 N, -122.5600 W",98,GOOD,NORMAL,0,0,0,2.58,2.58,0.37
163916,SNS-1017,BTC-SEA-5017,SHP-2026-117,2026-08-24 05:33 UTC,1.53,88.5,"GPS: 47.8700 N, -122.5700 W",98,GOOD,NORMAL,0,0,0,1.53,1.53,0.46
163917,SNS-1017,BTC-SEA-5017,SHP-2026-117,2026-08-24 05:48 UTC,1.42,92.6,"GPS: 47.8800 N, -122.5800 W",98,FAIR,NORMAL,0,0,0,1.42,1.42,0.39
163918,SNS-1017,BTC-SEA-5017,SHP-2026-117,2026-08-24 06:03 UTC,1.48,95.6,"GPS: 47.8900 N, -122.5900 W",98,GOOD,NORMAL,0,0,0,1.48,1.48,0.38
163919,SNS-1017,BTC-SEA-5017,SHP-2026-117,2026-08-24 06:18 UTC,2.96,94.8,"GPS: 47.9000 N, -122.6000 W",97,EXCELLENT,NORMAL,0,0,0,2.96,2.96,0.41
163920,SNS-1017,BTC-SEA-5017,SHP-2026-117,2026-08-24 06:33 UTC,1.62,94.8,"GPS: 47.9100 N, -122.6100 W",97,GOOD,NORMAL,0,0,0,1.62,1.62,0.38
163921,SNS-1017,BTC-SEA-5017,SHP-2026-117,2026-08-24 06:48 UTC,1.84,92.7,"GPS: 47.9200 N, -122.6200 W",97,FAIR,NORMAL,0,0,0,1.84,1.84,0.43
163922,SNS-1017,BTC-SEA-5017,SHP-2026-117,2026-08-24 07:03 UTC,2.96,94.3,"GPS: 47.9300 N, -122.6300 W",97,FAIR,NORMAL,0,0,0,2.96,2.96,0.38
163923,SNS-1017,BTC-SEA-5017,SHP-2026-117,2026-08-24 07:18 UTC,2.42,91.4,"GPS: 47.9400 N, -122.6400 W",97,EXCELLENT,NORMAL,0,0,0,2.42,2.42,0.42
163924,SNS-1017,BTC-SEA-5017,SHP-2026-117,2026-08-24 07:33 UTC,2.0,85.3,"GPS: 47.9500 N, -122.6500 W",97,FAIR,NORMAL,0,0,0,2.0,2.0,0.37
163925,SNS-1017,BTC-SEA-5017,SHP-2026-117,2026-08-24 07:48 UTC,0.24,89.9,"GPS: 47.9600 N, -122.6600 W",97,FAIR,NORMAL,0,0,0,0.24,0.24,0.46
163926,SNS-1017,BTC-SEA-5017,SHP-2026-117,2026-08-24 08:03 UTC,1.63,88.1,"GPS: 47.9700 N, -122.6700 W",97,FAIR,NORMAL,0,0,0,1.63,1.63,0.4
163927,SNS-1017,BTC-SEA-5017,SHP-2026-117,2026-08-24 08:18 UTC,3.02,94.4,"GPS: 47.9800 N, -122.6800 W",97,GOOD,NORMAL,0,0,0,3.02,3.02,0.38
163928,SNS-1017,BTC-SEA-5017,SHP-2026-117,2026-08-24 08:33 UTC,0.3,88.8,"GPS: 47.9900 N, -122.6900 W",97,GOOD,NORMAL,0,0,0,0.3,0.3,0.39
163929,SNS-1017,BTC-SEA-5017,SHP-2026-117,2026-08-24 08:48 UTC,0.98,90.0,"GPS: 48.0000 N, -122.7000 W",96,EXCELLENT,NORMAL,0,0,0,0.98,0.98,0.39
163930,SNS-1017,BTC-SEA-5017,SHP-2026-117,2026-08-24 09:03 UTC,0.81,90.2,"GPS: 48.0100 N, -122.7100 W",96,FAIR,NORMAL,0,0,0,0.81,0.81,0.37
163931,SNS-1017,BTC-SEA-5017,SHP-2026-117,2026-08-24 09:18 UTC,1.96,94.1,"GPS: 48.0200 N, -122.7200 W",96,GOOD,NORMAL,0,0,0,1.96,1.96,0.36
163932,SNS-1017,BTC-SEA-5017,SHP-2026-117,2026-08-24 09:33 UTC,1.59,88.7,"GPS: 48.0300 N, -122.7300 W",96,FAIR,NORMAL,0,0,0,1.59,1.59,0.37
163933,SNS-1017,BTC-SEA-5017,SHP-2026-117,2026-08-24 09:48 UTC,0.78,95.8,"GPS: 48.0400 N, -122.7400 W",96,EXCELLENT,NORMAL,0,0,0,0.78,0.78,0.37
163934,SNS-1017,BTC-SEA-5017,SHP-2026-117,2026-08-24 10:03 UTC,2.8,93.1,"GPS: 48.0500 N, -122.7500 W",96,FAIR,NORMAL,0,0,0,2.8,2.8,0.42
163935,SNS-1017,BTC-SEA-5017,SHP-2026-117,2026-08-24 10:18 UTC,3.24,94.6,"GPS: 48.0600 N, -122.7600 W",96,EXCELLENT,NORMAL,0,0,0,3.24,3.24,0.39
163936,SNS-1017,BTC-SEA-5017,SHP-2026-117,2026-08-24 10:33 UTC,2.64,91.6,"GPS: 48.0700 N, -122.7700 W",96,FAIR,NORMAL,0,0,0,2.64,2.64,0.36
163937,SNS-1017,BTC-SEA-5017,SHP-2026-117,2026-08-24 10:48 UTC,2.78,87.3,"GPS: 48.0800 N, -122.7800 W",96,FAIR,NORMAL,0,0,0,2.78,2.78,0.36
163938,SNS-1017,BTC-SEA-5017,SHP-2026-117,2026-08-24 11:03 UTC,3.07,87.5,"GPS: 48.0900 N, -122.7900 W",96,FAIR,NORMAL,0,0,0,3.07,3.07,0.37
163939,SNS-1017,BTC-SEA-5017,SHP-2026-117,2026-08-24 11:18 UTC,0.31,92.6,"GPS: 48.1000 N, -122.8000 W",95,EXCELLENT,NORMAL,0,0,0,0.31,0.31,0.46
163940,SNS-1017,BTC-SEA-5017,SHP-2026-117,2026-08-24 11:33 UTC,3.21,91.4,"GPS: 48.1100 N, -122.8100 W",95,EXCELLENT,NORMAL,0,0,0,3.21,3.21,0.36
163941,SNS-1017,BTC-SEA-5017,SHP-2026-117,2026-08-24 11:48 UTC,1.1,94.1,"GPS: 48.1200 N, -122.8200 W",95,FAIR,NORMAL,0,0,0,1.1,1.1,0.37
163942,SNS-1017,BTC-SEA-5017,SHP-2026-117,2026-08-24 12:03 UTC,0.54,86.2,"GPS: 48.1300 N, -122.8300 W",95,EXCELLENT,NORMAL,0,0,0,0.54,0.54,0.38
163943,SNS-1017,BTC-SEA-5017,SHP-2026-117,2026-08-24 12:18 UTC,1.34,87.7,"GPS: 48.1400 N, -122.8400 W",95,EXCELLENT,NORMAL,0,0,0,1.34,1.34,0.43
163944,SNS-1017,BTC-SEA-5017,SHP-2026-117,2026-08-24 12:33 UTC,1.56,87.0,"GPS: 48.1500 N, -122.8500 W",95,FAIR,NORMAL,0,0,0,1.56,1.56,0.43
163945,SNS-1017,BTC-SEA-5017,SHP-2026-117,2026-08-24 12:48 UTC,3.02,85.3,"GPS: 48.1600 N, -122.8600 W",95,EXCELLENT,NORMAL,0,0,0,3.02,3.02,0.45
163946,SNS-1017,BTC-SEA-5017,SHP-2026-117,2026-08-24 13:03 UTC,2.77,88.3,"GPS: 48.1700 N, -122.8700 W",95,GOOD,NORMAL,0,0,0,2.77,2.77,0.36
163947,SNS-1017,BTC-SEA-5017,SHP-2026-117,2026-08-24 13:18 UTC,0.93,94.5,"GPS: 48.1800 N, -122.8800 W",95,GOOD,NORMAL,0,0,0,0.93,0.93,0.38
163948,SNS-1017,BTC-SEA-5017,SHP-2026-117,2026-08-24 13:33 UTC,2.38,88.1,"GPS: 48.1900 N, -122.8900 W",95,FAIR,NORMAL,0,0,0,2.38,2.38,0.37
163949,SNS-1017,BTC-SEA-5017,SHP-2026-117,2026-08-24 13:48 UTC,1.27,94.1,"GPS: 48.2000 N, -122.9000 W",94,FAIR,NORMAL,0,0,0,1.27,1.27,0.37
163950,SNS-1017,BTC-SEA-5017,SHP-2026-117,2026-08-24 14:03 UTC,1.65,86.6,"GPS: 48.2100 N, -122.9100 W",94,FAIR,NORMAL,0,0,0,1.65,1.65,0.38
163951,SNS-1017,BTC-SEA-5017,SHP-2026-117,2026-08-24 14:18 UTC,1.45,91.8,"GPS: 48.2200 N, -122.9200 W",94,EXCELLENT,NORMAL,0,0,0,1.45,1.45,0.39
163952,SNS-1017,BTC-SEA-5017,SHP-2026-117,2026-08-24 14:33 UTC,2.1,89.9,"GPS: 48.2300 N, -122.9300 W",94,GOOD,NORMAL,0,0,0,2.1,2.1,0.37
163953,SNS-1017,BTC-SEA-5017,SHP-2026-117,2026-08-24 14:48 UTC,1.48,87.1,"GPS: 48.2400 N, -122.9400 W",94,EXCELLENT,NORMAL,0,0,0,1.48,1.48,0.37
163954,SNS-1017,BTC-SEA-5017,SHP-2026-117,2026-08-24 15:03 UTC,1.42,86.5,"GPS: 48.2500 N, -122.9500 W",94,EXCELLENT,NORMAL,0,0,0,1.42,1.42,0.37
163955,SNS-1017,BTC-SEA-5017,SHP-2026-117,2026-08-24 15:18 UTC,1.27,95.2,"GPS: 48.2600 N, -122.9600 W",94,EXCELLENT,NORMAL,0,0,0,1.27,1.27,0.37
163956,SNS-1017,BTC-SEA-5017,SHP-2026-117,2026-08-24 15:33 UTC,3.25,93.6,"GPS: 48.2700 N, -122.9700 W",94,GOOD,NORMAL,0,0,0,3.25,3.25,0.44
163957,SNS-1017,BTC-SEA-5017,SHP-2026-117,2026-08-24 15:48 UTC,-9.95,87.5,"GPS: 48.2800 N, -122.9800 W",94,GOOD,WARNING,0,0,0,-9.95,-9.95,0.49
163958,SNS-1017,BTC-SEA-5017,SHP-2026-117,2026-08-24 16:03 UTC,2.39,95.2,"GPS: 48.2900 N, -122.9900 W",94,GOOD,NORMAL,0,0,0,2.39,2.39,0.36
163959,SNS-1017,BTC-SEA-5017,SHP-2026-117,2026-08-24 16:18 UTC,2.64,94.5,"GPS: 48.3000 N, -123.0000 W",93,GOOD,NORMAL,0,0,0,2.64,2.64,0.36
163960,SNS-1017,BTC-SEA-5017,SHP-2026-117,2026-08-24 16:33 UTC,0.8,85.8,"GPS: 48.3100 N, -123.0100 W",93,FAIR,NORMAL,0,0,0,0.8,0.8,0.4
163961,SNS-1017,BTC-SEA-5017,SHP-2026-117,2026-08-24 16:48 UTC,2.86,92.5,"GPS: 48.3200 N, -123.0200 W",93,EXCELLENT,NORMAL,0,0,0,2.86,2.86,0.36
163962,SNS-1017,BTC-SEA-5017,SHP-2026-117,2026-08-24 17:03 UTC,0.61,90.5,"GPS: 48.3300 N, -123.0300 W",93,EXCELLENT,NORMAL,0,0,0,0.61,0.61,0.39
163963,SNS-1017,BTC-SEA-5017,SHP-2026-117,2026-08-24 17:18 UTC,0.46,85.2,"GPS: 48.3400 N, -123.0400 W",93,EXCELLENT,NORMAL,0,0,0,0.46,0.46,0.37
163964,SNS-1017,BTC-SEA-5017,SHP-2026-117,2026-08-24 17:33 UTC,0.4,85.1,"GPS: 48.3500 N, -123.0500 W",93,EXCELLENT,NORMAL,0,0,0,0.4,0.4,0.38
163965,SNS-1017,BTC-SEA-5017,SHP-2026-117,2026-08-24 17:48 UTC,2.94,85.3,"GPS: 48.3600 N, -123.0600 W",93,FAIR,NORMAL,0,0,0,2.94,2.94,0.37
163966,SNS-1017,BTC-SEA-5017,SHP-2026-117,2026-08-24 18:03 UTC,0.28,87.2,"GPS: 48.3700 N, -123.0700 W",93,EXCELLENT,NORMAL,0,0,0,0.28,0.28,0.38
163967,SNS-1017,BTC-SEA-5017,SHP-2026-117,2026-08-24 18:18 UTC,0.97,93.9,"GPS: 48.3800 N, -123.0800 W",93,FAIR,NORMAL,0,0,0,0.97,0.97,0.42
163968,SNS-1017,BTC-SEA-5017,SHP-2026-117,2026-08-24 18:33 UTC,1.33,90.1,"GPS: 48.3900 N, -123.0900 W",93,EXCELLENT,NORMAL,0,0,0,1.33,1.33,0.4
163969,SNS-1017,BTC-SEA-5017,SHP-2026-117,2026-08-24 18:48 UTC,2.89,87.9,"GPS: 48.4000 N, -123.1000 W",92,FAIR,NORMAL,0,0,0,2.89,2.89,0.37
163970,SNS-1017,BTC-SEA-5017,SHP-2026-117,2026-08-24 19:03 UTC,0.45,95.0,"GPS: 48.4100 N, -123.1100 W",92,FAIR,NORMAL,0,0,0,0.45,0.45,0.38
163971,SNS-1017,BTC-SEA-5017,SHP-2026-117,2026-08-24 19:18 UTC,2.29,92.8,"GPS: 48.4200 N, -123.1200 W",92,FAIR,NORMAL,0,0,0,2.29,2.29,0.37
163972,SNS-1017,BTC-SEA-5017,SHP-2026-117,2026-08-24 19:33 UTC,2.3,92.0,"GPS: 48.4300 N, -123.1300 W",92,FAIR,NORMAL,0,0,0,2.3,2.3,0.36
163973,SNS-1017,BTC-SEA-5017,SHP-2026-117,2026-08-24 19:48 UTC,0.81,85.9,"GPS: 48.4400 N, -123.1400 W",92,GOOD,NORMAL,0,0,0,0.81,0.81,0.37
163974,SNS-1017,BTC-SEA-5017,SHP-2026-117,2026-08-24 20:03 UTC,2.97,93.8,"GPS: 48.4500 N, -123.1500 W",92,EXCELLENT,NORMAL,0,0,0,2.97,2.97,0.38
163975,SNS-1017,BTC-SEA-5017,SHP-2026-117,2026-08-24 20:18 UTC,2.61,95.8,"GPS: 48.4600 N, -123.1600 W",92,GOOD,NORMAL,0,0,0,2.61,2.61,0.36
163976,SNS-1017,BTC-SEA-5017,SHP-2026-117,2026-08-24 20:33 UTC,2.1,95.9,"GPS: 48.4700 N, -123.1700 W",92,FAIR,NORMAL,0,0,0,2.1,2.1,0.39
163977,SNS-1017,BTC-SEA-5017,SHP-2026-117,2026-08-24 20:48 UTC,1.36,85.7,"GPS: 48.4800 N, -123.1800 W",92,EXCELLENT,NORMAL,0,0,0,1.36,1.36,0.37
163978,SNS-1017,BTC-SEA-5017,SHP-2026-117,2026-08-24 21:03 UTC,-7.12,89.9,"GPS: 48.4900 N, -123.1900 W",92,EXCELLENT,WARNING,0,0,0,-7.12,-7.12,0.48
163979,SNS-1017,BTC-SEA-5017,SHP-2026-117,2026-08-24 21:18 UTC,1.57,87.7,"GPS: 48.5000 N, -123.2000 W",91,GOOD,NORMAL,0,0,0,1.57,1.57,0.37
163980,SNS-1017,BTC-SEA-5017,SHP-2026-117,2026-08-24 21:33 UTC,2.46,93.2,"GPS: 48.5100 N, -123.2100 W",91,EXCELLENT,NORMAL,0,0,0,2.46,2.46,0.36
163981,SNS-1017,BTC-SEA-5017,SHP-2026-117,2026-08-24 21:48 UTC,1.02,89.4,"GPS: 48.5200 N, -123.2200 W",91,EXCELLENT,NORMAL,0,0,0,1.02,1.02,0.39
163982,SNS-1017,BTC-SEA-5017,SHP-2026-117,2026-08-24 22:03 UTC,2.29,85.1,"GPS: 48.5300 N, -123.2300 W",91,GOOD,NORMAL,0,0,0,2.29,2.29,0.36
163983,SNS-1017,BTC-SEA-5017,SHP-2026-117,2026-08-24 22:18 UTC,1.36,95.7,"GPS: 48.5400 N, -123.2400 W",91,FAIR,NORMAL,0,0,0,1.36,1.36,0.37
163984,SNS-1017,BTC-SEA-5017,SHP-2026-117,2026-08-24 22:33 UTC,0.28,95.1,"GPS: 48.5500 N, -123.2500 W",91,EXCELLENT,NORMAL,0,0,0,0.28,0.28,0.42
163985,SNS-1017,BTC-SEA-5017,SHP-2026-117,2026-08-24 22:48 UTC,1.15,95.2,"GPS: 48.5600 N, -123.2600 W",91,EXCELLENT,NORMAL,0,0,0,1.15,1.15,0.42
163986,SNS-1017,BTC-SEA-5017,SHP-2026-117,2026-08-24 23:03 UTC,1.67,90.4,"GPS: 48.5700 N, -123.2700 W",91,GOOD,NORMAL,0,0,0,1.67,1.67,0.36
163987,SNS-1017,BTC-SEA-5017,SHP-2026-117,2026-08-24 23:18 UTC,1.19,89.5,"GPS: 48.5800 N, -123.2800 W",91,FAIR,NORMAL,0,0,0,1.19,1.19,0.41
163988,SNS-1017,BTC-SEA-5017,SHP-2026-117,2026-08-24 23:33 UTC,1.09,86.9,"GPS: 48.5900 N, -123.2900 W",91,GOOD,NORMAL,0,0,0,1.09,1.09,0.44
163989,SNS-1017,BTC-SEA-5017,SHP-2026-117,2026-08-24 23:48 UTC,1.23,94.9,"GPS: 48.6000 N, -123.3000 W",90,GOOD,NORMAL,0,0,0,1.23,1.23,0.41
163990,SNS-1017,BTC-SEA-5017,SHP-2026-117,2026-08-25 00:03 UTC,2.67,87.6,"GPS: 48.6100 N, -123.3100 W",90,FAIR,NORMAL,0,0,0,2.67,2.67,0.45
163991,SNS-1017,BTC-SEA-5017,SHP-2026-117,2026-08-25 00:18 UTC,1.74,85.3,"GPS: 48.6200 N, -123.3200 W",90,GOOD,NORMAL,0,0,0,1.74,1.74,0.38
163992,SNS-1017,BTC-SEA-5017,SHP-2026-117,2026-08-25 00:33 UTC,1.81,93.0,"GPS: 48.6300 N, -123.3300 W",90,GOOD,NORMAL,0,0,0,1.81,1.81,0.4
163993,SNS-1017,BTC-SEA-5017,SHP-2026-117,2026-08-25 00:48 UTC,2.3,85.8,"GPS: 48.6400 N, -123.3400 W",90,EXCELLENT,NORMAL,0,0,0,2.3,2.3,0.37
163994,SNS-1017,BTC-SEA-5017,SHP-2026-117,2026-08-25 01:03 UTC,2.97,92.4,"GPS: 48.6500 N, -123.3500 W",90,EXCELLENT,NORMAL,0,0,0,2.97,2.97,0.39
163995,SNS-1017,BTC-SEA-5017,SHP-2026-117,2026-08-25 01:18 UTC,1.64,85.4,"GPS: 48.6600 N, -123.3600 W",90,EXCELLENT,NORMAL,0,0,0,1.64,1.64,0.38
163996,SNS-1017,BTC-SEA-5017,SHP-2026-117,2026-08-25 01:33 UTC,2.06,89.5,"GPS: 48.6700 N, -123.3700 W",90,GOOD,NORMAL,0,0,0,2.06,2.06,0.4
163997,SNS-1017,BTC-SEA-5017,SHP-2026-117,2026-08-25 01:48 UTC,2.52,87.9,"GPS: 48.6800 N, -123.3800 W",90,EXCELLENT,NORMAL,0,0,0,2.52,2.52,0.37
163998,SNS-1017,BTC-SEA-5017,SHP-2026-117,2026-08-25 02:03 UTC,0.28,87.4,"GPS: 48.6900 N, -123.3900 W",90,EXCELLENT,NORMAL,0,0,0,0.28,0.28,0.45
163999,SNS-1017,BTC-SEA-5017,SHP-2026-117,2026-08-25 02:18 UTC,3.2,94.6,"GPS: 48.7000 N, -123.4000 W",89,FAIR,NORMAL,0,0,0,3.2,3.2,0.39
164000,SNS-1017,BTC-SEA-5017,SHP-2026-117,2026-08-25 02:33 UTC,1.77,92.1,"GPS: 48.7100 N, -123.4100 W",89,FAIR,NORMAL,0,0,0,1.77,1.77,0.41
164001,SNS-1017,BTC-SEA-5017,SHP-2026-117,2026-08-25 02:48 UTC,1.58,86.7,"GPS: 48.7200 N, -123.4200 W",89,GOOD,NORMAL,0,0,0,1.58,1.58,0.4
164002,SNS-1017,BTC-SEA-5017,SHP-2026-117,2026-08-25 03:03 UTC,0.64,93.3,"GPS: 48.7300 N, -123.4300 W",89,GOOD,NORMAL,0,0,0,0.64,0.64,0.39
164003,SNS-1017,BTC-SEA-5017,SHP-2026-117,2026-08-25 03:18 UTC,1.14,85.5,"GPS: 48.7400 N, -123.4400 W",89,GOOD,NORMAL,0,0,0,1.14,1.14,0.39
164004,SNS-1017,BTC-SEA-5017,SHP-2026-117,2026-08-25 03:33 UTC,1.76,88.6,"GPS: 48.7500 N, -123.4500 W",89,GOOD,NORMAL,0,0,0,1.76,1.76,0.38
164005,SNS-1017,BTC-SEA-5017,SHP-2026-117,2026-08-25 03:48 UTC,0.32,89.4,"GPS: 48.7600 N, -123.4600 W",89,FAIR,NORMAL,0,0,0,0.32,0.32,0.42
164006,SNS-1017,BTC-SEA-5017,SHP-2026-117,2026-08-25 04:03 UTC,2.49,87.8,"GPS: 48.7700 N, -123.4700 W",89,EXCELLENT,NORMAL,0,0,0,2.49,2.49,0.43
164007,SNS-1017,BTC-SEA-5017,SHP-2026-117,2026-08-25 04:18 UTC,2.36,88.1,"GPS: 48.7800 N, -123.4800 W",89,GOOD,NORMAL,0,0,0,2.36,2.36,0.38
164008,SNS-1017,BTC-SEA-5017,SHP-2026-117,2026-08-25 04:33 UTC,1.68,95.0,"GPS: 48.7900 N, -123.4900 W",89,GOOD,NORMAL,0,0,0,1.68,1.68,0.43
164009,SNS-1017,BTC-SEA-5017,SHP-2026-117,2026-08-25 04:48 UTC,0.48,91.8,"GPS: 48.8000 N, -123.5000 W",88,EXCELLENT,NORMAL,0,0,0,0.48,0.48,0.41
164010,SNS-1017,BTC-SEA-5017,SHP-2026-117,2026-08-25 05:03 UTC,2.37,95.7,"GPS: 48.8100 N, -123.5100 W",88,GOOD,NORMAL,0,0,0,2.37,2.37,0.39
164011,SNS-1017,BTC-SEA-5017,SHP-2026-117,2026-08-25 05:18 UTC,0.92,91.5,"GPS: 48.8200 N, -123.5200 W",88,FAIR,NORMAL,0,0,0,0.92,0.92,0.4
164012,SNS-1017,BTC-SEA-5017,SHP-2026-117,2026-08-25 05:33 UTC,1.72,92.1,"GPS: 48.8300 N, -123.5300 W",88,FAIR,NORMAL,0,0,0,1.72,1.72,0.4
164013,SNS-1017,BTC-SEA-5017,SHP-2026-117,2026-08-25 05:48 UTC,0.56,87.9,"GPS: 48.8400 N, -123.5400 W",88,GOOD,NORMAL,0,0,0,0.56,0.56,0.4
164014,SNS-1017,BTC-SEA-5017,SHP-2026-117,2026-08-25 06:03 UTC,0.6,85.5,"GPS: 48.8500 N, -123.5500 W",88,EXCELLENT,NORMAL,0,0,0,0.6,0.6,0.4
164015,SNS-1017,BTC-SEA-5017,SHP-2026-117,2026-08-25 06:18 UTC,3.09,94.3,"GPS: 48.8600 N, -123.5600 W",88,GOOD,NORMAL,0,0,0,3.09,3.09,0.46
164016,SNS-1017,BTC-SEA-5017,SHP-2026-117,2026-08-25 06:33 UTC,2.86,92.8,"GPS: 48.8700 N, -123.5700 W",88,GOOD,NORMAL,0,0,0,2.86,2.86,0.39
164017,SNS-1017,BTC-SEA-5017,SHP-2026-117,2026-08-25 06:48 UTC,1.68,86.1,"GPS: 48.8800 N, -123.5800 W",88,GOOD,NORMAL,0,0,0,1.68,1.68,0.44
164018,SNS-1017,BTC-SEA-5017,SHP-2026-117,2026-08-25 07:03 UTC,2.14,95.7,"GPS: 48.8900 N, -123.5900 W",88,EXCELLENT,NORMAL,0,0,0,2.14,2.14,0.44
164019,SNS-1017,BTC-SEA-5017,SHP-2026-117,2026-08-25 07:18 UTC,0.7,91.5,"GPS: 48.9000 N, -123.6000 W",87,EXCELLENT,NORMAL,0,0,0,0.7,0.7,0.5
164020,SNS-1017,BTC-SEA-5017,SHP-2026-117,2026-08-25 07:33 UTC,3.0,95.4,"GPS: 48.9100 N, -123.6100 W",87,EXCELLENT,NORMAL,0,0,0,3.0,3.0,0.44
164021,SNS-1017,BTC-SEA-5017,SHP-2026-117,2026-08-25 07:48 UTC,1.37,89.6,"GPS: 48.9200 N, -123.6200 W",87,GOOD,NORMAL,0,0,0,1.37,1.37,0.45
164022,SNS-1017,BTC-SEA-5017,SHP-2026-117,2026-08-25 08:03 UTC,0.76,90.9,"GPS: 48.9300 N, -123.6300 W",87,GOOD,NORMAL,0,0,0,0.76,0.76,0.44
164023,SNS-1017,BTC-SEA-5017,SHP-2026-117,2026-08-25 08:18 UTC,2.89,89.9,"GPS: 48.9400 N, -123.6400 W",87,EXCELLENT,NORMAL,0,0,0,2.89,2.89,0.44
164024,SNS-1017,BTC-SEA-5017,SHP-2026-117,2026-08-25 08:33 UTC,2.12,87.0,"GPS: 48.9500 N, -123.6500 W",87,GOOD,NORMAL,0,0,0,2.12,2.12,0.47
164025,SNS-1018,BTC-SEA-5018,SHP-2026-118,2026-08-24 00:48 UTC,-52.09,87.1,"GPS: 47.6000 N, -122.3000 W",100,FAIR,NORMAL,0,0,0,-52.09,-52.09,0.58
164026,SNS-1018,BTC-SEA-5018,SHP-2026-118,2026-08-24 01:03 UTC,-52.02,89.6,"GPS: 47.6100 N, -122.3100 W",100,FAIR,NORMAL,0,0,0,-52.02,-52.02,0.54
164027,SNS-1018,BTC-SEA-5018,SHP-2026-118,2026-08-24 01:18 UTC,-50.97,93.9,"GPS: 47.6200 N, -122.3200 W",100,GOOD,NORMAL,0,0,0,-50.97,-50.97,0.56
164028,SNS-1018,BTC-SEA-5018,SHP-2026-118,2026-08-24 01:33 UTC,-53.35,95.6,"GPS: 47.6300 N, -122.3300 W",100,FAIR,NORMAL,0,0,0,-53.35,-53.35,0.57
164029,SNS-1018,BTC-SEA-5018,SHP-2026-118,2026-08-24 01:48 UTC,-53.71,93.3,"GPS: 47.6400 N, -122.3400 W",100,FAIR,NORMAL,0,0,0,-53.71,-53.71,0.56
164030,SNS-1018,BTC-SEA-5018,SHP-2026-118,2026-08-24 02:03 UTC,-51.15,89.7,"GPS: 47.6500 N, -122.3500 W",100,GOOD,NORMAL,0,0,0,-51.15,-51.15,0.55
164031,SNS-1018,BTC-SEA-5018,SHP-2026-118,2026-08-24 02:18 UTC,-52.67,94.9,"GPS: 47.6600 N, -122.3600 W",100,GOOD,NORMAL,0,0,0,-52.67,-52.67,0.56
164032,SNS-1018,BTC-SEA-5018,SHP-2026-118,2026-08-24 02:33 UTC,-53.24,93.0,"GPS: 47.6700 N, -122.3700 W",100,EXCELLENT,NORMAL,0,0,0,-53.24,-53.24,0.56
164033,SNS-1018,BTC-SEA-5018,SHP-2026-118,2026-08-24 02:48 UTC,25.95,88.6,"GPS: 47.6800 N, -122.3800 W",100,GOOD,WARNING,0,0,0,25.95,25.95,0.61
164034,SNS-1018,BTC-SEA-5018,SHP-2026-118,2026-08-24 03:03 UTC,-52.06,95.8,"GPS: 47.6900 N, -122.3900 W",100,EXCELLENT,NORMAL,0,0,0,-52.06,-52.06,0.54
164035,SNS-1018,BTC-SEA-5018,SHP-2026-118,2026-08-24 03:18 UTC,-54.26,86.9,"GPS: 47.7000 N, -122.4000 W",99,EXCELLENT,NORMAL,0,0,0,-54.26,-54.26,0.54
164036,SNS-1018,BTC-SEA-5018,SHP-2026-118,2026-08-24 03:33 UTC,-53.26,86.5,"GPS: 47.7100 N, -122.4100 W",99,FAIR,NORMAL,0,0,0,-53.26,-53.26,0.54
164037,SNS-1018,BTC-SEA-5018,SHP-2026-118,2026-08-24 03:48 UTC,-51.88,86.9,"GPS: 47.7200 N, -122.4200 W",99,EXCELLENT,NORMAL,0,0,0,-51.88,-51.88,0.53
164038,SNS-1018,BTC-SEA-5018,SHP-2026-118,2026-08-24 04:03 UTC,-25.45,91.4,"GPS: 47.7300 N, -122.4300 W",99,GOOD,WARNING,0,0,0,-25.45,-25.45,0.53
164039,SNS-1018,BTC-SEA-5018,SHP-2026-118,2026-08-24 04:18 UTC,-54.35,87.2,"GPS: 47.7400 N, -122.4400 W",99,FAIR,NORMAL,0,0,0,-54.35,-54.35,0.54
164040,SNS-1018,BTC-SEA-5018,SHP-2026-118,2026-08-24 04:33 UTC,-53.67,85.7,"GPS: 47.7500 N, -122.4500 W",99,EXCELLENT,NORMAL,0,0,0,-53.67,-53.67,0.53
164041,SNS-1018,BTC-SEA-5018,SHP-2026-118,2026-08-24 04:48 UTC,-50.71,87.3,"GPS: 47.7600 N, -122.4600 W",99,EXCELLENT,NORMAL,0,0,0,-50.71,-50.71,0.54
164042,SNS-1018,BTC-SEA-5018,SHP-2026-118,2026-08-24 05:03 UTC,-50.86,87.2,"GPS: 47.7700 N, -122.4700 W",99,EXCELLENT,NORMAL,0,0,0,-50.86,-50.86,0.54
164043,SNS-1018,BTC-SEA-5018,SHP-2026-118,2026-08-24 05:18 UTC,-50.8,89.6,"GPS: 47.7800 N, -122.4800 W",99,FAIR,NORMAL,0,0,0,-50.8,-50.8,0.52
164044,SNS-1018,BTC-SEA-5018,SHP-2026-118,2026-08-24 05:33 UTC,-50.92,88.5,"GPS: 47.7900 N, -122.4900 W",99,FAIR,NORMAL,0,0,0,-50.92,-50.92,0.53
164045,SNS-1018,BTC-SEA-5018,SHP-2026-118,2026-08-24 05:48 UTC,-52.43,92.9,"GPS: 47.8000 N, -122.5000 W",98,GOOD,NORMAL,0,0,0,-52.43,-52.43,0.58
164046,SNS-1018,BTC-SEA-5018,SHP-2026-118,2026-08-24 06:03 UTC,-54.03,89.0,"GPS: 47.8100 N, -122.5100 W",98,GOOD,NORMAL,0,0,0,-54.03,-54.03,0.57
164047,SNS-1018,BTC-SEA-5018,SHP-2026-118,2026-08-24 06:18 UTC,-52.86,92.2,"GPS: 47.8200 N, -122.5200 W",98,GOOD,NORMAL,0,0,0,-52.86,-52.86,0.52
164048,SNS-1018,BTC-SEA-5018,SHP-2026-118,2026-08-24 06:33 UTC,-54.61,94.0,"GPS: 47.8300 N, -122.5300 W",98,GOOD,NORMAL,0,0,0,-54.61,-54.61,0.54
164049,SNS-1018,BTC-SEA-5018,SHP-2026-118,2026-08-24 06:48 UTC,-51.26,86.2,"GPS: 47.8400 N, -122.5400 W",98,FAIR,NORMAL,0,0,0,-51.26,-51.26,0.53
164050,SNS-1018,BTC-SEA-5018,SHP-2026-118,2026-08-24 07:03 UTC,-54.55,93.7,"GPS: 47.8500 N, -122.5500 W",98,GOOD,NORMAL,0,0,0,-54.55,-54.55,0.54
164051,SNS-1018,BTC-SEA-5018,SHP-2026-118,2026-08-24 07:18 UTC,-51.49,89.1,"GPS: 47.8600 N, -122.5600 W",98,EXCELLENT,NORMAL,0,0,0,-51.49,-51.49,0.51
164052,SNS-1018,BTC-SEA-5018,SHP-2026-118,2026-08-24 07:33 UTC,-52.31,93.5,"GPS: 47.8700 N, -122.5700 W",98,FAIR,NORMAL,0,0,0,-52.31,-52.31,0.53
164053,SNS-1018,BTC-SEA-5018,SHP-2026-118,2026-08-24 07:48 UTC,-50.37,93.1,"GPS: 47.8800 N, -122.5800 W",98,FAIR,NORMAL,0,0,0,-50.37,-50.37,0.52
164054,SNS-1018,BTC-SEA-5018,SHP-2026-118,2026-08-24 08:03 UTC,-52.16,91.1,"GPS: 47.8900 N, -122.5900 W",98,GOOD,NORMAL,0,0,0,-52.16,-52.16,0.56
164055,SNS-1018,BTC-SEA-5018,SHP-2026-118,2026-08-24 08:18 UTC,-52.82,87.8,"GPS: 47.9000 N, -122.6000 W",97,GOOD,NORMAL,0,0,0,-52.82,-52.82,0.52
164056,SNS-1018,BTC-SEA-5018,SHP-2026-118,2026-08-24 08:33 UTC,-52.59,85.5,"GPS: 47.9100 N, -122.6100 W",97,FAIR,NORMAL,0,0,0,-52.59,-52.59,0.52
164057,SNS-1018,BTC-SEA-5018,SHP-2026-118,2026-08-24 08:48 UTC,-52.68,95.2,"GPS: 47.9200 N, -122.6200 W",97,FAIR,NORMAL,0,0,0,-52.68,-52.68,0.51
164058,SNS-1018,BTC-SEA-5018,SHP-2026-118,2026-08-24 09:03 UTC,-52.25,90.5,"GPS: 47.9300 N, -122.6300 W",97,FAIR,NORMAL,0,0,0,-52.25,-52.25,0.51
164059,SNS-1018,BTC-SEA-5018,SHP-2026-118,2026-08-24 09:18 UTC,-54.17,93.6,"GPS: 47.9400 N, -122.6400 W",97,GOOD,NORMAL,0,0,0,-54.17,-54.17,0.57
164060,SNS-1018,BTC-SEA-5018,SHP-2026-118,2026-08-24 09:33 UTC,-54.53,86.2,"GPS: 47.9500 N, -122.6500 W",97,GOOD,NORMAL,0,0,0,-54.53,-54.53,0.55
164061,SNS-1018,BTC-SEA-5018,SHP-2026-118,2026-08-24 09:48 UTC,-54.4,88.3,"GPS: 47.9600 N, -122.6600 W",97,GOOD,NORMAL,0,0,0,-54.4,-54.4,0.53
164062,SNS-1018,BTC-SEA-5018,SHP-2026-118,2026-08-24 10:03 UTC,29.09,90.8,"GPS: 47.9700 N, -122.6700 W",97,EXCELLENT,WARNING,0,0,0,29.09,29.09,0.6
164063,SNS-1018,BTC-SEA-5018,SHP-2026-118,2026-08-24 10:18 UTC,-52.69,91.8,"GPS: 47.9800 N, -122.6800 W",97,GOOD,NORMAL,0,0,0,-52.69,-52.69,0.52
164064,SNS-1018,BTC-SEA-5018,SHP-2026-118,2026-08-24 10:33 UTC,-51.94,89.1,"GPS: 47.9900 N, -122.6900 W",97,FAIR,NORMAL,0,0,0,-51.94,-51.94,0.52
164065,SNS-1018,BTC-SEA-5018,SHP-2026-118,2026-08-24 10:48 UTC,-51.98,91.7,"GPS: 48.0000 N, -122.7000 W",96,GOOD,NORMAL,0,0,0,-51.98,-51.98,0.51
164066,SNS-1018,BTC-SEA-5018,SHP-2026-118,2026-08-24 11:03 UTC,-28.91,86.5,"GPS: 48.0100 N, -122.7100 W",96,EXCELLENT,WARNING,0,0,0,-28.91,-28.91,0.49
164067,SNS-1018,BTC-SEA-5018,SHP-2026-118,2026-08-24 11:18 UTC,-53.42,86.2,"GPS: 48.0200 N, -122.7200 W",96,GOOD,NORMAL,0,0,0,-53.42,-53.42,0.51
164068,SNS-1018,BTC-SEA-5018,SHP-2026-118,2026-08-24 11:33 UTC,-10.78,91.8,"GPS: 48.0300 N, -122.7300 W",96,EXCELLENT,WARNING,0,0,0,-10.78,-10.78,0.47
164069,SNS-1018,BTC-SEA-5018,SHP-2026-118,2026-08-24 11:48 UTC,-53.03,86.1,"GPS: 48.0400 N, -122.7400 W",96,GOOD,NORMAL,0,0,0,-53.03,-53.03,0.52
164070,SNS-1018,BTC-SEA-5018,SHP-2026-118,2026-08-24 12:03 UTC,-54.13,86.3,"GPS: 48.0500 N, -122.7500 W",96,FAIR,NORMAL,0,0,0,-54.13,-54.13,0.52
164071,SNS-1018,BTC-SEA-5018,SHP-2026-118,2026-08-24 12:18 UTC,-51.91,95.5,"GPS: 48.0600 N, -122.7600 W",96,GOOD,NORMAL,0,0,0,-51.91,-51.91,0.51
164072,SNS-1018,BTC-SEA-5018,SHP-2026-118,2026-08-24 12:33 UTC,-52.45,93.1,"GPS: 48.0700 N, -122.7700 W",96,FAIR,NORMAL,0,0,0,-52.45,-52.45,0.51
164073,SNS-1018,BTC-SEA-5018,SHP-2026-118,2026-08-24 12:48 UTC,-52.3,88.5,"GPS: 48.0800 N, -122.7800 W",96,EXCELLENT,NORMAL,0,0,0,-52.3,-52.3,0.5
164074,SNS-1018,BTC-SEA-5018,SHP-2026-118,2026-08-24 13:03 UTC,-54.47,88.8,"GPS: 48.0900 N, -122.7900 W",96,FAIR,NORMAL,0,0,0,-54.47,-54.47,0.54
164075,SNS-1018,BTC-SEA-5018,SHP-2026-118,2026-08-24 13:18 UTC,-26.43,93.3,"GPS: 48.1000 N, -122.8000 W",95,FAIR,WARNING,0,0,0,-26.43,-26.43,0.5
164076,SNS-1018,BTC-SEA-5018,SHP-2026-118,2026-08-24 13:33 UTC,-52.24,87.5,"GPS: 48.1100 N, -122.8100 W",95,GOOD,NORMAL,0,0,0,-52.24,-52.24,0.51
164077,SNS-1018,BTC-SEA-5018,SHP-2026-118,2026-08-24 13:48 UTC,-53.65,85.8,"GPS: 48.1200 N, -122.8200 W",95,FAIR,NORMAL,0,0,0,-53.65,-53.65,0.51
164078,SNS-1018,BTC-SEA-5018,SHP-2026-118,2026-08-24 14:03 UTC,-50.95,90.1,"GPS: 48.1300 N, -122.8300 W",95,EXCELLENT,NORMAL,0,0,0,-50.95,-50.95,0.51
164079,SNS-1018,BTC-SEA-5018,SHP-2026-118,2026-08-24 14:18 UTC,-51.32,90.1,"GPS: 48.1400 N, -122.8400 W",95,GOOD,NORMAL,0,0,0,-51.32,-51.32,0.5
164080,SNS-1018,BTC-SEA-5018,SHP-2026-118,2026-08-24 14:33 UTC,-47.26,86.7,"GPS: 48.1500 N, -122.8500 W",95,FAIR,CRITICAL,0,0,0,-47.26,-47.26,0.54
164081,SNS-1018,BTC-SEA-5018,SHP-2026-118,2026-08-24 14:48 UTC,-44.7,87.0,"GPS: 48.1600 N, -122.8600 W",95,GOOD,CRITICAL,0,0,0,-44.7,-44.7,0.52
164082,SNS-1018,BTC-SEA-5018,SHP-2026-118,2026-08-24 15:03 UTC,-43.6,95.2,"GPS: 48.1700 N, -122.8700 W",95,GOOD,CRITICAL,0,0,0,-43.6,-43.6,0.51
164083,SNS-1018,BTC-SEA-5018,SHP-2026-118,2026-08-24 15:18 UTC,-46.18,91.1,"GPS: 48.1800 N, -122.8800 W",95,FAIR,CRITICAL,0,0,0,-46.18,-46.18,0.53
164084,SNS-1018,BTC-SEA-5018,SHP-2026-118,2026-08-24 15:33 UTC,-43.88,94.3,"GPS: 48.1900 N, -122.8900 W",95,FAIR,CRITICAL,0,0,0,-43.88,-43.88,0.5
164085,SNS-1018,BTC-SEA-5018,SHP-2026-118,2026-08-24 15:48 UTC,-46.34,89.8,"GPS: 48.2000 N, -122.9000 W",94,EXCELLENT,CRITICAL,0,0,0,-46.34,-46.34,0.51
164086,SNS-1018,BTC-SEA-5018,SHP-2026-118,2026-08-24 16:03 UTC,-43.88,90.4,"GPS: 48.2100 N, -122.9100 W",94,GOOD,CRITICAL,0,0,0,-43.88,-43.88,0.49
164087,SNS-1018,BTC-SEA-5018,SHP-2026-118,2026-08-24 16:18 UTC,-46.68,94.3,"GPS: 48.2200 N, -122.9200 W",94,GOOD,CRITICAL,0,0,0,-46.68,-46.68,0.5
164088,SNS-1018,BTC-SEA-5018,SHP-2026-118,2026-08-24 16:33 UTC,-46.79,95.6,"GPS: 48.2300 N, -122.9300 W",94,GOOD,CRITICAL,0,0,0,-46.79,-46.79,0.5
164089,SNS-1018,BTC-SEA-5018,SHP-2026-118,2026-08-24 16:48 UTC,-46.88,91.8,"GPS: 48.2400 N, -122.9400 W",94,GOOD,CRITICAL,0,0,0,-46.88,-46.88,0.49
164090,SNS-1018,BTC-SEA-5018,SHP-2026-118,2026-08-24 17:03 UTC,-45.54,95.7,"GPS: 48.2500 N, -122.9500 W",94,EXCELLENT,CRITICAL,0,0,0,-45.54,-45.54,0.5
164091,SNS-1018,BTC-SEA-5018,SHP-2026-118,2026-08-24 17:18 UTC,-44.76,87.5,"GPS: 48.2600 N, -122.9600 W",94,GOOD,CRITICAL,0,0,0,-44.76,-44.76,0.52
164092,SNS-1018,BTC-SEA-5018,SHP-2026-118,2026-08-24 17:33 UTC,-44.76,91.1,"GPS: 48.2700 N, -122.9700 W",94,GOOD,CRITICAL,0,0,0,-44.76,-44.76,0.5
164093,SNS-1018,BTC-SEA-5018,SHP-2026-118,2026-08-24 17:48 UTC,-44.61,87.7,"GPS: 48.2800 N, -122.9800 W",94,FAIR,CRITICAL,0,0,0,-44.61,-44.61,0.5
164094,SNS-1018,BTC-SEA-5018,SHP-2026-118,2026-08-24 18:03 UTC,-43.15,93.7,"GPS: 48.2900 N, -122.9900 W",94,EXCELLENT,CRITICAL,0,0,0,-43.15,-43.15,0.54
164095,SNS-1018,BTC-SEA-5018,SHP-2026-118,2026-08-24 18:18 UTC,-45.71,88.8,"GPS: 48.3000 N, -123.0000 W",93,GOOD,CRITICAL,0,0,0,-45.71,-45.71,0.51
164096,SNS-1018,BTC-SEA-5018,SHP-2026-118,2026-08-24 18:33 UTC,-43.79,88.4,"GPS: 48.3100 N, -123.0100 W",93,EXCELLENT,CRITICAL,0,0,0,-43.79,-43.79,0.49
164097,SNS-1018,BTC-SEA-5018,SHP-2026-118,2026-08-24 18:48 UTC,-44.49,91.6,"GPS: 48.3200 N, -123.0200 W",93,FAIR,CRITICAL,0,0,0,-44.49,-44.49,0.52
164098,SNS-1018,BTC-SEA-5018,SHP-2026-118,2026-08-24 19:03 UTC,-44.39,90.2,"GPS: 48.3300 N, -123.0300 W",93,GOOD,CRITICAL,0,0,0,-44.39,-44.39,0.52
164099,SNS-1018,BTC-SEA-5018,SHP-2026-118,2026-08-24 19:18 UTC,-43.76,87.7,"GPS: 48.3400 N, -123.0400 W",93,EXCELLENT,CRITICAL,0,0,0,-43.76,-43.76,0.5
164100,SNS-1018,BTC-SEA-5018,SHP-2026-118,2026-08-24 19:33 UTC,-45.98,89.9,"GPS: 48.3500 N, -123.0500 W",93,FAIR,CRITICAL,0,0,0,-45.98,-45.98,0.54
164101,SNS-1018,BTC-SEA-5018,SHP-2026-118,2026-08-24 19:48 UTC,-44.37,88.4,"GPS: 48.3600 N, -123.0600 W",93,FAIR,CRITICAL,0,0,0,-44.37,-44.37,0.5
164102,SNS-1018,BTC-SEA-5018,SHP-2026-118,2026-08-24 20:03 UTC,-43.82,86.3,"GPS: 48.3700 N, -123.0700 W",93,GOOD,CRITICAL,0,0,0,-43.82,-43.82,0.49
164103,SNS-1018,BTC-SEA-5018,SHP-2026-118,2026-08-24 20:18 UTC,-46.17,92.9,"GPS: 48.3800 N, -123.0800 W",93,EXCELLENT,CRITICAL,0,0,0,-46.17,-46.17,0.51
164104,SNS-1018,BTC-SEA-5018,SHP-2026-118,2026-08-24 20:33 UTC,-47.34,95.3,"GPS: 48.3900 N, -123.0900 W",93,FAIR,CRITICAL,0,0,0,-47.34,-47.34,0.51
164105,SNS-1018,BTC-SEA-5018,SHP-2026-118,2026-08-24 20:48 UTC,-44.22,86.3,"GPS: 48.4000 N, -123.1000 W",92,EXCELLENT,CRITICAL,0,0,0,-44.22,-44.22,0.49
164106,SNS-1018,BTC-SEA-5018,SHP-2026-118,2026-08-24 21:03 UTC,-47.35,93.1,"GPS: 48.4100 N, -123.1100 W",92,FAIR,CRITICAL,0,0,0,-47.35,-47.35,0.5
164107,SNS-1018,BTC-SEA-5018,SHP-2026-118,2026-08-24 21:18 UTC,-44.76,93.7,"GPS: 48.4200 N, -123.1200 W",92,FAIR,CRITICAL,0,0,0,-44.76,-44.76,0.5
164108,SNS-1018,BTC-SEA-5018,SHP-2026-118,2026-08-24 21:33 UTC,-44.78,85.1,"GPS: 48.4300 N, -123.1300 W",92,GOOD,CRITICAL,0,0,0,-44.78,-44.78,0.49
164109,SNS-1018,BTC-SEA-5018,SHP-2026-118,2026-08-24 21:48 UTC,-44.95,95.9,"GPS: 48.4400 N, -123.1400 W",92,FAIR,CRITICAL,0,0,0,-44.95,-44.95,0.5
164110,SNS-1018,BTC-SEA-5018,SHP-2026-118,2026-08-24 22:03 UTC,-43.66,95.4,"GPS: 48.4500 N, -123.1500 W",92,GOOD,CRITICAL,0,0,0,-43.66,-43.66,0.5
164111,SNS-1018,BTC-SEA-5018,SHP-2026-118,2026-08-24 22:18 UTC,-43.28,94.5,"GPS: 48.4600 N, -123.1600 W",92,EXCELLENT,CRITICAL,0,0,0,-43.28,-43.28,0.51
164112,SNS-1018,BTC-SEA-5018,SHP-2026-118,2026-08-24 22:33 UTC,-43.61,87.0,"GPS: 48.4700 N, -123.1700 W",92,FAIR,CRITICAL,0,0,0,-43.61,-43.61,0.49
164113,SNS-1018,BTC-SEA-5018,SHP-2026-118,2026-08-24 22:48 UTC,-46.15,88.4,"GPS: 48.4800 N, -123.1800 W",92,EXCELLENT,CRITICAL,0,0,0,-46.15,-46.15,0.53
164114,SNS-1018,BTC-SEA-5018,SHP-2026-118,2026-08-24 23:03 UTC,-53.88,86.9,"GPS: 48.4900 N, -123.1900 W",92,GOOD,NORMAL,0,0,0,-53.88,-53.88,0.56
164115,SNS-1018,BTC-SEA-5018,SHP-2026-118,2026-08-24 23:18 UTC,-54.7,90.7,"GPS: 48.5000 N, -123.2000 W",91,GOOD,NORMAL,0,0,0,-54.7,-54.7,0.53
164116,SNS-1018,BTC-SEA-5018,SHP-2026-118,2026-08-24 23:33 UTC,-54.26,85.1,"GPS: 48.5100 N, -123.2100 W",91,EXCELLENT,NORMAL,0,0,0,-54.26,-54.26,0.53
164117,SNS-1018,BTC-SEA-5018,SHP-2026-118,2026-08-24 23:48 UTC,-53.46,88.8,"GPS: 48.5200 N, -123.2200 W",91,EXCELLENT,NORMAL,0,0,0,-53.46,-53.46,0.52
164118,SNS-1018,BTC-SEA-5018,SHP-2026-118,2026-08-25 00:03 UTC,-51.92,92.1,"GPS: 48.5300 N, -123.2300 W",91,FAIR,NORMAL,0,0,0,-51.92,-51.92,0.54
164119,SNS-1018,BTC-SEA-5018,SHP-2026-118,2026-08-25 00:18 UTC,-54.08,88.3,"GPS: 48.5400 N, -123.2400 W",91,GOOD,NORMAL,0,0,0,-54.08,-54.08,0.53
164120,SNS-1018,BTC-SEA-5018,SHP-2026-118,2026-08-25 00:33 UTC,-51.3,91.4,"GPS: 48.5500 N, -123.2500 W",91,GOOD,NORMAL,0,0,0,-51.3,-51.3,0.51
164121,SNS-1018,BTC-SEA-5018,SHP-2026-118,2026-08-25 00:48 UTC,-51.9,88.5,"GPS: 48.5600 N, -123.2600 W",91,GOOD,NORMAL,0,0,0,-51.9,-51.9,0.51
164122,SNS-1018,BTC-SEA-5018,SHP-2026-118,2026-08-25 01:03 UTC,-53.1,90.5,"GPS: 48.5700 N, -123.2700 W",91,GOOD,NORMAL,0,0,0,-53.1,-53.1,0.51
164123,SNS-1018,BTC-SEA-5018,SHP-2026-118,2026-08-25 01:18 UTC,-52.63,87.9,"GPS: 48.5800 N, -123.2800 W",91,GOOD,NORMAL,0,0,0,-52.63,-52.63,0.54
164124,SNS-1018,BTC-SEA-5018,SHP-2026-118,2026-08-25 01:33 UTC,-51.6,89.7,"GPS: 48.5900 N, -123.2900 W",91,GOOD,NORMAL,0,0,0,-51.6,-51.6,0.5
164125,SNS-1018,BTC-SEA-5018,SHP-2026-118,2026-08-25 01:48 UTC,-50.92,85.2,"GPS: 48.6000 N, -123.3000 W",90,GOOD,NORMAL,0,0,0,-50.92,-50.92,0.52
164126,SNS-1018,BTC-SEA-5018,SHP-2026-118,2026-08-25 02:03 UTC,-51.95,85.6,"GPS: 48.6100 N, -123.3100 W",90,EXCELLENT,NORMAL,0,0,0,-51.95,-51.95,0.52
164127,SNS-1018,BTC-SEA-5018,SHP-2026-118,2026-08-25 02:18 UTC,-54.62,85.9,"GPS: 48.6200 N, -123.3200 W",90,EXCELLENT,NORMAL,0,0,0,-54.62,-54.62,0.56
164128,SNS-1018,BTC-SEA-5018,SHP-2026-118,2026-08-25 02:33 UTC,-53.92,92.9,"GPS: 48.6300 N, -123.3300 W",90,GOOD,NORMAL,0,0,0,-53.92,-53.92,0.52
164129,SNS-1018,BTC-SEA-5018,SHP-2026-118,2026-08-25 02:48 UTC,-51.67,86.7,"GPS: 48.6400 N, -123.3400 W",90,GOOD,NORMAL,0,0,0,-51.67,-51.67,0.5
164130,SNS-1018,BTC-SEA-5018,SHP-2026-118,2026-08-25 03:03 UTC,-54.66,87.0,"GPS: 48.6500 N, -123.3500 W",90,GOOD,NORMAL,0,0,0,-54.66,-54.66,0.53
164131,SNS-1018,BTC-SEA-5018,SHP-2026-118,2026-08-25 03:18 UTC,-53.6,85.6,"GPS: 48.6600 N, -123.3600 W",90,EXCELLENT,NORMAL,0,0,0,-53.6,-53.6,0.54
164132,SNS-1018,BTC-SEA-5018,SHP-2026-118,2026-08-25 03:33 UTC,-52.99,87.0,"GPS: 48.6700 N, -123.3700 W",90,GOOD,NORMAL,0,0,0,-52.99,-52.99,0.51
164133,SNS-1018,BTC-SEA-5018,SHP-2026-118,2026-08-25 03:48 UTC,-52.79,94.5,"GPS: 48.6800 N, -123.3800 W",90,GOOD,NORMAL,0,0,0,-52.79,-52.79,0.51
164134,SNS-1018,BTC-SEA-5018,SHP-2026-118,2026-08-25 04:03 UTC,-54.07,87.0,"GPS: 48.6900 N, -123.3900 W",90,EXCELLENT,NORMAL,0,0,0,-54.07,-54.07,0.52
164135,SNS-1018,BTC-SEA-5018,SHP-2026-118,2026-08-25 04:18 UTC,-50.53,89.5,"GPS: 48.7000 N, -123.4000 W",89,FAIR,NORMAL,0,0,0,-50.53,-50.53,0.55
164136,SNS-1018,BTC-SEA-5018,SHP-2026-118,2026-08-25 04:33 UTC,-52.74,86.9,"GPS: 48.7100 N, -123.4100 W",89,FAIR,NORMAL,0,0,0,-52.74,-52.74,0.54
164137,SNS-1018,BTC-SEA-5018,SHP-2026-118,2026-08-25 04:48 UTC,-51.48,92.3,"GPS: 48.7200 N, -123.4200 W",89,FAIR,NORMAL,0,0,0,-51.48,-51.48,0.51
164138,SNS-1018,BTC-SEA-5018,SHP-2026-118,2026-08-25 05:03 UTC,-54.57,91.3,"GPS: 48.7300 N, -123.4300 W",89,GOOD,NORMAL,0,0,0,-54.57,-54.57,0.53
164139,SNS-1018,BTC-SEA-5018,SHP-2026-118,2026-08-25 05:18 UTC,-52.19,94.3,"GPS: 48.7400 N, -123.4400 W",89,FAIR,NORMAL,0,0,0,-52.19,-52.19,0.53
164140,SNS-1018,BTC-SEA-5018,SHP-2026-118,2026-08-25 05:33 UTC,-50.6,89.6,"GPS: 48.7500 N, -123.4500 W",89,FAIR,NORMAL,0,0,0,-50.6,-50.6,0.52
164141,SNS-1018,BTC-SEA-5018,SHP-2026-118,2026-08-25 05:48 UTC,-51.48,94.3,"GPS: 48.7600 N, -123.4600 W",89,GOOD,NORMAL,0,0,0,-51.48,-51.48,0.51
164142,SNS-1018,BTC-SEA-5018,SHP-2026-118,2026-08-25 06:03 UTC,-54.37,85.1,"GPS: 48.7700 N, -123.4700 W",89,GOOD,NORMAL,0,0,0,-54.37,-54.37,0.53
164143,SNS-1018,BTC-SEA-5018,SHP-2026-118,2026-08-25 06:18 UTC,-54.56,89.0,"GPS: 48.7800 N, -123.4800 W",89,FAIR,NORMAL,0,0,0,-54.56,-54.56,0.53
164144,SNS-1018,BTC-SEA-5018,SHP-2026-118,2026-08-25 06:33 UTC,-50.49,95.6,"GPS: 48.7900 N, -123.4900 W",89,GOOD,NORMAL,0,0,0,-50.49,-50.49,0.51
164145,SNS-1018,BTC-SEA-5018,SHP-2026-118,2026-08-25 06:48 UTC,-52.81,89.6,"GPS: 48.8000 N, -123.5000 W",88,GOOD,NORMAL,0,0,0,-52.81,-52.81,0.56
164146,SNS-1018,BTC-SEA-5018,SHP-2026-118,2026-08-25 07:03 UTC,-54.7,91.6,"GPS: 48.8100 N, -123.5100 W",88,EXCELLENT,NORMAL,0,0,0,-54.7,-54.7,0.55
164147,SNS-1018,BTC-SEA-5018,SHP-2026-118,2026-08-25 07:18 UTC,-51.61,95.7,"GPS: 48.8200 N, -123.5200 W",88,GOOD,NORMAL,0,0,0,-51.61,-51.61,0.53
164148,SNS-1018,BTC-SEA-5018,SHP-2026-118,2026-08-25 07:33 UTC,-53.75,86.6,"GPS: 48.8300 N, -123.5300 W",88,FAIR,NORMAL,0,0,0,-53.75,-53.75,0.54
164149,SNS-1018,BTC-SEA-5018,SHP-2026-118,2026-08-25 07:48 UTC,-54.67,91.5,"GPS: 48.8400 N, -123.5400 W",88,GOOD,NORMAL,0,0,0,-54.67,-54.67,0.54
164150,SNS-1018,BTC-SEA-5018,SHP-2026-118,2026-08-25 08:03 UTC,-53.95,88.6,"GPS: 48.8500 N, -123.5500 W",88,GOOD,NORMAL,0,0,0,-53.95,-53.95,0.56
164151,SNS-1018,BTC-SEA-5018,SHP-2026-118,2026-08-25 08:18 UTC,-54.38,94.4,"GPS: 48.8600 N, -123.5600 W",88,FAIR,NORMAL,0,0,0,-54.38,-54.38,0.55
164152,SNS-1018,BTC-SEA-5018,SHP-2026-118,2026-08-25 08:33 UTC,-52.13,86.2,"GPS: 48.8700 N, -123.5700 W",88,FAIR,NORMAL,0,0,0,-52.13,-52.13,0.56
164153,SNS-1018,BTC-SEA-5018,SHP-2026-118,2026-08-25 08:48 UTC,-54.16,88.5,"GPS: 48.8800 N, -123.5800 W",88,GOOD,NORMAL,0,0,0,-54.16,-54.16,0.55
164154,SNS-1018,BTC-SEA-5018,SHP-2026-118,2026-08-25 09:03 UTC,-54.0,95.0,"GPS: 48.8900 N, -123.5900 W",88,FAIR,NORMAL,0,0,0,-54.0,-54.0,0.55
164155,SNS-1018,BTC-SEA-5018,SHP-2026-118,2026-08-25 09:18 UTC,-51.56,95.1,"GPS: 48.9000 N, -123.6000 W",87,FAIR,NORMAL,0,0,0,-51.56,-51.56,0.57
164156,SNS-1018,BTC-SEA-5018,SHP-2026-118,2026-08-25 09:33 UTC,-51.74,91.4,"GPS: 48.9100 N, -123.6100 W",87,GOOD,NORMAL,0,0,0,-51.74,-51.74,0.55
164157,SNS-1018,BTC-SEA-5018,SHP-2026-118,2026-08-25 09:48 UTC,-54.18,89.2,"GPS: 48.9200 N, -123.6200 W",87,FAIR,NORMAL,0,0,0,-54.18,-54.18,0.57
164158,SNS-1018,BTC-SEA-5018,SHP-2026-118,2026-08-25 10:03 UTC,-53.4,85.1,"GPS: 48.9300 N, -123.6300 W",87,GOOD,NORMAL,0,0,0,-53.4,-53.4,0.57
164159,SNS-1018,BTC-SEA-5018,SHP-2026-118,2026-08-25 10:18 UTC,-34.98,88.0,"GPS: 48.9400 N, -123.6400 W",87,EXCELLENT,WARNING,0,0,0,-34.98,-34.98,0.56
164160,SNS-1018,BTC-SEA-5018,SHP-2026-118,2026-08-25 10:33 UTC,-53.53,95.6,"GPS: 48.9500 N, -123.6500 W",87,EXCELLENT,NORMAL,0,0,0,-53.53,-53.53,0.56
164161,SNS-1019,BTC-SEA-5019,SHP-2026-119,2026-08-24 02:48 UTC,1.94,89.8,"GPS: 47.6000 N, -122.3000 W",100,FAIR,NORMAL,0,0,0,1.94,1.94,0.49
164162,SNS-1019,BTC-SEA-5019,SHP-2026-119,2026-08-24 03:03 UTC,3.73,87.4,"GPS: 47.6100 N, -122.3100 W",100,EXCELLENT,NORMAL,0,0,0,3.73,3.73,0.42
164163,SNS-1019,BTC-SEA-5019,SHP-2026-119,2026-08-24 03:18 UTC,0.8,88.1,"GPS: 47.6200 N, -122.3200 W",100,FAIR,NORMAL,0,0,0,0.8,0.8,0.43
164164,SNS-1019,BTC-SEA-5019,SHP-2026-119,2026-08-24 03:33 UTC,,,"GPS: 47.6300 N, -122.3300 W",100,DISCONNECTED,WARNING,1,0,1,1.99,0.8,0.42
164165,SNS-1019,BTC-SEA-5019,SHP-2026-119,2026-08-24 03:48 UTC,2.75,86.1,"GPS: 47.6400 N, -122.3400 W",100,GOOD,NORMAL,0,0,0,2.75,2.75,0.41
164166,SNS-1019,BTC-SEA-5019,SHP-2026-119,2026-08-24 04:03 UTC,1.7,88.5,"GPS: 47.6500 N, -122.3500 W",100,GOOD,NORMAL,0,0,0,1.7,1.7,0.45
164167,SNS-1019,BTC-SEA-5019,SHP-2026-119,2026-08-24 04:18 UTC,21.05,85.1,"GPS: 47.6600 N, -122.3600 W",100,EXCELLENT,WARNING,0,0,0,21.05,21.05,0.59
164168,SNS-1019,BTC-SEA-5019,SHP-2026-119,2026-08-24 04:33 UTC,1.61,95.4,"GPS: 47.6700 N, -122.3700 W",100,GOOD,NORMAL,0,0,0,1.61,1.61,0.41
164169,SNS-1019,BTC-SEA-5019,SHP-2026-119,2026-08-24 04:48 UTC,,,"GPS: 47.6800 N, -122.3800 W",100,DISCONNECTED,WARNING,1,0,1,3.54,1.61,0.41
164170,SNS-1019,BTC-SEA-5019,SHP-2026-119,2026-08-24 05:03 UTC,2.76,94.2,"GPS: 47.6900 N, -122.3900 W",100,FAIR,NORMAL,0,0,0,2.76,2.76,0.42
164171,SNS-1019,BTC-SEA-5019,SHP-2026-119,2026-08-24 05:18 UTC,3.0,91.3,"GPS: 47.7000 N, -122.4000 W",99,FAIR,NORMAL,0,0,0,3.0,3.0,0.39
164172,SNS-1019,BTC-SEA-5019,SHP-2026-119,2026-08-24 05:33 UTC,0.92,90.8,"GPS: 47.7100 N, -122.4100 W",99,EXCELLENT,NORMAL,0,0,0,0.92,0.92,0.42
164173,SNS-1019,BTC-SEA-5019,SHP-2026-119,2026-08-24 05:48 UTC,2.48,90.6,"GPS: 47.7200 N, -122.4200 W",99,GOOD,NORMAL,0,0,0,2.48,2.48,0.39
164174,SNS-1019,BTC-SEA-5019,SHP-2026-119,2026-08-24 06:03 UTC,1.5,86.4,"GPS: 47.7300 N, -122.4300 W",99,EXCELLENT,NORMAL,0,0,0,1.5,1.5,0.4
164175,SNS-1019,BTC-SEA-5019,SHP-2026-119,2026-08-24 06:18 UTC,3.1,86.8,"GPS: 47.7400 N, -122.4400 W",99,FAIR,NORMAL,0,0,0,3.1,3.1,0.39
164176,SNS-1019,BTC-SEA-5019,SHP-2026-119,2026-08-24 06:33 UTC,1.39,88.2,"GPS: 47.7500 N, -122.4500 W",99,EXCELLENT,NORMAL,0,0,0,1.39,1.39,0.4
164177,SNS-1019,BTC-SEA-5019,SHP-2026-119,2026-08-24 06:48 UTC,2.45,87.3,"GPS: 47.7600 N, -122.4600 W",99,EXCELLENT,NORMAL,0,0,0,2.45,2.45,0.39
164178,SNS-1019,BTC-SEA-5019,SHP-2026-119,2026-08-24 07:03 UTC,1.53,91.5,"GPS: 47.7700 N, -122.4700 W",99,FAIR,NORMAL,0,0,0,1.53,1.53,0.39
164179,SNS-1019,BTC-SEA-5019,SHP-2026-119,2026-08-24 07:18 UTC,,,"GPS: 47.7800 N, -122.4800 W",99,DISCONNECTED,WARNING,1,0,1,1.82,1.53,0.39
164180,SNS-1019,BTC-SEA-5019,SHP-2026-119,2026-08-24 07:33 UTC,1.4,89.8,"GPS: 47.7900 N, -122.4900 W",99,EXCELLENT,NORMAL,0,0,0,1.4,1.4,0.4
164181,SNS-1019,BTC-SEA-5019,SHP-2026-119,2026-08-24 07:48 UTC,3.21,95.4,"GPS: 47.8000 N, -122.5000 W",98,GOOD,NORMAL,0,0,0,3.21,3.21,0.44
164182,SNS-1019,BTC-SEA-5019,SHP-2026-119,2026-08-24 08:03 UTC,1.7,87.0,"GPS: 47.8100 N, -122.5100 W",98,EXCELLENT,NORMAL,0,0,0,1.7,1.7,0.4
164183,SNS-1019,BTC-SEA-5019,SHP-2026-119,2026-08-24 08:18 UTC,3.22,95.4,"GPS: 47.8200 N, -122.5200 W",98,EXCELLENT,NORMAL,0,0,0,3.22,3.22,0.38
164184,SNS-1019,BTC-SEA-5019,SHP-2026-119,2026-08-24 08:33 UTC,2.74,94.6,"GPS: 47.8300 N, -122.5300 W",98,EXCELLENT,NORMAL,0,0,0,2.74,2.74,0.38
164185,SNS-1019,BTC-SEA-5019,SHP-2026-119,2026-08-24 08:48 UTC,2.27,86.1,"GPS: 47.8400 N, -122.5400 W",98,EXCELLENT,NORMAL,0,0,0,2.27,2.27,0.37
164186,SNS-1019,BTC-SEA-5019,SHP-2026-119,2026-08-24 09:03 UTC,2.29,88.8,"GPS: 47.8500 N, -122.5500 W",98,FAIR,NORMAL,0,0,0,2.29,2.29,0.39
164187,SNS-1019,BTC-SEA-5019,SHP-2026-119,2026-08-24 09:18 UTC,1.94,92.7,"GPS: 47.8600 N, -122.5600 W",98,GOOD,NORMAL,0,0,0,1.94,1.94,0.38
164188,SNS-1019,BTC-SEA-5019,SHP-2026-119,2026-08-24 09:33 UTC,2.95,95.9,"GPS: 47.8700 N, -122.5700 W",98,FAIR,NORMAL,0,0,0,2.95,2.95,0.4
164189,SNS-1019,BTC-SEA-5019,SHP-2026-119,2026-08-24 09:48 UTC,3.75,90.9,"GPS: 47.8800 N, -122.5800 W",98,GOOD,NORMAL,0,0,0,3.75,3.75,0.45
164190,SNS-1019,BTC-SEA-5019,SHP-2026-119,2026-08-24 10:03 UTC,1.63,87.5,"GPS: 47.8900 N, -122.5900 W",98,GOOD,NORMAL,0,0,0,1.63,1.63,0.38
164191,SNS-1019,BTC-SEA-5019,SHP-2026-119,2026-08-24 10:18 UTC,2.11,85.7,"GPS: 47.9000 N, -122.6000 W",97,EXCELLENT,NORMAL,0,0,0,2.11,2.11,0.37
164192,SNS-1019,BTC-SEA-5019,SHP-2026-119,2026-08-24 10:33 UTC,,,"GPS: 47.9100 N, -122.6100 W",97,DISCONNECTED,WARNING,1,0,1,2.51,2.11,0.36
164193,SNS-1019,BTC-SEA-5019,SHP-2026-119,2026-08-24 10:48 UTC,,,"GPS: 47.9200 N, -122.6200 W",97,DISCONNECTED,WARNING,1,0,1,33.0,2.11,0.38
164194,SNS-1019,BTC-SEA-5019,SHP-2026-119,2026-08-24 11:03 UTC,,,"GPS: 47.9300 N, -122.6300 W",97,DISCONNECTED,WARNING,1,0,1,0.84,2.11,0.37
164195,SNS-1019,BTC-SEA-5019,SHP-2026-119,2026-08-24 11:18 UTC,0.84,88.2,"GPS: 47.9400 N, -122.6400 W",97,FAIR,NORMAL,0,0,0,0.84,0.84,0.48
164196,SNS-1019,BTC-SEA-5019,SHP-2026-119,2026-08-24 11:33 UTC,,,"GPS: 47.9500 N, -122.6500 W",97,DISCONNECTED,WARNING,1,0,1,0.79,0.84,0.38
164197,SNS-1019,BTC-SEA-5019,SHP-2026-119,2026-08-24 11:48 UTC,0.81,92.3,"GPS: 47.9600 N, -122.6600 W",97,EXCELLENT,NORMAL,0,0,0,0.81,0.81,0.37
164198,SNS-1019,BTC-SEA-5019,SHP-2026-119,2026-08-24 12:03 UTC,1.53,92.9,"GPS: 47.9700 N, -122.6700 W",97,EXCELLENT,NORMAL,0,0,0,1.53,1.53,0.37
164199,SNS-1019,BTC-SEA-5019,SHP-2026-119,2026-08-24 12:18 UTC,1.43,92.6,"GPS: 47.9800 N, -122.6800 W",97,EXCELLENT,NORMAL,0,0,0,1.43,1.43,0.38
164200,SNS-1019,BTC-SEA-5019,SHP-2026-119,2026-08-24 12:33 UTC,1.8,92.1,"GPS: 47.9900 N, -122.6900 W",97,GOOD,NORMAL,0,0,0,1.8,1.8,0.39
164201,SNS-1019,BTC-SEA-5019,SHP-2026-119,2026-08-24 12:48 UTC,2.49,95.5,"GPS: 48.0000 N, -122.7000 W",96,FAIR,NORMAL,0,0,0,2.49,2.49,0.42
164202,SNS-1019,BTC-SEA-5019,SHP-2026-119,2026-08-24 13:03 UTC,3.26,93.6,"GPS: 48.0100 N, -122.7100 W",96,EXCELLENT,NORMAL,0,0,0,3.26,3.26,0.43
164203,SNS-1019,BTC-SEA-5019,SHP-2026-119,2026-08-24 13:18 UTC,1.04,94.5,"GPS: 48.0200 N, -122.7200 W",96,GOOD,NORMAL,0,0,0,1.04,1.04,0.38
164204,SNS-1019,BTC-SEA-5019,SHP-2026-119,2026-08-24 13:33 UTC,,,"GPS: 48.0300 N, -122.7300 W",96,DISCONNECTED,WARNING,1,0,1,3.43,1.04,0.37
164205,SNS-1019,BTC-SEA-5019,SHP-2026-119,2026-08-24 13:48 UTC,0.71,89.8,"GPS: 48.0400 N, -122.7400 W",96,GOOD,NORMAL,0,0,0,0.71,0.71,0.38
164206,SNS-1019,BTC-SEA-5019,SHP-2026-119,2026-08-24 14:03 UTC,0.91,89.5,"GPS: 48.0500 N, -122.7500 W",96,GOOD,NORMAL,0,0,0,0.91,0.91,0.37
164207,SNS-1019,BTC-SEA-5019,SHP-2026-119,2026-08-24 14:18 UTC,3.27,89.4,"GPS: 48.0600 N, -122.7600 W",96,FAIR,NORMAL,0,0,0,3.27,3.27,0.47
164208,SNS-1019,BTC-SEA-5019,SHP-2026-119,2026-08-24 14:33 UTC,3.73,92.4,"GPS: 48.0700 N, -122.7700 W",96,EXCELLENT,NORMAL,0,0,0,3.73,3.73,0.4
164209,SNS-1019,BTC-SEA-5019,SHP-2026-119,2026-08-24 14:48 UTC,3.0,86.9,"GPS: 48.0800 N, -122.7800 W",96,GOOD,NORMAL,0,0,0,3.0,3.0,0.36
164210,SNS-1019,BTC-SEA-5019,SHP-2026-119,2026-08-24 15:03 UTC,3.71,92.4,"GPS: 48.0900 N, -122.7900 W",96,GOOD,NORMAL,0,0,0,3.71,3.71,0.37
164211,SNS-1019,BTC-SEA-5019,SHP-2026-119,2026-08-24 15:18 UTC,1.1,85.3,"GPS: 48.1000 N, -122.8000 W",95,FAIR,NORMAL,0,0,0,1.1,1.1,0.45
164212,SNS-1019,BTC-SEA-5019,SHP-2026-119,2026-08-24 15:33 UTC,3.48,95.7,"GPS: 48.1100 N, -122.8100 W",95,FAIR,NORMAL,0,0,0,3.48,3.48,0.36
164213,SNS-1019,BTC-SEA-5019,SHP-2026-119,2026-08-24 15:48 UTC,2.47,88.8,"GPS: 48.1200 N, -122.8200 W",95,EXCELLENT,NORMAL,0,0,0,2.47,2.47,0.37
164214,SNS-1019,BTC-SEA-5019,SHP-2026-119,2026-08-24 16:03 UTC,2.3,90.5,"GPS: 48.1300 N, -122.8300 W",95,FAIR,NORMAL,0,0,0,2.3,2.3,0.37
164215,SNS-1019,BTC-SEA-5019,SHP-2026-119,2026-08-24 16:18 UTC,2.09,92.9,"GPS: 48.1400 N, -122.8400 W",95,EXCELLENT,NORMAL,0,0,0,2.09,2.09,0.37
164216,SNS-1019,BTC-SEA-5019,SHP-2026-119,2026-08-24 16:33 UTC,0.92,88.1,"GPS: 48.1500 N, -122.8500 W",95,EXCELLENT,NORMAL,0,0,0,0.92,0.92,0.41
164217,SNS-1019,BTC-SEA-5019,SHP-2026-119,2026-08-24 16:48 UTC,,,"GPS: 48.1600 N, -122.8600 W",95,DISCONNECTED,WARNING,1,0,1,2.73,0.92,0.38
164218,SNS-1019,BTC-SEA-5019,SHP-2026-119,2026-08-24 17:03 UTC,1.49,85.1,"GPS: 48.1700 N, -122.8700 W",95,EXCELLENT,NORMAL,0,0,0,1.49,1.49,0.41
164219,SNS-1019,BTC-SEA-5019,SHP-2026-119,2026-08-24 17:18 UTC,0.75,94.2,"GPS: 48.1800 N, -122.8800 W",95,GOOD,NORMAL,0,0,0,0.75,0.75,0.37
164220,SNS-1019,BTC-SEA-5019,SHP-2026-119,2026-08-24 17:33 UTC,0.87,94.1,"GPS: 48.1900 N, -122.8900 W",95,EXCELLENT,NORMAL,0,0,0,0.87,0.87,0.37
164221,SNS-1019,BTC-SEA-5019,SHP-2026-119,2026-08-24 17:48 UTC,2.87,92.1,"GPS: 48.2000 N, -122.9000 W",94,EXCELLENT,NORMAL,0,0,0,2.87,2.87,0.44
164222,SNS-1019,BTC-SEA-5019,SHP-2026-119,2026-08-24 18:03 UTC,2.49,92.5,"GPS: 48.2100 N, -122.9100 W",94,FAIR,NORMAL,0,0,0,2.49,2.49,0.36
164223,SNS-1019,BTC-SEA-5019,SHP-2026-119,2026-08-24 18:18 UTC,1.24,96.0,"GPS: 48.2200 N, -122.9200 W",94,GOOD,NORMAL,0,0,0,1.24,1.24,0.37
164224,SNS-1019,BTC-SEA-5019,SHP-2026-119,2026-08-24 18:33 UTC,3.1,91.7,"GPS: 48.2300 N, -122.9300 W",94,EXCELLENT,NORMAL,0,0,0,3.1,3.1,0.37
164225,SNS-1019,BTC-SEA-5019,SHP-2026-119,2026-08-24 18:48 UTC,,,"GPS: 48.2400 N, -122.9400 W",94,DISCONNECTED,WARNING,1,0,1,3.23,3.1,0.36
164226,SNS-1019,BTC-SEA-5019,SHP-2026-119,2026-08-24 19:03 UTC,1.14,89.5,"GPS: 48.2500 N, -122.9500 W",94,FAIR,NORMAL,0,0,0,1.14,1.14,0.38
164227,SNS-1019,BTC-SEA-5019,SHP-2026-119,2026-08-24 19:18 UTC,3.3,92.7,"GPS: 48.2600 N, -122.9600 W",94,GOOD,NORMAL,0,0,0,3.3,3.3,0.36
164228,SNS-1019,BTC-SEA-5019,SHP-2026-119,2026-08-24 19:33 UTC,2.39,93.6,"GPS: 48.2700 N, -122.9700 W",94,FAIR,NORMAL,0,0,0,2.39,2.39,0.37
164229,SNS-1019,BTC-SEA-5019,SHP-2026-119,2026-08-24 19:48 UTC,3.78,94.8,"GPS: 48.2800 N, -122.9800 W",94,EXCELLENT,NORMAL,0,0,0,3.78,3.78,0.38
164230,SNS-1019,BTC-SEA-5019,SHP-2026-119,2026-08-24 20:03 UTC,2.75,89.0,"GPS: 48.2900 N, -122.9900 W",94,EXCELLENT,NORMAL,0,0,0,2.75,2.75,0.4
164231,SNS-1019,BTC-SEA-5019,SHP-2026-119,2026-08-24 20:18 UTC,0.71,94.9,"GPS: 48.3000 N, -123.0000 W",93,GOOD,NORMAL,0,0,0,0.71,0.71,0.44
164232,SNS-1019,BTC-SEA-5019,SHP-2026-119,2026-08-24 20:33 UTC,,,"GPS: 48.3100 N, -123.0100 W",93,DISCONNECTED,WARNING,1,0,1,3.31,0.71,0.38
164233,SNS-1019,BTC-SEA-5019,SHP-2026-119,2026-08-24 20:48 UTC,10.98,85.6,"GPS: 48.3200 N, -123.0200 W",93,EXCELLENT,WARNING,0,0,0,10.98,10.98,0.5
164234,SNS-1019,BTC-SEA-5019,SHP-2026-119,2026-08-24 21:03 UTC,1.78,90.4,"GPS: 48.3300 N, -123.0300 W",93,FAIR,NORMAL,0,0,0,1.78,1.78,0.37
164235,SNS-1019,BTC-SEA-5019,SHP-2026-119,2026-08-24 21:18 UTC,0.79,92.8,"GPS: 48.3400 N, -123.0400 W",93,FAIR,NORMAL,0,0,0,0.79,0.79,0.37
164236,SNS-1019,BTC-SEA-5019,SHP-2026-119,2026-08-24 21:33 UTC,,,"GPS: 48.3500 N, -123.0500 W",93,DISCONNECTED,WARNING,1,0,1,2.34,0.79,0.38
164237,SNS-1019,BTC-SEA-5019,SHP-2026-119,2026-08-24 21:48 UTC,3.65,85.3,"GPS: 48.3600 N, -123.0600 W",93,GOOD,NORMAL,0,0,0,3.65,3.65,0.43
164238,SNS-1019,BTC-SEA-5019,SHP-2026-119,2026-08-24 22:03 UTC,3.47,92.9,"GPS: 48.3700 N, -123.0700 W",93,FAIR,NORMAL,0,0,0,3.47,3.47,0.37
164239,SNS-1019,BTC-SEA-5019,SHP-2026-119,2026-08-24 22:18 UTC,,,"GPS: 48.3800 N, -123.0800 W",93,DISCONNECTED,WARNING,1,0,1,1.2,3.47,0.37
164240,SNS-1019,BTC-SEA-5019,SHP-2026-119,2026-08-24 22:33 UTC,3.71,95.5,"GPS: 48.3900 N, -123.0900 W",93,FAIR,NORMAL,0,0,0,3.71,3.71,0.36
164241,SNS-1019,BTC-SEA-5019,SHP-2026-119,2026-08-24 22:48 UTC,2.3,95.6,"GPS: 48.4000 N, -123.1000 W",92,EXCELLENT,NORMAL,0,0,0,2.3,2.3,0.45
164242,SNS-1019,BTC-SEA-5019,SHP-2026-119,2026-08-24 23:03 UTC,,,"GPS: 48.4100 N, -123.1100 W",92,DISCONNECTED,WARNING,1,0,1,2.36,2.3,0.38
164243,SNS-1019,BTC-SEA-5019,SHP-2026-119,2026-08-24 23:18 UTC,0.87,91.4,"GPS: 48.4200 N, -123.1200 W",92,EXCELLENT,NORMAL,0,0,0,0.87,0.87,0.42
164244,SNS-1019,BTC-SEA-5019,SHP-2026-119,2026-08-24 23:33 UTC,1.55,89.0,"GPS: 48.4300 N, -123.1300 W",92,GOOD,NORMAL,0,0,0,1.55,1.55,0.36
164245,SNS-1019,BTC-SEA-5019,SHP-2026-119,2026-08-24 23:48 UTC,,,"GPS: 48.4400 N, -123.1400 W",92,DISCONNECTED,WARNING,1,0,1,2.16,1.55,0.38
164246,SNS-1019,BTC-SEA-5019,SHP-2026-119,2026-08-25 00:03 UTC,2.07,90.7,"GPS: 48.4500 N, -123.1500 W",92,GOOD,NORMAL,0,0,0,2.07,2.07,0.36
164247,SNS-1019,BTC-SEA-5019,SHP-2026-119,2026-08-25 00:18 UTC,3.32,94.9,"GPS: 48.4600 N, -123.1600 W",92,FAIR,NORMAL,0,0,0,3.32,3.32,0.44
164248,SNS-1019,BTC-SEA-5019,SHP-2026-119,2026-08-25 00:33 UTC,2.32,87.6,"GPS: 48.4700 N, -123.1700 W",92,FAIR,NORMAL,0,0,0,2.32,2.32,0.37
164249,SNS-1019,BTC-SEA-5019,SHP-2026-119,2026-08-25 00:48 UTC,3.3,89.2,"GPS: 48.4800 N, -123.1800 W",92,GOOD,NORMAL,0,0,0,3.3,3.3,0.38
164250,SNS-1019,BTC-SEA-5019,SHP-2026-119,2026-08-25 01:03 UTC,1.21,89.7,"GPS: 48.4900 N, -123.1900 W",92,FAIR,NORMAL,0,0,0,1.21,1.21,0.41
164251,SNS-1019,BTC-SEA-5019,SHP-2026-119,2026-08-25 01:18 UTC,2.37,90.6,"GPS: 48.5000 N, -123.2000 W",91,EXCELLENT,NORMAL,0,0,0,2.37,2.37,0.39
164252,SNS-1019,BTC-SEA-5019,SHP-2026-119,2026-08-25 01:33 UTC,,,"GPS: 48.5100 N, -123.2100 W",91,DISCONNECTED,WARNING,1,0,1,1.44,2.37,0.4
164253,SNS-1019,BTC-SEA-5019,SHP-2026-119,2026-08-25 01:48 UTC,,,"GPS: 48.5200 N, -123.2200 W",91,DISCONNECTED,WARNING,1,0,1,1.24,2.37,0.4
164254,SNS-1019,BTC-SEA-5019,SHP-2026-119,2026-08-25 02:03 UTC,2.39,93.1,"GPS: 48.5300 N, -123.2300 W",91,FAIR,NORMAL,0,0,0,2.39,2.39,0.36
164255,SNS-1019,BTC-SEA-5019,SHP-2026-119,2026-08-25 02:18 UTC,1.52,88.4,"GPS: 48.5400 N, -123.2400 W",91,GOOD,NORMAL,0,0,0,1.52,1.52,0.47
164256,SNS-1019,BTC-SEA-5019,SHP-2026-119,2026-08-25 02:33 UTC,0.75,85.5,"GPS: 48.5500 N, -123.2500 W",91,FAIR,NORMAL,0,0,0,0.75,0.75,0.44
164257,SNS-1019,BTC-SEA-5019,SHP-2026-119,2026-08-25 02:48 UTC,,,"GPS: 48.5600 N, -123.2600 W",91,DISCONNECTED,WARNING,1,0,1,1.92,0.75,0.38
164258,SNS-1019,BTC-SEA-5019,SHP-2026-119,2026-08-25 03:03 UTC,3.3,88.2,"GPS: 48.5700 N, -123.2700 W",91,GOOD,NORMAL,0,0,0,3.3,3.3,0.42
164259,SNS-1019,BTC-SEA-5019,SHP-2026-119,2026-08-25 03:18 UTC,3.79,88.7,"GPS: 48.5800 N, -123.2800 W",91,GOOD,NORMAL,0,0,0,3.79,3.79,0.39
164260,SNS-1019,BTC-SEA-5019,SHP-2026-119,2026-08-25 03:33 UTC,2.61,90.4,"GPS: 48.5900 N, -123.2900 W",91,FAIR,NORMAL,0,0,0,2.61,2.61,0.37
164261,SNS-1019,BTC-SEA-5019,SHP-2026-119,2026-08-25 03:48 UTC,2.17,87.4,"GPS: 48.6000 N, -123.3000 W",90,FAIR,NORMAL,0,0,0,2.17,2.17,0.37
164262,SNS-1019,BTC-SEA-5019,SHP-2026-119,2026-08-25 04:03 UTC,,,"GPS: 48.6100 N, -123.3100 W",90,DISCONNECTED,WARNING,1,0,1,2.82,2.17,0.37
164263,SNS-1019,BTC-SEA-5019,SHP-2026-119,2026-08-25 04:18 UTC,,,"GPS: 48.6200 N, -123.3200 W",90,DISCONNECTED,WARNING,1,0,1,0.71,2.17,0.37
164264,SNS-1019,BTC-SEA-5019,SHP-2026-119,2026-08-25 04:33 UTC,3.75,86.8,"GPS: 48.6300 N, -123.3300 W",90,EXCELLENT,NORMAL,0,0,0,3.75,3.75,0.46
164265,SNS-1019,BTC-SEA-5019,SHP-2026-119,2026-08-25 04:48 UTC,,,"GPS: 48.6400 N, -123.3400 W",90,DISCONNECTED,WARNING,1,0,1,3.52,3.75,0.38
164266,SNS-1019,BTC-SEA-5019,SHP-2026-119,2026-08-25 05:03 UTC,1.22,90.8,"GPS: 48.6500 N, -123.3500 W",90,GOOD,NORMAL,0,0,0,1.22,1.22,0.4
164267,SNS-1019,BTC-SEA-5019,SHP-2026-119,2026-08-25 05:18 UTC,2.97,94.3,"GPS: 48.6600 N, -123.3600 W",90,GOOD,NORMAL,0,0,0,2.97,2.97,0.4
164268,SNS-1019,BTC-SEA-5019,SHP-2026-119,2026-08-25 05:33 UTC,3.56,87.1,"GPS: 48.6700 N, -123.3700 W",90,FAIR,NORMAL,0,0,0,3.56,3.56,0.37
164269,SNS-1019,BTC-SEA-5019,SHP-2026-119,2026-08-25 05:48 UTC,3.52,89.7,"GPS: 48.6800 N, -123.3800 W",90,GOOD,NORMAL,0,0,0,3.52,3.52,0.37
164270,SNS-1019,BTC-SEA-5019,SHP-2026-119,2026-08-25 06:03 UTC,2.92,85.5,"GPS: 48.6900 N, -123.3900 W",90,GOOD,NORMAL,0,0,0,2.92,2.92,0.41
164271,SNS-1019,BTC-SEA-5019,SHP-2026-119,2026-08-25 06:18 UTC,2.91,89.3,"GPS: 48.7000 N, -123.4000 W",89,FAIR,NORMAL,0,0,0,2.91,2.91,0.38
164272,SNS-1019,BTC-SEA-5019,SHP-2026-119,2026-08-25 06:33 UTC,0.95,89.1,"GPS: 48.7100 N, -123.4100 W",89,FAIR,NORMAL,0,0,0,0.95,0.95,0.46
164273,SNS-1019,BTC-SEA-5019,SHP-2026-119,2026-08-25 06:48 UTC,2.35,91.1,"GPS: 48.7200 N, -123.4200 W",89,EXCELLENT,NORMAL,0,0,0,2.35,2.35,0.41
164274,SNS-1019,BTC-SEA-5019,SHP-2026-119,2026-08-25 07:03 UTC,0.83,91.4,"GPS: 48.7300 N, -123.4300 W",89,GOOD,NORMAL,0,0,0,0.83,0.83,0.4
164275,SNS-1019,BTC-SEA-5019,SHP-2026-119,2026-08-25 07:18 UTC,,,"GPS: 48.7400 N, -123.4400 W",89,DISCONNECTED,WARNING,1,0,1,1.43,0.83,0.39
164276,SNS-1019,BTC-SEA-5019,SHP-2026-119,2026-08-25 07:33 UTC,2.57,95.9,"GPS: 48.7500 N, -123.4500 W",89,EXCELLENT,NORMAL,0,0,0,2.57,2.57,0.4
164277,SNS-1019,BTC-SEA-5019,SHP-2026-119,2026-08-25 07:48 UTC,,,"GPS: 48.7600 N, -123.4600 W",89,DISCONNECTED,WARNING,1,0,1,1.7,2.57,0.38
164278,SNS-1019,BTC-SEA-5019,SHP-2026-119,2026-08-25 08:03 UTC,,,"GPS: 48.7700 N, -123.4700 W",89,DISCONNECTED,WARNING,1,0,1,2.24,2.57,0.38
164279,SNS-1019,BTC-SEA-5019,SHP-2026-119,2026-08-25 08:18 UTC,2.32,95.2,"GPS: 48.7800 N, -123.4800 W",89,GOOD,NORMAL,0,0,0,2.32,2.32,0.41
164280,SNS-1019,BTC-SEA-5019,SHP-2026-119,2026-08-25 08:33 UTC,,,"GPS: 48.7900 N, -123.4900 W",89,DISCONNECTED,WARNING,1,0,1,1.84,2.32,0.39
164281,SNS-1019,BTC-SEA-5019,SHP-2026-119,2026-08-25 08:48 UTC,1.95,90.1,"GPS: 48.8000 N, -123.5000 W",88,EXCELLENT,NORMAL,0,0,0,1.95,1.95,0.46
164282,SNS-1019,BTC-SEA-5019,SHP-2026-119,2026-08-25 09:03 UTC,2.92,88.8,"GPS: 48.8100 N, -123.5100 W",88,GOOD,NORMAL,0,0,0,2.92,2.92,0.44
164283,SNS-1019,BTC-SEA-5019,SHP-2026-119,2026-08-25 09:18 UTC,0.74,89.0,"GPS: 48.8200 N, -123.5200 W",88,GOOD,NORMAL,0,0,0,0.74,0.74,0.47
164284,SNS-1019,BTC-SEA-5019,SHP-2026-119,2026-08-25 09:33 UTC,2.53,88.3,"GPS: 48.8300 N, -123.5300 W",88,GOOD,NORMAL,0,0,0,2.53,2.53,0.39
164285,SNS-1019,BTC-SEA-5019,SHP-2026-119,2026-08-25 09:48 UTC,-9.83,88.2,"GPS: 48.8400 N, -123.5400 W",88,GOOD,WARNING,0,0,0,-9.83,-9.83,0.5
164286,SNS-1019,BTC-SEA-5019,SHP-2026-119,2026-08-25 10:03 UTC,3.39,91.5,"GPS: 48.8500 N, -123.5500 W",88,GOOD,NORMAL,0,0,0,3.39,3.39,0.39
164287,SNS-1019,BTC-SEA-5019,SHP-2026-119,2026-08-25 10:18 UTC,1.88,88.4,"GPS: 48.8600 N, -123.5600 W",88,EXCELLENT,NORMAL,0,0,0,1.88,1.88,0.4
164288,SNS-1019,BTC-SEA-5019,SHP-2026-119,2026-08-25 10:33 UTC,3.44,95.0,"GPS: 48.8700 N, -123.5700 W",88,FAIR,NORMAL,0,0,0,3.44,3.44,0.39
164289,SNS-1019,BTC-SEA-5019,SHP-2026-119,2026-08-25 10:48 UTC,2.29,94.7,"GPS: 48.8800 N, -123.5800 W",88,EXCELLENT,NORMAL,0,0,0,2.29,2.29,0.4
164290,SNS-1019,BTC-SEA-5019,SHP-2026-119,2026-08-25 11:03 UTC,,,"GPS: 48.8900 N, -123.5900 W",88,DISCONNECTED,WARNING,1,0,1,2.95,2.29,0.39
164291,SNS-1019,BTC-SEA-5019,SHP-2026-119,2026-08-25 11:18 UTC,2.61,92.1,"GPS: 48.9000 N, -123.6000 W",87,GOOD,NORMAL,0,0,0,2.61,2.61,0.46
164292,SNS-1019,BTC-SEA-5019,SHP-2026-119,2026-08-25 11:33 UTC,1.97,89.4,"GPS: 48.9100 N, -123.6100 W",87,GOOD,NORMAL,0,0,0,1.97,1.97,0.44
164293,SNS-1019,BTC-SEA-5019,SHP-2026-119,2026-08-25 11:48 UTC,1.97,95.6,"GPS: 48.9200 N, -123.6200 W",87,FAIR,NORMAL,0,0,0,1.97,1.97,0.44
164294,SNS-1019,BTC-SEA-5019,SHP-2026-119,2026-08-25 12:03 UTC,3.68,92.0,"GPS: 48.9300 N, -123.6300 W",87,GOOD,NORMAL,0,0,0,3.68,3.68,0.5
164295,SNS-1019,BTC-SEA-5019,SHP-2026-119,2026-08-25 12:18 UTC,2.84,95.5,"GPS: 48.9400 N, -123.6400 W",87,EXCELLENT,NORMAL,0,0,0,2.84,2.84,0.45
164296,SNS-1019,BTC-SEA-5019,SHP-2026-119,2026-08-25 12:33 UTC,2.88,90.9,"GPS: 48.9500 N, -123.6500 W",87,EXCELLENT,NORMAL,0,0,0,2.88,2.88,0.45
164297,SNS-1020,BTC-SEA-5020,SHP-2026-120,2026-08-24 04:48 UTC,4.47,85.0,"GPS: 47.6000 N, -122.3000 W",100,EXCELLENT,NORMAL,0,0,0,4.47,4.47,0.5
164298,SNS-1020,BTC-SEA-5020,SHP-2026-120,2026-08-24 05:03 UTC,2.99,86.2,"GPS: 47.6100 N, -122.3100 W",100,GOOD,NORMAL,0,0,0,2.99,2.99,0.42
164299,SNS-1020,BTC-SEA-5020,SHP-2026-120,2026-08-24 05:18 UTC,2.79,88.8,"GPS: 47.6200 N, -122.3200 W",100,GOOD,NORMAL,0,0,0,2.79,2.79,0.41
164300,SNS-1020,BTC-SEA-5020,SHP-2026-120,2026-08-24 05:33 UTC,4.86,92.3,"GPS: 47.6300 N, -122.3300 W",100,FAIR,NORMAL,0,0,0,4.86,4.86,0.44
164301,SNS-1020,BTC-SEA-5020,SHP-2026-120,2026-08-24 05:48 UTC,3.98,88.5,"GPS: 47.6400 N, -122.3400 W",100,FAIR,NORMAL,0,0,0,3.98,3.98,0.46
164302,SNS-1020,BTC-SEA-5020,SHP-2026-120,2026-08-24 06:03 UTC,4.13,93.7,"GPS: 47.6500 N, -122.3500 W",100,GOOD,NORMAL,0,0,0,4.13,4.13,0.42
164303,SNS-1020,BTC-SEA-5020,SHP-2026-120,2026-08-24 06:18 UTC,2.99,86.7,"GPS: 47.6600 N, -122.3600 W",100,GOOD,NORMAL,0,0,0,2.99,2.99,0.42
164304,SNS-1020,BTC-SEA-5020,SHP-2026-120,2026-08-24 06:33 UTC,3.21,91.8,"GPS: 47.6700 N, -122.3700 W",100,GOOD,NORMAL,0,0,0,3.21,3.21,0.42
164305,SNS-1020,BTC-SEA-5020,SHP-2026-120,2026-08-24 06:48 UTC,5.56,91.5,"GPS: 47.6800 N, -122.3800 W",100,FAIR,NORMAL,0,0,0,5.56,5.56,0.51
164306,SNS-1020,BTC-SEA-5020,SHP-2026-120,2026-08-24 07:03 UTC,4.97,91.6,"GPS: 47.6900 N, -122.3900 W",100,FAIR,NORMAL,0,0,0,4.97,4.97,0.44
164307,SNS-1020,BTC-SEA-5020,SHP-2026-120,2026-08-24 07:18 UTC,4.91,90.4,"GPS: 47.7000 N, -122.4000 W",99,GOOD,NORMAL,0,0,0,4.91,4.91,0.42
164308,SNS-1020,BTC-SEA-5020,SHP-2026-120,2026-08-24 07:33 UTC,5.3,95.6,"GPS: 47.7100 N, -122.4100 W",99,FAIR,NORMAL,0,0,0,5.3,5.3,0.42
164309,SNS-1020,BTC-SEA-5020,SHP-2026-120,2026-08-24 07:48 UTC,3.14,90.1,"GPS: 47.7200 N, -122.4200 W",99,EXCELLENT,NORMAL,0,0,0,3.14,3.14,0.48
164310,SNS-1020,BTC-SEA-5020,SHP-2026-120,2026-08-24 08:03 UTC,3.57,92.0,"GPS: 47.7300 N, -122.4300 W",99,FAIR,NORMAL,0,0,0,3.57,3.57,0.39
164311,SNS-1020,BTC-SEA-5020,SHP-2026-120,2026-08-24 08:18 UTC,3.05,88.9,"GPS: 47.7400 N, -122.4400 W",99,EXCELLENT,NORMAL,0,0,0,3.05,3.05,0.39
164312,SNS-1020,BTC-SEA-5020,SHP-2026-120,2026-08-24 08:33 UTC,2.53,91.7,"GPS: 47.7500 N, -122.4500 W",99,GOOD,NORMAL,0,0,0,2.53,2.53,0.39
164313,SNS-1020,BTC-SEA-5020,SHP-2026-120,2026-08-24 08:48 UTC,2.62,90.3,"GPS: 47.7600 N, -122.4600 W",99,FAIR,NORMAL,0,0,0,2.62,2.62,0.39
164314,SNS-1020,BTC-SEA-5020,SHP-2026-120,2026-08-24 09:03 UTC,4.59,93.0,"GPS: 47.7700 N, -122.4700 W",99,EXCELLENT,NORMAL,0,0,0,4.59,4.59,0.47
164315,SNS-1020,BTC-SEA-5020,SHP-2026-120,2026-08-24 09:18 UTC,2.94,91.4,"GPS: 47.7800 N, -122.4800 W",99,EXCELLENT,NORMAL,0,0,0,2.94,2.94,0.41
164316,SNS-1020,BTC-SEA-5020,SHP-2026-120,2026-08-24 09:33 UTC,4.53,89.9,"GPS: 47.7900 N, -122.4900 W",99,EXCELLENT,NORMAL,0,0,0,4.53,4.53,0.4
164317,SNS-1020,BTC-SEA-5020,SHP-2026-120,2026-08-24 09:48 UTC,4.05,95.4,"GPS: 47.8000 N, -122.5000 W",98,GOOD,NORMAL,0,0,0,4.05,4.05,0.39
164318,SNS-1020,BTC-SEA-5020,SHP-2026-120,2026-08-24 10:03 UTC,3.42,94.9,"GPS: 47.8100 N, -122.5100 W",98,EXCELLENT,NORMAL,0,0,0,3.42,3.42,0.38
164319,SNS-1020,BTC-SEA-5020,SHP-2026-120,2026-08-24 10:18 UTC,3.74,85.9,"GPS: 47.8200 N, -122.5200 W",98,FAIR,NORMAL,0,0,0,3.74,3.74,0.45
164320,SNS-1020,BTC-SEA-5020,SHP-2026-120,2026-08-24 10:33 UTC,3.73,92.9,"GPS: 47.8300 N, -122.5300 W",98,EXCELLENT,NORMAL,0,0,0,3.73,3.73,0.38
164321,SNS-1020,BTC-SEA-5020,SHP-2026-120,2026-08-24 10:48 UTC,5.32,86.2,"GPS: 47.8400 N, -122.5400 W",98,FAIR,NORMAL,0,0,0,5.32,5.32,0.48
164322,SNS-1020,BTC-SEA-5020,SHP-2026-120,2026-08-24 11:03 UTC,3.14,91.9,"GPS: 47.8500 N, -122.5500 W",98,EXCELLENT,NORMAL,0,0,0,3.14,3.14,0.38
164323,SNS-1020,BTC-SEA-5020,SHP-2026-120,2026-08-24 11:18 UTC,5.32,95.8,"GPS: 47.8600 N, -122.5600 W",98,FAIR,NORMAL,0,0,0,5.32,5.32,0.4
164324,SNS-1020,BTC-SEA-5020,SHP-2026-120,2026-08-24 11:33 UTC,3.47,93.8,"GPS: 47.8700 N, -122.5700 W",98,EXCELLENT,NORMAL,0,0,0,3.47,3.47,0.38
164325,SNS-1020,BTC-SEA-5020,SHP-2026-120,2026-08-24 11:48 UTC,2.65,92.9,"GPS: 47.8800 N, -122.5800 W",98,EXCELLENT,NORMAL,0,0,0,2.65,2.65,0.38
164326,SNS-1020,BTC-SEA-5020,SHP-2026-120,2026-08-24 12:03 UTC,4.48,90.6,"GPS: 47.8900 N, -122.5900 W",98,GOOD,NORMAL,0,0,0,4.48,4.48,0.39
164327,SNS-1020,BTC-SEA-5020,SHP-2026-120,2026-08-24 12:18 UTC,3.49,87.6,"GPS: 47.9000 N, -122.6000 W",97,GOOD,NORMAL,0,0,0,3.49,3.49,0.38
164328,SNS-1020,BTC-SEA-5020,SHP-2026-120,2026-08-24 12:33 UTC,2.81,93.8,"GPS: 47.9100 N, -122.6100 W",97,FAIR,NORMAL,0,0,0,2.81,2.81,0.37
164329,SNS-1020,BTC-SEA-5020,SHP-2026-120,2026-08-24 12:48 UTC,4.11,93.7,"GPS: 47.9200 N, -122.6200 W",97,EXCELLENT,NORMAL,0,0,0,4.11,4.11,0.37
164330,SNS-1020,BTC-SEA-5020,SHP-2026-120,2026-08-24 13:03 UTC,5.59,94.8,"GPS: 47.9300 N, -122.6300 W",97,FAIR,NORMAL,0,0,0,5.59,5.59,0.45
164331,SNS-1020,BTC-SEA-5020,SHP-2026-120,2026-08-24 13:18 UTC,3.6,89.1,"GPS: 47.9400 N, -122.6400 W",97,FAIR,NORMAL,0,0,0,3.6,3.6,0.38
164332,SNS-1020,BTC-SEA-5020,SHP-2026-120,2026-08-24 13:33 UTC,3.72,89.5,"GPS: 47.9500 N, -122.6500 W",97,EXCELLENT,NORMAL,0,0,0,3.72,3.72,0.39
164333,SNS-1020,BTC-SEA-5020,SHP-2026-120,2026-08-24 13:48 UTC,2.4,88.3,"GPS: 47.9600 N, -122.6600 W",97,EXCELLENT,NORMAL,0,0,0,2.4,2.4,0.4
164334,SNS-1020,BTC-SEA-5020,SHP-2026-120,2026-08-24 14:03 UTC,2.55,94.9,"GPS: 47.9700 N, -122.6700 W",97,EXCELLENT,NORMAL,0,0,0,2.55,2.55,0.37
164335,SNS-1020,BTC-SEA-5020,SHP-2026-120,2026-08-24 14:18 UTC,4.64,93.4,"GPS: 47.9800 N, -122.6800 W",97,GOOD,NORMAL,0,0,0,4.64,4.64,0.42
164336,SNS-1020,BTC-SEA-5020,SHP-2026-120,2026-08-24 14:33 UTC,3.3,95.9,"GPS: 47.9900 N, -122.6900 W",97,EXCELLENT,NORMAL,0,0,0,3.3,3.3,0.44
164337,SNS-1020,BTC-SEA-5020,SHP-2026-120,2026-08-24 14:48 UTC,4.89,86.4,"GPS: 48.0000 N, -122.7000 W",96,GOOD,NORMAL,0,0,0,4.89,4.89,0.39
164338,SNS-1020,BTC-SEA-5020,SHP-2026-120,2026-08-24 15:03 UTC,2.57,86.5,"GPS: 48.0100 N, -122.7100 W",96,GOOD,NORMAL,0,0,0,2.57,2.57,0.37
164339,SNS-1020,BTC-SEA-5020,SHP-2026-120,2026-08-24 15:18 UTC,3.23,87.2,"GPS: 48.0200 N, -122.7200 W",96,FAIR,NORMAL,0,0,0,3.23,3.23,0.36
164340,SNS-1020,BTC-SEA-5020,SHP-2026-120,2026-08-24 15:33 UTC,4.78,91.3,"GPS: 48.0300 N, -122.7300 W",96,FAIR,NORMAL,0,0,0,4.78,4.78,0.38
164341,SNS-1020,BTC-SEA-5020,SHP-2026-120,2026-08-24 15:48 UTC,2.51,87.5,"GPS: 48.0400 N, -122.7400 W",96,FAIR,NORMAL,0,0,0,2.51,2.51,0.37
164342,SNS-1020,BTC-SEA-5020,SHP-2026-120,2026-08-24 16:03 UTC,4.26,90.2,"GPS: 48.0500 N, -122.7500 W",96,GOOD,NORMAL,0,0,0,4.26,4.26,0.37
164343,SNS-1020,BTC-SEA-5020,SHP-2026-120,2026-08-24 16:18 UTC,2.9,94.0,"GPS: 48.0600 N, -122.7600 W",96,EXCELLENT,NORMAL,0,0,0,2.9,2.9,0.37
164344,SNS-1020,BTC-SEA-5020,SHP-2026-120,2026-08-24 16:33 UTC,2.82,94.9,"GPS: 48.0700 N, -122.7700 W",96,FAIR,NORMAL,0,0,0,2.82,2.82,0.36
164345,SNS-1020,BTC-SEA-5020,SHP-2026-120,2026-08-24 16:48 UTC,3.97,93.1,"GPS: 48.0800 N, -122.7800 W",96,GOOD,NORMAL,0,0,0,3.97,3.97,0.37
164346,SNS-1020,BTC-SEA-5020,SHP-2026-120,2026-08-24 17:03 UTC,3.08,86.7,"GPS: 48.0900 N, -122.7900 W",96,FAIR,NORMAL,0,0,0,3.08,3.08,0.36
164347,SNS-1020,BTC-SEA-5020,SHP-2026-120,2026-08-24 17:18 UTC,2.27,91.7,"GPS: 48.1000 N, -122.8000 W",95,FAIR,NORMAL,0,0,0,2.27,2.27,0.38
164348,SNS-1020,BTC-SEA-5020,SHP-2026-120,2026-08-24 17:33 UTC,2.96,89.9,"GPS: 48.1100 N, -122.8100 W",95,EXCELLENT,NORMAL,0,0,0,2.96,2.96,0.41
164349,SNS-1020,BTC-SEA-5020,SHP-2026-120,2026-08-24 17:48 UTC,5.29,94.2,"GPS: 48.1200 N, -122.8200 W",95,FAIR,NORMAL,0,0,0,5.29,5.29,0.44
164350,SNS-1020,BTC-SEA-5020,SHP-2026-120,2026-08-24 18:03 UTC,4.11,85.5,"GPS: 48.1300 N, -122.8300 W",95,EXCELLENT,NORMAL,0,0,0,4.11,4.11,0.36
164351,SNS-1020,BTC-SEA-5020,SHP-2026-120,2026-08-24 18:18 UTC,3.87,95.5,"GPS: 48.1400 N, -122.8400 W",95,EXCELLENT,NORMAL,0,0,0,3.87,3.87,0.4
164352,SNS-1020,BTC-SEA-5020,SHP-2026-120,2026-08-24 18:33 UTC,2.9,88.1,"GPS: 48.1500 N, -122.8500 W",95,EXCELLENT,NORMAL,0,0,0,2.9,2.9,0.37
164353,SNS-1020,BTC-SEA-5020,SHP-2026-120,2026-08-24 18:48 UTC,3.61,86.0,"GPS: 48.1600 N, -122.8600 W",95,FAIR,NORMAL,0,0,0,3.61,3.61,0.36
164354,SNS-1020,BTC-SEA-5020,SHP-2026-120,2026-08-24 19:03 UTC,4.87,88.2,"GPS: 48.1700 N, -122.8700 W",95,FAIR,NORMAL,0,0,0,4.87,4.87,0.41
164355,SNS-1020,BTC-SEA-5020,SHP-2026-120,2026-08-24 19:18 UTC,5.52,90.3,"GPS: 48.1800 N, -122.8800 W",95,FAIR,NORMAL,0,0,0,5.52,5.52,0.42
164356,SNS-1020,BTC-SEA-5020,SHP-2026-120,2026-08-24 19:33 UTC,2.83,93.5,"GPS: 48.1900 N, -122.8900 W",95,FAIR,NORMAL,0,0,0,2.83,2.83,0.36
164357,SNS-1020,BTC-SEA-5020,SHP-2026-120,2026-08-24 19:48 UTC,3.35,86.5,"GPS: 48.2000 N, -122.9000 W",94,EXCELLENT,NORMAL,0,0,0,3.35,3.35,0.36
164358,SNS-1020,BTC-SEA-5020,SHP-2026-120,2026-08-24 20:03 UTC,5.54,89.6,"GPS: 48.2100 N, -122.9100 W",94,EXCELLENT,NORMAL,0,0,0,5.54,5.54,0.38
164359,SNS-1020,BTC-SEA-5020,SHP-2026-120,2026-08-24 20:18 UTC,4.08,86.8,"GPS: 48.2200 N, -122.9200 W",94,EXCELLENT,NORMAL,0,0,0,4.08,4.08,0.4
164360,SNS-1020,BTC-SEA-5020,SHP-2026-120,2026-08-24 20:33 UTC,2.29,85.5,"GPS: 48.2300 N, -122.9300 W",94,FAIR,NORMAL,0,0,0,2.29,2.29,0.37
164361,SNS-1020,BTC-SEA-5020,SHP-2026-120,2026-08-24 20:48 UTC,5.17,92.5,"GPS: 48.2400 N, -122.9400 W",94,FAIR,NORMAL,0,0,0,5.17,5.17,0.38
164362,SNS-1020,BTC-SEA-5020,SHP-2026-120,2026-08-24 21:03 UTC,4.37,87.4,"GPS: 48.2500 N, -122.9500 W",94,FAIR,NORMAL,0,0,0,4.37,4.37,0.41
164363,SNS-1020,BTC-SEA-5020,SHP-2026-120,2026-08-24 21:18 UTC,3.8,94.4,"GPS: 48.2600 N, -122.9600 W",94,GOOD,NORMAL,0,0,0,3.8,3.8,0.4
164364,SNS-1020,BTC-SEA-5020,SHP-2026-120,2026-08-24 21:33 UTC,2.62,92.7,"GPS: 48.2700 N, -122.9700 W",94,EXCELLENT,NORMAL,0,0,0,2.62,2.62,0.36
164365,SNS-1020,BTC-SEA-5020,SHP-2026-120,2026-08-24 21:48 UTC,4.1,86.5,"GPS: 48.2800 N, -122.9800 W",94,GOOD,NORMAL,0,0,0,4.1,4.1,0.41
164366,SNS-1020,BTC-SEA-5020,SHP-2026-120,2026-08-24 22:03 UTC,3.44,90.8,"GPS: 48.2900 N, -122.9900 W",94,GOOD,NORMAL,0,0,0,3.44,3.44,0.37
164367,SNS-1020,BTC-SEA-5020,SHP-2026-120,2026-08-24 22:18 UTC,2.79,94.8,"GPS: 48.3000 N, -123.0000 W",93,FAIR,NORMAL,0,0,0,2.79,2.79,0.36
164368,SNS-1020,BTC-SEA-5020,SHP-2026-120,2026-08-24 22:33 UTC,3.63,92.7,"GPS: 48.3100 N, -123.0100 W",93,GOOD,NORMAL,0,0,0,3.63,3.63,0.36
164369,SNS-1020,BTC-SEA-5020,SHP-2026-120,2026-08-24 22:48 UTC,2.42,91.2,"GPS: 48.3200 N, -123.0200 W",93,GOOD,NORMAL,0,0,0,2.42,2.42,0.38
164370,SNS-1020,BTC-SEA-5020,SHP-2026-120,2026-08-24 23:03 UTC,4.98,94.7,"GPS: 48.3300 N, -123.0300 W",93,GOOD,NORMAL,0,0,0,4.98,4.98,0.44
164371,SNS-1020,BTC-SEA-5020,SHP-2026-120,2026-08-24 23:18 UTC,5.64,88.4,"GPS: 48.3400 N, -123.0400 W",93,GOOD,NORMAL,0,0,0,5.64,5.64,0.4
164372,SNS-1020,BTC-SEA-5020,SHP-2026-120,2026-08-24 23:33 UTC,4.26,95.3,"GPS: 48.3500 N, -123.0500 W",93,FAIR,NORMAL,0,0,0,4.26,4.26,0.42
164373,SNS-1020,BTC-SEA-5020,SHP-2026-120,2026-08-24 23:48 UTC,2.7,89.4,"GPS: 48.3600 N, -123.0600 W",93,GOOD,NORMAL,0,0,0,2.7,2.7,0.37
164374,SNS-1020,BTC-SEA-5020,SHP-2026-120,2026-08-25 00:03 UTC,3.02,91.2,"GPS: 48.3700 N, -123.0700 W",93,GOOD,NORMAL,0,0,0,3.02,3.02,0.36
164375,SNS-1020,BTC-SEA-5020,SHP-2026-120,2026-08-25 00:18 UTC,2.53,89.7,"GPS: 48.3800 N, -123.0800 W",93,EXCELLENT,NORMAL,0,0,0,2.53,2.53,0.36
164376,SNS-1020,BTC-SEA-5020,SHP-2026-120,2026-08-25 00:33 UTC,2.31,92.9,"GPS: 48.3900 N, -123.0900 W",93,EXCELLENT,NORMAL,0,0,0,2.31,2.31,0.36
164377,SNS-1020,BTC-SEA-5020,SHP-2026-120,2026-08-25 00:48 UTC,4.18,91.5,"GPS: 48.4000 N, -123.1000 W",92,FAIR,NORMAL,0,0,0,4.18,4.18,0.45
164378,SNS-1020,BTC-SEA-5020,SHP-2026-120,2026-08-25 01:03 UTC,5.15,87.3,"GPS: 48.4100 N, -123.1100 W",92,GOOD,NORMAL,0,0,0,5.15,5.15,0.43
164379,SNS-1020,BTC-SEA-5020,SHP-2026-120,2026-08-25 01:18 UTC,4.48,93.1,"GPS: 48.4200 N, -123.1200 W",92,EXCELLENT,NORMAL,0,0,0,4.48,4.48,0.37
164380,SNS-1020,BTC-SEA-5020,SHP-2026-120,2026-08-25 01:33 UTC,5.13,96.0,"GPS: 48.4300 N, -123.1300 W",92,GOOD,NORMAL,0,0,0,5.13,5.13,0.38
164381,SNS-1020,BTC-SEA-5020,SHP-2026-120,2026-08-25 01:48 UTC,3.36,95.2,"GPS: 48.4400 N, -123.1400 W",92,EXCELLENT,NORMAL,0,0,0,3.36,3.36,0.43
164382,SNS-1020,BTC-SEA-5020,SHP-2026-120,2026-08-25 02:03 UTC,6.06,94.9,"GPS: 48.4500 N, -123.1500 W",92,GOOD,WARNING,0,0,0,6.06,6.06,0.41
164383,SNS-1020,BTC-SEA-5020,SHP-2026-120,2026-08-25 02:18 UTC,5.64,91.0,"GPS: 48.4600 N, -123.1600 W",92,FAIR,NORMAL,0,0,0,5.64,5.64,0.4
164384,SNS-1020,BTC-SEA-5020,SHP-2026-120,2026-08-25 02:33 UTC,2.24,93.0,"GPS: 48.4700 N, -123.1700 W",92,FAIR,NORMAL,0,0,0,2.24,2.24,0.41
164385,SNS-1020,BTC-SEA-5020,SHP-2026-120,2026-08-25 02:48 UTC,4.99,95.3,"GPS: 48.4800 N, -123.1800 W",92,EXCELLENT,NORMAL,0,0,0,4.99,4.99,0.39
164386,SNS-1020,BTC-SEA-5020,SHP-2026-120,2026-08-25 03:03 UTC,2.4,86.5,"GPS: 48.4900 N, -123.1900 W",92,GOOD,NORMAL,0,0,0,2.4,2.4,0.37
164387,SNS-1020,BTC-SEA-5020,SHP-2026-120,2026-08-25 03:18 UTC,2.61,91.3,"GPS: 48.5000 N, -123.2000 W",91,FAIR,NORMAL,0,0,0,2.61,2.61,0.36
164388,SNS-1020,BTC-SEA-5020,SHP-2026-120,2026-08-25 03:33 UTC,2.5,95.3,"GPS: 48.5100 N, -123.2100 W",91,FAIR,NORMAL,0,0,0,2.5,2.5,0.36
164389,SNS-1020,BTC-SEA-5020,SHP-2026-120,2026-08-25 03:48 UTC,4.58,87.4,"GPS: 48.5200 N, -123.2200 W",91,FAIR,NORMAL,0,0,0,4.58,4.58,0.38
164390,SNS-1020,BTC-SEA-5020,SHP-2026-120,2026-08-25 04:03 UTC,3.02,85.6,"GPS: 48.5300 N, -123.2300 W",91,EXCELLENT,NORMAL,0,0,0,3.02,3.02,0.44
164391,SNS-1020,BTC-SEA-5020,SHP-2026-120,2026-08-25 04:18 UTC,4.25,92.1,"GPS: 48.5400 N, -123.2400 W",91,EXCELLENT,NORMAL,0,0,0,4.25,4.25,0.38
164392,SNS-1020,BTC-SEA-5020,SHP-2026-120,2026-08-25 04:33 UTC,5.49,89.3,"GPS: 48.5500 N, -123.2500 W",91,EXCELLENT,NORMAL,0,0,0,5.49,5.49,0.41
164393,SNS-1020,BTC-SEA-5020,SHP-2026-120,2026-08-25 04:48 UTC,3.11,94.8,"GPS: 48.5600 N, -123.2600 W",91,EXCELLENT,NORMAL,0,0,0,3.11,3.11,0.37
164394,SNS-1020,BTC-SEA-5020,SHP-2026-120,2026-08-25 05:03 UTC,-4.79,89.1,"GPS: 48.5700 N, -123.2700 W",91,EXCELLENT,WARNING,0,0,0,-4.79,-4.79,0.47
164395,SNS-1020,BTC-SEA-5020,SHP-2026-120,2026-08-25 05:18 UTC,4.15,86.0,"GPS: 48.5800 N, -123.2800 W",91,FAIR,NORMAL,0,0,0,4.15,4.15,0.37
164396,SNS-1020,BTC-SEA-5020,SHP-2026-120,2026-08-25 05:33 UTC,4.78,90.5,"GPS: 48.5900 N, -123.2900 W",91,FAIR,NORMAL,0,0,0,4.78,4.78,0.38
164397,SNS-1020,BTC-SEA-5020,SHP-2026-120,2026-08-25 05:48 UTC,4.58,89.7,"GPS: 48.6000 N, -123.3000 W",90,GOOD,NORMAL,0,0,0,4.58,4.58,0.38
164398,SNS-1020,BTC-SEA-5020,SHP-2026-120,2026-08-25 06:03 UTC,4.59,89.5,"GPS: 48.6100 N, -123.3100 W",90,EXCELLENT,NORMAL,0,0,0,4.59,4.59,0.38
164399,SNS-1020,BTC-SEA-5020,SHP-2026-120,2026-08-25 06:18 UTC,4.47,93.8,"GPS: 48.6200 N, -123.3200 W",90,FAIR,NORMAL,0,0,0,4.47,4.47,0.41
164400,SNS-1020,BTC-SEA-5020,SHP-2026-120,2026-08-25 06:33 UTC,5.28,87.7,"GPS: 48.6300 N, -123.3300 W",90,EXCELLENT,NORMAL,0,0,0,5.28,5.28,0.47
164401,SNS-1020,BTC-SEA-5020,SHP-2026-120,2026-08-25 06:48 UTC,4.29,85.7,"GPS: 48.6400 N, -123.3400 W",90,GOOD,NORMAL,0,0,0,4.29,4.29,0.38
164402,SNS-1020,BTC-SEA-5020,SHP-2026-120,2026-08-25 07:03 UTC,3.59,87.2,"GPS: 48.6500 N, -123.3500 W",90,GOOD,NORMAL,0,0,0,3.59,3.59,0.42
164403,SNS-1020,BTC-SEA-5020,SHP-2026-120,2026-08-25 07:18 UTC,3.6,94.2,"GPS: 48.6600 N, -123.3600 W",90,EXCELLENT,NORMAL,0,0,0,3.6,3.6,0.37
164404,SNS-1020,BTC-SEA-5020,SHP-2026-120,2026-08-25 07:33 UTC,5.78,89.5,"GPS: 48.6700 N, -123.3700 W",90,FAIR,NORMAL,0,0,0,5.78,5.78,0.42
164405,SNS-1020,BTC-SEA-5020,SHP-2026-120,2026-08-25 07:48 UTC,4.93,87.7,"GPS: 48.6800 N, -123.3800 W",90,EXCELLENT,NORMAL,0,0,0,4.93,4.93,0.39
164406,SNS-1020,BTC-SEA-5020,SHP-2026-120,2026-08-25 08:03 UTC,3.78,88.9,"GPS: 48.6900 N, -123.3900 W",90,GOOD,NORMAL,0,0,0,3.78,3.78,0.37
164407,SNS-1020,BTC-SEA-5020,SHP-2026-120,2026-08-25 08:18 UTC,4.41,86.2,"GPS: 48.7000 N, -123.4000 W",89,EXCELLENT,NORMAL,0,0,0,4.41,4.41,0.45
164408,SNS-1020,BTC-SEA-5020,SHP-2026-120,2026-08-25 08:33 UTC,3.38,90.2,"GPS: 48.7100 N, -123.4100 W",89,GOOD,NORMAL,0,0,0,3.38,3.38,0.39
164409,SNS-1020,BTC-SEA-5020,SHP-2026-120,2026-08-25 08:48 UTC,4.64,90.0,"GPS: 48.7200 N, -123.4200 W",89,FAIR,NORMAL,0,0,0,4.64,4.64,0.4
164410,SNS-1020,BTC-SEA-5020,SHP-2026-120,2026-08-25 09:03 UTC,3.38,88.4,"GPS: 48.7300 N, -123.4300 W",89,GOOD,NORMAL,0,0,0,3.38,3.38,0.38
164411,SNS-1020,BTC-SEA-5020,SHP-2026-120,2026-08-25 09:18 UTC,31.4,87.0,"GPS: 48.7400 N, -123.4400 W",89,FAIR,WARNING,0,0,0,31.4,31.4,0.6
164412,SNS-1020,BTC-SEA-5020,SHP-2026-120,2026-08-25 09:33 UTC,5.02,86.7,"GPS: 48.7500 N, -123.4500 W",89,EXCELLENT,NORMAL,0,0,0,5.02,5.02,0.41
164413,SNS-1020,BTC-SEA-5020,SHP-2026-120,2026-08-25 09:48 UTC,3.82,95.4,"GPS: 48.7600 N, -123.4600 W",89,GOOD,NORMAL,0,0,0,3.82,3.82,0.38
164414,SNS-1020,BTC-SEA-5020,SHP-2026-120,2026-08-25 10:03 UTC,5.14,91.5,"GPS: 48.7700 N, -123.4700 W",89,FAIR,NORMAL,0,0,0,5.14,5.14,0.4
164415,SNS-1020,BTC-SEA-5020,SHP-2026-120,2026-08-25 10:18 UTC,3.27,90.9,"GPS: 48.7800 N, -123.4800 W",89,EXCELLENT,NORMAL,0,0,0,3.27,3.27,0.38
164416,SNS-1020,BTC-SEA-5020,SHP-2026-120,2026-08-25 10:33 UTC,4.19,95.8,"GPS: 48.7900 N, -123.4900 W",89,EXCELLENT,NORMAL,0,0,0,4.19,4.19,0.44
164417,SNS-1020,BTC-SEA-5020,SHP-2026-120,2026-08-25 10:48 UTC,4.91,85.5,"GPS: 48.8000 N, -123.5000 W",88,EXCELLENT,NORMAL,0,0,0,4.91,4.91,0.41
164418,SNS-1020,BTC-SEA-5020,SHP-2026-120,2026-08-25 11:03 UTC,18.66,92.7,"GPS: 48.8100 N, -123.5100 W",88,EXCELLENT,WARNING,0,0,0,18.66,18.66,0.57
164419,SNS-1020,BTC-SEA-5020,SHP-2026-120,2026-08-25 11:18 UTC,4.03,94.7,"GPS: 48.8200 N, -123.5200 W",88,EXCELLENT,NORMAL,0,0,0,4.03,4.03,0.41
164420,SNS-1020,BTC-SEA-5020,SHP-2026-120,2026-08-25 11:33 UTC,4.57,85.0,"GPS: 48.8300 N, -123.5300 W",88,FAIR,NORMAL,0,0,0,4.57,4.57,0.42
164421,SNS-1020,BTC-SEA-5020,SHP-2026-120,2026-08-25 11:48 UTC,3.07,87.1,"GPS: 48.8400 N, -123.5400 W",88,EXCELLENT,NORMAL,0,0,0,3.07,3.07,0.39
164422,SNS-1020,BTC-SEA-5020,SHP-2026-120,2026-08-25 12:03 UTC,3.59,92.6,"GPS: 48.8500 N, -123.5500 W",88,EXCELLENT,NORMAL,0,0,0,3.59,3.59,0.4
164423,SNS-1020,BTC-SEA-5020,SHP-2026-120,2026-08-25 12:18 UTC,4.42,89.2,"GPS: 48.8600 N, -123.5600 W",88,EXCELLENT,NORMAL,0,0,0,4.42,4.42,0.4
164424,SNS-1020,BTC-SEA-5020,SHP-2026-120,2026-08-25 12:33 UTC,5.4,86.0,"GPS: 48.8700 N, -123.5700 W",88,GOOD,NORMAL,0,0,0,5.4,5.4,0.44
164425,SNS-1020,BTC-SEA-5020,SHP-2026-120,2026-08-25 12:48 UTC,2.3,91.9,"GPS: 48.8800 N, -123.5800 W",88,FAIR,NORMAL,0,0,0,2.3,2.3,0.41
164426,SNS-1020,BTC-SEA-5020,SHP-2026-120,2026-08-25 13:03 UTC,4.6,86.1,"GPS: 48.8900 N, -123.5900 W",88,GOOD,NORMAL,0,0,0,4.6,4.6,0.41
164427,SNS-1020,BTC-SEA-5020,SHP-2026-120,2026-08-25 13:18 UTC,3.18,88.4,"GPS: 48.9000 N, -123.6000 W",87,GOOD,NORMAL,0,0,0,3.18,3.18,0.44
164428,SNS-1020,BTC-SEA-5020,SHP-2026-120,2026-08-25 13:33 UTC,4.93,92.0,"GPS: 48.9100 N, -123.6100 W",87,FAIR,NORMAL,0,0,0,4.93,4.93,0.46
164429,SNS-1020,BTC-SEA-5020,SHP-2026-120,2026-08-25 13:48 UTC,2.97,89.5,"GPS: 48.9200 N, -123.6200 W",87,GOOD,NORMAL,0,0,0,2.97,2.97,0.44
164430,SNS-1020,BTC-SEA-5020,SHP-2026-120,2026-08-25 14:03 UTC,2.81,86.7,"GPS: 48.9300 N, -123.6300 W",87,EXCELLENT,NORMAL,0,0,0,2.81,2.81,0.43
164431,SNS-1020,BTC-SEA-5020,SHP-2026-120,2026-08-25 14:18 UTC,5.31,93.9,"GPS: 48.9400 N, -123.6400 W",87,FAIR,NORMAL,0,0,0,5.31,5.31,0.48
164432,SNS-1020,BTC-SEA-5020,SHP-2026-120,2026-08-25 14:33 UTC,3.18,88.1,"GPS: 48.9500 N, -123.6500 W",87,GOOD,NORMAL,0,0,0,3.18,3.18,0.44
164433,SNS-1021,BTC-SEA-5021,SHP-2026-121,2026-08-24 06:48 UTC,2.17,86.0,"GPS: 47.6000 N, -122.3000 W",100,GOOD,NORMAL,0,0,0,2.17,2.17,0.49
164434,SNS-1021,BTC-SEA-5021,SHP-2026-121,2026-08-24 07:03 UTC,2.69,86.9,"GPS: 47.6100 N, -122.3100 W",100,FAIR,NORMAL,0,0,0,2.69,2.69,0.41
164435,SNS-1021,BTC-SEA-5021,SHP-2026-121,2026-08-24 07:18 UTC,3.45,95.2,"GPS: 47.6200 N, -122.3200 W",100,EXCELLENT,NORMAL,0,0,0,3.45,3.45,0.43
164436,SNS-1021,BTC-SEA-5021,SHP-2026-121,2026-08-24 07:33 UTC,2.16,88.0,"GPS: 47.6300 N, -122.3300 W",100,EXCELLENT,NORMAL,0,0,0,2.16,2.16,0.41
164437,SNS-1021,BTC-SEA-5021,SHP-2026-121,2026-08-24 07:48 UTC,3.56,89.9,"GPS: 47.6400 N, -122.3400 W",100,EXCELLENT,NORMAL,0,0,0,3.56,3.56,0.43
164438,SNS-1021,BTC-SEA-5021,SHP-2026-121,2026-08-24 08:03 UTC,4.44,92.5,"GPS: 47.6500 N, -122.3500 W",100,GOOD,NORMAL,0,0,0,4.44,4.44,0.46
164439,SNS-1021,BTC-SEA-5021,SHP-2026-121,2026-08-24 08:18 UTC,2.06,94.4,"GPS: 47.6600 N, -122.3600 W",100,FAIR,NORMAL,0,0,0,2.06,2.06,0.43
164440,SNS-1021,BTC-SEA-5021,SHP-2026-121,2026-08-24 08:33 UTC,2.8,89.3,"GPS: 47.6700 N, -122.3700 W",100,EXCELLENT,NORMAL,0,0,0,2.8,2.8,0.45
164441,SNS-1021,BTC-SEA-5021,SHP-2026-121,2026-08-24 08:48 UTC,3.22,88.5,"GPS: 47.6800 N, -122.3800 W",100,GOOD,NORMAL,0,0,0,3.22,3.22,0.49
164442,SNS-1021,BTC-SEA-5021,SHP-2026-121,2026-08-24 09:03 UTC,2.86,87.9,"GPS: 47.6900 N, -122.3900 W",100,FAIR,NORMAL,0,0,0,2.86,2.86,0.43
164443,SNS-1021,BTC-SEA-5021,SHP-2026-121,2026-08-24 09:18 UTC,2.74,92.1,"GPS: 47.7000 N, -122.4000 W",99,FAIR,NORMAL,0,0,0,2.74,2.74,0.46
164444,SNS-1021,BTC-SEA-5021,SHP-2026-121,2026-08-24 09:33 UTC,2.53,88.9,"GPS: 47.7100 N, -122.4100 W",99,EXCELLENT,NORMAL,0,0,0,2.53,2.53,0.4
164445,SNS-1021,BTC-SEA-5021,SHP-2026-121,2026-08-24 09:48 UTC,1.46,86.6,"GPS: 47.7200 N, -122.4200 W",99,GOOD,NORMAL,0,0,0,1.46,1.46,0.47
164446,SNS-1021,BTC-SEA-5021,SHP-2026-121,2026-08-24 10:03 UTC,3.92,93.0,"GPS: 47.7300 N, -122.4300 W",99,GOOD,NORMAL,0,0,0,3.92,3.92,0.44
164447,SNS-1021,BTC-SEA-5021,SHP-2026-121,2026-08-24 10:18 UTC,2.15,88.5,"GPS: 47.7400 N, -122.4400 W",99,GOOD,NORMAL,0,0,0,2.15,2.15,0.39
164448,SNS-1021,BTC-SEA-5021,SHP-2026-121,2026-08-24 10:33 UTC,1.27,93.2,"GPS: 47.7500 N, -122.4500 W",99,FAIR,NORMAL,0,0,0,1.27,1.27,0.4
164449,SNS-1021,BTC-SEA-5021,SHP-2026-121,2026-08-24 10:48 UTC,1.42,85.7,"GPS: 47.7600 N, -122.4600 W",99,FAIR,NORMAL,0,0,0,1.42,1.42,0.39
164450,SNS-1021,BTC-SEA-5021,SHP-2026-121,2026-08-24 11:03 UTC,2.66,94.2,"GPS: 47.7700 N, -122.4700 W",99,EXCELLENT,NORMAL,0,0,0,2.66,2.66,0.39
164451,SNS-1021,BTC-SEA-5021,SHP-2026-121,2026-08-24 11:18 UTC,3.3,94.3,"GPS: 47.7800 N, -122.4800 W",99,FAIR,NORMAL,0,0,0,3.3,3.3,0.43
164452,SNS-1021,BTC-SEA-5021,SHP-2026-121,2026-08-24 11:33 UTC,3.87,88.9,"GPS: 47.7900 N, -122.4900 W",99,FAIR,NORMAL,0,0,0,3.87,3.87,0.41
164453,SNS-1021,BTC-SEA-5021,SHP-2026-121,2026-08-24 11:48 UTC,4.73,90.7,"GPS: 47.8000 N, -122.5000 W",98,GOOD,NORMAL,0,0,0,4.73,4.73,0.42
164454,SNS-1021,BTC-SEA-5021,SHP-2026-121,2026-08-24 12:03 UTC,3.41,86.6,"GPS: 47.8100 N, -122.5100 W",98,EXCELLENT,NORMAL,0,0,0,3.41,3.41,0.39
164455,SNS-1021,BTC-SEA-5021,SHP-2026-121,2026-08-24 12:18 UTC,2.62,86.6,"GPS: 47.8200 N, -122.5200 W",98,EXCELLENT,NORMAL,0,0,0,2.62,2.62,0.4
164456,SNS-1021,BTC-SEA-5021,SHP-2026-121,2026-08-24 12:33 UTC,3.43,87.2,"GPS: 47.8300 N, -122.5300 W",98,FAIR,NORMAL,0,0,0,3.43,3.43,0.39
164457,SNS-1021,BTC-SEA-5021,SHP-2026-121,2026-08-24 12:48 UTC,1.84,87.5,"GPS: 47.8400 N, -122.5400 W",98,EXCELLENT,NORMAL,0,0,0,1.84,1.84,0.4
164458,SNS-1021,BTC-SEA-5021,SHP-2026-121,2026-08-24 13:03 UTC,3.87,91.6,"GPS: 47.8500 N, -122.5500 W",98,EXCELLENT,NORMAL,0,0,0,3.87,3.87,0.39
164459,SNS-1021,BTC-SEA-5021,SHP-2026-121,2026-08-24 13:18 UTC,2.04,91.3,"GPS: 47.8600 N, -122.5600 W",98,FAIR,NORMAL,0,0,0,2.04,2.04,0.38
164460,SNS-1021,BTC-SEA-5021,SHP-2026-121,2026-08-24 13:33 UTC,1.51,88.3,"GPS: 47.8700 N, -122.5700 W",98,EXCELLENT,NORMAL,0,0,0,1.51,1.51,0.39
164461,SNS-1021,BTC-SEA-5021,SHP-2026-121,2026-08-24 13:48 UTC,3.71,95.5,"GPS: 47.8800 N, -122.5800 W",98,EXCELLENT,NORMAL,0,0,0,3.71,3.71,0.39
164462,SNS-1021,BTC-SEA-5021,SHP-2026-121,2026-08-24 14:03 UTC,3.05,90.4,"GPS: 47.8900 N, -122.5900 W",98,GOOD,NORMAL,0,0,0,3.05,3.05,0.4
164463,SNS-1021,BTC-SEA-5021,SHP-2026-121,2026-08-24 14:18 UTC,3.07,89.3,"GPS: 47.9000 N, -122.6000 W",97,GOOD,NORMAL,0,0,0,3.07,3.07,0.37
164464,SNS-1021,BTC-SEA-5021,SHP-2026-121,2026-08-24 14:33 UTC,1.52,94.1,"GPS: 47.9100 N, -122.6100 W",97,GOOD,NORMAL,0,0,0,1.52,1.52,0.38
164465,SNS-1021,BTC-SEA-5021,SHP-2026-121,2026-08-24 14:48 UTC,2.01,92.5,"GPS: 47.9200 N, -122.6200 W",97,FAIR,NORMAL,0,0,0,2.01,2.01,0.36
164466,SNS-1021,BTC-SEA-5021,SHP-2026-121,2026-08-24 15:03 UTC,2.21,87.3,"GPS: 47.9300 N, -122.6300 W",97,FAIR,NORMAL,0,0,0,2.21,2.21,0.38
164467,SNS-1021,BTC-SEA-5021,SHP-2026-121,2026-08-24 15:18 UTC,1.43,91.1,"GPS: 47.9400 N, -122.6400 W",97,GOOD,NORMAL,0,0,0,1.43,1.43,0.38
164468,SNS-1021,BTC-SEA-5021,SHP-2026-121,2026-08-24 15:33 UTC,1.27,89.7,"GPS: 47.9500 N, -122.6500 W",97,EXCELLENT,NORMAL,0,0,0,1.27,1.27,0.38
164469,SNS-1021,BTC-SEA-5021,SHP-2026-121,2026-08-24 15:48 UTC,1.95,87.0,"GPS: 47.9600 N, -122.6600 W",97,EXCELLENT,NORMAL,0,0,0,1.95,1.95,0.37
164470,SNS-1021,BTC-SEA-5021,SHP-2026-121,2026-08-24 16:03 UTC,4.01,86.7,"GPS: 47.9700 N, -122.6700 W",97,GOOD,NORMAL,0,0,0,4.01,4.01,0.46
164471,SNS-1021,BTC-SEA-5021,SHP-2026-121,2026-08-24 16:18 UTC,2.24,95.6,"GPS: 47.9800 N, -122.6800 W",97,GOOD,NORMAL,0,0,0,2.24,2.24,0.42
164472,SNS-1021,BTC-SEA-5021,SHP-2026-121,2026-08-24 16:33 UTC,2.93,95.7,"GPS: 47.9900 N, -122.6900 W",97,FAIR,NORMAL,0,0,0,2.93,2.93,0.37
164473,SNS-1021,BTC-SEA-5021,SHP-2026-121,2026-08-24 16:48 UTC,4.74,88.4,"GPS: 48.0000 N, -122.7000 W",96,GOOD,NORMAL,0,0,0,4.74,4.74,0.41
164474,SNS-1021,BTC-SEA-5021,SHP-2026-121,2026-08-24 17:03 UTC,1.35,85.3,"GPS: 48.0100 N, -122.7100 W",96,EXCELLENT,NORMAL,0,0,0,1.35,1.35,0.4
164475,SNS-1021,BTC-SEA-5021,SHP-2026-121,2026-08-24 17:18 UTC,4.38,95.4,"GPS: 48.0200 N, -122.7200 W",96,FAIR,NORMAL,0,0,0,4.38,4.38,0.37
164476,SNS-1021,BTC-SEA-5021,SHP-2026-121,2026-08-24 17:33 UTC,2.34,85.4,"GPS: 48.0300 N, -122.7300 W",96,GOOD,NORMAL,0,0,0,2.34,2.34,0.36
164477,SNS-1021,BTC-SEA-5021,SHP-2026-121,2026-08-24 17:48 UTC,2.53,85.1,"GPS: 48.0400 N, -122.7400 W",96,GOOD,NORMAL,0,0,0,2.53,2.53,0.36
164478,SNS-1021,BTC-SEA-5021,SHP-2026-121,2026-08-24 18:03 UTC,1.39,86.2,"GPS: 48.0500 N, -122.7500 W",96,FAIR,NORMAL,0,0,0,1.39,1.39,0.37
164479,SNS-1021,BTC-SEA-5021,SHP-2026-121,2026-08-24 18:18 UTC,3.51,94.2,"GPS: 48.0600 N, -122.7600 W",96,EXCELLENT,NORMAL,0,0,0,3.51,3.51,0.36
164480,SNS-1021,BTC-SEA-5021,SHP-2026-121,2026-08-24 18:33 UTC,2.43,93.6,"GPS: 48.0700 N, -122.7700 W",96,GOOD,NORMAL,0,0,0,2.43,2.43,0.43
164481,SNS-1021,BTC-SEA-5021,SHP-2026-121,2026-08-24 18:48 UTC,2.96,95.6,"GPS: 48.0800 N, -122.7800 W",96,GOOD,NORMAL,0,0,0,2.96,2.96,0.36
164482,SNS-1021,BTC-SEA-5021,SHP-2026-121,2026-08-24 19:03 UTC,3.16,85.3,"GPS: 48.0900 N, -122.7900 W",96,FAIR,NORMAL,0,0,0,3.16,3.16,0.36
164483,SNS-1021,BTC-SEA-5021,SHP-2026-121,2026-08-24 19:18 UTC,1.52,89.6,"GPS: 48.1000 N, -122.8000 W",95,GOOD,NORMAL,0,0,0,1.52,1.52,0.42
164484,SNS-1021,BTC-SEA-5021,SHP-2026-121,2026-08-24 19:33 UTC,2.0,94.4,"GPS: 48.1100 N, -122.8100 W",95,EXCELLENT,NORMAL,0,0,0,2.0,2.0,0.36
164485,SNS-1021,BTC-SEA-5021,SHP-2026-121,2026-08-24 19:48 UTC,4.76,87.5,"GPS: 48.1200 N, -122.8200 W",95,EXCELLENT,NORMAL,0,0,0,4.76,4.76,0.43
164486,SNS-1021,BTC-SEA-5021,SHP-2026-121,2026-08-24 20:03 UTC,2.33,93.8,"GPS: 48.1300 N, -122.8300 W",95,GOOD,NORMAL,0,0,0,2.33,2.33,0.36
164487,SNS-1021,BTC-SEA-5021,SHP-2026-121,2026-08-24 20:18 UTC,3.63,89.5,"GPS: 48.1400 N, -122.8400 W",95,GOOD,NORMAL,0,0,0,3.63,3.63,0.36
164488,SNS-1021,BTC-SEA-5021,SHP-2026-121,2026-08-24 20:33 UTC,3.42,94.5,"GPS: 48.1500 N, -122.8500 W",95,EXCELLENT,NORMAL,0,0,0,3.42,3.42,0.39
164489,SNS-1021,BTC-SEA-5021,SHP-2026-121,2026-08-24 20:48 UTC,-15.08,86.5,"GPS: 48.1600 N, -122.8600 W",95,FAIR,WARNING,0,0,0,-15.08,-15.08,0.48
164490,SNS-1021,BTC-SEA-5021,SHP-2026-121,2026-08-24 21:03 UTC,3.58,88.9,"GPS: 48.1700 N, -122.8700 W",95,GOOD,NORMAL,0,0,0,3.58,3.58,0.36
164491,SNS-1021,BTC-SEA-5021,SHP-2026-121,2026-08-24 21:18 UTC,2.22,91.8,"GPS: 48.1800 N, -122.8800 W",95,FAIR,NORMAL,0,0,0,2.22,2.22,0.37
164492,SNS-1021,BTC-SEA-5021,SHP-2026-121,2026-08-24 21:33 UTC,1.48,85.7,"GPS: 48.1900 N, -122.8900 W",95,GOOD,NORMAL,0,0,0,1.48,1.48,0.37
164493,SNS-1021,BTC-SEA-5021,SHP-2026-121,2026-08-24 21:48 UTC,2.69,94.9,"GPS: 48.2000 N, -122.9000 W",94,FAIR,NORMAL,0,0,0,2.69,2.69,0.35
164494,SNS-1021,BTC-SEA-5021,SHP-2026-121,2026-08-24 22:03 UTC,2.81,87.0,"GPS: 48.2100 N, -122.9100 W",94,FAIR,NORMAL,0,0,0,2.81,2.81,0.36
164495,SNS-1021,BTC-SEA-5021,SHP-2026-121,2026-08-24 22:18 UTC,3.19,92.9,"GPS: 48.2200 N, -122.9200 W",94,FAIR,NORMAL,0,0,0,3.19,3.19,0.38
164496,SNS-1021,BTC-SEA-5021,SHP-2026-121,2026-08-24 22:33 UTC,4.09,87.4,"GPS: 48.2300 N, -122.9300 W",94,GOOD,NORMAL,0,0,0,4.09,4.09,0.4
164497,SNS-1021,BTC-SEA-5021,SHP-2026-121,2026-08-24 22:48 UTC,3.8,90.0,"GPS: 48.2400 N, -122.9400 W",94,EXCELLENT,NORMAL,0,0,0,3.8,3.8,0.37
164498,SNS-1021,BTC-SEA-5021,SHP-2026-121,2026-08-24 23:03 UTC,1.35,89.6,"GPS: 48.2500 N, -122.9500 W",94,FAIR,NORMAL,0,0,0,1.35,1.35,0.43
164499,SNS-1021,BTC-SEA-5021,SHP-2026-121,2026-08-24 23:18 UTC,2.1,94.4,"GPS: 48.2600 N, -122.9600 W",94,FAIR,NORMAL,0,0,0,2.1,2.1,0.37
164500,SNS-1021,BTC-SEA-5021,SHP-2026-121,2026-08-24 23:33 UTC,4.57,88.4,"GPS: 48.2700 N, -122.9700 W",94,GOOD,NORMAL,0,0,0,4.57,4.57,0.38
164501,SNS-1021,BTC-SEA-5021,SHP-2026-121,2026-08-24 23:48 UTC,1.98,86.0,"GPS: 48.2800 N, -122.9800 W",94,FAIR,NORMAL,0,0,0,1.98,1.98,0.36
164502,SNS-1021,BTC-SEA-5021,SHP-2026-121,2026-08-25 00:03 UTC,1.4,93.0,"GPS: 48.2900 N, -122.9900 W",94,GOOD,NORMAL,0,0,0,1.4,1.4,0.37
164503,SNS-1021,BTC-SEA-5021,SHP-2026-121,2026-08-25 00:18 UTC,2.71,91.0,"GPS: 48.3000 N, -123.0000 W",93,GOOD,NORMAL,0,0,0,2.71,2.71,0.39
164504,SNS-1021,BTC-SEA-5021,SHP-2026-121,2026-08-25 00:33 UTC,3.25,90.1,"GPS: 48.3100 N, -123.0100 W",93,FAIR,NORMAL,0,0,0,3.25,3.25,0.36
164505,SNS-1021,BTC-SEA-5021,SHP-2026-121,2026-08-25 00:48 UTC,2.01,91.6,"GPS: 48.3200 N, -123.0200 W",93,FAIR,NORMAL,0,0,0,2.01,2.01,0.36
164506,SNS-1021,BTC-SEA-5021,SHP-2026-121,2026-08-25 01:03 UTC,5.96,88.6,"GPS: 48.3300 N, -123.0300 W",93,FAIR,WARNING,0,0,0,5.96,5.96,0.46
164507,SNS-1021,BTC-SEA-5021,SHP-2026-121,2026-08-25 01:18 UTC,4.27,88.3,"GPS: 48.3400 N, -123.0400 W",93,GOOD,NORMAL,0,0,0,4.27,4.27,0.37
164508,SNS-1021,BTC-SEA-5021,SHP-2026-121,2026-08-25 01:33 UTC,3.41,91.6,"GPS: 48.3500 N, -123.0500 W",93,EXCELLENT,NORMAL,0,0,0,3.41,3.41,0.38
164509,SNS-1021,BTC-SEA-5021,SHP-2026-121,2026-08-25 01:48 UTC,1.44,87.8,"GPS: 48.3600 N, -123.0600 W",93,EXCELLENT,NORMAL,0,0,0,1.44,1.44,0.38
164510,SNS-1021,BTC-SEA-5021,SHP-2026-121,2026-08-25 02:03 UTC,3.27,95.5,"GPS: 48.3700 N, -123.0700 W",93,GOOD,NORMAL,0,0,0,3.27,3.27,0.37
164511,SNS-1021,BTC-SEA-5021,SHP-2026-121,2026-08-25 02:18 UTC,1.98,95.9,"GPS: 48.3800 N, -123.0800 W",93,FAIR,NORMAL,0,0,0,1.98,1.98,0.36
164512,SNS-1021,BTC-SEA-5021,SHP-2026-121,2026-08-25 02:33 UTC,3.18,94.1,"GPS: 48.3900 N, -123.0900 W",93,GOOD,NORMAL,0,0,0,3.18,3.18,0.37
164513,SNS-1021,BTC-SEA-5021,SHP-2026-121,2026-08-25 02:48 UTC,4.59,94.4,"GPS: 48.4000 N, -123.1000 W",92,FAIR,NORMAL,0,0,0,4.59,4.59,0.41
164514,SNS-1021,BTC-SEA-5021,SHP-2026-121,2026-08-25 03:03 UTC,4.05,95.3,"GPS: 48.4100 N, -123.1100 W",92,FAIR,NORMAL,0,0,0,4.05,4.05,0.37
164515,SNS-1021,BTC-SEA-5021,SHP-2026-121,2026-08-25 03:18 UTC,1.41,87.0,"GPS: 48.4200 N, -123.1200 W",92,EXCELLENT,NORMAL,0,0,0,1.41,1.41,0.39
164516,SNS-1021,BTC-SEA-5021,SHP-2026-121,2026-08-25 03:33 UTC,3.8,90.7,"GPS: 48.4300 N, -123.1300 W",92,GOOD,NORMAL,0,0,0,3.8,3.8,0.37
164517,SNS-1021,BTC-SEA-5021,SHP-2026-121,2026-08-25 03:48 UTC,4.14,90.7,"GPS: 48.4400 N, -123.1400 W",92,FAIR,NORMAL,0,0,0,4.14,4.14,0.37
164518,SNS-1021,BTC-SEA-5021,SHP-2026-121,2026-08-25 04:03 UTC,1.57,87.5,"GPS: 48.4500 N, -123.1500 W",92,GOOD,NORMAL,0,0,0,1.57,1.57,0.38
164519,SNS-1021,BTC-SEA-5021,SHP-2026-121,2026-08-25 04:18 UTC,3.31,95.6,"GPS: 48.4600 N, -123.1600 W",92,FAIR,NORMAL,0,0,0,3.31,3.31,0.36
164520,SNS-1021,BTC-SEA-5021,SHP-2026-121,2026-08-25 04:33 UTC,4.64,87.7,"GPS: 48.4700 N, -123.1700 W",92,EXCELLENT,NORMAL,0,0,0,4.64,4.64,0.38
164521,SNS-1021,BTC-SEA-5021,SHP-2026-121,2026-08-25 04:48 UTC,4.68,89.9,"GPS: 48.4800 N, -123.1800 W",92,GOOD,NORMAL,0,0,0,4.68,4.68,0.37
164522,SNS-1021,BTC-SEA-5021,SHP-2026-121,2026-08-25 05:03 UTC,2.28,93.5,"GPS: 48.4900 N, -123.1900 W",92,GOOD,NORMAL,0,0,0,2.28,2.28,0.36
164523,SNS-1021,BTC-SEA-5021,SHP-2026-121,2026-08-25 05:18 UTC,2.18,87.7,"GPS: 48.5000 N, -123.2000 W",91,FAIR,NORMAL,0,0,0,2.18,2.18,0.37
164524,SNS-1021,BTC-SEA-5021,SHP-2026-121,2026-08-25 05:33 UTC,4.04,94.0,"GPS: 48.5100 N, -123.2100 W",91,EXCELLENT,NORMAL,0,0,0,4.04,4.04,0.37
164525,SNS-1021,BTC-SEA-5021,SHP-2026-121,2026-08-25 05:48 UTC,3.64,85.9,"GPS: 48.5200 N, -123.2200 W",91,GOOD,NORMAL,0,0,0,3.64,3.64,0.37
164526,SNS-1021,BTC-SEA-5021,SHP-2026-121,2026-08-25 06:03 UTC,3.65,87.9,"GPS: 48.5300 N, -123.2300 W",91,EXCELLENT,NORMAL,0,0,0,3.65,3.65,0.36
164527,SNS-1021,BTC-SEA-5021,SHP-2026-121,2026-08-25 06:18 UTC,4.57,91.0,"GPS: 48.5400 N, -123.2400 W",91,EXCELLENT,NORMAL,0,0,0,4.57,4.57,0.39
164528,SNS-1021,BTC-SEA-5021,SHP-2026-121,2026-08-25 06:33 UTC,3.23,86.3,"GPS: 48.5500 N, -123.2500 W",91,FAIR,NORMAL,0,0,0,3.23,3.23,0.38
164529,SNS-1021,BTC-SEA-5021,SHP-2026-121,2026-08-25 06:48 UTC,2.88,88.1,"GPS: 48.5600 N, -123.2600 W",91,FAIR,NORMAL,0,0,0,2.88,2.88,0.37
164530,SNS-1021,BTC-SEA-5021,SHP-2026-121,2026-08-25 07:03 UTC,4.13,86.3,"GPS: 48.5700 N, -123.2700 W",91,EXCELLENT,NORMAL,0,0,0,4.13,4.13,0.37
164531,SNS-1021,BTC-SEA-5021,SHP-2026-121,2026-08-25 07:18 UTC,1.63,88.6,"GPS: 48.5800 N, -123.2800 W",91,GOOD,NORMAL,0,0,0,1.63,1.63,0.43
164532,SNS-1021,BTC-SEA-5021,SHP-2026-121,2026-08-25 07:33 UTC,2.03,88.9,"GPS: 48.5900 N, -123.2900 W",91,EXCELLENT,NORMAL,0,0,0,2.03,2.03,0.37
164533,SNS-1021,BTC-SEA-5021,SHP-2026-121,2026-08-25 07:48 UTC,3.24,93.8,"GPS: 48.6000 N, -123.3000 W",90,FAIR,NORMAL,0,0,0,3.24,3.24,0.37
164534,SNS-1021,BTC-SEA-5021,SHP-2026-121,2026-08-25 08:03 UTC,2.66,86.9,"GPS: 48.6100 N, -123.3100 W",90,FAIR,NORMAL,0,0,0,2.66,2.66,0.41
164535,SNS-1021,BTC-SEA-5021,SHP-2026-121,2026-08-25 08:18 UTC,1.9,93.9,"GPS: 48.6200 N, -123.3200 W",90,FAIR,NORMAL,0,0,0,1.9,1.9,0.37
164536,SNS-1021,BTC-SEA-5021,SHP-2026-121,2026-08-25 08:33 UTC,2.55,91.3,"GPS: 48.6300 N, -123.3300 W",90,FAIR,NORMAL,0,0,0,2.55,2.55,0.4
164537,SNS-1021,BTC-SEA-5021,SHP-2026-121,2026-08-25 08:48 UTC,4.11,87.1,"GPS: 48.6400 N, -123.3400 W",90,EXCELLENT,NORMAL,0,0,0,4.11,4.11,0.44
164538,SNS-1021,BTC-SEA-5021,SHP-2026-121,2026-08-25 09:03 UTC,2.84,91.7,"GPS: 48.6500 N, -123.3500 W",90,GOOD,NORMAL,0,0,0,2.84,2.84,0.42
164539,SNS-1021,BTC-SEA-5021,SHP-2026-121,2026-08-25 09:18 UTC,2.96,87.3,"GPS: 48.6600 N, -123.3600 W",90,GOOD,NORMAL,0,0,0,2.96,2.96,0.41
164540,SNS-1021,BTC-SEA-5021,SHP-2026-121,2026-08-25 09:33 UTC,2.42,91.2,"GPS: 48.6700 N, -123.3700 W",90,GOOD,NORMAL,0,0,0,2.42,2.42,0.38
164541,SNS-1021,BTC-SEA-5021,SHP-2026-121,2026-08-25 09:48 UTC,2.84,89.2,"GPS: 48.6800 N, -123.3800 W",90,EXCELLENT,NORMAL,0,0,0,2.84,2.84,0.37
164542,SNS-1021,BTC-SEA-5021,SHP-2026-121,2026-08-25 10:03 UTC,2.01,90.7,"GPS: 48.6900 N, -123.3900 W",90,GOOD,NORMAL,0,0,0,2.01,2.01,0.45
164543,SNS-1021,BTC-SEA-5021,SHP-2026-121,2026-08-25 10:18 UTC,-25.72,89.1,"GPS: 48.7000 N, -123.4000 W",89,GOOD,WARNING,0,0,0,-25.72,-25.72,0.52
164544,SNS-1021,BTC-SEA-5021,SHP-2026-121,2026-08-25 10:33 UTC,3.79,85.3,"GPS: 48.7100 N, -123.4100 W",89,FAIR,NORMAL,0,0,0,3.79,3.79,0.38
164545,SNS-1021,BTC-SEA-5021,SHP-2026-121,2026-08-25 10:48 UTC,1.22,93.1,"GPS: 48.7200 N, -123.4200 W",89,FAIR,NORMAL,0,0,0,1.22,1.22,0.39
164546,SNS-1021,BTC-SEA-5021,SHP-2026-121,2026-08-25 11:03 UTC,1.24,92.9,"GPS: 48.7300 N, -123.4300 W",89,GOOD,NORMAL,0,0,0,1.24,1.24,0.39
164547,SNS-1021,BTC-SEA-5021,SHP-2026-121,2026-08-25 11:18 UTC,2.74,94.1,"GPS: 48.7400 N, -123.4400 W",89,FAIR,NORMAL,0,0,0,2.74,2.74,0.38
164548,SNS-1021,BTC-SEA-5021,SHP-2026-121,2026-08-25 11:33 UTC,3.31,85.8,"GPS: 48.7500 N, -123.4500 W",89,EXCELLENT,NORMAL,0,0,0,3.31,3.31,0.38
164549,SNS-1021,BTC-SEA-5021,SHP-2026-121,2026-08-25 11:48 UTC,-30.42,87.6,"GPS: 48.7600 N, -123.4600 W",89,EXCELLENT,WARNING,0,0,0,-30.42,-30.42,0.53
164550,SNS-1021,BTC-SEA-5021,SHP-2026-121,2026-08-25 12:03 UTC,23.83,90.4,"GPS: 48.7700 N, -123.4700 W",89,FAIR,WARNING,0,0,0,23.83,23.83,0.52
164551,SNS-1021,BTC-SEA-5021,SHP-2026-121,2026-08-25 12:18 UTC,3.22,86.3,"GPS: 48.7800 N, -123.4800 W",89,GOOD,NORMAL,0,0,0,3.22,3.22,0.42
164552,SNS-1021,BTC-SEA-5021,SHP-2026-121,2026-08-25 12:33 UTC,1.82,86.3,"GPS: 48.7900 N, -123.4900 W",89,FAIR,NORMAL,0,0,0,1.82,1.82,0.43
164553,SNS-1021,BTC-SEA-5021,SHP-2026-121,2026-08-25 12:48 UTC,3.56,95.1,"GPS: 48.8000 N, -123.5000 W",88,FAIR,NORMAL,0,0,0,3.56,3.56,0.44
164554,SNS-1021,BTC-SEA-5021,SHP-2026-121,2026-08-25 13:03 UTC,2.85,88.6,"GPS: 48.8100 N, -123.5100 W",88,FAIR,NORMAL,0,0,0,2.85,2.85,0.39
164555,SNS-1021,BTC-SEA-5021,SHP-2026-121,2026-08-25 13:18 UTC,4.34,95.6,"GPS: 48.8200 N, -123.5200 W",88,EXCELLENT,NORMAL,0,0,0,4.34,4.34,0.43
164556,SNS-1021,BTC-SEA-5021,SHP-2026-121,2026-08-25 13:33 UTC,3.34,87.6,"GPS: 48.8300 N, -123.5300 W",88,FAIR,NORMAL,0,0,0,3.34,3.34,0.44
164557,SNS-1021,BTC-SEA-5021,SHP-2026-121,2026-08-25 13:48 UTC,1.95,86.9,"GPS: 48.8400 N, -123.5400 W",88,FAIR,NORMAL,0,0,0,1.95,1.95,0.44
164558,SNS-1021,BTC-SEA-5021,SHP-2026-121,2026-08-25 14:03 UTC,4.54,93.9,"GPS: 48.8500 N, -123.5500 W",88,FAIR,NORMAL,0,0,0,4.54,4.54,0.41
164559,SNS-1021,BTC-SEA-5021,SHP-2026-121,2026-08-25 14:18 UTC,4.28,90.3,"GPS: 48.8600 N, -123.5600 W",88,GOOD,NORMAL,0,0,0,4.28,4.28,0.41
164560,SNS-1021,BTC-SEA-5021,SHP-2026-121,2026-08-25 14:33 UTC,4.54,87.8,"GPS: 48.8700 N, -123.5700 W",88,GOOD,NORMAL,0,0,0,4.54,4.54,0.41
164561,SNS-1021,BTC-SEA-5021,SHP-2026-121,2026-08-25 14:48 UTC,4.77,94.2,"GPS: 48.8800 N, -123.5800 W",88,FAIR,NORMAL,0,0,0,4.77,4.77,0.41
164562,SNS-1021,BTC-SEA-5021,SHP-2026-121,2026-08-25 15:03 UTC,1.96,85.5,"GPS: 48.8900 N, -123.5900 W",88,EXCELLENT,NORMAL,0,0,0,1.96,1.96,0.47
164563,SNS-1021,BTC-SEA-5021,SHP-2026-121,2026-08-25 15:18 UTC,4.55,90.5,"GPS: 48.9000 N, -123.6000 W",87,EXCELLENT,NORMAL,0,0,0,4.55,4.55,0.46
164564,SNS-1021,BTC-SEA-5021,SHP-2026-121,2026-08-25 15:33 UTC,1.45,88.9,"GPS: 48.9100 N, -123.6100 W",87,EXCELLENT,NORMAL,0,0,0,1.45,1.45,0.46
164565,SNS-1021,BTC-SEA-5021,SHP-2026-121,2026-08-25 15:48 UTC,2.38,88.8,"GPS: 48.9200 N, -123.6200 W",87,EXCELLENT,NORMAL,0,0,0,2.38,2.38,0.44
164566,SNS-1021,BTC-SEA-5021,SHP-2026-121,2026-08-25 16:03 UTC,1.3,94.0,"GPS: 48.9300 N, -123.6300 W",87,EXCELLENT,NORMAL,0,0,0,1.3,1.3,0.44
164567,SNS-1021,BTC-SEA-5021,SHP-2026-121,2026-08-25 16:18 UTC,4.68,90.0,"GPS: 48.9400 N, -123.6400 W",87,EXCELLENT,NORMAL,0,0,0,4.68,4.68,0.46
164568,SNS-1021,BTC-SEA-5021,SHP-2026-121,2026-08-25 16:33 UTC,2.22,88.7,"GPS: 48.9500 N, -123.6500 W",87,EXCELLENT,NORMAL,0,0,0,2.22,2.22,0.47
164569,SNS-1022,BTC-SEA-5022,SHP-2026-122,2026-08-24 08:48 UTC,-22.54,87.6,"GPS: 47.6000 N, -122.3000 W",100,EXCELLENT,NORMAL,0,0,0,-22.54,-22.54,0.51
164570,SNS-1022,BTC-SEA-5022,SHP-2026-122,2026-08-24 09:03 UTC,-19.97,90.6,"GPS: 47.6100 N, -122.3100 W",100,GOOD,NORMAL,0,0,0,-19.97,-19.97,0.43
164571,SNS-1022,BTC-SEA-5022,SHP-2026-122,2026-08-24 09:18 UTC,-22.65,85.2,"GPS: 47.6200 N, -122.3200 W",100,GOOD,NORMAL,0,0,0,-22.65,-22.65,0.46
164572,SNS-1022,BTC-SEA-5022,SHP-2026-122,2026-08-24 09:33 UTC,-18.9,93.2,"GPS: 47.6300 N, -122.3300 W",100,GOOD,NORMAL,0,0,0,-18.9,-18.9,0.45
164573,SNS-1022,BTC-SEA-5022,SHP-2026-122,2026-08-24 09:48 UTC,-22.82,94.2,"GPS: 47.6400 N, -122.3400 W",100,EXCELLENT,NORMAL,0,0,0,-22.82,-22.82,0.47
164574,SNS-1022,BTC-SEA-5022,SHP-2026-122,2026-08-24 10:03 UTC,-21.96,86.1,"GPS: 47.6500 N, -122.3500 W",100,EXCELLENT,NORMAL,0,0,0,-21.96,-21.96,0.44
164575,SNS-1022,BTC-SEA-5022,SHP-2026-122,2026-08-24 10:18 UTC,6.57,86.3,"GPS: 47.6600 N, -122.3600 W",100,EXCELLENT,WARNING,0,0,0,6.57,6.57,0.53
164576,SNS-1022,BTC-SEA-5022,SHP-2026-122,2026-08-24 10:33 UTC,-23.14,88.2,"GPS: 47.6700 N, -122.3700 W",100,EXCELLENT,NORMAL,0,0,0,-23.14,-23.14,0.45
164577,SNS-1022,BTC-SEA-5022,SHP-2026-122,2026-08-24 10:48 UTC,18.86,86.5,"GPS: 47.6800 N, -122.3800 W",100,GOOD,WARNING,0,0,0,18.86,18.86,0.55
164578,SNS-1022,BTC-SEA-5022,SHP-2026-122,2026-08-24 11:03 UTC,-22.99,86.3,"GPS: 47.6900 N, -122.3900 W",100,FAIR,NORMAL,0,0,0,-22.99,-22.99,0.46
164579,SNS-1022,BTC-SEA-5022,SHP-2026-122,2026-08-24 11:18 UTC,-23.57,87.8,"GPS: 47.7000 N, -122.4000 W",99,EXCELLENT,NORMAL,0,0,0,-23.57,-23.57,0.43
164580,SNS-1022,BTC-SEA-5022,SHP-2026-122,2026-08-24 11:33 UTC,-18.44,87.0,"GPS: 47.7100 N, -122.4100 W",99,EXCELLENT,NORMAL,0,0,0,-18.44,-18.44,0.44
164581,SNS-1022,BTC-SEA-5022,SHP-2026-122,2026-08-24 11:48 UTC,-23.24,91.5,"GPS: 47.7200 N, -122.4200 W",99,GOOD,NORMAL,0,0,0,-23.24,-23.24,0.42
164582,SNS-1022,BTC-SEA-5022,SHP-2026-122,2026-08-24 12:03 UTC,-23.64,86.4,"GPS: 47.7300 N, -122.4300 W",99,FAIR,NORMAL,0,0,0,-23.64,-23.64,0.43
164583,SNS-1022,BTC-SEA-5022,SHP-2026-122,2026-08-24 12:18 UTC,-19.75,94.0,"GPS: 47.7400 N, -122.4400 W",99,FAIR,NORMAL,0,0,0,-19.75,-19.75,0.4
164584,SNS-1022,BTC-SEA-5022,SHP-2026-122,2026-08-24 12:33 UTC,-21.28,90.4,"GPS: 47.7500 N, -122.4500 W",99,EXCELLENT,NORMAL,0,0,0,-21.28,-21.28,0.48
164585,SNS-1022,BTC-SEA-5022,SHP-2026-122,2026-08-24 12:48 UTC,-19.27,94.8,"GPS: 47.7600 N, -122.4600 W",99,EXCELLENT,NORMAL,0,0,0,-19.27,-19.27,0.42
164586,SNS-1022,BTC-SEA-5022,SHP-2026-122,2026-08-24 13:03 UTC,-18.84,93.1,"GPS: 47.7700 N, -122.4700 W",99,FAIR,NORMAL,0,0,0,-18.84,-18.84,0.42
164587,SNS-1022,BTC-SEA-5022,SHP-2026-122,2026-08-24 13:18 UTC,13.67,93.2,"GPS: 47.7800 N, -122.4800 W",99,GOOD,WARNING,0,0,0,13.67,13.67,0.55
164588,SNS-1022,BTC-SEA-5022,SHP-2026-122,2026-08-24 13:33 UTC,-21.67,92.8,"GPS: 47.7900 N, -122.4900 W",99,FAIR,NORMAL,0,0,0,-21.67,-21.67,0.4
164589,SNS-1022,BTC-SEA-5022,SHP-2026-122,2026-08-24 13:48 UTC,-19.74,92.7,"GPS: 47.8000 N, -122.5000 W",98,GOOD,NORMAL,0,0,0,-19.74,-19.74,0.39
164590,SNS-1022,BTC-SEA-5022,SHP-2026-122,2026-08-24 14:03 UTC,-22.93,90.3,"GPS: 47.8100 N, -122.5100 W",98,EXCELLENT,NORMAL,0,0,0,-22.93,-22.93,0.42
164591,SNS-1022,BTC-SEA-5022,SHP-2026-122,2026-08-24 14:18 UTC,-18.51,95.9,"GPS: 47.8200 N, -122.5200 W",98,GOOD,NORMAL,0,0,0,-18.51,-18.51,0.42
164592,SNS-1022,BTC-SEA-5022,SHP-2026-122,2026-08-24 14:33 UTC,-21.9,86.2,"GPS: 47.8300 N, -122.5300 W",98,EXCELLENT,NORMAL,0,0,0,-21.9,-21.9,0.4
164593,SNS-1022,BTC-SEA-5022,SHP-2026-122,2026-08-24 14:48 UTC,-19.15,91.1,"GPS: 47.8400 N, -122.5400 W",98,GOOD,NORMAL,0,0,0,-19.15,-19.15,0.4
164594,SNS-1022,BTC-SEA-5022,SHP-2026-122,2026-08-24 15:03 UTC,-23.01,94.4,"GPS: 47.8500 N, -122.5500 W",98,FAIR,NORMAL,0,0,0,-23.01,-23.01,0.43
164595,SNS-1022,BTC-SEA-5022,SHP-2026-122,2026-08-24 15:18 UTC,-20.21,95.0,"GPS: 47.8600 N, -122.5600 W",98,GOOD,NORMAL,0,0,0,-20.21,-20.21,0.43
164596,SNS-1022,BTC-SEA-5022,SHP-2026-122,2026-08-24 15:33 UTC,-20.74,90.3,"GPS: 47.8700 N, -122.5700 W",98,FAIR,NORMAL,0,0,0,-20.74,-20.74,0.44
164597,SNS-1022,BTC-SEA-5022,SHP-2026-122,2026-08-24 15:48 UTC,-18.41,88.6,"GPS: 47.8800 N, -122.5800 W",98,EXCELLENT,NORMAL,0,0,0,-18.41,-18.41,0.41
164598,SNS-1022,BTC-SEA-5022,SHP-2026-122,2026-08-24 16:03 UTC,-23.13,90.7,"GPS: 47.8900 N, -122.5900 W",98,FAIR,NORMAL,0,0,0,-23.13,-23.13,0.43
164599,SNS-1022,BTC-SEA-5022,SHP-2026-122,2026-08-24 16:18 UTC,-19.12,95.0,"GPS: 47.9000 N, -122.6000 W",97,EXCELLENT,NORMAL,0,0,0,-19.12,-19.12,0.39
164600,SNS-1022,BTC-SEA-5022,SHP-2026-122,2026-08-24 16:33 UTC,-20.08,95.1,"GPS: 47.9100 N, -122.6100 W",97,GOOD,NORMAL,0,0,0,-20.08,-20.08,0.44
164601,SNS-1022,BTC-SEA-5022,SHP-2026-122,2026-08-24 16:48 UTC,-19.46,95.6,"GPS: 47.9200 N, -122.6200 W",97,GOOD,NORMAL,0,0,0,-19.46,-19.46,0.4
164602,SNS-1022,BTC-SEA-5022,SHP-2026-122,2026-08-24 17:03 UTC,-22.71,90.5,"GPS: 47.9300 N, -122.6300 W",97,GOOD,NORMAL,0,0,0,-22.71,-22.71,0.41
164603,SNS-1022,BTC-SEA-5022,SHP-2026-122,2026-08-24 17:18 UTC,-21.68,86.6,"GPS: 47.9400 N, -122.6400 W",97,EXCELLENT,NORMAL,0,0,0,-21.68,-21.68,0.39
164604,SNS-1022,BTC-SEA-5022,SHP-2026-122,2026-08-24 17:33 UTC,-22.69,87.6,"GPS: 47.9500 N, -122.6500 W",97,GOOD,NORMAL,0,0,0,-22.69,-22.69,0.41
164605,SNS-1022,BTC-SEA-5022,SHP-2026-122,2026-08-24 17:48 UTC,-23.17,90.9,"GPS: 47.9600 N, -122.6600 W",97,GOOD,NORMAL,0,0,0,-23.17,-23.17,0.41
164606,SNS-1022,BTC-SEA-5022,SHP-2026-122,2026-08-24 18:03 UTC,-19.16,88.9,"GPS: 47.9700 N, -122.6700 W",97,GOOD,NORMAL,0,0,0,-19.16,-19.16,0.47
164607,SNS-1022,BTC-SEA-5022,SHP-2026-122,2026-08-24 18:18 UTC,-19.65,94.2,"GPS: 47.9800 N, -122.6800 W",97,FAIR,NORMAL,0,0,0,-19.65,-19.65,0.39
164608,SNS-1022,BTC-SEA-5022,SHP-2026-122,2026-08-24 18:33 UTC,-19.72,95.5,"GPS: 47.9900 N, -122.6900 W",97,GOOD,NORMAL,0,0,0,-19.72,-19.72,0.38
164609,SNS-1022,BTC-SEA-5022,SHP-2026-122,2026-08-24 18:48 UTC,-20.05,94.7,"GPS: 48.0000 N, -122.7000 W",96,FAIR,NORMAL,0,0,0,-20.05,-20.05,0.42
164610,SNS-1022,BTC-SEA-5022,SHP-2026-122,2026-08-24 19:03 UTC,-21.69,86.6,"GPS: 48.0100 N, -122.7100 W",96,FAIR,NORMAL,0,0,0,-21.69,-21.69,0.45
164611,SNS-1022,BTC-SEA-5022,SHP-2026-122,2026-08-24 19:18 UTC,-19.41,87.1,"GPS: 48.0200 N, -122.7200 W",96,FAIR,NORMAL,0,0,0,-19.41,-19.41,0.38
164612,SNS-1022,BTC-SEA-5022,SHP-2026-122,2026-08-24 19:33 UTC,-19.49,86.6,"GPS: 48.0300 N, -122.7300 W",96,GOOD,NORMAL,0,0,0,-19.49,-19.49,0.38
164613,SNS-1022,BTC-SEA-5022,SHP-2026-122,2026-08-24 19:48 UTC,-19.96,93.1,"GPS: 48.0400 N, -122.7400 W",96,FAIR,NORMAL,0,0,0,-19.96,-19.96,0.42
164614,SNS-1022,BTC-SEA-5022,SHP-2026-122,2026-08-24 20:03 UTC,-21.53,91.1,"GPS: 48.0500 N, -122.7500 W",96,FAIR,NORMAL,0,0,0,-21.53,-21.53,0.39
164615,SNS-1022,BTC-SEA-5022,SHP-2026-122,2026-08-24 20:18 UTC,-23.11,86.4,"GPS: 48.0600 N, -122.7600 W",96,EXCELLENT,NORMAL,0,0,0,-23.11,-23.11,0.46
164616,SNS-1022,BTC-SEA-5022,SHP-2026-122,2026-08-24 20:33 UTC,-22.62,87.7,"GPS: 48.0700 N, -122.7700 W",96,EXCELLENT,NORMAL,0,0,0,-22.62,-22.62,0.4
164617,SNS-1022,BTC-SEA-5022,SHP-2026-122,2026-08-24 20:48 UTC,32.29,92.2,"GPS: 48.0800 N, -122.7800 W",96,EXCELLENT,WARNING,0,0,0,32.29,32.29,0.6
164618,SNS-1022,BTC-SEA-5022,SHP-2026-122,2026-08-24 21:03 UTC,-19.75,88.2,"GPS: 48.0900 N, -122.7900 W",96,GOOD,NORMAL,0,0,0,-19.75,-19.75,0.38
164619,SNS-1022,BTC-SEA-5022,SHP-2026-122,2026-08-24 21:18 UTC,-19.13,88.6,"GPS: 48.1000 N, -122.8000 W",95,EXCELLENT,NORMAL,0,0,0,-19.13,-19.13,0.39
164620,SNS-1022,BTC-SEA-5022,SHP-2026-122,2026-08-24 21:33 UTC,-22.27,95.2,"GPS: 48.1100 N, -122.8100 W",95,GOOD,NORMAL,0,0,0,-22.27,-22.27,0.39
164621,SNS-1022,BTC-SEA-5022,SHP-2026-122,2026-08-24 21:48 UTC,-21.41,89.1,"GPS: 48.1200 N, -122.8200 W",95,EXCELLENT,NORMAL,0,0,0,-21.41,-21.41,0.38
164622,SNS-1022,BTC-SEA-5022,SHP-2026-122,2026-08-24 22:03 UTC,-23.33,90.5,"GPS: 48.1300 N, -122.8300 W",95,EXCELLENT,NORMAL,0,0,0,-23.33,-23.33,0.43
164623,SNS-1022,BTC-SEA-5022,SHP-2026-122,2026-08-24 22:18 UTC,-19.73,91.3,"GPS: 48.1400 N, -122.8400 W",95,GOOD,NORMAL,0,0,0,-19.73,-19.73,0.37
164624,SNS-1022,BTC-SEA-5022,SHP-2026-122,2026-08-24 22:33 UTC,-19.66,85.8,"GPS: 48.1500 N, -122.8500 W",95,EXCELLENT,NORMAL,0,0,0,-19.66,-19.66,0.38
164625,SNS-1022,BTC-SEA-5022,SHP-2026-122,2026-08-24 22:48 UTC,-22.5,94.4,"GPS: 48.1600 N, -122.8600 W",95,GOOD,NORMAL,0,0,0,-22.5,-22.5,0.4
164626,SNS-1022,BTC-SEA-5022,SHP-2026-122,2026-08-24 23:03 UTC,-22.2,90.5,"GPS: 48.1700 N, -122.8700 W",95,FAIR,NORMAL,0,0,0,-22.2,-22.2,0.39
164627,SNS-1022,BTC-SEA-5022,SHP-2026-122,2026-08-24 23:18 UTC,-20.99,86.7,"GPS: 48.1800 N, -122.8800 W",95,GOOD,NORMAL,0,0,0,-20.99,-20.99,0.46
164628,SNS-1022,BTC-SEA-5022,SHP-2026-122,2026-08-24 23:33 UTC,-20.55,94.2,"GPS: 48.1900 N, -122.8900 W",95,FAIR,NORMAL,0,0,0,-20.55,-20.55,0.37
164629,SNS-1022,BTC-SEA-5022,SHP-2026-122,2026-08-24 23:48 UTC,-22.37,86.2,"GPS: 48.2000 N, -122.9000 W",94,FAIR,NORMAL,0,0,0,-22.37,-22.37,0.4
164630,SNS-1022,BTC-SEA-5022,SHP-2026-122,2026-08-25 00:03 UTC,-21.06,88.6,"GPS: 48.2100 N, -122.9100 W",94,EXCELLENT,NORMAL,0,0,0,-21.06,-21.06,0.38
164631,SNS-1022,BTC-SEA-5022,SHP-2026-122,2026-08-25 00:18 UTC,-20.15,93.3,"GPS: 48.2200 N, -122.9200 W",94,EXCELLENT,NORMAL,0,0,0,-20.15,-20.15,0.39
164632,SNS-1022,BTC-SEA-5022,SHP-2026-122,2026-08-25 00:33 UTC,-22.1,93.0,"GPS: 48.2300 N, -122.9300 W",94,GOOD,NORMAL,0,0,0,-22.1,-22.1,0.4
164633,SNS-1022,BTC-SEA-5022,SHP-2026-122,2026-08-25 00:48 UTC,-23.68,96.0,"GPS: 48.2400 N, -122.9400 W",94,EXCELLENT,NORMAL,0,0,0,-23.68,-23.68,0.45
164634,SNS-1022,BTC-SEA-5022,SHP-2026-122,2026-08-25 01:03 UTC,-18.48,86.6,"GPS: 48.2500 N, -122.9500 W",94,GOOD,NORMAL,0,0,0,-18.48,-18.48,0.42
164635,SNS-1022,BTC-SEA-5022,SHP-2026-122,2026-08-25 01:18 UTC,7.68,90.5,"GPS: 48.2600 N, -122.9600 W",94,FAIR,WARNING,0,0,0,7.68,7.68,0.49
164636,SNS-1022,BTC-SEA-5022,SHP-2026-122,2026-08-25 01:33 UTC,-22.49,90.3,"GPS: 48.2700 N, -122.9700 W",94,FAIR,NORMAL,0,0,0,-22.49,-22.49,0.39
164637,SNS-1022,BTC-SEA-5022,SHP-2026-122,2026-08-25 01:48 UTC,-19.6,85.6,"GPS: 48.2800 N, -122.9800 W",94,EXCELLENT,NORMAL,0,0,0,-19.6,-19.6,0.39
164638,SNS-1022,BTC-SEA-5022,SHP-2026-122,2026-08-25 02:03 UTC,-23.59,87.0,"GPS: 48.2900 N, -122.9900 W",94,FAIR,NORMAL,0,0,0,-23.59,-23.59,0.41
164639,SNS-1022,BTC-SEA-5022,SHP-2026-122,2026-08-25 02:18 UTC,-19.48,92.0,"GPS: 48.3000 N, -123.0000 W",93,FAIR,NORMAL,0,0,0,-19.48,-19.48,0.4
164640,SNS-1022,BTC-SEA-5022,SHP-2026-122,2026-08-25 02:33 UTC,-21.59,91.2,"GPS: 48.3100 N, -123.0100 W",93,EXCELLENT,NORMAL,0,0,0,-21.59,-21.59,0.42
164641,SNS-1022,BTC-SEA-5022,SHP-2026-122,2026-08-25 02:48 UTC,-20.8,95.8,"GPS: 48.3200 N, -123.0200 W",93,GOOD,NORMAL,0,0,0,-20.8,-20.8,0.42
164642,SNS-1022,BTC-SEA-5022,SHP-2026-122,2026-08-25 03:03 UTC,-21.8,86.7,"GPS: 48.3300 N, -123.0300 W",93,EXCELLENT,NORMAL,0,0,0,-21.8,-21.8,0.4
164643,SNS-1022,BTC-SEA-5022,SHP-2026-122,2026-08-25 03:18 UTC,-23.43,92.8,"GPS: 48.3400 N, -123.0400 W",93,FAIR,NORMAL,0,0,0,-23.43,-23.43,0.45
164644,SNS-1022,BTC-SEA-5022,SHP-2026-122,2026-08-25 03:33 UTC,-20.2,94.5,"GPS: 48.3500 N, -123.0500 W",93,FAIR,NORMAL,0,0,0,-20.2,-20.2,0.39
164645,SNS-1022,BTC-SEA-5022,SHP-2026-122,2026-08-25 03:48 UTC,-23.33,87.1,"GPS: 48.3600 N, -123.0600 W",93,FAIR,NORMAL,0,0,0,-23.33,-23.33,0.4
164646,SNS-1022,BTC-SEA-5022,SHP-2026-122,2026-08-25 04:03 UTC,-22.47,93.5,"GPS: 48.3700 N, -123.0700 W",93,FAIR,NORMAL,0,0,0,-22.47,-22.47,0.43
164647,SNS-1022,BTC-SEA-5022,SHP-2026-122,2026-08-25 04:18 UTC,-23.19,87.8,"GPS: 48.3800 N, -123.0800 W",93,GOOD,NORMAL,0,0,0,-23.19,-23.19,0.4
164648,SNS-1022,BTC-SEA-5022,SHP-2026-122,2026-08-25 04:33 UTC,-23.65,94.2,"GPS: 48.3900 N, -123.0900 W",93,GOOD,NORMAL,0,0,0,-23.65,-23.65,0.41
164649,SNS-1022,BTC-SEA-5022,SHP-2026-122,2026-08-25 04:48 UTC,-22.63,92.0,"GPS: 48.4000 N, -123.1000 W",92,FAIR,NORMAL,0,0,0,-22.63,-22.63,0.4
164650,SNS-1022,BTC-SEA-5022,SHP-2026-122,2026-08-25 05:03 UTC,-20.84,87.1,"GPS: 48.4100 N, -123.1100 W",92,GOOD,NORMAL,0,0,0,-20.84,-20.84,0.43
164651,SNS-1022,BTC-SEA-5022,SHP-2026-122,2026-08-25 05:18 UTC,-20.92,89.7,"GPS: 48.4200 N, -123.1200 W",92,FAIR,NORMAL,0,0,0,-20.92,-20.92,0.38
164652,SNS-1022,BTC-SEA-5022,SHP-2026-122,2026-08-25 05:33 UTC,-20.71,90.2,"GPS: 48.4300 N, -123.1300 W",92,GOOD,NORMAL,0,0,0,-20.71,-20.71,0.37
164653,SNS-1022,BTC-SEA-5022,SHP-2026-122,2026-08-25 05:48 UTC,-20.2,92.3,"GPS: 48.4400 N, -123.1400 W",92,GOOD,NORMAL,0,0,0,-20.2,-20.2,0.38
164654,SNS-1022,BTC-SEA-5022,SHP-2026-122,2026-08-25 06:03 UTC,-22.65,86.2,"GPS: 48.4500 N, -123.1500 W",92,FAIR,NORMAL,0,0,0,-22.65,-22.65,0.47
164655,SNS-1022,BTC-SEA-5022,SHP-2026-122,2026-08-25 06:18 UTC,-20.66,85.5,"GPS: 48.4600 N, -123.1600 W",92,FAIR,NORMAL,0,0,0,-20.66,-20.66,0.38
164656,SNS-1022,BTC-SEA-5022,SHP-2026-122,2026-08-25 06:33 UTC,-23.28,92.4,"GPS: 48.4700 N, -123.1700 W",92,EXCELLENT,NORMAL,0,0,0,-23.28,-23.28,0.43
164657,SNS-1022,BTC-SEA-5022,SHP-2026-122,2026-08-25 06:48 UTC,-22.58,92.8,"GPS: 48.4800 N, -123.1800 W",92,GOOD,NORMAL,0,0,0,-22.58,-22.58,0.4
164658,SNS-1022,BTC-SEA-5022,SHP-2026-122,2026-08-25 07:03 UTC,-23.0,95.8,"GPS: 48.4900 N, -123.1900 W",92,EXCELLENT,NORMAL,0,0,0,-23.0,-23.0,0.4
164659,SNS-1022,BTC-SEA-5022,SHP-2026-122,2026-08-25 07:18 UTC,-20.72,86.8,"GPS: 48.5000 N, -123.2000 W",91,FAIR,NORMAL,0,0,0,-20.72,-20.72,0.38
164660,SNS-1022,BTC-SEA-5022,SHP-2026-122,2026-08-25 07:33 UTC,-21.78,92.1,"GPS: 48.5100 N, -123.2100 W",91,GOOD,NORMAL,0,0,0,-21.78,-21.78,0.38
164661,SNS-1022,BTC-SEA-5022,SHP-2026-122,2026-08-25 07:48 UTC,-18.92,86.4,"GPS: 48.5200 N, -123.2200 W",91,EXCELLENT,NORMAL,0,0,0,-18.92,-18.92,0.46
164662,SNS-1022,BTC-SEA-5022,SHP-2026-122,2026-08-25 08:03 UTC,-18.38,85.5,"GPS: 48.5300 N, -123.2300 W",91,EXCELLENT,NORMAL,0,0,0,-18.38,-18.38,0.4
164663,SNS-1022,BTC-SEA-5022,SHP-2026-122,2026-08-25 08:18 UTC,-21.57,88.6,"GPS: 48.5400 N, -123.2400 W",91,EXCELLENT,NORMAL,0,0,0,-21.57,-21.57,0.39
164664,SNS-1022,BTC-SEA-5022,SHP-2026-122,2026-08-25 08:33 UTC,-22.55,86.4,"GPS: 48.5500 N, -123.2500 W",91,EXCELLENT,NORMAL,0,0,0,-22.55,-22.55,0.4
164665,SNS-1022,BTC-SEA-5022,SHP-2026-122,2026-08-25 08:48 UTC,-23.4,90.1,"GPS: 48.5600 N, -123.2600 W",91,FAIR,NORMAL,0,0,0,-23.4,-23.4,0.42
164666,SNS-1022,BTC-SEA-5022,SHP-2026-122,2026-08-25 09:03 UTC,-22.21,95.4,"GPS: 48.5700 N, -123.2700 W",91,GOOD,NORMAL,0,0,0,-22.21,-22.21,0.4
164667,SNS-1022,BTC-SEA-5022,SHP-2026-122,2026-08-25 09:18 UTC,-21.5,94.5,"GPS: 48.5800 N, -123.2800 W",91,GOOD,NORMAL,0,0,0,-21.5,-21.5,0.39
164668,SNS-1022,BTC-SEA-5022,SHP-2026-122,2026-08-25 09:33 UTC,-20.45,90.7,"GPS: 48.5900 N, -123.2900 W",91,FAIR,NORMAL,0,0,0,-20.45,-20.45,0.43
164669,SNS-1022,BTC-SEA-5022,SHP-2026-122,2026-08-25 09:48 UTC,-20.52,92.6,"GPS: 48.6000 N, -123.3000 W",90,FAIR,NORMAL,0,0,0,-20.52,-20.52,0.38
164670,SNS-1022,BTC-SEA-5022,SHP-2026-122,2026-08-25 10:03 UTC,-7.03,90.1,"GPS: 48.6100 N, -123.3100 W",90,GOOD,WARNING,0,0,0,-7.03,-7.03,0.48
164671,SNS-1022,BTC-SEA-5022,SHP-2026-122,2026-08-25 10:18 UTC,-21.56,94.1,"GPS: 48.6200 N, -123.3200 W",90,FAIR,NORMAL,0,0,0,-21.56,-21.56,0.39
164672,SNS-1022,BTC-SEA-5022,SHP-2026-122,2026-08-25 10:33 UTC,-2.82,88.0,"GPS: 48.6300 N, -123.3300 W",90,EXCELLENT,WARNING,0,0,0,-2.82,-2.82,0.43
164673,SNS-1022,BTC-SEA-5022,SHP-2026-122,2026-08-25 10:48 UTC,-22.84,88.3,"GPS: 48.6400 N, -123.3400 W",90,FAIR,NORMAL,0,0,0,-22.84,-22.84,0.41
164674,SNS-1022,BTC-SEA-5022,SHP-2026-122,2026-08-25 11:03 UTC,-22.79,86.0,"GPS: 48.6500 N, -123.3500 W",90,EXCELLENT,NORMAL,0,0,0,-22.79,-22.79,0.41
164675,SNS-1022,BTC-SEA-5022,SHP-2026-122,2026-08-25 11:18 UTC,-23.77,93.8,"GPS: 48.6600 N, -123.3600 W",90,GOOD,NORMAL,0,0,0,-23.77,-23.77,0.41
164676,SNS-1022,BTC-SEA-5022,SHP-2026-122,2026-08-25 11:33 UTC,-18.4,87.4,"GPS: 48.6700 N, -123.3700 W",90,EXCELLENT,NORMAL,0,0,0,-18.4,-18.4,0.46
164677,SNS-1022,BTC-SEA-5022,SHP-2026-122,2026-08-25 11:48 UTC,-21.5,95.0,"GPS: 48.6800 N, -123.3800 W",90,EXCELLENT,NORMAL,0,0,0,-21.5,-21.5,0.42
164678,SNS-1022,BTC-SEA-5022,SHP-2026-122,2026-08-25 12:03 UTC,-22.2,90.5,"GPS: 48.6900 N, -123.3900 W",90,FAIR,NORMAL,0,0,0,-22.2,-22.2,0.41
164679,SNS-1022,BTC-SEA-5022,SHP-2026-122,2026-08-25 12:18 UTC,-22.28,86.7,"GPS: 48.7000 N, -123.4000 W",89,EXCELLENT,NORMAL,0,0,0,-22.28,-22.28,0.41
164680,SNS-1022,BTC-SEA-5022,SHP-2026-122,2026-08-25 12:33 UTC,-22.44,90.0,"GPS: 48.7100 N, -123.4100 W",89,FAIR,NORMAL,0,0,0,-22.44,-22.44,0.42
164681,SNS-1022,BTC-SEA-5022,SHP-2026-122,2026-08-25 12:48 UTC,-22.58,87.5,"GPS: 48.7200 N, -123.4200 W",89,EXCELLENT,NORMAL,0,0,0,-22.58,-22.58,0.42
164682,SNS-1022,BTC-SEA-5022,SHP-2026-122,2026-08-25 13:03 UTC,-22.67,86.0,"GPS: 48.7300 N, -123.4300 W",89,EXCELLENT,NORMAL,0,0,0,-22.67,-22.67,0.44
164683,SNS-1022,BTC-SEA-5022,SHP-2026-122,2026-08-25 13:18 UTC,-20.7,86.6,"GPS: 48.7400 N, -123.4400 W",89,GOOD,NORMAL,0,0,0,-20.7,-20.7,0.47
164684,SNS-1022,BTC-SEA-5022,SHP-2026-122,2026-08-25 13:33 UTC,-19.29,93.2,"GPS: 48.7500 N, -123.4500 W",89,FAIR,NORMAL,0,0,0,-19.29,-19.29,0.46
164685,SNS-1022,BTC-SEA-5022,SHP-2026-122,2026-08-25 13:48 UTC,-15.06,85.4,"GPS: 48.7600 N, -123.4600 W",89,EXCELLENT,WARNING,0,0,0,-15.06,-15.06,0.47
164686,SNS-1022,BTC-SEA-5022,SHP-2026-122,2026-08-25 14:03 UTC,-20.1,86.6,"GPS: 48.7700 N, -123.4700 W",89,GOOD,NORMAL,0,0,0,-20.1,-20.1,0.43
164687,SNS-1022,BTC-SEA-5022,SHP-2026-122,2026-08-25 14:18 UTC,-20.04,90.7,"GPS: 48.7800 N, -123.4800 W",89,GOOD,NORMAL,0,0,0,-20.04,-20.04,0.4
164688,SNS-1022,BTC-SEA-5022,SHP-2026-122,2026-08-25 14:33 UTC,-20.64,90.0,"GPS: 48.7900 N, -123.4900 W",89,GOOD,NORMAL,0,0,0,-20.64,-20.64,0.4
164689,SNS-1022,BTC-SEA-5022,SHP-2026-122,2026-08-25 14:48 UTC,-22.02,90.6,"GPS: 48.8000 N, -123.5000 W",88,FAIR,NORMAL,0,0,0,-22.02,-22.02,0.42
164690,SNS-1022,BTC-SEA-5022,SHP-2026-122,2026-08-25 15:03 UTC,-23.57,93.8,"GPS: 48.8100 N, -123.5100 W",88,FAIR,NORMAL,0,0,0,-23.57,-23.57,0.5
164691,SNS-1022,BTC-SEA-5022,SHP-2026-122,2026-08-25 15:18 UTC,-20.49,93.7,"GPS: 48.8200 N, -123.5200 W",88,GOOD,NORMAL,0,0,0,-20.49,-20.49,0.41
164692,SNS-1022,BTC-SEA-5022,SHP-2026-122,2026-08-25 15:33 UTC,-20.12,94.2,"GPS: 48.8300 N, -123.5300 W",88,FAIR,NORMAL,0,0,0,-20.12,-20.12,0.41
164693,SNS-1022,BTC-SEA-5022,SHP-2026-122,2026-08-25 15:48 UTC,-18.48,89.9,"GPS: 48.8400 N, -123.5400 W",88,GOOD,NORMAL,0,0,0,-18.48,-18.48,0.44
164694,SNS-1022,BTC-SEA-5022,SHP-2026-122,2026-08-25 16:03 UTC,-20.28,88.0,"GPS: 48.8500 N, -123.5500 W",88,FAIR,NORMAL,0,0,0,-20.28,-20.28,0.45
164695,SNS-1022,BTC-SEA-5022,SHP-2026-122,2026-08-25 16:18 UTC,-20.38,87.7,"GPS: 48.8600 N, -123.5600 W",88,GOOD,WARNING,0,0,0,-20.38,-20.38,0.41
164696,SNS-1022,BTC-SEA-5022,SHP-2026-122,2026-08-25 16:33 UTC,-22.46,85.3,"GPS: 48.8700 N, -123.5700 W",88,FAIR,NORMAL,0,0,0,-22.46,-22.46,0.48
164697,SNS-1022,BTC-SEA-5022,SHP-2026-122,2026-08-25 16:48 UTC,-21.29,92.0,"GPS: 48.8800 N, -123.5800 W",88,EXCELLENT,NORMAL,0,0,0,-21.29,-21.29,0.41
164698,SNS-1022,BTC-SEA-5022,SHP-2026-122,2026-08-25 17:03 UTC,-18.63,89.9,"GPS: 48.8900 N, -123.5900 W",88,GOOD,NORMAL,0,0,0,-18.63,-18.63,0.46
164699,SNS-1022,BTC-SEA-5022,SHP-2026-122,2026-08-25 17:18 UTC,-18.39,91.2,"GPS: 48.9000 N, -123.6000 W",87,GOOD,NORMAL,0,0,0,-18.39,-18.39,0.45
164700,SNS-1022,BTC-SEA-5022,SHP-2026-122,2026-08-25 17:33 UTC,-18.29,89.2,"GPS: 48.9100 N, -123.6100 W",87,EXCELLENT,NORMAL,0,0,0,-18.29,-18.29,0.45
164701,SNS-1022,BTC-SEA-5022,SHP-2026-122,2026-08-25 17:48 UTC,-19.23,87.5,"GPS: 48.9200 N, -123.6200 W",87,FAIR,NORMAL,0,0,0,-19.23,-19.23,0.51
164702,SNS-1022,BTC-SEA-5022,SHP-2026-122,2026-08-25 18:03 UTC,-22.32,93.8,"GPS: 48.9300 N, -123.6300 W",87,FAIR,NORMAL,0,0,0,-22.32,-22.32,0.52
164703,SNS-1022,BTC-SEA-5022,SHP-2026-122,2026-08-25 18:18 UTC,-21.91,91.9,"GPS: 48.9400 N, -123.6400 W",87,GOOD,NORMAL,0,0,0,-21.91,-21.91,0.46
164704,SNS-1022,BTC-SEA-5022,SHP-2026-122,2026-08-25 18:33 UTC,-19.78,93.7,"GPS: 48.9500 N, -123.6500 W",87,GOOD,NORMAL,0,0,0,-19.78,-19.78,0.46
164705,SNS-1023,BTC-SEA-5023,SHP-2026-123,2026-08-24 10:48 UTC,1.26,86.2,"GPS: 47.6000 N, -122.3000 W",100,FAIR,NORMAL,0,0,0,1.26,1.26,0.49
164706,SNS-1023,BTC-SEA-5023,SHP-2026-123,2026-08-24 11:03 UTC,4.15,85.4,"GPS: 47.6100 N, -122.3100 W",100,FAIR,NORMAL,0,0,0,4.15,4.15,0.43
164707,SNS-1023,BTC-SEA-5023,SHP-2026-123,2026-08-24 11:18 UTC,1.76,94.5,"GPS: 47.6200 N, -122.3200 W",100,GOOD,NORMAL,0,0,0,1.76,1.76,0.41
164708,SNS-1023,BTC-SEA-5023,SHP-2026-123,2026-08-24 11:33 UTC,2.42,91.2,"GPS: 47.6300 N, -122.3300 W",100,GOOD,NORMAL,0,0,0,2.42,2.42,0.48
164709,SNS-1023,BTC-SEA-5023,SHP-2026-123,2026-08-24 11:48 UTC,2.65,86.4,"GPS: 47.6400 N, -122.3400 W",100,GOOD,NORMAL,0,0,0,2.65,2.65,0.45
164710,SNS-1023,BTC-SEA-5023,SHP-2026-123,2026-08-24 12:03 UTC,3.18,86.6,"GPS: 47.6500 N, -122.3500 W",100,EXCELLENT,NORMAL,0,0,0,3.18,3.18,0.42
164711,SNS-1023,BTC-SEA-5023,SHP-2026-123,2026-08-24 12:18 UTC,-25.08,87.5,"GPS: 47.6600 N, -122.3600 W",100,EXCELLENT,WARNING,0,0,0,-25.08,-25.08,0.55
164712,SNS-1023,BTC-SEA-5023,SHP-2026-123,2026-08-24 12:33 UTC,4.35,93.5,"GPS: 47.6700 N, -122.3700 W",100,FAIR,NORMAL,0,0,0,4.35,4.35,0.42
164713,SNS-1023,BTC-SEA-5023,SHP-2026-123,2026-08-24 12:48 UTC,2.02,94.2,"GPS: 47.6800 N, -122.3800 W",100,FAIR,NORMAL,0,0,0,2.02,2.02,0.41
164714,SNS-1023,BTC-SEA-5023,SHP-2026-123,2026-08-24 13:03 UTC,3.44,86.5,"GPS: 47.6900 N, -122.3900 W",100,EXCELLENT,NORMAL,0,0,0,3.44,3.44,0.41
164715,SNS-1023,BTC-SEA-5023,SHP-2026-123,2026-08-24 13:18 UTC,1.27,85.5,"GPS: 47.7000 N, -122.4000 W",99,GOOD,NORMAL,0,0,0,1.27,1.27,0.41
164716,SNS-1023,BTC-SEA-5023,SHP-2026-123,2026-08-24 13:33 UTC,3.12,92.2,"GPS: 47.7100 N, -122.4100 W",99,FAIR,NORMAL,0,0,0,3.12,3.12,0.42
164717,SNS-1023,BTC-SEA-5023,SHP-2026-123,2026-08-24 13:48 UTC,1.45,90.8,"GPS: 47.7200 N, -122.4200 W",99,GOOD,NORMAL,0,0,0,1.45,1.45,0.4
164718,SNS-1023,BTC-SEA-5023,SHP-2026-123,2026-08-24 14:03 UTC,2.22,85.6,"GPS: 47.7300 N, -122.4300 W",99,FAIR,NORMAL,0,0,0,2.22,2.22,0.44
164719,SNS-1023,BTC-SEA-5023,SHP-2026-123,2026-08-24 14:18 UTC,4.27,86.2,"GPS: 47.7400 N, -122.4400 W",99,FAIR,NORMAL,0,0,0,4.27,4.27,0.46
164720,SNS-1023,BTC-SEA-5023,SHP-2026-123,2026-08-24 14:33 UTC,1.27,89.2,"GPS: 47.7500 N, -122.4500 W",99,GOOD,NORMAL,0,0,0,1.27,1.27,0.4
164721,SNS-1023,BTC-SEA-5023,SHP-2026-123,2026-08-24 14:48 UTC,4.42,85.5,"GPS: 47.7600 N, -122.4600 W",99,GOOD,NORMAL,0,0,0,4.42,4.42,0.41
164722,SNS-1023,BTC-SEA-5023,SHP-2026-123,2026-08-24 15:03 UTC,2.67,86.1,"GPS: 47.7700 N, -122.4700 W",99,GOOD,NORMAL,0,0,0,2.67,2.67,0.42
164723,SNS-1023,BTC-SEA-5023,SHP-2026-123,2026-08-24 15:18 UTC,4.59,93.6,"GPS: 47.7800 N, -122.4800 W",99,EXCELLENT,NORMAL,0,0,0,4.59,4.59,0.4
164724,SNS-1023,BTC-SEA-5023,SHP-2026-123,2026-08-24 15:33 UTC,4.08,88.7,"GPS: 47.7900 N, -122.4900 W",99,GOOD,NORMAL,0,0,0,4.08,4.08,0.39
164725,SNS-1023,BTC-SEA-5023,SHP-2026-123,2026-08-24 15:48 UTC,2.01,90.5,"GPS: 47.8000 N, -122.5000 W",98,GOOD,NORMAL,0,0,0,2.01,2.01,0.41
164726,SNS-1023,BTC-SEA-5023,SHP-2026-123,2026-08-24 16:03 UTC,2.64,86.7,"GPS: 47.8100 N, -122.5100 W",98,GOOD,NORMAL,0,0,0,2.64,2.64,0.37
164727,SNS-1023,BTC-SEA-5023,SHP-2026-123,2026-08-24 16:18 UTC,2.05,95.0,"GPS: 47.8200 N, -122.5200 W",98,EXCELLENT,NORMAL,0,0,0,2.05,2.05,0.38
164728,SNS-1023,BTC-SEA-5023,SHP-2026-123,2026-08-24 16:33 UTC,4.02,92.4,"GPS: 47.8300 N, -122.5300 W",98,GOOD,NORMAL,0,0,0,4.02,4.02,0.39
164729,SNS-1023,BTC-SEA-5023,SHP-2026-123,2026-08-24 16:48 UTC,4.32,93.6,"GPS: 47.8400 N, -122.5400 W",98,FAIR,NORMAL,0,0,0,4.32,4.32,0.4
164730,SNS-1023,BTC-SEA-5023,SHP-2026-123,2026-08-24 17:03 UTC,3.52,92.6,"GPS: 47.8500 N, -122.5500 W",98,FAIR,NORMAL,0,0,0,3.52,3.52,0.4
164731,SNS-1023,BTC-SEA-5023,SHP-2026-123,2026-08-24 17:18 UTC,1.27,88.2,"GPS: 47.8600 N, -122.5600 W",98,EXCELLENT,NORMAL,0,0,0,1.27,1.27,0.42
164732,SNS-1023,BTC-SEA-5023,SHP-2026-123,2026-08-24 17:33 UTC,3.54,91.7,"GPS: 47.8700 N, -122.5700 W",98,FAIR,NORMAL,0,0,0,3.54,3.54,0.4
164733,SNS-1023,BTC-SEA-5023,SHP-2026-123,2026-08-24 17:48 UTC,1.86,91.7,"GPS: 47.8800 N, -122.5800 W",98,EXCELLENT,NORMAL,0,0,0,1.86,1.86,0.38
164734,SNS-1023,BTC-SEA-5023,SHP-2026-123,2026-08-24 18:03 UTC,3.31,94.7,"GPS: 47.8900 N, -122.5900 W",98,EXCELLENT,NORMAL,0,0,0,3.31,3.31,0.37
164735,SNS-1023,BTC-SEA-5023,SHP-2026-123,2026-08-24 18:18 UTC,2.26,93.9,"GPS: 47.9000 N, -122.6000 W",97,FAIR,NORMAL,0,0,0,2.26,2.26,0.39
164736,SNS-1023,BTC-SEA-5023,SHP-2026-123,2026-08-24 18:33 UTC,3.05,88.9,"GPS: 47.9100 N, -122.6100 W",97,FAIR,NORMAL,0,0,0,3.05,3.05,0.37
164737,SNS-1023,BTC-SEA-5023,SHP-2026-123,2026-08-24 18:48 UTC,2.17,90.1,"GPS: 47.9200 N, -122.6200 W",97,FAIR,NORMAL,0,0,0,2.17,2.17,0.36
164738,SNS-1023,BTC-SEA-5023,SHP-2026-123,2026-08-24 19:03 UTC,1.75,85.8,"GPS: 47.9300 N, -122.6300 W",97,GOOD,NORMAL,0,0,0,1.75,1.75,0.39
164739,SNS-1023,BTC-SEA-5023,SHP-2026-123,2026-08-24 19:18 UTC,4.14,93.9,"GPS: 47.9400 N, -122.6400 W",97,FAIR,NORMAL,0,0,0,4.14,4.14,0.45
164740,SNS-1023,BTC-SEA-5023,SHP-2026-123,2026-08-24 19:33 UTC,1.56,86.8,"GPS: 47.9500 N, -122.6500 W",97,GOOD,NORMAL,0,0,0,1.56,1.56,0.37
164741,SNS-1023,BTC-SEA-5023,SHP-2026-123,2026-08-24 19:48 UTC,1.54,87.6,"GPS: 47.9600 N, -122.6600 W",97,FAIR,NORMAL,0,0,0,1.54,1.54,0.37
164742,SNS-1023,BTC-SEA-5023,SHP-2026-123,2026-08-24 20:03 UTC,2.51,90.5,"GPS: 47.9700 N, -122.6700 W",97,FAIR,NORMAL,0,0,0,2.51,2.51,0.39
164743,SNS-1023,BTC-SEA-5023,SHP-2026-123,2026-08-24 20:18 UTC,1.91,90.8,"GPS: 47.9800 N, -122.6800 W",97,FAIR,NORMAL,0,0,0,1.91,1.91,0.37
164744,SNS-1023,BTC-SEA-5023,SHP-2026-123,2026-08-24 20:33 UTC,3.68,86.3,"GPS: 47.9900 N, -122.6900 W",97,EXCELLENT,NORMAL,0,0,0,3.68,3.68,0.45
164745,SNS-1023,BTC-SEA-5023,SHP-2026-123,2026-08-24 20:48 UTC,4.66,88.1,"GPS: 48.0000 N, -122.7000 W",96,GOOD,NORMAL,0,0,0,4.66,4.66,0.42
164746,SNS-1023,BTC-SEA-5023,SHP-2026-123,2026-08-24 21:03 UTC,2.87,93.4,"GPS: 48.0100 N, -122.7100 W",96,FAIR,NORMAL,0,0,0,2.87,2.87,0.37
164747,SNS-1023,BTC-SEA-5023,SHP-2026-123,2026-08-24 21:18 UTC,4.04,94.9,"GPS: 48.0200 N, -122.7200 W",96,EXCELLENT,NORMAL,0,0,0,4.04,4.04,0.36
164748,SNS-1023,BTC-SEA-5023,SHP-2026-123,2026-08-24 21:33 UTC,3.59,86.7,"GPS: 48.0300 N, -122.7300 W",96,EXCELLENT,NORMAL,0,0,0,3.59,3.59,0.38
164749,SNS-1023,BTC-SEA-5023,SHP-2026-123,2026-08-24 21:48 UTC,4.45,92.9,"GPS: 48.0400 N, -122.7400 W",96,EXCELLENT,NORMAL,0,0,0,4.45,4.45,0.38
164750,SNS-1023,BTC-SEA-5023,SHP-2026-123,2026-08-24 22:03 UTC,2.88,95.1,"GPS: 48.0500 N, -122.7500 W",96,EXCELLENT,NORMAL,0,0,0,2.88,2.88,0.37
164751,SNS-1023,BTC-SEA-5023,SHP-2026-123,2026-08-24 22:18 UTC,3.74,86.0,"GPS: 48.0600 N, -122.7600 W",96,GOOD,NORMAL,0,0,0,3.74,3.74,0.44
164752,SNS-1023,BTC-SEA-5023,SHP-2026-123,2026-08-24 22:33 UTC,4.43,88.3,"GPS: 48.0700 N, -122.7700 W",96,GOOD,NORMAL,0,0,0,4.43,4.43,0.38
164753,SNS-1023,BTC-SEA-5023,SHP-2026-123,2026-08-24 22:48 UTC,2.19,91.4,"GPS: 48.0800 N, -122.7800 W",96,EXCELLENT,NORMAL,0,0,0,2.19,2.19,0.41
164754,SNS-1023,BTC-SEA-5023,SHP-2026-123,2026-08-24 23:03 UTC,4.59,93.1,"GPS: 48.0900 N, -122.7900 W",96,GOOD,NORMAL,0,0,0,4.59,4.59,0.38
164755,SNS-1023,BTC-SEA-5023,SHP-2026-123,2026-08-24 23:18 UTC,4.47,92.8,"GPS: 48.1000 N, -122.8000 W",95,FAIR,NORMAL,0,0,0,4.47,4.47,0.37
164756,SNS-1023,BTC-SEA-5023,SHP-2026-123,2026-08-24 23:33 UTC,1.22,92.7,"GPS: 48.1100 N, -122.8100 W",95,FAIR,NORMAL,0,0,0,1.22,1.22,0.41
164757,SNS-1023,BTC-SEA-5023,SHP-2026-123,2026-08-24 23:48 UTC,2.56,93.9,"GPS: 48.1200 N, -122.8200 W",95,FAIR,NORMAL,0,0,0,2.56,2.56,0.37
164758,SNS-1023,BTC-SEA-5023,SHP-2026-123,2026-08-25 00:03 UTC,3.1,86.0,"GPS: 48.1300 N, -122.8300 W",95,EXCELLENT,NORMAL,0,0,0,3.1,3.1,0.41
164759,SNS-1023,BTC-SEA-5023,SHP-2026-123,2026-08-25 00:18 UTC,2.18,89.6,"GPS: 48.1400 N, -122.8400 W",95,GOOD,NORMAL,0,0,0,2.18,2.18,0.36
164760,SNS-1023,BTC-SEA-5023,SHP-2026-123,2026-08-25 00:33 UTC,3.57,89.0,"GPS: 48.1500 N, -122.8500 W",95,EXCELLENT,NORMAL,0,0,0,3.57,3.57,0.38
164761,SNS-1023,BTC-SEA-5023,SHP-2026-123,2026-08-25 00:48 UTC,4.77,95.4,"GPS: 48.1600 N, -122.8600 W",95,GOOD,NORMAL,0,0,0,4.77,4.77,0.43
164762,SNS-1023,BTC-SEA-5023,SHP-2026-123,2026-08-25 01:03 UTC,3.58,95.8,"GPS: 48.1700 N, -122.8700 W",95,FAIR,NORMAL,0,0,0,3.58,3.58,0.39
164763,SNS-1023,BTC-SEA-5023,SHP-2026-123,2026-08-25 01:18 UTC,2.5,93.7,"GPS: 48.1800 N, -122.8800 W",95,EXCELLENT,NORMAL,0,0,0,2.5,2.5,0.36
164764,SNS-1023,BTC-SEA-5023,SHP-2026-123,2026-08-25 01:33 UTC,2.68,86.3,"GPS: 48.1900 N, -122.8900 W",95,GOOD,NORMAL,0,0,0,2.68,2.68,0.37
164765,SNS-1023,BTC-SEA-5023,SHP-2026-123,2026-08-25 01:48 UTC,3.14,91.2,"GPS: 48.2000 N, -122.9000 W",94,FAIR,NORMAL,0,0,0,3.14,3.14,0.37
164766,SNS-1023,BTC-SEA-5023,SHP-2026-123,2026-08-25 02:03 UTC,-0.96,85.5,"GPS: 48.2100 N, -122.9100 W",94,EXCELLENT,WARNING,0,0,0,-0.96,-0.96,0.45
164767,SNS-1023,BTC-SEA-5023,SHP-2026-123,2026-08-25 02:18 UTC,4.34,89.4,"GPS: 48.2200 N, -122.9200 W",94,EXCELLENT,NORMAL,0,0,0,4.34,4.34,0.38
164768,SNS-1023,BTC-SEA-5023,SHP-2026-123,2026-08-25 02:33 UTC,4.42,92.3,"GPS: 48.2300 N, -122.9300 W",94,FAIR,NORMAL,0,0,0,4.42,4.42,0.37
164769,SNS-1023,BTC-SEA-5023,SHP-2026-123,2026-08-25 02:48 UTC,1.64,95.4,"GPS: 48.2400 N, -122.9400 W",94,FAIR,NORMAL,0,0,0,1.64,1.64,0.37
164770,SNS-1023,BTC-SEA-5023,SHP-2026-123,2026-08-25 03:03 UTC,-12.77,90.0,"GPS: 48.2500 N, -122.9500 W",94,FAIR,WARNING,0,0,0,-12.77,-12.77,0.48
164771,SNS-1023,BTC-SEA-5023,SHP-2026-123,2026-08-25 03:18 UTC,1.2,89.2,"GPS: 48.2600 N, -122.9600 W",94,FAIR,NORMAL,0,0,0,1.2,1.2,0.39
164772,SNS-1023,BTC-SEA-5023,SHP-2026-123,2026-08-25 03:33 UTC,2.81,92.5,"GPS: 48.2700 N, -122.9700 W",94,GOOD,NORMAL,0,0,0,2.81,2.81,0.35
164773,SNS-1023,BTC-SEA-5023,SHP-2026-123,2026-08-25 03:48 UTC,2.14,95.1,"GPS: 48.2800 N, -122.9800 W",94,EXCELLENT,NORMAL,0,0,0,2.14,2.14,0.35
164774,SNS-1023,BTC-SEA-5023,SHP-2026-123,2026-08-25 04:03 UTC,3.68,95.8,"GPS: 48.2900 N, -122.9900 W",94,GOOD,NORMAL,0,0,0,3.68,3.68,0.36
164775,SNS-1023,BTC-SEA-5023,SHP-2026-123,2026-08-25 04:18 UTC,1.53,88.5,"GPS: 48.3000 N, -123.0000 W",93,FAIR,NORMAL,0,0,0,1.53,1.53,0.37
164776,SNS-1023,BTC-SEA-5023,SHP-2026-123,2026-08-25 04:33 UTC,2.5,93.8,"GPS: 48.3100 N, -123.0100 W",93,FAIR,NORMAL,0,0,0,2.5,2.5,0.4
164777,SNS-1023,BTC-SEA-5023,SHP-2026-123,2026-08-25 04:48 UTC,1.41,95.2,"GPS: 48.3200 N, -123.0200 W",93,GOOD,NORMAL,0,0,0,1.41,1.41,0.37
164778,SNS-1023,BTC-SEA-5023,SHP-2026-123,2026-08-25 05:03 UTC,2.58,94.6,"GPS: 48.3300 N, -123.0300 W",93,EXCELLENT,NORMAL,0,0,0,2.58,2.58,0.37
164779,SNS-1023,BTC-SEA-5023,SHP-2026-123,2026-08-25 05:18 UTC,4.07,91.4,"GPS: 48.3400 N, -123.0400 W",93,GOOD,NORMAL,0,0,0,4.07,4.07,0.43
164780,SNS-1023,BTC-SEA-5023,SHP-2026-123,2026-08-25 05:33 UTC,2.45,87.9,"GPS: 48.3500 N, -123.0500 W",93,EXCELLENT,NORMAL,0,0,0,2.45,2.45,0.38
164781,SNS-1023,BTC-SEA-5023,SHP-2026-123,2026-08-25 05:48 UTC,3.82,89.0,"GPS: 48.3600 N, -123.0600 W",93,FAIR,NORMAL,0,0,0,3.82,3.82,0.36
164782,SNS-1023,BTC-SEA-5023,SHP-2026-123,2026-08-25 06:03 UTC,4.05,90.3,"GPS: 48.3700 N, -123.0700 W",93,GOOD,NORMAL,0,0,0,4.05,4.05,0.37
164783,SNS-1023,BTC-SEA-5023,SHP-2026-123,2026-08-25 06:18 UTC,3.97,85.4,"GPS: 48.3800 N, -123.0800 W",93,FAIR,NORMAL,0,0,0,3.97,3.97,0.37
164784,SNS-1023,BTC-SEA-5023,SHP-2026-123,2026-08-25 06:33 UTC,3.15,91.3,"GPS: 48.3900 N, -123.0900 W",93,GOOD,NORMAL,0,0,0,3.15,3.15,0.36
164785,SNS-1023,BTC-SEA-5023,SHP-2026-123,2026-08-25 06:48 UTC,2.32,91.7,"GPS: 48.4000 N, -123.1000 W",92,EXCELLENT,NORMAL,0,0,0,2.32,2.32,0.43
164786,SNS-1023,BTC-SEA-5023,SHP-2026-123,2026-08-25 07:03 UTC,3.57,86.2,"GPS: 48.4100 N, -123.1100 W",92,GOOD,NORMAL,0,0,0,3.57,3.57,0.38
164787,SNS-1023,BTC-SEA-5023,SHP-2026-123,2026-08-25 07:18 UTC,2.12,92.6,"GPS: 48.4200 N, -123.1200 W",92,EXCELLENT,NORMAL,0,0,0,2.12,2.12,0.38
164788,SNS-1023,BTC-SEA-5023,SHP-2026-123,2026-08-25 07:33 UTC,4.7,87.3,"GPS: 48.4300 N, -123.1300 W",92,GOOD,NORMAL,0,0,0,4.7,4.7,0.43
164789,SNS-1023,BTC-SEA-5023,SHP-2026-123,2026-08-25 07:48 UTC,-33.1,89.2,"GPS: 48.4400 N, -123.1400 W",92,EXCELLENT,WARNING,0,0,0,-33.1,-33.1,0.52
164790,SNS-1023,BTC-SEA-5023,SHP-2026-123,2026-08-25 08:03 UTC,2.34,86.0,"GPS: 48.4500 N, -123.1500 W",92,EXCELLENT,NORMAL,0,0,0,2.34,2.34,0.36
164791,SNS-1023,BTC-SEA-5023,SHP-2026-123,2026-08-25 08:18 UTC,1.66,88.1,"GPS: 48.4600 N, -123.1600 W",92,FAIR,NORMAL,0,0,0,1.66,1.66,0.36
164792,SNS-1023,BTC-SEA-5023,SHP-2026-123,2026-08-25 08:33 UTC,1.69,93.6,"GPS: 48.4700 N, -123.1700 W",92,FAIR,NORMAL,0,0,0,1.69,1.69,0.36
164793,SNS-1023,BTC-SEA-5023,SHP-2026-123,2026-08-25 08:48 UTC,4.12,95.2,"GPS: 48.4800 N, -123.1800 W",92,FAIR,NORMAL,0,0,0,4.12,4.12,0.37
164794,SNS-1023,BTC-SEA-5023,SHP-2026-123,2026-08-25 09:03 UTC,2.07,95.8,"GPS: 48.4900 N, -123.1900 W",92,EXCELLENT,NORMAL,0,0,0,2.07,2.07,0.37
164795,SNS-1023,BTC-SEA-5023,SHP-2026-123,2026-08-25 09:18 UTC,2.47,85.9,"GPS: 48.5000 N, -123.2000 W",91,FAIR,NORMAL,0,0,0,2.47,2.47,0.4
164796,SNS-1023,BTC-SEA-5023,SHP-2026-123,2026-08-25 09:33 UTC,3.18,87.6,"GPS: 48.5100 N, -123.2100 W",91,EXCELLENT,NORMAL,0,0,0,3.18,3.18,0.36
164797,SNS-1023,BTC-SEA-5023,SHP-2026-123,2026-08-25 09:48 UTC,3.0,95.1,"GPS: 48.5200 N, -123.2200 W",91,FAIR,NORMAL,0,0,0,3.0,3.0,0.41
164798,SNS-1023,BTC-SEA-5023,SHP-2026-123,2026-08-25 10:03 UTC,2.94,91.4,"GPS: 48.5300 N, -123.2300 W",91,FAIR,NORMAL,0,0,0,2.94,2.94,0.36
164799,SNS-1023,BTC-SEA-5023,SHP-2026-123,2026-08-25 10:18 UTC,2.9,93.3,"GPS: 48.5400 N, -123.2400 W",91,EXCELLENT,NORMAL,0,0,0,2.9,2.9,0.44
164800,SNS-1023,BTC-SEA-5023,SHP-2026-123,2026-08-25 10:33 UTC,3.66,89.8,"GPS: 48.5500 N, -123.2500 W",91,EXCELLENT,NORMAL,0,0,0,3.66,3.66,0.45
164801,SNS-1023,BTC-SEA-5023,SHP-2026-123,2026-08-25 10:48 UTC,1.32,94.4,"GPS: 48.5600 N, -123.2600 W",91,EXCELLENT,NORMAL,0,0,0,1.32,1.32,0.45
164802,SNS-1023,BTC-SEA-5023,SHP-2026-123,2026-08-25 11:03 UTC,3.08,90.3,"GPS: 48.5700 N, -123.2700 W",91,GOOD,NORMAL,0,0,0,3.08,3.08,0.36
164803,SNS-1023,BTC-SEA-5023,SHP-2026-123,2026-08-25 11:18 UTC,1.89,95.2,"GPS: 48.5800 N, -123.2800 W",91,EXCELLENT,NORMAL,0,0,0,1.89,1.89,0.37
164804,SNS-1023,BTC-SEA-5023,SHP-2026-123,2026-08-25 11:33 UTC,2.99,88.4,"GPS: 48.5900 N, -123.2900 W",91,FAIR,NORMAL,0,0,0,2.99,2.99,0.36
164805,SNS-1023,BTC-SEA-5023,SHP-2026-123,2026-08-25 11:48 UTC,4.15,88.5,"GPS: 48.6000 N, -123.3000 W",90,FAIR,NORMAL,0,0,0,4.15,4.15,0.42
164806,SNS-1023,BTC-SEA-5023,SHP-2026-123,2026-08-25 12:03 UTC,3.07,95.8,"GPS: 48.6100 N, -123.3100 W",90,GOOD,NORMAL,0,0,0,3.07,3.07,0.42
164807,SNS-1023,BTC-SEA-5023,SHP-2026-123,2026-08-25 12:18 UTC,1.61,92.0,"GPS: 48.6200 N, -123.3200 W",90,GOOD,NORMAL,0,0,0,1.61,1.61,0.38
164808,SNS-1023,BTC-SEA-5023,SHP-2026-123,2026-08-25 12:33 UTC,3.2,94.5,"GPS: 48.6300 N, -123.3300 W",90,GOOD,NORMAL,0,0,0,3.2,3.2,0.38
164809,SNS-1023,BTC-SEA-5023,SHP-2026-123,2026-08-25 12:48 UTC,32.42,87.7,"GPS: 48.6400 N, -123.3400 W",90,GOOD,WARNING,0,0,0,32.42,32.42,0.6
164810,SNS-1023,BTC-SEA-5023,SHP-2026-123,2026-08-25 13:03 UTC,3.62,92.8,"GPS: 48.6500 N, -123.3500 W",90,GOOD,NORMAL,0,0,0,3.62,3.62,0.37
164811,SNS-1023,BTC-SEA-5023,SHP-2026-123,2026-08-25 13:18 UTC,2.24,91.9,"GPS: 48.6600 N, -123.3600 W",90,EXCELLENT,NORMAL,0,0,0,2.24,2.24,0.37
164812,SNS-1023,BTC-SEA-5023,SHP-2026-123,2026-08-25 13:33 UTC,1.95,94.8,"GPS: 48.6700 N, -123.3700 W",90,GOOD,NORMAL,0,0,0,1.95,1.95,0.37
164813,SNS-1023,BTC-SEA-5023,SHP-2026-123,2026-08-25 13:48 UTC,2.08,85.6,"GPS: 48.6800 N, -123.3800 W",90,EXCELLENT,NORMAL,0,0,0,2.08,2.08,0.37
164814,SNS-1023,BTC-SEA-5023,SHP-2026-123,2026-08-25 14:03 UTC,2.41,90.8,"GPS: 48.6900 N, -123.3900 W",90,EXCELLENT,NORMAL,0,0,0,2.41,2.41,0.41
164815,SNS-1023,BTC-SEA-5023,SHP-2026-123,2026-08-25 14:18 UTC,3.54,87.4,"GPS: 48.7000 N, -123.4000 W",89,FAIR,NORMAL,0,0,0,3.54,3.54,0.47
164816,SNS-1023,BTC-SEA-5023,SHP-2026-123,2026-08-25 14:33 UTC,1.57,88.5,"GPS: 48.7100 N, -123.4100 W",89,FAIR,NORMAL,0,0,0,1.57,1.57,0.39
164817,SNS-1023,BTC-SEA-5023,SHP-2026-123,2026-08-25 14:48 UTC,4.04,87.4,"GPS: 48.7200 N, -123.4200 W",89,EXCELLENT,NORMAL,0,0,0,4.04,4.04,0.41
164818,SNS-1023,BTC-SEA-5023,SHP-2026-123,2026-08-25 15:03 UTC,4.41,87.1,"GPS: 48.7300 N, -123.4300 W",89,GOOD,NORMAL,0,0,0,4.41,4.41,0.4
164819,SNS-1023,BTC-SEA-5023,SHP-2026-123,2026-08-25 15:18 UTC,2.62,86.2,"GPS: 48.7400 N, -123.4400 W",89,GOOD,NORMAL,0,0,0,2.62,2.62,0.38
164820,SNS-1023,BTC-SEA-5023,SHP-2026-123,2026-08-25 15:33 UTC,4.49,89.5,"GPS: 48.7500 N, -123.4500 W",89,EXCELLENT,NORMAL,0,0,0,4.49,4.49,0.39
164821,SNS-1023,BTC-SEA-5023,SHP-2026-123,2026-08-25 15:48 UTC,1.65,95.1,"GPS: 48.7600 N, -123.4600 W",89,GOOD,NORMAL,0,0,0,1.65,1.65,0.43
164822,SNS-1023,BTC-SEA-5023,SHP-2026-123,2026-08-25 16:03 UTC,4.52,88.0,"GPS: 48.7700 N, -123.4700 W",89,FAIR,NORMAL,0,0,0,4.52,4.52,0.4
164823,SNS-1023,BTC-SEA-5023,SHP-2026-123,2026-08-25 16:18 UTC,1.23,85.8,"GPS: 48.7800 N, -123.4800 W",89,EXCELLENT,NORMAL,0,0,0,1.23,1.23,0.39
164824,SNS-1023,BTC-SEA-5023,SHP-2026-123,2026-08-25 16:33 UTC,3.28,91.3,"GPS: 48.7900 N, -123.4900 W",89,GOOD,NORMAL,0,0,0,3.28,3.28,0.42
164825,SNS-1023,BTC-SEA-5023,SHP-2026-123,2026-08-25 16:48 UTC,3.72,91.1,"GPS: 48.8000 N, -123.5000 W",88,GOOD,NORMAL,0,0,0,3.72,3.72,0.39
164826,SNS-1023,BTC-SEA-5023,SHP-2026-123,2026-08-25 17:03 UTC,2.89,86.7,"GPS: 48.8100 N, -123.5100 W",88,FAIR,NORMAL,0,0,0,2.89,2.89,0.43
164827,SNS-1023,BTC-SEA-5023,SHP-2026-123,2026-08-25 17:18 UTC,3.66,95.6,"GPS: 48.8200 N, -123.5200 W",88,GOOD,NORMAL,0,0,0,3.66,3.66,0.39
164828,SNS-1023,BTC-SEA-5023,SHP-2026-123,2026-08-25 17:33 UTC,1.21,88.8,"GPS: 48.8300 N, -123.5300 W",88,GOOD,NORMAL,0,0,0,1.21,1.21,0.47
164829,SNS-1023,BTC-SEA-5023,SHP-2026-123,2026-08-25 17:48 UTC,3.16,92.9,"GPS: 48.8400 N, -123.5400 W",88,EXCELLENT,NORMAL,0,0,0,3.16,3.16,0.42
164830,SNS-1023,BTC-SEA-5023,SHP-2026-123,2026-08-25 18:03 UTC,1.68,95.6,"GPS: 48.8500 N, -123.5500 W",88,GOOD,NORMAL,0,0,0,1.68,1.68,0.39
164831,SNS-1023,BTC-SEA-5023,SHP-2026-123,2026-08-25 18:18 UTC,1.82,91.5,"GPS: 48.8600 N, -123.5600 W",88,FAIR,NORMAL,0,0,0,1.82,1.82,0.39
164832,SNS-1023,BTC-SEA-5023,SHP-2026-123,2026-08-25 18:33 UTC,4.42,94.5,"GPS: 48.8700 N, -123.5700 W",88,EXCELLENT,NORMAL,0,0,0,4.42,4.42,0.47
164833,SNS-1023,BTC-SEA-5023,SHP-2026-123,2026-08-25 18:48 UTC,4.18,92.4,"GPS: 48.8800 N, -123.5800 W",88,EXCELLENT,NORMAL,0,0,0,4.18,4.18,0.4
164834,SNS-1023,BTC-SEA-5023,SHP-2026-123,2026-08-25 19:03 UTC,3.08,90.0,"GPS: 48.8900 N, -123.5900 W",88,GOOD,NORMAL,0,0,0,3.08,3.08,0.45
164835,SNS-1023,BTC-SEA-5023,SHP-2026-123,2026-08-25 19:18 UTC,2.94,89.1,"GPS: 48.9000 N, -123.6000 W",87,GOOD,NORMAL,0,0,0,2.94,2.94,0.44
164836,SNS-1023,BTC-SEA-5023,SHP-2026-123,2026-08-25 19:33 UTC,1.94,94.3,"GPS: 48.9100 N, -123.6100 W",87,GOOD,NORMAL,0,0,0,1.94,1.94,0.48
164837,SNS-1023,BTC-SEA-5023,SHP-2026-123,2026-08-25 19:48 UTC,2.36,95.2,"GPS: 48.9200 N, -123.6200 W",87,EXCELLENT,NORMAL,0,0,0,2.36,2.36,0.44
164838,SNS-1023,BTC-SEA-5023,SHP-2026-123,2026-08-25 20:03 UTC,3.72,90.1,"GPS: 48.9300 N, -123.6300 W",87,EXCELLENT,NORMAL,0,0,0,3.72,3.72,0.48
164839,SNS-1023,BTC-SEA-5023,SHP-2026-123,2026-08-25 20:18 UTC,4.29,89.6,"GPS: 48.9400 N, -123.6400 W",87,EXCELLENT,NORMAL,0,0,0,4.29,4.29,0.48
164840,SNS-1023,BTC-SEA-5023,SHP-2026-123,2026-08-25 20:33 UTC,2.01,95.6,"GPS: 48.9500 N, -123.6500 W",87,FAIR,NORMAL,0,0,0,2.01,2.01,0.43
164841,SNS-1024,BTC-SEA-5024,SHP-2026-124,2026-08-24 12:48 UTC,-18.82,92.5,"GPS: 47.6000 N, -122.3000 W",100,EXCELLENT,NORMAL,0,0,0,-18.82,-18.82,0.5
164842,SNS-1024,BTC-SEA-5024,SHP-2026-124,2026-08-24 13:03 UTC,-21.02,91.6,"GPS: 47.6100 N, -122.3100 W",100,FAIR,NORMAL,0,0,0,-21.02,-21.02,0.44
164843,SNS-1024,BTC-SEA-5024,SHP-2026-124,2026-08-24 13:18 UTC,-18.37,90.8,"GPS: 47.6200 N, -122.3200 W",100,GOOD,NORMAL,0,0,0,-18.37,-18.37,0.44
164844,SNS-1024,BTC-SEA-5024,SHP-2026-124,2026-08-24 13:33 UTC,-19.91,85.8,"GPS: 47.6300 N, -122.3300 W",100,FAIR,NORMAL,0,0,0,-19.91,-19.91,0.44
164845,SNS-1024,BTC-SEA-5024,SHP-2026-124,2026-08-24 13:48 UTC,4.58,91.7,"GPS: 47.6400 N, -122.3400 W",100,EXCELLENT,WARNING,0,0,0,4.58,4.58,0.52
164846,SNS-1024,BTC-SEA-5024,SHP-2026-124,2026-08-24 14:03 UTC,-19.11,90.2,"GPS: 47.6500 N, -122.3500 W",100,GOOD,NORMAL,0,0,0,-19.11,-19.11,0.43
164847,SNS-1024,BTC-SEA-5024,SHP-2026-124,2026-08-24 14:18 UTC,32.91,94.4,"GPS: 47.6600 N, -122.3600 W",100,EXCELLENT,WARNING,0,0,0,32.91,32.91,0.61
164848,SNS-1024,BTC-SEA-5024,SHP-2026-124,2026-08-24 14:33 UTC,-21.26,93.0,"GPS: 47.6700 N, -122.3700 W",100,EXCELLENT,NORMAL,0,0,0,-21.26,-21.26,0.44
164849,SNS-1024,BTC-SEA-5024,SHP-2026-124,2026-08-24 14:48 UTC,-20.01,89.1,"GPS: 47.6800 N, -122.3800 W",100,EXCELLENT,NORMAL,0,0,0,-20.01,-20.01,0.43
164850,SNS-1024,BTC-SEA-5024,SHP-2026-124,2026-08-24 15:03 UTC,-19.24,89.4,"GPS: 47.6900 N, -122.3900 W",100,EXCELLENT,NORMAL,0,0,0,-19.24,-19.24,0.43
164851,SNS-1024,BTC-SEA-5024,SHP-2026-124,2026-08-24 15:18 UTC,-21.39,93.4,"GPS: 47.7000 N, -122.4000 W",99,GOOD,NORMAL,0,0,0,-21.39,-21.39,0.4
164852,SNS-1024,BTC-SEA-5024,SHP-2026-124,2026-08-24 15:33 UTC,-20.2,88.6,"GPS: 47.7100 N, -122.4100 W",99,GOOD,NORMAL,0,0,0,-20.2,-20.2,0.43
164853,SNS-1024,BTC-SEA-5024,SHP-2026-124,2026-08-24 15:48 UTC,-20.23,93.3,"GPS: 47.7200 N, -122.4200 W",99,GOOD,NORMAL,0,0,0,-20.23,-20.23,0.47
164854,SNS-1024,BTC-SEA-5024,SHP-2026-124,2026-08-24 16:03 UTC,-21.31,89.1,"GPS: 47.7300 N, -122.4300 W",99,GOOD,NORMAL,0,0,0,-21.31,-21.31,0.42
164855,SNS-1024,BTC-SEA-5024,SHP-2026-124,2026-08-24 16:18 UTC,-21.27,90.7,"GPS: 47.7400 N, -122.4400 W",99,EXCELLENT,NORMAL,0,0,0,-21.27,-21.27,0.41
164856,SNS-1024,BTC-SEA-5024,SHP-2026-124,2026-08-24 16:33 UTC,-21.07,88.2,"GPS: 47.7500 N, -122.4500 W",99,FAIR,NORMAL,0,0,0,-21.07,-21.07,0.4
164857,SNS-1024,BTC-SEA-5024,SHP-2026-124,2026-08-24 16:48 UTC,-18.67,94.2,"GPS: 47.7600 N, -122.4600 W",99,FAIR,NORMAL,0,0,0,-18.67,-18.67,0.49
164858,SNS-1024,BTC-SEA-5024,SHP-2026-124,2026-08-24 17:03 UTC,-21.36,85.4,"GPS: 47.7700 N, -122.4700 W",99,EXCELLENT,NORMAL,0,0,0,-21.36,-21.36,0.4
164859,SNS-1024,BTC-SEA-5024,SHP-2026-124,2026-08-24 17:18 UTC,-20.23,85.6,"GPS: 47.7800 N, -122.4800 W",99,GOOD,NORMAL,0,0,0,-20.23,-20.23,0.43
164860,SNS-1024,BTC-SEA-5024,SHP-2026-124,2026-08-24 17:33 UTC,-21.08,93.0,"GPS: 47.7900 N, -122.4900 W",99,FAIR,NORMAL,0,0,0,-21.08,-21.08,0.4
164861,SNS-1024,BTC-SEA-5024,SHP-2026-124,2026-08-24 17:48 UTC,-19.21,95.0,"GPS: 47.8000 N, -122.5000 W",98,FAIR,NORMAL,0,0,0,-19.21,-19.21,0.39
164862,SNS-1024,BTC-SEA-5024,SHP-2026-124,2026-08-24 18:03 UTC,-21.71,94.9,"GPS: 47.8100 N, -122.5100 W",98,GOOD,NORMAL,0,0,0,-21.71,-21.71,0.42
164863,SNS-1024,BTC-SEA-5024,SHP-2026-124,2026-08-24 18:18 UTC,-19.41,90.1,"GPS: 47.8200 N, -122.5200 W",98,EXCELLENT,NORMAL,0,0,0,-19.41,-19.41,0.4
164864,SNS-1024,BTC-SEA-5024,SHP-2026-124,2026-08-24 18:33 UTC,-21.57,88.2,"GPS: 47.8300 N, -122.5300 W",98,FAIR,NORMAL,0,0,0,-21.57,-21.57,0.41
164865,SNS-1024,BTC-SEA-5024,SHP-2026-124,2026-08-24 18:48 UTC,-21.68,92.9,"GPS: 47.8400 N, -122.5400 W",98,EXCELLENT,NORMAL,0,0,0,-21.68,-21.68,0.41
164866,SNS-1024,BTC-SEA-5024,SHP-2026-124,2026-08-24 19:03 UTC,-21.41,93.4,"GPS: 47.8500 N, -122.5500 W",98,EXCELLENT,NORMAL,0,0,0,-21.41,-21.41,0.42
164867,SNS-1024,BTC-SEA-5024,SHP-2026-124,2026-08-24 19:18 UTC,-20.2,85.9,"GPS: 47.8600 N, -122.5600 W",98,GOOD,NORMAL,0,0,0,-20.2,-20.2,0.4
164868,SNS-1024,BTC-SEA-5024,SHP-2026-124,2026-08-24 19:33 UTC,-20.51,90.7,"GPS: 47.8700 N, -122.5700 W",98,GOOD,NORMAL,0,0,0,-20.51,-20.51,0.4
164869,SNS-1024,BTC-SEA-5024,SHP-2026-124,2026-08-24 19:48 UTC,-19.13,96.0,"GPS: 47.8800 N, -122.5800 W",98,EXCELLENT,NORMAL,0,0,0,-19.13,-19.13,0.45
164870,SNS-1024,BTC-SEA-5024,SHP-2026-124,2026-08-24 20:03 UTC,-18.91,93.1,"GPS: 47.8900 N, -122.5900 W",98,EXCELLENT,NORMAL,0,0,0,-18.91,-18.91,0.41
164871,SNS-1024,BTC-SEA-5024,SHP-2026-124,2026-08-24 20:18 UTC,-20.61,94.2,"GPS: 47.9000 N, -122.6000 W",97,EXCELLENT,NORMAL,0,0,0,-20.61,-20.61,0.39
164872,SNS-1024,BTC-SEA-5024,SHP-2026-124,2026-08-24 20:33 UTC,-18.64,91.8,"GPS: 47.9100 N, -122.6100 W",97,FAIR,NORMAL,0,0,0,-18.64,-18.64,0.4
164873,SNS-1024,BTC-SEA-5024,SHP-2026-124,2026-08-24 20:48 UTC,-19.58,86.1,"GPS: 47.9200 N, -122.6200 W",97,GOOD,NORMAL,0,0,0,-19.58,-19.58,0.41
164874,SNS-1024,BTC-SEA-5024,SHP-2026-124,2026-08-24 21:03 UTC,-20.77,88.0,"GPS: 47.9300 N, -122.6300 W",97,FAIR,NORMAL,0,0,0,-20.77,-20.77,0.4
164875,SNS-1024,BTC-SEA-5024,SHP-2026-124,2026-08-24 21:18 UTC,-18.71,89.9,"GPS: 47.9400 N, -122.6400 W",97,GOOD,NORMAL,0,0,0,-18.71,-18.71,0.4
164876,SNS-1024,BTC-SEA-5024,SHP-2026-124,2026-08-24 21:33 UTC,-21.75,93.2,"GPS: 47.9500 N, -122.6500 W",97,FAIR,NORMAL,0,0,0,-21.75,-21.75,0.43
164877,SNS-1024,BTC-SEA-5024,SHP-2026-124,2026-08-24 21:48 UTC,-20.32,87.5,"GPS: 47.9600 N, -122.6600 W",97,FAIR,NORMAL,0,0,0,-20.32,-20.32,0.45
164878,SNS-1024,BTC-SEA-5024,SHP-2026-124,2026-08-24 22:03 UTC,-21.12,90.7,"GPS: 47.9700 N, -122.6700 W",97,EXCELLENT,NORMAL,0,0,0,-21.12,-21.12,0.38
164879,SNS-1024,BTC-SEA-5024,SHP-2026-124,2026-08-24 22:18 UTC,-21.26,89.8,"GPS: 47.9800 N, -122.6800 W",97,FAIR,NORMAL,0,0,0,-21.26,-21.26,0.39
164880,SNS-1024,BTC-SEA-5024,SHP-2026-124,2026-08-24 22:33 UTC,-21.53,86.4,"GPS: 47.9900 N, -122.6900 W",97,GOOD,NORMAL,0,0,0,-21.53,-21.53,0.39
164881,SNS-1024,BTC-SEA-5024,SHP-2026-124,2026-08-24 22:48 UTC,-21.56,88.6,"GPS: 48.0000 N, -122.7000 W",96,GOOD,NORMAL,0,0,0,-21.56,-21.56,0.39
164882,SNS-1024,BTC-SEA-5024,SHP-2026-124,2026-08-24 23:03 UTC,-19.53,93.4,"GPS: 48.0100 N, -122.7100 W",96,GOOD,NORMAL,0,0,0,-19.53,-19.53,0.46
164883,SNS-1024,BTC-SEA-5024,SHP-2026-124,2026-08-24 23:18 UTC,-20.5,91.7,"GPS: 48.0200 N, -122.7200 W",96,GOOD,NORMAL,0,0,0,-20.5,-20.5,0.38
164884,SNS-1024,BTC-SEA-5024,SHP-2026-124,2026-08-24 23:33 UTC,-20.95,91.5,"GPS: 48.0300 N, -122.7300 W",96,FAIR,NORMAL,0,0,0,-20.95,-20.95,0.43
164885,SNS-1024,BTC-SEA-5024,SHP-2026-124,2026-08-24 23:48 UTC,-19.95,86.1,"GPS: 48.0400 N, -122.7400 W",96,EXCELLENT,NORMAL,0,0,0,-19.95,-19.95,0.38
164886,SNS-1024,BTC-SEA-5024,SHP-2026-124,2026-08-25 00:03 UTC,24.98,88.4,"GPS: 48.0500 N, -122.7500 W",96,GOOD,WARNING,0,0,0,24.98,24.98,0.58
164887,SNS-1024,BTC-SEA-5024,SHP-2026-124,2026-08-25 00:18 UTC,-20.33,92.8,"GPS: 48.0600 N, -122.7600 W",96,FAIR,NORMAL,0,0,0,-20.33,-20.33,0.37
164888,SNS-1024,BTC-SEA-5024,SHP-2026-124,2026-08-25 00:33 UTC,-18.39,89.9,"GPS: 48.0700 N, -122.7700 W",96,FAIR,NORMAL,0,0,0,-18.39,-18.39,0.4
164889,SNS-1024,BTC-SEA-5024,SHP-2026-124,2026-08-25 00:48 UTC,-19.76,92.8,"GPS: 48.0800 N, -122.7800 W",96,EXCELLENT,NORMAL,0,0,0,-19.76,-19.76,0.38
164890,SNS-1024,BTC-SEA-5024,SHP-2026-124,2026-08-25 01:03 UTC,-19.35,90.3,"GPS: 48.0900 N, -122.7900 W",96,GOOD,NORMAL,0,0,0,-19.35,-19.35,0.38
164891,SNS-1024,BTC-SEA-5024,SHP-2026-124,2026-08-25 01:18 UTC,-18.73,93.1,"GPS: 48.1000 N, -122.8000 W",95,EXCELLENT,NORMAL,0,0,0,-18.73,-18.73,0.37
164892,SNS-1024,BTC-SEA-5024,SHP-2026-124,2026-08-25 01:33 UTC,-18.58,95.3,"GPS: 48.1100 N, -122.8100 W",95,FAIR,NORMAL,0,0,0,-18.58,-18.58,0.38
164893,SNS-1024,BTC-SEA-5024,SHP-2026-124,2026-08-25 01:48 UTC,-21.5,94.2,"GPS: 48.1200 N, -122.8200 W",95,FAIR,NORMAL,0,0,0,-21.5,-21.5,0.45
164894,SNS-1024,BTC-SEA-5024,SHP-2026-124,2026-08-25 02:03 UTC,-21.03,92.6,"GPS: 48.1300 N, -122.8300 W",95,GOOD,NORMAL,0,0,0,-21.03,-21.03,0.38
164895,SNS-1024,BTC-SEA-5024,SHP-2026-124,2026-08-25 02:18 UTC,-19.35,86.5,"GPS: 48.1400 N, -122.8400 W",95,GOOD,NORMAL,0,0,0,-19.35,-19.35,0.39
164896,SNS-1024,BTC-SEA-5024,SHP-2026-124,2026-08-25 02:33 UTC,-11.23,89.5,"GPS: 48.1500 N, -122.8500 W",95,EXCELLENT,CRITICAL,0,0,0,-11.23,-11.23,0.48
164897,SNS-1024,BTC-SEA-5024,SHP-2026-124,2026-08-25 02:48 UTC,-15.48,86.6,"GPS: 48.1600 N, -122.8600 W",95,GOOD,CRITICAL,0,0,0,-15.48,-15.48,0.4
164898,SNS-1024,BTC-SEA-5024,SHP-2026-124,2026-08-25 03:03 UTC,-14.5,85.4,"GPS: 48.1700 N, -122.8700 W",95,GOOD,CRITICAL,0,0,0,-14.5,-14.5,0.4
164899,SNS-1024,BTC-SEA-5024,SHP-2026-124,2026-08-25 03:18 UTC,-12.22,90.9,"GPS: 48.1800 N, -122.8800 W",95,FAIR,CRITICAL,0,0,0,-12.22,-12.22,0.41
164900,SNS-1024,BTC-SEA-5024,SHP-2026-124,2026-08-25 03:33 UTC,-13.03,95.8,"GPS: 48.1900 N, -122.8900 W",95,FAIR,CRITICAL,0,0,0,-13.03,-13.03,0.45
164901,SNS-1024,BTC-SEA-5024,SHP-2026-124,2026-08-25 03:48 UTC,-12.26,94.7,"GPS: 48.2000 N, -122.9000 W",94,EXCELLENT,CRITICAL,0,0,0,-12.26,-12.26,0.41
164902,SNS-1024,BTC-SEA-5024,SHP-2026-124,2026-08-25 04:03 UTC,-12.52,93.1,"GPS: 48.2100 N, -122.9100 W",94,GOOD,CRITICAL,0,0,0,-12.52,-12.52,0.41
164903,SNS-1024,BTC-SEA-5024,SHP-2026-124,2026-08-25 04:18 UTC,-12.67,87.3,"GPS: 48.2200 N, -122.9200 W",94,GOOD,CRITICAL,0,0,0,-12.67,-12.67,0.42
164904,SNS-1024,BTC-SEA-5024,SHP-2026-124,2026-08-25 04:33 UTC,-12.28,87.3,"GPS: 48.2300 N, -122.9300 W",94,FAIR,CRITICAL,0,0,0,-12.28,-12.28,0.41
164905,SNS-1024,BTC-SEA-5024,SHP-2026-124,2026-08-25 04:48 UTC,-14.61,86.4,"GPS: 48.2400 N, -122.9400 W",94,GOOD,CRITICAL,0,0,0,-14.61,-14.61,0.48
164906,SNS-1024,BTC-SEA-5024,SHP-2026-124,2026-08-25 05:03 UTC,-14.34,90.0,"GPS: 48.2500 N, -122.9500 W",94,GOOD,CRITICAL,0,0,0,-14.34,-14.34,0.41
164907,SNS-1024,BTC-SEA-5024,SHP-2026-124,2026-08-25 05:18 UTC,-11.1,90.8,"GPS: 48.2600 N, -122.9600 W",94,GOOD,CRITICAL,0,0,0,-11.1,-11.1,0.44
164908,SNS-1024,BTC-SEA-5024,SHP-2026-124,2026-08-25 05:33 UTC,-14.75,90.4,"GPS: 48.2700 N, -122.9700 W",94,EXCELLENT,CRITICAL,0,0,0,-14.75,-14.75,0.41
164909,SNS-1024,BTC-SEA-5024,SHP-2026-124,2026-08-25 05:48 UTC,-15.06,88.8,"GPS: 48.2800 N, -122.9800 W",94,FAIR,CRITICAL,0,0,0,-15.06,-15.06,0.4
164910,SNS-1024,BTC-SEA-5024,SHP-2026-124,2026-08-25 06:03 UTC,-14.84,90.7,"GPS: 48.2900 N, -122.9900 W",94,GOOD,CRITICAL,0,0,0,-14.84,-14.84,0.41
164911,SNS-1024,BTC-SEA-5024,SHP-2026-124,2026-08-25 06:18 UTC,-11.1,91.0,"GPS: 48.3000 N, -123.0000 W",93,EXCELLENT,CRITICAL,0,0,0,-11.1,-11.1,0.42
164912,SNS-1024,BTC-SEA-5024,SHP-2026-124,2026-08-25 06:33 UTC,-14.86,95.1,"GPS: 48.3100 N, -123.0100 W",93,FAIR,CRITICAL,0,0,0,-14.86,-14.86,0.41
164913,SNS-1024,BTC-SEA-5024,SHP-2026-124,2026-08-25 06:48 UTC,-14.1,93.0,"GPS: 48.3200 N, -123.0200 W",93,FAIR,CRITICAL,0,0,0,-14.1,-14.1,0.45
164914,SNS-1024,BTC-SEA-5024,SHP-2026-124,2026-08-25 07:03 UTC,-14.45,93.5,"GPS: 48.3300 N, -123.0300 W",93,EXCELLENT,CRITICAL,0,0,0,-14.45,-14.45,0.42
164915,SNS-1024,BTC-SEA-5024,SHP-2026-124,2026-08-25 07:18 UTC,-11.12,93.7,"GPS: 48.3400 N, -123.0400 W",93,EXCELLENT,CRITICAL,0,0,0,-11.12,-11.12,0.42
164916,SNS-1024,BTC-SEA-5024,SHP-2026-124,2026-08-25 07:33 UTC,-14.43,92.5,"GPS: 48.3500 N, -123.0500 W",93,EXCELLENT,CRITICAL,0,0,0,-14.43,-14.43,0.42
164917,SNS-1024,BTC-SEA-5024,SHP-2026-124,2026-08-25 07:48 UTC,-11.05,86.6,"GPS: 48.3600 N, -123.0600 W",93,GOOD,CRITICAL,0,0,0,-11.05,-11.05,0.42
164918,SNS-1024,BTC-SEA-5024,SHP-2026-124,2026-08-25 08:03 UTC,-14.17,85.0,"GPS: 48.3700 N, -123.0700 W",93,EXCELLENT,CRITICAL,0,0,0,-14.17,-14.17,0.41
164919,SNS-1024,BTC-SEA-5024,SHP-2026-124,2026-08-25 08:18 UTC,-14.07,93.0,"GPS: 48.3800 N, -123.0800 W",93,GOOD,CRITICAL,0,0,0,-14.07,-14.07,0.41
164920,SNS-1024,BTC-SEA-5024,SHP-2026-124,2026-08-25 08:33 UTC,-12.16,86.2,"GPS: 48.3900 N, -123.0900 W",93,FAIR,CRITICAL,0,0,0,-12.16,-12.16,0.42
164921,SNS-1024,BTC-SEA-5024,SHP-2026-124,2026-08-25 08:48 UTC,-12.51,93.7,"GPS: 48.4000 N, -123.1000 W",92,FAIR,CRITICAL,0,0,0,-12.51,-12.51,0.43
164922,SNS-1024,BTC-SEA-5024,SHP-2026-124,2026-08-25 09:03 UTC,-14.24,91.3,"GPS: 48.4100 N, -123.1100 W",92,EXCELLENT,CRITICAL,0,0,0,-14.24,-14.24,0.41
164923,SNS-1024,BTC-SEA-5024,SHP-2026-124,2026-08-25 09:18 UTC,-12.97,85.0,"GPS: 48.4200 N, -123.1200 W",92,EXCELLENT,CRITICAL,0,0,0,-12.97,-12.97,0.42
164924,SNS-1024,BTC-SEA-5024,SHP-2026-124,2026-08-25 09:33 UTC,-11.35,93.3,"GPS: 48.4300 N, -123.1300 W",92,EXCELLENT,CRITICAL,0,0,0,-11.35,-11.35,0.43
164925,SNS-1024,BTC-SEA-5024,SHP-2026-124,2026-08-25 09:48 UTC,-14.63,86.7,"GPS: 48.4400 N, -123.1400 W",92,FAIR,CRITICAL,0,0,0,-14.63,-14.63,0.42
164926,SNS-1024,BTC-SEA-5024,SHP-2026-124,2026-08-25 10:03 UTC,-15.21,85.6,"GPS: 48.4500 N, -123.1500 W",92,FAIR,CRITICAL,0,0,0,-15.21,-15.21,0.41
164927,SNS-1024,BTC-SEA-5024,SHP-2026-124,2026-08-25 10:18 UTC,-13.69,94.1,"GPS: 48.4600 N, -123.1600 W",92,FAIR,CRITICAL,0,0,0,-13.69,-13.69,0.44
164928,SNS-1024,BTC-SEA-5024,SHP-2026-124,2026-08-25 10:33 UTC,-12.52,95.5,"GPS: 48.4700 N, -123.1700 W",92,GOOD,CRITICAL,0,0,0,-12.52,-12.52,0.41
164929,SNS-1024,BTC-SEA-5024,SHP-2026-124,2026-08-25 10:48 UTC,-11.17,93.1,"GPS: 48.4800 N, -123.1800 W",92,FAIR,CRITICAL,0,0,0,-11.17,-11.17,0.45
164930,SNS-1024,BTC-SEA-5024,SHP-2026-124,2026-08-25 11:03 UTC,-18.87,86.4,"GPS: 48.4900 N, -123.1900 W",92,GOOD,NORMAL,0,0,0,-18.87,-18.87,0.45
164931,SNS-1024,BTC-SEA-5024,SHP-2026-124,2026-08-25 11:18 UTC,-20.09,88.0,"GPS: 48.5000 N, -123.2000 W",91,EXCELLENT,NORMAL,0,0,0,-20.09,-20.09,0.4
164932,SNS-1024,BTC-SEA-5024,SHP-2026-124,2026-08-25 11:33 UTC,-21.42,87.6,"GPS: 48.5100 N, -123.2100 W",91,FAIR,NORMAL,0,0,0,-21.42,-21.42,0.39
164933,SNS-1024,BTC-SEA-5024,SHP-2026-124,2026-08-25 11:48 UTC,-19.95,89.9,"GPS: 48.5200 N, -123.2200 W",91,FAIR,NORMAL,0,0,0,-19.95,-19.95,0.38
164934,SNS-1024,BTC-SEA-5024,SHP-2026-124,2026-08-25 12:03 UTC,-18.54,91.2,"GPS: 48.5300 N, -123.2300 W",91,GOOD,NORMAL,0,0,0,-18.54,-18.54,0.4
164935,SNS-1024,BTC-SEA-5024,SHP-2026-124,2026-08-25 12:18 UTC,-18.38,92.2,"GPS: 48.5400 N, -123.2400 W",91,GOOD,NORMAL,0,0,0,-18.38,-18.38,0.39
164936,SNS-1024,BTC-SEA-5024,SHP-2026-124,2026-08-25 12:33 UTC,-20.5,91.5,"GPS: 48.5500 N, -123.2500 W",91,EXCELLENT,NORMAL,0,0,0,-20.5,-20.5,0.37
164937,SNS-1024,BTC-SEA-5024,SHP-2026-124,2026-08-25 12:48 UTC,-18.37,93.6,"GPS: 48.5600 N, -123.2600 W",91,FAIR,NORMAL,0,0,0,-18.37,-18.37,0.38
164938,SNS-1024,BTC-SEA-5024,SHP-2026-124,2026-08-25 13:03 UTC,-21.76,90.3,"GPS: 48.5700 N, -123.2700 W",91,EXCELLENT,NORMAL,0,0,0,-21.76,-21.76,0.44
164939,SNS-1024,BTC-SEA-5024,SHP-2026-124,2026-08-25 13:18 UTC,-19.44,86.6,"GPS: 48.5800 N, -123.2800 W",91,FAIR,NORMAL,0,0,0,-19.44,-19.44,0.42
164940,SNS-1024,BTC-SEA-5024,SHP-2026-124,2026-08-25 13:33 UTC,-18.44,92.2,"GPS: 48.5900 N, -123.2900 W",91,EXCELLENT,NORMAL,0,0,0,-18.44,-18.44,0.38
164941,SNS-1024,BTC-SEA-5024,SHP-2026-124,2026-08-25 13:48 UTC,-21.14,93.5,"GPS: 48.6000 N, -123.3000 W",90,EXCELLENT,NORMAL,0,0,0,-21.14,-21.14,0.39
164942,SNS-1024,BTC-SEA-5024,SHP-2026-124,2026-08-25 14:03 UTC,-20.38,90.9,"GPS: 48.6100 N, -123.3100 W",90,EXCELLENT,NORMAL,0,0,0,-20.38,-20.38,0.43
164943,SNS-1024,BTC-SEA-5024,SHP-2026-124,2026-08-25 14:18 UTC,-21.52,85.5,"GPS: 48.6200 N, -123.3200 W",90,GOOD,NORMAL,0,0,0,-21.52,-21.52,0.39
164944,SNS-1024,BTC-SEA-5024,SHP-2026-124,2026-08-25 14:33 UTC,-18.42,90.2,"GPS: 48.6300 N, -123.3300 W",90,EXCELLENT,NORMAL,0,0,0,-18.42,-18.42,0.39
164945,SNS-1024,BTC-SEA-5024,SHP-2026-124,2026-08-25 14:48 UTC,-21.73,88.1,"GPS: 48.6400 N, -123.3400 W",90,FAIR,NORMAL,0,0,0,-21.73,-21.73,0.39
164946,SNS-1024,BTC-SEA-5024,SHP-2026-124,2026-08-25 15:03 UTC,16.73,87.6,"GPS: 48.6500 N, -123.3500 W",90,FAIR,WARNING,0,0,0,16.73,16.73,0.55
164947,SNS-1024,BTC-SEA-5024,SHP-2026-124,2026-08-25 15:18 UTC,-18.9,88.4,"GPS: 48.6600 N, -123.3600 W",90,EXCELLENT,NORMAL,0,0,0,-18.9,-18.9,0.4
164948,SNS-1024,BTC-SEA-5024,SHP-2026-124,2026-08-25 15:33 UTC,-18.66,85.2,"GPS: 48.6700 N, -123.3700 W",90,GOOD,NORMAL,0,0,0,-18.66,-18.66,0.4
164949,SNS-1024,BTC-SEA-5024,SHP-2026-124,2026-08-25 15:48 UTC,-21.05,85.2,"GPS: 48.6800 N, -123.3800 W",90,GOOD,NORMAL,0,0,0,-21.05,-21.05,0.39
164950,SNS-1024,BTC-SEA-5024,SHP-2026-124,2026-08-25 16:03 UTC,-36.56,86.4,"GPS: 48.6900 N, -123.3900 W",90,FAIR,WARNING,0,0,0,-36.56,-36.56,0.48
164951,SNS-1024,BTC-SEA-5024,SHP-2026-124,2026-08-25 16:18 UTC,-19.77,91.5,"GPS: 48.7000 N, -123.4000 W",89,EXCELLENT,NORMAL,0,0,0,-19.77,-19.77,0.4
164952,SNS-1024,BTC-SEA-5024,SHP-2026-124,2026-08-25 16:33 UTC,-19.38,91.9,"GPS: 48.7100 N, -123.4100 W",89,EXCELLENT,NORMAL,0,0,0,-19.38,-19.38,0.4
164953,SNS-1024,BTC-SEA-5024,SHP-2026-124,2026-08-25 16:48 UTC,-20.87,88.6,"GPS: 48.7200 N, -123.4200 W",89,EXCELLENT,NORMAL,0,0,0,-20.87,-20.87,0.4
164954,SNS-1024,BTC-SEA-5024,SHP-2026-124,2026-08-25 17:03 UTC,-20.94,88.1,"GPS: 48.7300 N, -123.4300 W",89,FAIR,NORMAL,0,0,0,-20.94,-20.94,0.4
164955,SNS-1024,BTC-SEA-5024,SHP-2026-124,2026-08-25 17:18 UTC,-21.17,92.0,"GPS: 48.7400 N, -123.4400 W",89,FAIR,NORMAL,0,0,0,-21.17,-21.17,0.4
164956,SNS-1024,BTC-SEA-5024,SHP-2026-124,2026-08-25 17:33 UTC,-21.68,85.9,"GPS: 48.7500 N, -123.4500 W",89,GOOD,NORMAL,0,0,0,-21.68,-21.68,0.41
164957,SNS-1024,BTC-SEA-5024,SHP-2026-124,2026-08-25 17:48 UTC,-21.76,88.4,"GPS: 48.7600 N, -123.4600 W",89,FAIR,NORMAL,0,0,0,-21.76,-21.76,0.42
164958,SNS-1024,BTC-SEA-5024,SHP-2026-124,2026-08-25 18:03 UTC,-20.09,87.6,"GPS: 48.7700 N, -123.4700 W",89,EXCELLENT,NORMAL,0,0,0,-20.09,-20.09,0.46
164959,SNS-1024,BTC-SEA-5024,SHP-2026-124,2026-08-25 18:18 UTC,-20.63,92.2,"GPS: 48.7800 N, -123.4800 W",89,FAIR,NORMAL,0,0,0,-20.63,-20.63,0.4
164960,SNS-1024,BTC-SEA-5024,SHP-2026-124,2026-08-25 18:33 UTC,-20.53,85.1,"GPS: 48.7900 N, -123.4900 W",89,EXCELLENT,NORMAL,0,0,0,-20.53,-20.53,0.4
164961,SNS-1024,BTC-SEA-5024,SHP-2026-124,2026-08-25 18:48 UTC,-20.56,89.4,"GPS: 48.8000 N, -123.5000 W",88,EXCELLENT,NORMAL,0,0,0,-20.56,-20.56,0.43
164962,SNS-1024,BTC-SEA-5024,SHP-2026-124,2026-08-25 19:03 UTC,-20.79,95.2,"GPS: 48.8100 N, -123.5100 W",88,GOOD,NORMAL,0,0,0,-20.79,-20.79,0.42
164963,SNS-1024,BTC-SEA-5024,SHP-2026-124,2026-08-25 19:18 UTC,-19.74,88.0,"GPS: 48.8200 N, -123.5200 W",88,FAIR,NORMAL,0,0,0,-19.74,-19.74,0.48
164964,SNS-1024,BTC-SEA-5024,SHP-2026-124,2026-08-25 19:33 UTC,-18.4,91.9,"GPS: 48.8300 N, -123.5300 W",88,GOOD,NORMAL,0,0,0,-18.4,-18.4,0.48
164965,SNS-1024,BTC-SEA-5024,SHP-2026-124,2026-08-25 19:48 UTC,-20.23,91.1,"GPS: 48.8400 N, -123.5400 W",88,EXCELLENT,NORMAL,0,0,0,-20.23,-20.23,0.42
164966,SNS-1024,BTC-SEA-5024,SHP-2026-124,2026-08-25 20:03 UTC,-18.26,88.1,"GPS: 48.8500 N, -123.5500 W",88,GOOD,NORMAL,0,0,0,-18.26,-18.26,0.43
164967,SNS-1024,BTC-SEA-5024,SHP-2026-124,2026-08-25 20:18 UTC,-21.01,90.9,"GPS: 48.8600 N, -123.5600 W",88,EXCELLENT,NORMAL,0,0,0,-21.01,-21.01,0.44
164968,SNS-1024,BTC-SEA-5024,SHP-2026-124,2026-08-25 20:33 UTC,-20.1,95.1,"GPS: 48.8700 N, -123.5700 W",88,EXCELLENT,NORMAL,0,0,0,-20.1,-20.1,0.42
164969,SNS-1024,BTC-SEA-5024,SHP-2026-124,2026-08-25 20:48 UTC,-21.17,94.2,"GPS: 48.8800 N, -123.5800 W",88,EXCELLENT,NORMAL,0,0,0,-21.17,-21.17,0.41
164970,SNS-1024,BTC-SEA-5024,SHP-2026-124,2026-08-25 21:03 UTC,26.79,89.6,"GPS: 48.8900 N, -123.5900 W",88,EXCELLENT,WARNING,0,0,0,26.79,26.79,0.59
164971,SNS-1024,BTC-SEA-5024,SHP-2026-124,2026-08-25 21:18 UTC,-19.26,91.9,"GPS: 48.9000 N, -123.6000 W",87,EXCELLENT,NORMAL,0,0,0,-19.26,-19.26,0.46
164972,SNS-1024,BTC-SEA-5024,SHP-2026-124,2026-08-25 21:33 UTC,-21.51,92.3,"GPS: 48.9100 N, -123.6100 W",87,FAIR,NORMAL,0,0,0,-21.51,-21.51,0.45
164973,SNS-1024,BTC-SEA-5024,SHP-2026-124,2026-08-25 21:48 UTC,15.05,91.8,"GPS: 48.9200 N, -123.6200 W",87,EXCELLENT,WARNING,0,0,0,15.05,15.05,0.51
164974,SNS-1024,BTC-SEA-5024,SHP-2026-124,2026-08-25 22:03 UTC,-20.56,85.9,"GPS: 48.9300 N, -123.6300 W",87,FAIR,NORMAL,0,0,0,-20.56,-20.56,0.44
164975,SNS-1024,BTC-SEA-5024,SHP-2026-124,2026-08-25 22:18 UTC,-20.79,88.1,"GPS: 48.9400 N, -123.6400 W",87,FAIR,NORMAL,0,0,0,-20.79,-20.79,0.45
164976,SNS-1024,BTC-SEA-5024,SHP-2026-124,2026-08-25 22:33 UTC,-21.42,95.0,"GPS: 48.9500 N, -123.6500 W",87,FAIR,NORMAL,0,0,0,-21.42,-21.42,0.45
164977,SNS-1025,BTC-SEA-5025,SHP-2026-125,2026-08-24 14:48 UTC,2.2,94.7,"GPS: 47.6000 N, -122.3000 W",100,GOOD,NORMAL,0,0,0,2.2,2.2,0.49
164978,SNS-1025,BTC-SEA-5025,SHP-2026-125,2026-08-24 15:03 UTC,,,"GPS: 47.6100 N, -122.3100 W",100,DISCONNECTED,WARNING,1,0,1,2.57,2.2,0.49
164979,SNS-1025,BTC-SEA-5025,SHP-2026-125,2026-08-24 15:18 UTC,,,"GPS: 47.6200 N, -122.3200 W",100,DISCONNECTED,WARNING,1,0,1,1.71,2.2,0.49
164980,SNS-1025,BTC-SEA-5025,SHP-2026-125,2026-08-24 15:33 UTC,2.84,85.5,"GPS: 47.6300 N, -122.3300 W",100,GOOD,NORMAL,0,0,0,2.84,2.84,0.49
164981,SNS-1025,BTC-SEA-5025,SHP-2026-125,2026-08-24 15:48 UTC,2.83,92.2,"GPS: 47.6400 N, -122.3400 W",100,GOOD,NORMAL,0,0,0,2.83,2.83,0.43
164982,SNS-1025,BTC-SEA-5025,SHP-2026-125,2026-08-24 16:03 UTC,,,"GPS: 47.6500 N, -122.3500 W",100,DISCONNECTED,WARNING,1,0,1,3.44,2.83,0.41
164983,SNS-1025,BTC-SEA-5025,SHP-2026-125,2026-08-24 16:18 UTC,3.01,89.7,"GPS: 47.6600 N, -122.3600 W",100,EXCELLENT,NORMAL,0,0,0,3.01,3.01,0.42
164984,SNS-1025,BTC-SEA-5025,SHP-2026-125,2026-08-24 16:33 UTC,1.46,86.3,"GPS: 47.6700 N, -122.3700 W",100,EXCELLENT,NORMAL,0,0,0,1.46,1.46,0.51
164985,SNS-1025,BTC-SEA-5025,SHP-2026-125,2026-08-24 16:48 UTC,1.92,93.0,"GPS: 47.6800 N, -122.3800 W",100,EXCELLENT,NORMAL,0,0,0,1.92,1.92,0.41
164986,SNS-1025,BTC-SEA-5025,SHP-2026-125,2026-08-24 17:03 UTC,2.99,90.9,"GPS: 47.6900 N, -122.3900 W",100,GOOD,NORMAL,0,0,0,2.99,2.99,0.41
164987,SNS-1025,BTC-SEA-5025,SHP-2026-125,2026-08-24 17:18 UTC,0.89,89.5,"GPS: 47.7000 N, -122.4000 W",99,FAIR,NORMAL,0,0,0,0.89,0.89,0.42
164988,SNS-1025,BTC-SEA-5025,SHP-2026-125,2026-08-24 17:33 UTC,2.05,88.5,"GPS: 47.7100 N, -122.4100 W",99,FAIR,NORMAL,0,0,0,2.05,2.05,0.41
164989,SNS-1025,BTC-SEA-5025,SHP-2026-125,2026-08-24 17:48 UTC,2.61,88.2,"GPS: 47.7200 N, -122.4200 W",99,EXCELLENT,NORMAL,0,0,0,2.61,2.61,0.39
164990,SNS-1025,BTC-SEA-5025,SHP-2026-125,2026-08-24 18:03 UTC,,,"GPS: 47.7300 N, -122.4300 W",99,DISCONNECTED,WARNING,1,0,1,3.2,2.61,0.39
164991,SNS-1025,BTC-SEA-5025,SHP-2026-125,2026-08-24 18:18 UTC,3.73,92.5,"GPS: 47.7400 N, -122.4400 W",99,GOOD,NORMAL,0,0,0,3.73,3.73,0.43
164992,SNS-1025,BTC-SEA-5025,SHP-2026-125,2026-08-24 18:33 UTC,2.85,85.3,"GPS: 47.7500 N, -122.4500 W",99,FAIR,NORMAL,0,0,0,2.85,2.85,0.43
164993,SNS-1025,BTC-SEA-5025,SHP-2026-125,2026-08-24 18:48 UTC,3.19,94.2,"GPS: 47.7600 N, -122.4600 W",99,GOOD,NORMAL,0,0,0,3.19,3.19,0.39
164994,SNS-1025,BTC-SEA-5025,SHP-2026-125,2026-08-24 19:03 UTC,2.68,88.1,"GPS: 47.7700 N, -122.4700 W",99,EXCELLENT,NORMAL,0,0,0,2.68,2.68,0.39
164995,SNS-1025,BTC-SEA-5025,SHP-2026-125,2026-08-24 19:18 UTC,2.92,94.9,"GPS: 47.7800 N, -122.4800 W",99,FAIR,NORMAL,0,0,0,2.92,2.92,0.39
164996,SNS-1025,BTC-SEA-5025,SHP-2026-125,2026-08-24 19:33 UTC,-36.45,88.8,"GPS: 47.7900 N, -122.4900 W",99,EXCELLENT,WARNING,0,0,0,-36.45,-36.45,0.57
164997,SNS-1025,BTC-SEA-5025,SHP-2026-125,2026-08-24 19:48 UTC,3.78,90.2,"GPS: 47.8000 N, -122.5000 W",98,FAIR,NORMAL,0,0,0,3.78,3.78,0.37
164998,SNS-1025,BTC-SEA-5025,SHP-2026-125,2026-08-24 20:03 UTC,2.98,94.1,"GPS: 47.8100 N, -122.5100 W",98,EXCELLENT,NORMAL,0,0,0,2.98,2.98,0.37
164999,SNS-1025,BTC-SEA-5025,SHP-2026-125,2026-08-24 20:18 UTC,1.97,88.8,"GPS: 47.8200 N, -122.5200 W",98,EXCELLENT,NORMAL,0,0,0,1.97,1.97,0.37
165000,SNS-1025,BTC-SEA-5025,SHP-2026-125,2026-08-24 20:33 UTC,2.02,90.6,"GPS: 47.8300 N, -122.5300 W",98,FAIR,NORMAL,0,0,0,2.02,2.02,0.37
165001,SNS-1025,BTC-SEA-5025,SHP-2026-125,2026-08-24 20:48 UTC,1.51,89.4,"GPS: 47.8400 N, -122.5400 W",98,FAIR,NORMAL,0,0,0,1.51,1.51,0.39
165002,SNS-1025,BTC-SEA-5025,SHP-2026-125,2026-08-24 21:03 UTC,-30.48,86.7,"GPS: 47.8500 N, -122.5500 W",98,FAIR,WARNING,0,0,0,-30.48,-30.48,0.54
165003,SNS-1025,BTC-SEA-5025,SHP-2026-125,2026-08-24 21:18 UTC,3.44,88.6,"GPS: 47.8600 N, -122.5600 W",98,EXCELLENT,NORMAL,0,0,0,3.44,3.44,0.38
165004,SNS-1025,BTC-SEA-5025,SHP-2026-125,2026-08-24 21:33 UTC,,,"GPS: 47.8700 N, -122.5700 W",98,DISCONNECTED,WARNING,1,0,1,1.83,3.44,0.38
165005,SNS-1025,BTC-SEA-5025,SHP-2026-125,2026-08-24 21:48 UTC,1.87,95.8,"GPS: 47.8800 N, -122.5800 W",98,FAIR,NORMAL,0,0,0,1.87,1.87,0.38
165006,SNS-1025,BTC-SEA-5025,SHP-2026-125,2026-08-24 22:03 UTC,2.44,93.4,"GPS: 47.8900 N, -122.5900 W",98,EXCELLENT,NORMAL,0,0,0,2.44,2.44,0.37
165007,SNS-1025,BTC-SEA-5025,SHP-2026-125,2026-08-24 22:18 UTC,3.24,90.9,"GPS: 47.9000 N, -122.6000 W",97,GOOD,NORMAL,0,0,0,3.24,3.24,0.37
165008,SNS-1025,BTC-SEA-5025,SHP-2026-125,2026-08-24 22:33 UTC,2.0,86.4,"GPS: 47.9100 N, -122.6100 W",97,EXCELLENT,NORMAL,0,0,0,2.0,2.0,0.37
165009,SNS-1025,BTC-SEA-5025,SHP-2026-125,2026-08-24 22:48 UTC,0.88,86.3,"GPS: 47.9200 N, -122.6200 W",97,GOOD,NORMAL,0,0,0,0.88,0.88,0.42
165010,SNS-1025,BTC-SEA-5025,SHP-2026-125,2026-08-24 23:03 UTC,,,"GPS: 47.9300 N, -122.6300 W",97,DISCONNECTED,WARNING,1,0,1,27.85,0.88,0.38
165011,SNS-1025,BTC-SEA-5025,SHP-2026-125,2026-08-24 23:18 UTC,2.21,86.2,"GPS: 47.9400 N, -122.6400 W",97,EXCELLENT,NORMAL,0,0,0,2.21,2.21,0.37
165012,SNS-1025,BTC-SEA-5025,SHP-2026-125,2026-08-24 23:33 UTC,3.77,93.0,"GPS: 47.9500 N, -122.6500 W",97,GOOD,NORMAL,0,0,0,3.77,3.77,0.44
165013,SNS-1025,BTC-SEA-5025,SHP-2026-125,2026-08-24 23:48 UTC,1.04,90.7,"GPS: 47.9600 N, -122.6600 W",97,FAIR,NORMAL,0,0,0,1.04,1.04,0.37
165014,SNS-1025,BTC-SEA-5025,SHP-2026-125,2026-08-25 00:03 UTC,0.74,88.7,"GPS: 47.9700 N, -122.6700 W",97,FAIR,NORMAL,0,0,0,0.74,0.74,0.37
165015,SNS-1025,BTC-SEA-5025,SHP-2026-125,2026-08-25 00:18 UTC,2.79,85.4,"GPS: 47.9800 N, -122.6800 W",97,EXCELLENT,NORMAL,0,0,0,2.79,2.79,0.36
165016,SNS-1025,BTC-SEA-5025,SHP-2026-125,2026-08-25 00:33 UTC,17.53,85.5,"GPS: 47.9900 N, -122.6900 W",97,GOOD,WARNING,0,0,0,17.53,17.53,0.57
165017,SNS-1025,BTC-SEA-5025,SHP-2026-125,2026-08-25 00:48 UTC,3.3,87.7,"GPS: 48.0000 N, -122.7000 W",96,EXCELLENT,NORMAL,0,0,0,3.3,3.3,0.37
165018,SNS-1025,BTC-SEA-5025,SHP-2026-125,2026-08-25 01:03 UTC,1.76,88.5,"GPS: 48.0100 N, -122.7100 W",96,EXCELLENT,NORMAL,0,0,0,1.76,1.76,0.36
165019,SNS-1025,BTC-SEA-5025,SHP-2026-125,2026-08-25 01:18 UTC,3.27,93.1,"GPS: 48.0200 N, -122.7200 W",96,GOOD,NORMAL,0,0,0,3.27,3.27,0.36
165020,SNS-1025,BTC-SEA-5025,SHP-2026-125,2026-08-25 01:33 UTC,1.39,90.3,"GPS: 48.0300 N, -122.7300 W",96,EXCELLENT,NORMAL,0,0,0,1.39,1.39,0.37
165021,SNS-1025,BTC-SEA-5025,SHP-2026-125,2026-08-25 01:48 UTC,2.53,86.0,"GPS: 48.0400 N, -122.7400 W",96,EXCELLENT,NORMAL,0,0,0,2.53,2.53,0.41
165022,SNS-1025,BTC-SEA-5025,SHP-2026-125,2026-08-25 02:03 UTC,1.67,86.9,"GPS: 48.0500 N, -122.7500 W",96,EXCELLENT,NORMAL,0,0,0,1.67,1.67,0.36
165023,SNS-1025,BTC-SEA-5025,SHP-2026-125,2026-08-25 02:18 UTC,3.48,88.0,"GPS: 48.0600 N, -122.7600 W",96,FAIR,NORMAL,0,0,0,3.48,3.48,0.38
165024,SNS-1025,BTC-SEA-5025,SHP-2026-125,2026-08-25 02:33 UTC,2.0,93.2,"GPS: 48.0700 N, -122.7700 W",96,EXCELLENT,NORMAL,0,0,0,2.0,2.0,0.38
165025,SNS-1025,BTC-SEA-5025,SHP-2026-125,2026-08-25 02:48 UTC,2.32,94.8,"GPS: 48.0800 N, -122.7800 W",96,FAIR,NORMAL,0,0,0,2.32,2.32,0.41
165026,SNS-1025,BTC-SEA-5025,SHP-2026-125,2026-08-25 03:03 UTC,1.1,90.5,"GPS: 48.0900 N, -122.7900 W",96,EXCELLENT,NORMAL,0,0,0,1.1,1.1,0.39
165027,SNS-1025,BTC-SEA-5025,SHP-2026-125,2026-08-25 03:18 UTC,1.07,86.2,"GPS: 48.1000 N, -122.8000 W",95,GOOD,NORMAL,0,0,0,1.07,1.07,0.37
165028,SNS-1025,BTC-SEA-5025,SHP-2026-125,2026-08-25 03:33 UTC,2.98,86.9,"GPS: 48.1100 N, -122.8100 W",95,EXCELLENT,NORMAL,0,0,0,2.98,2.98,0.4
165029,SNS-1025,BTC-SEA-5025,SHP-2026-125,2026-08-25 03:48 UTC,1.82,91.4,"GPS: 48.1200 N, -122.8200 W",95,FAIR,NORMAL,0,0,0,1.82,1.82,0.41
165030,SNS-1025,BTC-SEA-5025,SHP-2026-125,2026-08-25 04:03 UTC,2.44,89.3,"GPS: 48.1300 N, -122.8300 W",95,GOOD,NORMAL,0,0,0,2.44,2.44,0.36
165031,SNS-1025,BTC-SEA-5025,SHP-2026-125,2026-08-25 04:18 UTC,1.63,93.0,"GPS: 48.1400 N, -122.8400 W",95,FAIR,NORMAL,0,0,0,1.63,1.63,0.36
165032,SNS-1025,BTC-SEA-5025,SHP-2026-125,2026-08-25 04:33 UTC,1.25,91.5,"GPS: 48.1500 N, -122.8500 W",95,EXCELLENT,NORMAL,0,0,0,1.25,1.25,0.38
165033,SNS-1025,BTC-SEA-5025,SHP-2026-125,2026-08-25 04:48 UTC,,,"GPS: 48.1600 N, -122.8600 W",95,DISCONNECTED,WARNING,1,0,1,0.98,1.25,0.37
165034,SNS-1025,BTC-SEA-5025,SHP-2026-125,2026-08-25 05:03 UTC,,,"GPS: 48.1700 N, -122.8700 W",95,DISCONNECTED,WARNING,1,0,1,2.77,1.25,0.37
165035,SNS-1025,BTC-SEA-5025,SHP-2026-125,2026-08-25 05:18 UTC,0.98,92.0,"GPS: 48.1800 N, -122.8800 W",95,FAIR,NORMAL,0,0,0,0.98,0.98,0.39
165036,SNS-1025,BTC-SEA-5025,SHP-2026-125,2026-08-25 05:33 UTC,1.62,94.9,"GPS: 48.1900 N, -122.8900 W",95,GOOD,NORMAL,0,0,0,1.62,1.62,0.42
165037,SNS-1025,BTC-SEA-5025,SHP-2026-125,2026-08-25 05:48 UTC,0.99,88.0,"GPS: 48.2000 N, -122.9000 W",94,GOOD,NORMAL,0,0,0,0.99,0.99,0.37
165038,SNS-1025,BTC-SEA-5025,SHP-2026-125,2026-08-25 06:03 UTC,3.05,92.5,"GPS: 48.2100 N, -122.9100 W",94,EXCELLENT,NORMAL,0,0,0,3.05,3.05,0.44
165039,SNS-1025,BTC-SEA-5025,SHP-2026-125,2026-08-25 06:18 UTC,2.16,87.0,"GPS: 48.2200 N, -122.9200 W",94,EXCELLENT,NORMAL,0,0,0,2.16,2.16,0.35
165040,SNS-1025,BTC-SEA-5025,SHP-2026-125,2026-08-25 06:33 UTC,2.03,85.0,"GPS: 48.2300 N, -122.9300 W",94,EXCELLENT,NORMAL,0,0,0,2.03,2.03,0.4
165041,SNS-1025,BTC-SEA-5025,SHP-2026-125,2026-08-25 06:48 UTC,3.16,94.4,"GPS: 48.2400 N, -122.9400 W",94,FAIR,NORMAL,0,0,0,3.16,3.16,0.37
165042,SNS-1025,BTC-SEA-5025,SHP-2026-125,2026-08-25 07:03 UTC,1.49,95.3,"GPS: 48.2500 N, -122.9500 W",94,EXCELLENT,NORMAL,0,0,0,1.49,1.49,0.38
165043,SNS-1025,BTC-SEA-5025,SHP-2026-125,2026-08-25 07:18 UTC,3.22,91.7,"GPS: 48.2600 N, -122.9600 W",94,FAIR,NORMAL,0,0,0,3.22,3.22,0.37
165044,SNS-1025,BTC-SEA-5025,SHP-2026-125,2026-08-25 07:33 UTC,,,"GPS: 48.2700 N, -122.9700 W",94,DISCONNECTED,WARNING,1,0,1,1.5,3.22,0.36
165045,SNS-1025,BTC-SEA-5025,SHP-2026-125,2026-08-25 07:48 UTC,3.22,89.2,"GPS: 48.2800 N, -122.9800 W",94,EXCELLENT,NORMAL,0,0,0,3.22,3.22,0.35
165046,SNS-1025,BTC-SEA-5025,SHP-2026-125,2026-08-25 08:03 UTC,1.0,92.7,"GPS: 48.2900 N, -122.9900 W",94,GOOD,NORMAL,0,0,0,1.0,1.0,0.4
165047,SNS-1025,BTC-SEA-5025,SHP-2026-125,2026-08-25 08:18 UTC,2.12,93.7,"GPS: 48.3000 N, -123.0000 W",93,GOOD,NORMAL,0,0,0,2.12,2.12,0.36
165048,SNS-1025,BTC-SEA-5025,SHP-2026-125,2026-08-25 08:33 UTC,,,"GPS: 48.3100 N, -123.0100 W",93,DISCONNECTED,WARNING,1,0,1,1.99,2.12,0.37
165049,SNS-1025,BTC-SEA-5025,SHP-2026-125,2026-08-25 08:48 UTC,,,"GPS: 48.3200 N, -123.0200 W",93,DISCONNECTED,WARNING,1,0,1,0.95,2.12,0.44
165050,SNS-1025,BTC-SEA-5025,SHP-2026-125,2026-08-25 09:03 UTC,3.47,86.6,"GPS: 48.3300 N, -123.0300 W",93,FAIR,NORMAL,0,0,0,3.47,3.47,0.42
165051,SNS-1025,BTC-SEA-5025,SHP-2026-125,2026-08-25 09:18 UTC,,,"GPS: 48.3400 N, -123.0400 W",93,DISCONNECTED,WARNING,1,0,1,31.35,3.47,0.38
165052,SNS-1025,BTC-SEA-5025,SHP-2026-125,2026-08-25 09:33 UTC,1.3,95.6,"GPS: 48.3500 N, -123.0500 W",93,EXCELLENT,NORMAL,0,0,0,1.3,1.3,0.39
165053,SNS-1025,BTC-SEA-5025,SHP-2026-125,2026-08-25 09:48 UTC,3.29,94.7,"GPS: 48.3600 N, -123.0600 W",93,FAIR,NORMAL,0,0,0,3.29,3.29,0.36
165054,SNS-1025,BTC-SEA-5025,SHP-2026-125,2026-08-25 10:03 UTC,,,"GPS: 48.3700 N, -123.0700 W",93,DISCONNECTED,WARNING,1,0,1,-22.87,3.29,0.37
165055,SNS-1025,BTC-SEA-5025,SHP-2026-125,2026-08-25 10:18 UTC,2.46,92.9,"GPS: 48.3800 N, -123.0800 W",93,GOOD,NORMAL,0,0,0,2.46,2.46,0.36
165056,SNS-1025,BTC-SEA-5025,SHP-2026-125,2026-08-25 10:33 UTC,2.58,91.8,"GPS: 48.3900 N, -123.0900 W",93,FAIR,NORMAL,0,0,0,2.58,2.58,0.43
165057,SNS-1025,BTC-SEA-5025,SHP-2026-125,2026-08-25 10:48 UTC,1.48,85.8,"GPS: 48.4000 N, -123.1000 W",92,EXCELLENT,NORMAL,0,0,0,1.48,1.48,0.43
165058,SNS-1025,BTC-SEA-5025,SHP-2026-125,2026-08-25 11:03 UTC,3.17,89.2,"GPS: 48.4100 N, -123.1100 W",92,FAIR,NORMAL,0,0,0,3.17,3.17,0.36
165059,SNS-1025,BTC-SEA-5025,SHP-2026-125,2026-08-25 11:18 UTC,3.38,91.2,"GPS: 48.4200 N, -123.1200 W",92,FAIR,NORMAL,0,0,0,3.38,3.38,0.38
165060,SNS-1025,BTC-SEA-5025,SHP-2026-125,2026-08-25 11:33 UTC,1.42,89.3,"GPS: 48.4300 N, -123.1300 W",92,FAIR,NORMAL,0,0,0,1.42,1.42,0.38
165061,SNS-1025,BTC-SEA-5025,SHP-2026-125,2026-08-25 11:48 UTC,1.72,87.8,"GPS: 48.4400 N, -123.1400 W",92,FAIR,NORMAL,0,0,0,1.72,1.72,0.36
165062,SNS-1025,BTC-SEA-5025,SHP-2026-125,2026-08-25 12:03 UTC,0.74,86.0,"GPS: 48.4500 N, -123.1500 W",92,GOOD,NORMAL,0,0,0,0.74,0.74,0.39
165063,SNS-1025,BTC-SEA-5025,SHP-2026-125,2026-08-25 12:18 UTC,2.2,88.3,"GPS: 48.4600 N, -123.1600 W",92,EXCELLENT,NORMAL,0,0,0,2.2,2.2,0.37
165064,SNS-1025,BTC-SEA-5025,SHP-2026-125,2026-08-25 12:33 UTC,,,"GPS: 48.4700 N, -123.1700 W",92,DISCONNECTED,WARNING,1,0,1,-9.5,2.2,0.36
165065,SNS-1025,BTC-SEA-5025,SHP-2026-125,2026-08-25 12:48 UTC,0.97,85.7,"GPS: 48.4800 N, -123.1800 W",92,GOOD,NORMAL,0,0,0,0.97,0.97,0.37
165066,SNS-1025,BTC-SEA-5025,SHP-2026-125,2026-08-25 13:03 UTC,16.45,91.9,"GPS: 48.4900 N, -123.1900 W",92,GOOD,WARNING,0,0,0,16.45,16.45,0.54
165067,SNS-1025,BTC-SEA-5025,SHP-2026-125,2026-08-25 13:18 UTC,,,"GPS: 48.5000 N, -123.2000 W",91,DISCONNECTED,WARNING,1,0,1,1.17,16.45,0.49
165068,SNS-1025,BTC-SEA-5025,SHP-2026-125,2026-08-25 13:33 UTC,0.74,89.2,"GPS: 48.5100 N, -123.2100 W",91,EXCELLENT,NORMAL,0,0,0,0.74,0.74,0.38
165069,SNS-1025,BTC-SEA-5025,SHP-2026-125,2026-08-25 13:48 UTC,3.0,89.7,"GPS: 48.5200 N, -123.2200 W",91,GOOD,NORMAL,0,0,0,3.0,3.0,0.36
165070,SNS-1025,BTC-SEA-5025,SHP-2026-125,2026-08-25 14:03 UTC,2.16,88.2,"GPS: 48.5300 N, -123.2300 W",91,FAIR,NORMAL,0,0,0,2.16,2.16,0.37
165071,SNS-1025,BTC-SEA-5025,SHP-2026-125,2026-08-25 14:18 UTC,2.7,86.5,"GPS: 48.5400 N, -123.2400 W",91,FAIR,NORMAL,0,0,0,2.7,2.7,0.36
165072,SNS-1025,BTC-SEA-5025,SHP-2026-125,2026-08-25 14:33 UTC,1.23,93.0,"GPS: 48.5500 N, -123.2500 W",91,GOOD,NORMAL,0,0,0,1.23,1.23,0.37
165073,SNS-1025,BTC-SEA-5025,SHP-2026-125,2026-08-25 14:48 UTC,,,"GPS: 48.5600 N, -123.2600 W",91,DISCONNECTED,WARNING,1,0,1,3.12,1.23,0.38
165074,SNS-1025,BTC-SEA-5025,SHP-2026-125,2026-08-25 15:03 UTC,1.99,95.7,"GPS: 48.5700 N, -123.2700 W",91,GOOD,NORMAL,0,0,0,1.99,1.99,0.39
165075,SNS-1025,BTC-SEA-5025,SHP-2026-125,2026-08-25 15:18 UTC,2.94,92.5,"GPS: 48.5800 N, -123.2800 W",91,FAIR,NORMAL,0,0,0,2.94,2.94,0.37
165076,SNS-1025,BTC-SEA-5025,SHP-2026-125,2026-08-25 15:33 UTC,3.61,91.0,"GPS: 48.5900 N, -123.2900 W",91,FAIR,NORMAL,0,0,0,3.61,3.61,0.41
165077,SNS-1025,BTC-SEA-5025,SHP-2026-125,2026-08-25 15:48 UTC,1.85,92.3,"GPS: 48.6000 N, -123.3000 W",90,FAIR,NORMAL,0,0,0,1.85,1.85,0.37
165078,SNS-1025,BTC-SEA-5025,SHP-2026-125,2026-08-25 16:03 UTC,2.41,88.3,"GPS: 48.6100 N, -123.3100 W",90,GOOD,NORMAL,0,0,0,2.41,2.41,0.39
165079,SNS-1025,BTC-SEA-5025,SHP-2026-125,2026-08-25 16:18 UTC,1.63,95.2,"GPS: 48.6200 N, -123.3200 W",90,GOOD,NORMAL,0,0,0,1.63,1.63,0.38
165080,SNS-1025,BTC-SEA-5025,SHP-2026-125,2026-08-25 16:33 UTC,0.96,91.3,"GPS: 48.6300 N, -123.3300 W",90,FAIR,NORMAL,0,0,0,0.96,0.96,0.39
165081,SNS-1025,BTC-SEA-5025,SHP-2026-125,2026-08-25 16:48 UTC,2.88,95.4,"GPS: 48.6400 N, -123.3400 W",90,EXCELLENT,NORMAL,0,0,0,2.88,2.88,0.39
165082,SNS-1025,BTC-SEA-5025,SHP-2026-125,2026-08-25 17:03 UTC,2.63,92.2,"GPS: 48.6500 N, -123.3500 W",90,FAIR,NORMAL,0,0,0,2.63,2.63,0.37
165083,SNS-1025,BTC-SEA-5025,SHP-2026-125,2026-08-25 17:18 UTC,2.98,91.1,"GPS: 48.6600 N, -123.3600 W",90,FAIR,NORMAL,0,0,0,2.98,2.98,0.36
165084,SNS-1025,BTC-SEA-5025,SHP-2026-125,2026-08-25 17:33 UTC,2.36,91.8,"GPS: 48.6700 N, -123.3700 W",90,FAIR,NORMAL,0,0,0,2.36,2.36,0.44
165085,SNS-1025,BTC-SEA-5025,SHP-2026-125,2026-08-25 17:48 UTC,2.65,94.4,"GPS: 48.6800 N, -123.3800 W",90,FAIR,NORMAL,0,0,0,2.65,2.65,0.39
165086,SNS-1025,BTC-SEA-5025,SHP-2026-125,2026-08-25 18:03 UTC,2.4,91.0,"GPS: 48.6900 N, -123.3900 W",90,GOOD,NORMAL,0,0,0,2.4,2.4,0.38
165087,SNS-1025,BTC-SEA-5025,SHP-2026-125,2026-08-25 18:18 UTC,2.21,91.8,"GPS: 48.7000 N, -123.4000 W",89,FAIR,NORMAL,0,0,0,2.21,2.21,0.39
165088,SNS-1025,BTC-SEA-5025,SHP-2026-125,2026-08-25 18:33 UTC,2.39,92.5,"GPS: 48.7100 N, -123.4100 W",89,EXCELLENT,NORMAL,0,0,0,2.39,2.39,0.42
165089,SNS-1025,BTC-SEA-5025,SHP-2026-125,2026-08-25 18:48 UTC,0.87,93.2,"GPS: 48.7200 N, -123.4200 W",89,GOOD,NORMAL,0,0,0,0.87,0.87,0.46
165090,SNS-1025,BTC-SEA-5025,SHP-2026-125,2026-08-25 19:03 UTC,2.52,92.5,"GPS: 48.7300 N, -123.4300 W",89,FAIR,NORMAL,0,0,0,2.52,2.52,0.38
165091,SNS-1025,BTC-SEA-5025,SHP-2026-125,2026-08-25 19:18 UTC,0.99,94.8,"GPS: 48.7400 N, -123.4400 W",89,FAIR,NORMAL,0,0,0,0.99,0.99,0.39
165092,SNS-1025,BTC-SEA-5025,SHP-2026-125,2026-08-25 19:33 UTC,5.69,90.8,"GPS: 48.7500 N, -123.4500 W",89,FAIR,WARNING,0,0,0,5.69,5.69,0.48
165093,SNS-1025,BTC-SEA-5025,SHP-2026-125,2026-08-25 19:48 UTC,3.23,90.5,"GPS: 48.7600 N, -123.4600 W",89,EXCELLENT,NORMAL,0,0,0,3.23,3.23,0.39
165094,SNS-1025,BTC-SEA-5025,SHP-2026-125,2026-08-25 20:03 UTC,1.35,87.7,"GPS: 48.7700 N, -123.4700 W",89,EXCELLENT,NORMAL,0,0,0,1.35,1.35,0.38
165095,SNS-1025,BTC-SEA-5025,SHP-2026-125,2026-08-25 20:18 UTC,1.83,88.3,"GPS: 48.7800 N, -123.4800 W",89,GOOD,NORMAL,0,0,0,1.83,1.83,0.38
165096,SNS-1025,BTC-SEA-5025,SHP-2026-125,2026-08-25 20:33 UTC,1.51,87.4,"GPS: 48.7900 N, -123.4900 W",89,GOOD,NORMAL,0,0,0,1.51,1.51,0.38
165097,SNS-1025,BTC-SEA-5025,SHP-2026-125,2026-08-25 20:48 UTC,,,"GPS: 48.8000 N, -123.5000 W",88,DISCONNECTED,WARNING,1,0,1,1.9,1.51,0.4
165098,SNS-1025,BTC-SEA-5025,SHP-2026-125,2026-08-25 21:03 UTC,0.91,91.9,"GPS: 48.8100 N, -123.5100 W",88,GOOD,NORMAL,0,0,0,0.91,0.91,0.46
165099,SNS-1025,BTC-SEA-5025,SHP-2026-125,2026-08-25 21:18 UTC,2.99,87.5,"GPS: 48.8200 N, -123.5200 W",88,GOOD,NORMAL,0,0,0,2.99,2.99,0.47
165100,SNS-1025,BTC-SEA-5025,SHP-2026-125,2026-08-25 21:33 UTC,13.49,85.3,"GPS: 48.8300 N, -123.5300 W",88,EXCELLENT,WARNING,0,0,0,13.49,13.49,0.55
165101,SNS-1025,BTC-SEA-5025,SHP-2026-125,2026-08-25 21:48 UTC,2.13,92.2,"GPS: 48.8400 N, -123.5400 W",88,EXCELLENT,NORMAL,0,0,0,2.13,2.13,0.4
165102,SNS-1025,BTC-SEA-5025,SHP-2026-125,2026-08-25 22:03 UTC,,,"GPS: 48.8500 N, -123.5500 W",88,DISCONNECTED,WARNING,1,0,1,2.05,2.13,0.39
165103,SNS-1025,BTC-SEA-5025,SHP-2026-125,2026-08-25 22:18 UTC,,,"GPS: 48.8600 N, -123.5600 W",88,DISCONNECTED,WARNING,1,0,1,-24.18,2.13,0.39
165104,SNS-1025,BTC-SEA-5025,SHP-2026-125,2026-08-25 22:33 UTC,,,"GPS: 48.8700 N, -123.5700 W",88,DISCONNECTED,WARNING,1,0,1,1.55,2.13,0.39
165105,SNS-1025,BTC-SEA-5025,SHP-2026-125,2026-08-25 22:48 UTC,,,"GPS: 48.8800 N, -123.5800 W",88,DISCONNECTED,WARNING,1,0,1,2.2,2.13,0.47
165106,SNS-1025,BTC-SEA-5025,SHP-2026-125,2026-08-25 23:03 UTC,1.15,95.0,"GPS: 48.8900 N, -123.5900 W",88,FAIR,NORMAL,0,0,0,1.15,1.15,0.49
165107,SNS-1025,BTC-SEA-5025,SHP-2026-125,2026-08-25 23:18 UTC,2.2,95.8,"GPS: 48.9000 N, -123.6000 W",87,GOOD,NORMAL,0,0,0,2.2,2.2,0.44
165108,SNS-1025,BTC-SEA-5025,SHP-2026-125,2026-08-25 23:33 UTC,0.81,89.7,"GPS: 48.9100 N, -123.6100 W",87,EXCELLENT,NORMAL,0,0,0,0.81,0.81,0.49
165109,SNS-1025,BTC-SEA-5025,SHP-2026-125,2026-08-25 23:48 UTC,1.74,87.5,"GPS: 48.9200 N, -123.6200 W",87,FAIR,NORMAL,0,0,0,1.74,1.74,0.46
165110,SNS-1025,BTC-SEA-5025,SHP-2026-125,2026-08-26 00:03 UTC,2.78,86.7,"GPS: 48.9300 N, -123.6300 W",87,EXCELLENT,NORMAL,0,0,0,2.78,2.78,0.47
165111,SNS-1025,BTC-SEA-5025,SHP-2026-125,2026-08-26 00:18 UTC,3.08,90.1,"GPS: 48.9400 N, -123.6400 W",87,GOOD,NORMAL,0,0,0,3.08,3.08,0.45
165112,SNS-1025,BTC-SEA-5025,SHP-2026-125,2026-08-26 00:33 UTC,2.23,91.2,"GPS: 48.9500 N, -123.6500 W",87,GOOD,NORMAL,0,0,0,2.23,2.23,0.47
165113,SNS-1026,BTC-SEA-5026,SHP-2026-126,2026-08-24 16:48 UTC,,,"GPS: 47.6000 N, -122.3000 W",100,DISCONNECTED,WARNING,1,0,1,-20.23,-20.85,0.5
165114,SNS-1026,BTC-SEA-5026,SHP-2026-126,2026-08-24 17:03 UTC,-20.85,94.1,"GPS: 47.6100 N, -122.3100 W",100,FAIR,NORMAL,0,0,0,-20.85,-20.85,0.5
165115,SNS-1026,BTC-SEA-5026,SHP-2026-126,2026-08-24 17:18 UTC,-20.16,91.0,"GPS: 47.6200 N, -122.3200 W",100,GOOD,NORMAL,0,0,0,-20.16,-20.16,0.46
165116,SNS-1026,BTC-SEA-5026,SHP-2026-126,2026-08-24 17:33 UTC,-19.75,87.9,"GPS: 47.6300 N, -122.3300 W",100,EXCELLENT,NORMAL,0,0,0,-19.75,-19.75,0.46
165117,SNS-1026,BTC-SEA-5026,SHP-2026-126,2026-08-24 17:48 UTC,-20.75,95.2,"GPS: 47.6400 N, -122.3400 W",100,GOOD,NORMAL,0,0,0,-20.75,-20.75,0.43
165118,SNS-1026,BTC-SEA-5026,SHP-2026-126,2026-08-24 18:03 UTC,,,"GPS: 47.6500 N, -122.3500 W",100,DISCONNECTED,WARNING,1,0,1,-20.25,-20.75,0.44
165119,SNS-1026,BTC-SEA-5026,SHP-2026-126,2026-08-24 18:18 UTC,-20.2,93.1,"GPS: 47.6600 N, -122.3600 W",100,GOOD,NORMAL,0,0,0,-20.2,-20.2,0.45
165120,SNS-1026,BTC-SEA-5026,SHP-2026-126,2026-08-24 18:33 UTC,-19.98,87.2,"GPS: 47.6700 N, -122.3700 W",100,EXCELLENT,NORMAL,0,0,0,-19.98,-19.98,0.43
165121,SNS-1026,BTC-SEA-5026,SHP-2026-126,2026-08-24 18:48 UTC,,,"GPS: 47.6800 N, -122.3800 W",100,DISCONNECTED,WARNING,1,0,1,-19.63,-19.98,0.45
165122,SNS-1026,BTC-SEA-5026,SHP-2026-126,2026-08-24 19:03 UTC,-20.31,86.3,"GPS: 47.6900 N, -122.3900 W",100,EXCELLENT,NORMAL,0,0,0,-20.31,-20.31,0.46
165123,SNS-1026,BTC-SEA-5026,SHP-2026-126,2026-08-24 19:18 UTC,-21.03,90.3,"GPS: 47.7000 N, -122.4000 W",99,FAIR,NORMAL,0,0,0,-21.03,-21.03,0.49
165124,SNS-1026,BTC-SEA-5026,SHP-2026-126,2026-08-24 19:33 UTC,,,"GPS: 47.7100 N, -122.4100 W",99,DISCONNECTED,WARNING,1,0,1,-18.51,-21.03,0.42
165125,SNS-1026,BTC-SEA-5026,SHP-2026-126,2026-08-24 19:48 UTC,-21.08,88.1,"GPS: 47.7200 N, -122.4200 W",99,EXCELLENT,NORMAL,0,0,0,-21.08,-21.08,0.41
165126,SNS-1026,BTC-SEA-5026,SHP-2026-126,2026-08-24 20:03 UTC,-19.18,93.8,"GPS: 47.7300 N, -122.4300 W",99,GOOD,NORMAL,0,0,0,-19.18,-19.18,0.48
165127,SNS-1026,BTC-SEA-5026,SHP-2026-126,2026-08-24 20:18 UTC,-20.47,96.0,"GPS: 47.7400 N, -122.4400 W",99,GOOD,NORMAL,0,0,0,-20.47,-20.47,0.45
165128,SNS-1026,BTC-SEA-5026,SHP-2026-126,2026-08-24 20:33 UTC,-20.57,88.6,"GPS: 47.7500 N, -122.4500 W",99,EXCELLENT,NORMAL,0,0,0,-20.57,-20.57,0.45
165129,SNS-1026,BTC-SEA-5026,SHP-2026-126,2026-08-24 20:48 UTC,-20.56,88.8,"GPS: 47.7600 N, -122.4600 W",99,FAIR,NORMAL,0,0,0,-20.56,-20.56,0.43
165130,SNS-1026,BTC-SEA-5026,SHP-2026-126,2026-08-24 21:03 UTC,-18.91,91.1,"GPS: 47.7700 N, -122.4700 W",99,FAIR,NORMAL,0,0,0,-18.91,-18.91,0.44
165131,SNS-1026,BTC-SEA-5026,SHP-2026-126,2026-08-24 21:18 UTC,29.72,92.3,"GPS: 47.7800 N, -122.4800 W",99,GOOD,WARNING,0,0,0,29.72,29.72,0.61
165132,SNS-1026,BTC-SEA-5026,SHP-2026-126,2026-08-24 21:33 UTC,-19.87,95.7,"GPS: 47.7900 N, -122.4900 W",99,EXCELLENT,NORMAL,0,0,0,-19.87,-19.87,0.4
165133,SNS-1026,BTC-SEA-5026,SHP-2026-126,2026-08-24 21:48 UTC,,,"GPS: 47.8000 N, -122.5000 W",98,DISCONNECTED,WARNING,1,0,1,-18.55,-19.87,0.39
165134,SNS-1026,BTC-SEA-5026,SHP-2026-126,2026-08-24 22:03 UTC,-19.3,89.2,"GPS: 47.8100 N, -122.5100 W",98,GOOD,NORMAL,0,0,0,-19.3,-19.3,0.4
165135,SNS-1026,BTC-SEA-5026,SHP-2026-126,2026-08-24 22:18 UTC,-20.55,92.4,"GPS: 47.8200 N, -122.5200 W",98,GOOD,NORMAL,0,0,0,-20.55,-20.55,0.39
165136,SNS-1026,BTC-SEA-5026,SHP-2026-126,2026-08-24 22:33 UTC,-20.5,95.7,"GPS: 47.8300 N, -122.5300 W",98,FAIR,NORMAL,0,0,0,-20.5,-20.5,0.41
165137,SNS-1026,BTC-SEA-5026,SHP-2026-126,2026-08-24 22:48 UTC,-18.62,95.2,"GPS: 47.8400 N, -122.5400 W",98,GOOD,NORMAL,0,0,0,-18.62,-18.62,0.45
165138,SNS-1026,BTC-SEA-5026,SHP-2026-126,2026-08-24 23:03 UTC,-18.7,88.1,"GPS: 47.8500 N, -122.5500 W",98,GOOD,NORMAL,0,0,0,-18.7,-18.7,0.41
165139,SNS-1026,BTC-SEA-5026,SHP-2026-126,2026-08-24 23:18 UTC,-18.58,91.2,"GPS: 47.8600 N, -122.5600 W",98,GOOD,NORMAL,0,0,0,-18.58,-18.58,0.4
165140,SNS-1026,BTC-SEA-5026,SHP-2026-126,2026-08-24 23:33 UTC,-20.69,95.2,"GPS: 47.8700 N, -122.5700 W",98,FAIR,NORMAL,0,0,0,-20.69,-20.69,0.42
165141,SNS-1026,BTC-SEA-5026,SHP-2026-126,2026-08-24 23:48 UTC,,,"GPS: 47.8800 N, -122.5800 W",98,DISCONNECTED,WARNING,1,0,1,-19.42,-20.69,0.41
165142,SNS-1026,BTC-SEA-5026,SHP-2026-126,2026-08-25 00:03 UTC,-18.55,95.2,"GPS: 47.8900 N, -122.5900 W",98,EXCELLENT,NORMAL,0,0,0,-18.55,-18.55,0.4
165143,SNS-1026,BTC-SEA-5026,SHP-2026-126,2026-08-25 00:18 UTC,-18.91,90.5,"GPS: 47.9000 N, -122.6000 W",97,EXCELLENT,NORMAL,0,0,0,-18.91,-18.91,0.39
165144,SNS-1026,BTC-SEA-5026,SHP-2026-126,2026-08-25 00:33 UTC,-20.56,89.4,"GPS: 47.9100 N, -122.6100 W",97,EXCELLENT,NORMAL,0,0,0,-20.56,-20.56,0.39
165145,SNS-1026,BTC-SEA-5026,SHP-2026-126,2026-08-25 00:48 UTC,-18.99,89.6,"GPS: 47.9200 N, -122.6200 W",97,GOOD,NORMAL,0,0,0,-18.99,-18.99,0.39
165146,SNS-1026,BTC-SEA-5026,SHP-2026-126,2026-08-25 01:03 UTC,-20.64,87.1,"GPS: 47.9300 N, -122.6300 W",97,GOOD,NORMAL,0,0,0,-20.64,-20.64,0.4
165147,SNS-1026,BTC-SEA-5026,SHP-2026-126,2026-08-25 01:18 UTC,-20.87,92.0,"GPS: 47.9400 N, -122.6400 W",97,FAIR,NORMAL,0,0,0,-20.87,-20.87,0.39
165148,SNS-1026,BTC-SEA-5026,SHP-2026-126,2026-08-25 01:33 UTC,-18.72,85.7,"GPS: 47.9500 N, -122.6500 W",97,FAIR,NORMAL,0,0,0,-18.72,-18.72,0.42
165149,SNS-1026,BTC-SEA-5026,SHP-2026-126,2026-08-25 01:48 UTC,,,"GPS: 47.9600 N, -122.6600 W",97,DISCONNECTED,WARNING,1,0,1,-19.46,-18.72,0.39
165150,SNS-1026,BTC-SEA-5026,SHP-2026-126,2026-08-25 02:03 UTC,-20.29,86.3,"GPS: 47.9700 N, -122.6700 W",97,FAIR,NORMAL,0,0,0,-20.29,-20.29,0.39
165151,SNS-1026,BTC-SEA-5026,SHP-2026-126,2026-08-25 02:18 UTC,-18.48,88.1,"GPS: 47.9800 N, -122.6800 W",97,GOOD,NORMAL,0,0,0,-18.48,-18.48,0.4
165152,SNS-1026,BTC-SEA-5026,SHP-2026-126,2026-08-25 02:33 UTC,-21.36,95.9,"GPS: 47.9900 N, -122.6900 W",97,FAIR,NORMAL,0,0,0,-21.36,-21.36,0.44
165153,SNS-1026,BTC-SEA-5026,SHP-2026-126,2026-08-25 02:48 UTC,,,"GPS: 48.0000 N, -122.7000 W",96,DISCONNECTED,WARNING,1,0,1,-18.95,-21.36,0.39
165154,SNS-1026,BTC-SEA-5026,SHP-2026-126,2026-08-25 03:03 UTC,-20.25,90.0,"GPS: 48.0100 N, -122.7100 W",96,FAIR,NORMAL,0,0,0,-20.25,-20.25,0.44
165155,SNS-1026,BTC-SEA-5026,SHP-2026-126,2026-08-25 03:18 UTC,-21.05,92.5,"GPS: 48.0200 N, -122.7200 W",96,GOOD,NORMAL,0,0,0,-21.05,-21.05,0.38
165156,SNS-1026,BTC-SEA-5026,SHP-2026-126,2026-08-25 03:33 UTC,-19.74,93.8,"GPS: 48.0300 N, -122.7300 W",96,GOOD,NORMAL,0,0,0,-19.74,-19.74,0.43
165157,SNS-1026,BTC-SEA-5026,SHP-2026-126,2026-08-25 03:48 UTC,-18.71,90.9,"GPS: 48.0400 N, -122.7400 W",96,EXCELLENT,NORMAL,0,0,0,-18.71,-18.71,0.44
165158,SNS-1026,BTC-SEA-5026,SHP-2026-126,2026-08-25 04:03 UTC,,,"GPS: 48.0500 N, -122.7500 W",96,DISCONNECTED,WARNING,1,0,1,-21.78,-18.71,0.39
165159,SNS-1026,BTC-SEA-5026,SHP-2026-126,2026-08-25 04:18 UTC,,,"GPS: 48.0600 N, -122.7600 W",96,DISCONNECTED,WARNING,1,0,1,-20.0,-18.71,0.39
165160,SNS-1026,BTC-SEA-5026,SHP-2026-126,2026-08-25 04:33 UTC,-21.06,86.9,"GPS: 48.0700 N, -122.7700 W",96,GOOD,NORMAL,0,0,0,-21.06,-21.06,0.45
165161,SNS-1026,BTC-SEA-5026,SHP-2026-126,2026-08-25 04:48 UTC,-18.41,90.8,"GPS: 48.0800 N, -122.7800 W",96,GOOD,NORMAL,0,0,0,-18.41,-18.41,0.39
165162,SNS-1026,BTC-SEA-5026,SHP-2026-126,2026-08-25 05:03 UTC,-20.36,86.6,"GPS: 48.0900 N, -122.7900 W",96,GOOD,NORMAL,0,0,0,-20.36,-20.36,0.38
165163,SNS-1026,BTC-SEA-5026,SHP-2026-126,2026-08-25 05:18 UTC,-20.42,88.2,"GPS: 48.1000 N, -122.8000 W",95,FAIR,NORMAL,0,0,0,-20.42,-20.42,0.37
165164,SNS-1026,BTC-SEA-5026,SHP-2026-126,2026-08-25 05:33 UTC,-18.3,91.3,"GPS: 48.1100 N, -122.8100 W",95,EXCELLENT,NORMAL,0,0,0,-18.3,-18.3,0.41
165165,SNS-1026,BTC-SEA-5026,SHP-2026-126,2026-08-25 05:48 UTC,,,"GPS: 48.1200 N, -122.8200 W",95,DISCONNECTED,WARNING,1,0,1,-19.08,-18.3,0.38
165166,SNS-1026,BTC-SEA-5026,SHP-2026-126,2026-08-25 06:03 UTC,-19.62,86.4,"GPS: 48.1300 N, -122.8300 W",95,EXCELLENT,NORMAL,0,0,0,-19.62,-19.62,0.41
165167,SNS-1026,BTC-SEA-5026,SHP-2026-126,2026-08-25 06:18 UTC,-19.21,90.9,"GPS: 48.1400 N, -122.8400 W",95,FAIR,NORMAL,0,0,0,-19.21,-19.21,0.44
165168,SNS-1026,BTC-SEA-5026,SHP-2026-126,2026-08-25 06:33 UTC,,,"GPS: 48.1500 N, -122.8500 W",95,DISCONNECTED,WARNING,1,0,1,-19.73,-19.21,0.38
165169,SNS-1026,BTC-SEA-5026,SHP-2026-126,2026-08-25 06:48 UTC,-19.35,92.6,"GPS: 48.1600 N, -122.8600 W",95,GOOD,NORMAL,0,0,0,-19.35,-19.35,0.38
165170,SNS-1026,BTC-SEA-5026,SHP-2026-126,2026-08-25 07:03 UTC,,,"GPS: 48.1700 N, -122.8700 W",95,DISCONNECTED,WARNING,1,0,1,-19.64,-19.35,0.46
165171,SNS-1026,BTC-SEA-5026,SHP-2026-126,2026-08-25 07:18 UTC,-18.43,94.3,"GPS: 48.1800 N, -122.8800 W",95,GOOD,NORMAL,0,0,0,-18.43,-18.43,0.46
165172,SNS-1026,BTC-SEA-5026,SHP-2026-126,2026-08-25 07:33 UTC,-20.12,89.8,"GPS: 48.1900 N, -122.8900 W",95,GOOD,NORMAL,0,0,0,-20.12,-20.12,0.42
165173,SNS-1026,BTC-SEA-5026,SHP-2026-126,2026-08-25 07:48 UTC,-20.64,86.9,"GPS: 48.2000 N, -122.9000 W",94,FAIR,NORMAL,0,0,0,-20.64,-20.64,0.41
165174,SNS-1026,BTC-SEA-5026,SHP-2026-126,2026-08-25 08:03 UTC,-18.34,85.5,"GPS: 48.2100 N, -122.9100 W",94,EXCELLENT,NORMAL,0,0,0,-18.34,-18.34,0.4
165175,SNS-1026,BTC-SEA-5026,SHP-2026-126,2026-08-25 08:18 UTC,-21.0,86.6,"GPS: 48.2200 N, -122.9200 W",94,EXCELLENT,NORMAL,0,0,0,-21.0,-21.0,0.39
165176,SNS-1026,BTC-SEA-5026,SHP-2026-126,2026-08-25 08:33 UTC,-18.69,88.4,"GPS: 48.2300 N, -122.9300 W",94,FAIR,NORMAL,0,0,0,-18.69,-18.69,0.38
165177,SNS-1026,BTC-SEA-5026,SHP-2026-126,2026-08-25 08:48 UTC,,,"GPS: 48.2400 N, -122.9400 W",94,DISCONNECTED,WARNING,1,0,1,-21.75,-18.69,0.38
165178,SNS-1026,BTC-SEA-5026,SHP-2026-126,2026-08-25 09:03 UTC,,,"GPS: 48.2500 N, -122.9500 W",94,DISCONNECTED,WARNING,1,0,1,-20.92,-18.69,0.4
165179,SNS-1026,BTC-SEA-5026,SHP-2026-126,2026-08-25 09:18 UTC,,,"GPS: 48.2600 N, -122.9600 W",94,DISCONNECTED,WARNING,1,0,1,-20.04,-18.69,0.39
165180,SNS-1026,BTC-SEA-5026,SHP-2026-126,2026-08-25 09:33 UTC,,,"GPS: 48.2700 N, -122.9700 W",94,DISCONNECTED,WARNING,1,0,1,-20.33,-18.69,0.47
165181,SNS-1026,BTC-SEA-5026,SHP-2026-126,2026-08-25 09:48 UTC,-19.17,87.0,"GPS: 48.2800 N, -122.9800 W",94,FAIR,NORMAL,0,0,0,-19.17,-19.17,0.47
165182,SNS-1026,BTC-SEA-5026,SHP-2026-126,2026-08-25 10:03 UTC,-21.51,95.1,"GPS: 48.2900 N, -122.9900 W",94,GOOD,NORMAL,0,0,0,-21.51,-21.51,0.46
165183,SNS-1026,BTC-SEA-5026,SHP-2026-126,2026-08-25 10:18 UTC,-18.98,87.3,"GPS: 48.3000 N, -123.0000 W",93,GOOD,NORMAL,0,0,0,-18.98,-18.98,0.4
165184,SNS-1026,BTC-SEA-5026,SHP-2026-126,2026-08-25 10:33 UTC,-19.68,88.1,"GPS: 48.3100 N, -123.0100 W",93,FAIR,NORMAL,0,0,0,-19.68,-19.68,0.43
165185,SNS-1026,BTC-SEA-5026,SHP-2026-126,2026-08-25 10:48 UTC,,,"GPS: 48.3200 N, -123.0200 W",93,DISCONNECTED,WARNING,1,0,1,-20.28,-19.68,0.42
165186,SNS-1026,BTC-SEA-5026,SHP-2026-126,2026-08-25 11:03 UTC,-20.82,89.6,"GPS: 48.3300 N, -123.0300 W",93,GOOD,NORMAL,0,0,0,-20.82,-20.82,0.38
165187,SNS-1026,BTC-SEA-5026,SHP-2026-126,2026-08-25 11:18 UTC,-19.37,93.2,"GPS: 48.3400 N, -123.0400 W",93,FAIR,NORMAL,0,0,0,-19.37,-19.37,0.38
165188,SNS-1026,BTC-SEA-5026,SHP-2026-126,2026-08-25 11:33 UTC,-19.06,86.8,"GPS: 48.3500 N, -123.0500 W",93,GOOD,NORMAL,0,0,0,-19.06,-19.06,0.38
165189,SNS-1026,BTC-SEA-5026,SHP-2026-126,2026-08-25 11:48 UTC,-21.62,88.7,"GPS: 48.3600 N, -123.0600 W",93,GOOD,NORMAL,0,0,0,-21.62,-21.62,0.43
165190,SNS-1026,BTC-SEA-5026,SHP-2026-126,2026-08-25 12:03 UTC,-19.13,87.3,"GPS: 48.3700 N, -123.0700 W",93,EXCELLENT,NORMAL,0,0,0,-19.13,-19.13,0.37
165191,SNS-1026,BTC-SEA-5026,SHP-2026-126,2026-08-25 12:18 UTC,-20.11,89.7,"GPS: 48.3800 N, -123.0800 W",93,GOOD,NORMAL,0,0,0,-20.11,-20.11,0.4
165192,SNS-1026,BTC-SEA-5026,SHP-2026-126,2026-08-25 12:33 UTC,-19.6,86.7,"GPS: 48.3900 N, -123.0900 W",93,GOOD,NORMAL,0,0,0,-19.6,-19.6,0.4
165193,SNS-1026,BTC-SEA-5026,SHP-2026-126,2026-08-25 12:48 UTC,-21.4,87.9,"GPS: 48.4000 N, -123.1000 W",92,FAIR,NORMAL,0,0,0,-21.4,-21.4,0.38
165194,SNS-1026,BTC-SEA-5026,SHP-2026-126,2026-08-25 13:03 UTC,-21.09,94.6,"GPS: 48.4100 N, -123.1100 W",92,EXCELLENT,NORMAL,0,0,0,-21.09,-21.09,0.37
165195,SNS-1026,BTC-SEA-5026,SHP-2026-126,2026-08-25 13:18 UTC,-18.73,95.8,"GPS: 48.4200 N, -123.1200 W",92,EXCELLENT,NORMAL,0,0,0,-18.73,-18.73,0.42
165196,SNS-1026,BTC-SEA-5026,SHP-2026-126,2026-08-25 13:33 UTC,-18.46,87.8,"GPS: 48.4300 N, -123.1300 W",92,FAIR,NORMAL,0,0,0,-18.46,-18.46,0.39
165197,SNS-1026,BTC-SEA-5026,SHP-2026-126,2026-08-25 13:48 UTC,-20.39,92.3,"GPS: 48.4400 N, -123.1400 W",92,EXCELLENT,NORMAL,0,0,0,-20.39,-20.39,0.39
165198,SNS-1026,BTC-SEA-5026,SHP-2026-126,2026-08-25 14:03 UTC,-18.68,90.7,"GPS: 48.4500 N, -123.1500 W",92,FAIR,NORMAL,0,0,0,-18.68,-18.68,0.38
165199,SNS-1026,BTC-SEA-5026,SHP-2026-126,2026-08-25 14:18 UTC,-21.07,90.7,"GPS: 48.4600 N, -123.1600 W",92,EXCELLENT,NORMAL,0,0,0,-21.07,-21.07,0.41
165200,SNS-1026,BTC-SEA-5026,SHP-2026-126,2026-08-25 14:33 UTC,-19.85,85.9,"GPS: 48.4700 N, -123.1700 W",92,GOOD,NORMAL,0,0,0,-19.85,-19.85,0.42
165201,SNS-1026,BTC-SEA-5026,SHP-2026-126,2026-08-25 14:48 UTC,-21.08,86.8,"GPS: 48.4800 N, -123.1800 W",92,FAIR,NORMAL,0,0,0,-21.08,-21.08,0.37
165202,SNS-1026,BTC-SEA-5026,SHP-2026-126,2026-08-25 15:03 UTC,-20.42,90.4,"GPS: 48.4900 N, -123.1900 W",92,FAIR,NORMAL,0,0,0,-20.42,-20.42,0.41
165203,SNS-1026,BTC-SEA-5026,SHP-2026-126,2026-08-25 15:18 UTC,-20.9,93.2,"GPS: 48.5000 N, -123.2000 W",91,EXCELLENT,NORMAL,0,0,0,-20.9,-20.9,0.38
165204,SNS-1026,BTC-SEA-5026,SHP-2026-126,2026-08-25 15:33 UTC,-19.16,89.3,"GPS: 48.5100 N, -123.2100 W",91,EXCELLENT,NORMAL,0,0,0,-19.16,-19.16,0.44
165205,SNS-1026,BTC-SEA-5026,SHP-2026-126,2026-08-25 15:48 UTC,-19.51,93.0,"GPS: 48.5200 N, -123.2200 W",91,FAIR,NORMAL,0,0,0,-19.51,-19.51,0.38
165206,SNS-1026,BTC-SEA-5026,SHP-2026-126,2026-08-25 16:03 UTC,-19.26,85.8,"GPS: 48.5300 N, -123.2300 W",91,EXCELLENT,NORMAL,0,0,0,-19.26,-19.26,0.38
165207,SNS-1026,BTC-SEA-5026,SHP-2026-126,2026-08-25 16:18 UTC,-20.63,90.9,"GPS: 48.5400 N, -123.2400 W",91,EXCELLENT,NORMAL,0,0,0,-20.63,-20.63,0.38
165208,SNS-1026,BTC-SEA-5026,SHP-2026-126,2026-08-25 16:33 UTC,-19.31,89.3,"GPS: 48.5500 N, -123.2500 W",91,GOOD,NORMAL,0,0,0,-19.31,-19.31,0.38
165209,SNS-1026,BTC-SEA-5026,SHP-2026-126,2026-08-25 16:48 UTC,-19.27,85.2,"GPS: 48.5600 N, -123.2600 W",91,EXCELLENT,NORMAL,0,0,0,-19.27,-19.27,0.38
165210,SNS-1026,BTC-SEA-5026,SHP-2026-126,2026-08-25 17:03 UTC,-19.75,95.6,"GPS: 48.5700 N, -123.2700 W",91,FAIR,NORMAL,0,0,0,-19.75,-19.75,0.41
165211,SNS-1026,BTC-SEA-5026,SHP-2026-126,2026-08-25 17:18 UTC,-21.01,89.6,"GPS: 48.5800 N, -123.2800 W",91,FAIR,NORMAL,0,0,0,-21.01,-21.01,0.41
165212,SNS-1026,BTC-SEA-5026,SHP-2026-126,2026-08-25 17:33 UTC,-20.65,92.8,"GPS: 48.5900 N, -123.2900 W",91,GOOD,NORMAL,0,0,0,-20.65,-20.65,0.38
165213,SNS-1026,BTC-SEA-5026,SHP-2026-126,2026-08-25 17:48 UTC,-20.98,87.2,"GPS: 48.6000 N, -123.3000 W",90,GOOD,NORMAL,0,0,0,-20.98,-20.98,0.39
165214,SNS-1026,BTC-SEA-5026,SHP-2026-126,2026-08-25 18:03 UTC,-21.54,85.8,"GPS: 48.6100 N, -123.3100 W",90,EXCELLENT,NORMAL,0,0,0,-21.54,-21.54,0.4
165215,SNS-1026,BTC-SEA-5026,SHP-2026-126,2026-08-25 18:18 UTC,-18.75,92.8,"GPS: 48.6200 N, -123.3200 W",90,GOOD,NORMAL,0,0,0,-18.75,-18.75,0.47
165216,SNS-1026,BTC-SEA-5026,SHP-2026-126,2026-08-25 18:33 UTC,,,"GPS: 48.6300 N, -123.3300 W",90,DISCONNECTED,WARNING,1,0,1,-19.42,-18.75,0.39
165217,SNS-1026,BTC-SEA-5026,SHP-2026-126,2026-08-25 18:48 UTC,,,"GPS: 48.6400 N, -123.3400 W",90,DISCONNECTED,WARNING,1,0,1,-20.17,-18.75,0.38
165218,SNS-1026,BTC-SEA-5026,SHP-2026-126,2026-08-25 19:03 UTC,-19.31,91.8,"GPS: 48.6500 N, -123.3500 W",90,FAIR,NORMAL,0,0,0,-19.31,-19.31,0.44
165219,SNS-1026,BTC-SEA-5026,SHP-2026-126,2026-08-25 19:18 UTC,,,"GPS: 48.6600 N, -123.3600 W",90,DISCONNECTED,WARNING,1,0,1,-18.99,-19.31,0.39
165220,SNS-1026,BTC-SEA-5026,SHP-2026-126,2026-08-25 19:33 UTC,,,"GPS: 48.6700 N, -123.3700 W",90,DISCONNECTED,WARNING,1,0,1,-21.43,-19.31,0.38
165221,SNS-1026,BTC-SEA-5026,SHP-2026-126,2026-08-25 19:48 UTC,-18.55,85.4,"GPS: 48.6800 N, -123.3800 W",90,EXCELLENT,NORMAL,0,0,0,-18.55,-18.55,0.42
165222,SNS-1026,BTC-SEA-5026,SHP-2026-126,2026-08-25 20:03 UTC,-19.69,85.1,"GPS: 48.6900 N, -123.3900 W",90,FAIR,NORMAL,0,0,0,-19.69,-19.69,0.39
165223,SNS-1026,BTC-SEA-5026,SHP-2026-126,2026-08-25 20:18 UTC,-12.82,90.5,"GPS: 48.7000 N, -123.4000 W",89,GOOD,WARNING,0,0,0,-12.82,-12.82,0.49
165224,SNS-1026,BTC-SEA-5026,SHP-2026-126,2026-08-25 20:33 UTC,-20.84,94.5,"GPS: 48.7100 N, -123.4100 W",89,FAIR,NORMAL,0,0,0,-20.84,-20.84,0.4
165225,SNS-1026,BTC-SEA-5026,SHP-2026-126,2026-08-25 20:48 UTC,-21.65,92.8,"GPS: 48.7200 N, -123.4200 W",89,FAIR,NORMAL,0,0,0,-21.65,-21.65,0.4
165226,SNS-1026,BTC-SEA-5026,SHP-2026-126,2026-08-25 21:03 UTC,-18.79,85.2,"GPS: 48.7300 N, -123.4300 W",89,FAIR,NORMAL,0,0,0,-18.79,-18.79,0.48
165227,SNS-1026,BTC-SEA-5026,SHP-2026-126,2026-08-25 21:18 UTC,,,"GPS: 48.7400 N, -123.4400 W",89,DISCONNECTED,WARNING,1,0,1,-5.83,-18.79,0.46
165228,SNS-1026,BTC-SEA-5026,SHP-2026-126,2026-08-25 21:33 UTC,-18.38,90.9,"GPS: 48.7500 N, -123.4500 W",89,FAIR,NORMAL,0,0,0,-18.38,-18.38,0.41
165229,SNS-1026,BTC-SEA-5026,SHP-2026-126,2026-08-25 21:48 UTC,,,"GPS: 48.7600 N, -123.4600 W",89,DISCONNECTED,WARNING,1,0,1,-21.71,-18.38,0.4
165230,SNS-1026,BTC-SEA-5026,SHP-2026-126,2026-08-25 22:03 UTC,-19.01,87.9,"GPS: 48.7700 N, -123.4700 W",89,FAIR,NORMAL,0,0,0,-19.01,-19.01,0.42
165231,SNS-1026,BTC-SEA-5026,SHP-2026-126,2026-08-25 22:18 UTC,-19.14,85.5,"GPS: 48.7800 N, -123.4800 W",89,EXCELLENT,NORMAL,0,0,0,-19.14,-19.14,0.41
165232,SNS-1026,BTC-SEA-5026,SHP-2026-126,2026-08-25 22:33 UTC,-19.1,86.0,"GPS: 48.7900 N, -123.4900 W",89,FAIR,NORMAL,0,0,0,-19.1,-19.1,0.4
165233,SNS-1026,BTC-SEA-5026,SHP-2026-126,2026-08-25 22:48 UTC,-19.98,87.1,"GPS: 48.8000 N, -123.5000 W",88,FAIR,NORMAL,0,0,0,-19.98,-19.98,0.47
165234,SNS-1026,BTC-SEA-5026,SHP-2026-126,2026-08-25 23:03 UTC,,,"GPS: 48.8100 N, -123.5100 W",88,DISCONNECTED,WARNING,1,0,1,-9.85,-19.98,0.42
165235,SNS-1026,BTC-SEA-5026,SHP-2026-126,2026-08-25 23:18 UTC,-20.01,86.7,"GPS: 48.8200 N, -123.5200 W",88,GOOD,NORMAL,0,0,0,-20.01,-20.01,0.41
165236,SNS-1026,BTC-SEA-5026,SHP-2026-126,2026-08-25 23:33 UTC,,,"GPS: 48.8300 N, -123.5300 W",88,DISCONNECTED,WARNING,1,0,1,-18.57,-20.01,0.42
165237,SNS-1026,BTC-SEA-5026,SHP-2026-126,2026-08-25 23:48 UTC,,,"GPS: 48.8400 N, -123.5400 W",88,DISCONNECTED,WARNING,1,0,1,-18.43,-20.01,0.41
165238,SNS-1026,BTC-SEA-5026,SHP-2026-126,2026-08-26 00:03 UTC,-20.45,89.0,"GPS: 48.8500 N, -123.5500 W",88,FAIR,NORMAL,0,0,0,-20.45,-20.45,0.48
165239,SNS-1026,BTC-SEA-5026,SHP-2026-126,2026-08-26 00:18 UTC,19.67,93.8,"GPS: 48.8600 N, -123.5600 W",88,EXCELLENT,WARNING,0,0,0,19.67,19.67,0.58
165240,SNS-1026,BTC-SEA-5026,SHP-2026-126,2026-08-26 00:33 UTC,-20.68,92.1,"GPS: 48.8700 N, -123.5700 W",88,GOOD,NORMAL,0,0,0,-20.68,-20.68,0.41
165241,SNS-1026,BTC-SEA-5026,SHP-2026-126,2026-08-26 00:48 UTC,-21.19,92.8,"GPS: 48.8800 N, -123.5800 W",88,EXCELLENT,NORMAL,0,0,0,-21.19,-21.19,0.42
165242,SNS-1026,BTC-SEA-5026,SHP-2026-126,2026-08-26 01:03 UTC,-21.63,85.2,"GPS: 48.8900 N, -123.5900 W",88,GOOD,NORMAL,0,0,0,-21.63,-21.63,0.41
165243,SNS-1026,BTC-SEA-5026,SHP-2026-126,2026-08-26 01:18 UTC,-21.46,92.2,"GPS: 48.9000 N, -123.6000 W",87,GOOD,NORMAL,0,0,0,-21.46,-21.46,0.46
165244,SNS-1026,BTC-SEA-5026,SHP-2026-126,2026-08-26 01:33 UTC,-21.21,91.0,"GPS: 48.9100 N, -123.6100 W",87,EXCELLENT,NORMAL,0,0,0,-21.21,-21.21,0.5
165245,SNS-1026,BTC-SEA-5026,SHP-2026-126,2026-08-26 01:48 UTC,-19.75,94.7,"GPS: 48.9200 N, -123.6200 W",87,FAIR,NORMAL,0,0,0,-19.75,-19.75,0.51
165246,SNS-1026,BTC-SEA-5026,SHP-2026-126,2026-08-26 02:03 UTC,-20.65,95.9,"GPS: 48.9300 N, -123.6300 W",87,FAIR,NORMAL,0,0,0,-20.65,-20.65,0.45
165247,SNS-1026,BTC-SEA-5026,SHP-2026-126,2026-08-26 02:18 UTC,-19.41,89.5,"GPS: 48.9400 N, -123.6400 W",87,FAIR,NORMAL,0,0,0,-19.41,-19.41,0.46
165248,SNS-1026,BTC-SEA-5026,SHP-2026-126,2026-08-26 02:33 UTC,-21.24,86.6,"GPS: 48.9500 N, -123.6500 W",87,EXCELLENT,NORMAL,0,0,0,-21.24,-21.24,0.45
165249,SNS-1027,BTC-SEA-5027,SHP-2026-127,2026-08-24 18:48 UTC,2.27,93.8,"GPS: 47.6000 N, -122.3000 W",100,GOOD,NORMAL,0,0,0,2.27,2.27,0.49
165250,SNS-1027,BTC-SEA-5027,SHP-2026-127,2026-08-24 19:03 UTC,3.36,85.3,"GPS: 47.6100 N, -122.3100 W",100,EXCELLENT,NORMAL,0,0,0,3.36,3.36,0.42
165251,SNS-1027,BTC-SEA-5027,SHP-2026-127,2026-08-24 19:18 UTC,3.05,90.4,"GPS: 47.6200 N, -122.3200 W",100,GOOD,NORMAL,0,0,0,3.05,3.05,0.44
165252,SNS-1027,BTC-SEA-5027,SHP-2026-127,2026-08-24 19:33 UTC,3.14,89.4,"GPS: 47.6300 N, -122.3300 W",100,GOOD,NORMAL,0,0,0,3.14,3.14,0.42
165253,SNS-1027,BTC-SEA-5027,SHP-2026-127,2026-08-24 19:48 UTC,2.67,87.5,"GPS: 47.6400 N, -122.3400 W",100,EXCELLENT,NORMAL,0,0,0,2.67,2.67,0.41
165254,SNS-1027,BTC-SEA-5027,SHP-2026-127,2026-08-24 20:03 UTC,3.42,90.6,"GPS: 47.6500 N, -122.3500 W",100,GOOD,NORMAL,0,0,0,3.42,3.42,0.43
165255,SNS-1027,BTC-SEA-5027,SHP-2026-127,2026-08-24 20:18 UTC,0.72,87.8,"GPS: 47.6600 N, -122.3600 W",100,GOOD,NORMAL,0,0,0,0.72,0.72,0.51
165256,SNS-1027,BTC-SEA-5027,SHP-2026-127,2026-08-24 20:33 UTC,1.75,94.2,"GPS: 47.6700 N, -122.3700 W",100,GOOD,NORMAL,0,0,0,1.75,1.75,0.41
165257,SNS-1027,BTC-SEA-5027,SHP-2026-127,2026-08-24 20:48 UTC,3.63,95.7,"GPS: 47.6800 N, -122.3800 W",100,FAIR,NORMAL,0,0,0,3.63,3.63,0.43
165258,SNS-1027,BTC-SEA-5027,SHP-2026-127,2026-08-24 21:03 UTC,2.46,94.4,"GPS: 47.6900 N, -122.3900 W",100,FAIR,NORMAL,0,0,0,2.46,2.46,0.47
165259,SNS-1027,BTC-SEA-5027,SHP-2026-127,2026-08-24 21:18 UTC,2.12,91.8,"GPS: 47.7000 N, -122.4000 W",99,GOOD,NORMAL,0,0,0,2.12,2.12,0.46
165260,SNS-1027,BTC-SEA-5027,SHP-2026-127,2026-08-24 21:33 UTC,3.6,94.5,"GPS: 47.7100 N, -122.4100 W",99,FAIR,NORMAL,0,0,0,3.6,3.6,0.4
165261,SNS-1027,BTC-SEA-5027,SHP-2026-127,2026-08-24 21:48 UTC,2.77,92.4,"GPS: 47.7200 N, -122.4200 W",99,GOOD,NORMAL,0,0,0,2.77,2.77,0.42
165262,SNS-1027,BTC-SEA-5027,SHP-2026-127,2026-08-24 22:03 UTC,3.06,88.2,"GPS: 47.7300 N, -122.4300 W",99,FAIR,NORMAL,0,0,0,3.06,3.06,0.39
165263,SNS-1027,BTC-SEA-5027,SHP-2026-127,2026-08-24 22:18 UTC,2.33,91.9,"GPS: 47.7400 N, -122.4400 W",99,GOOD,NORMAL,0,0,0,2.33,2.33,0.39
165264,SNS-1027,BTC-SEA-5027,SHP-2026-127,2026-08-24 22:33 UTC,2.72,93.2,"GPS: 47.7500 N, -122.4500 W",99,EXCELLENT,NORMAL,0,0,0,2.72,2.72,0.39
165265,SNS-1027,BTC-SEA-5027,SHP-2026-127,2026-08-24 22:48 UTC,0.8,94.0,"GPS: 47.7600 N, -122.4600 W",99,GOOD,NORMAL,0,0,0,0.8,0.8,0.48
165266,SNS-1027,BTC-SEA-5027,SHP-2026-127,2026-08-24 23:03 UTC,1.1,93.0,"GPS: 47.7700 N, -122.4700 W",99,EXCELLENT,NORMAL,0,0,0,1.1,1.1,0.4
165267,SNS-1027,BTC-SEA-5027,SHP-2026-127,2026-08-24 23:18 UTC,1.08,87.4,"GPS: 47.7800 N, -122.4800 W",99,GOOD,NORMAL,0,0,0,1.08,1.08,0.4
165268,SNS-1027,BTC-SEA-5027,SHP-2026-127,2026-08-24 23:33 UTC,0.71,92.8,"GPS: 47.7900 N, -122.4900 W",99,EXCELLENT,NORMAL,0,0,0,0.71,0.71,0.41
165269,SNS-1027,BTC-SEA-5027,SHP-2026-127,2026-08-24 23:48 UTC,2.26,91.9,"GPS: 47.8000 N, -122.5000 W",98,FAIR,NORMAL,0,0,0,2.26,2.26,0.46
165270,SNS-1027,BTC-SEA-5027,SHP-2026-127,2026-08-25 00:03 UTC,2.72,88.3,"GPS: 47.8100 N, -122.5100 W",98,EXCELLENT,NORMAL,0,0,0,2.72,2.72,0.42
165271,SNS-1027,BTC-SEA-5027,SHP-2026-127,2026-08-25 00:18 UTC,3.13,93.9,"GPS: 47.8200 N, -122.5200 W",98,GOOD,NORMAL,0,0,0,3.13,3.13,0.38
165272,SNS-1027,BTC-SEA-5027,SHP-2026-127,2026-08-25 00:33 UTC,2.92,87.0,"GPS: 47.8300 N, -122.5300 W",98,FAIR,NORMAL,0,0,0,2.92,2.92,0.38
165273,SNS-1027,BTC-SEA-5027,SHP-2026-127,2026-08-25 00:48 UTC,1.81,92.5,"GPS: 47.8400 N, -122.5400 W",98,GOOD,NORMAL,0,0,0,1.81,1.81,0.43
165274,SNS-1027,BTC-SEA-5027,SHP-2026-127,2026-08-25 01:03 UTC,1.72,89.5,"GPS: 47.8500 N, -122.5500 W",98,FAIR,NORMAL,0,0,0,1.72,1.72,0.39
165275,SNS-1027,BTC-SEA-5027,SHP-2026-127,2026-08-25 01:18 UTC,1.36,86.9,"GPS: 47.8600 N, -122.5600 W",98,GOOD,NORMAL,0,0,0,1.36,1.36,0.39
165276,SNS-1027,BTC-SEA-5027,SHP-2026-127,2026-08-25 01:33 UTC,3.38,91.0,"GPS: 47.8700 N, -122.5700 W",98,GOOD,NORMAL,0,0,0,3.38,3.38,0.41
165277,SNS-1027,BTC-SEA-5027,SHP-2026-127,2026-08-25 01:48 UTC,1.71,86.1,"GPS: 47.8800 N, -122.5800 W",98,FAIR,NORMAL,0,0,0,1.71,1.71,0.38
165278,SNS-1027,BTC-SEA-5027,SHP-2026-127,2026-08-25 02:03 UTC,1.06,88.6,"GPS: 47.8900 N, -122.5900 W",98,FAIR,NORMAL,0,0,0,1.06,1.06,0.39
165279,SNS-1027,BTC-SEA-5027,SHP-2026-127,2026-08-25 02:18 UTC,2.74,95.5,"GPS: 47.9000 N, -122.6000 W",97,GOOD,NORMAL,0,0,0,2.74,2.74,0.37
165280,SNS-1027,BTC-SEA-5027,SHP-2026-127,2026-08-25 02:33 UTC,3.03,90.5,"GPS: 47.9100 N, -122.6100 W",97,FAIR,NORMAL,0,0,0,3.03,3.03,0.37
165281,SNS-1027,BTC-SEA-5027,SHP-2026-127,2026-08-25 02:48 UTC,1.98,92.9,"GPS: 47.9200 N, -122.6200 W",97,EXCELLENT,NORMAL,0,0,0,1.98,1.98,0.39
165282,SNS-1027,BTC-SEA-5027,SHP-2026-127,2026-08-25 03:03 UTC,2.73,91.9,"GPS: 47.9300 N, -122.6300 W",97,FAIR,NORMAL,0,0,0,2.73,2.73,0.37
165283,SNS-1027,BTC-SEA-5027,SHP-2026-127,2026-08-25 03:18 UTC,3.64,90.4,"GPS: 47.9400 N, -122.6400 W",97,EXCELLENT,NORMAL,0,0,0,3.64,3.64,0.41
165284,SNS-1027,BTC-SEA-5027,SHP-2026-127,2026-08-25 03:33 UTC,2.04,87.0,"GPS: 47.9500 N, -122.6500 W",97,FAIR,NORMAL,0,0,0,2.04,2.04,0.37
165285,SNS-1027,BTC-SEA-5027,SHP-2026-127,2026-08-25 03:48 UTC,1.46,87.1,"GPS: 47.9600 N, -122.6600 W",97,GOOD,NORMAL,0,0,0,1.46,1.46,0.38
165286,SNS-1027,BTC-SEA-5027,SHP-2026-127,2026-08-25 04:03 UTC,1.39,94.3,"GPS: 47.9700 N, -122.6700 W",97,FAIR,NORMAL,0,0,0,1.39,1.39,0.38
165287,SNS-1027,BTC-SEA-5027,SHP-2026-127,2026-08-25 04:18 UTC,2.75,89.1,"GPS: 47.9800 N, -122.6800 W",97,GOOD,NORMAL,0,0,0,2.75,2.75,0.37
165288,SNS-1027,BTC-SEA-5027,SHP-2026-127,2026-08-25 04:33 UTC,1.69,94.1,"GPS: 47.9900 N, -122.6900 W",97,GOOD,NORMAL,0,0,0,1.69,1.69,0.38
165289,SNS-1027,BTC-SEA-5027,SHP-2026-127,2026-08-25 04:48 UTC,2.45,93.9,"GPS: 48.0000 N, -122.7000 W",96,FAIR,NORMAL,0,0,0,2.45,2.45,0.37
165290,SNS-1027,BTC-SEA-5027,SHP-2026-127,2026-08-25 05:03 UTC,1.07,85.3,"GPS: 48.0100 N, -122.7100 W",96,EXCELLENT,NORMAL,0,0,0,1.07,1.07,0.39
165291,SNS-1027,BTC-SEA-5027,SHP-2026-127,2026-08-25 05:18 UTC,3.75,86.9,"GPS: 48.0200 N, -122.7200 W",96,GOOD,NORMAL,0,0,0,3.75,3.75,0.41
165292,SNS-1027,BTC-SEA-5027,SHP-2026-127,2026-08-25 05:33 UTC,3.4,90.4,"GPS: 48.0300 N, -122.7300 W",96,GOOD,NORMAL,0,0,0,3.4,3.4,0.37
165293,SNS-1027,BTC-SEA-5027,SHP-2026-127,2026-08-25 05:48 UTC,0.71,95.2,"GPS: 48.0400 N, -122.7400 W",96,FAIR,NORMAL,0,0,0,0.71,0.71,0.4
165294,SNS-1027,BTC-SEA-5027,SHP-2026-127,2026-08-25 06:03 UTC,2.63,94.7,"GPS: 48.0500 N, -122.7500 W",96,GOOD,NORMAL,0,0,0,2.63,2.63,0.38
165295,SNS-1027,BTC-SEA-5027,SHP-2026-127,2026-08-25 06:18 UTC,2.3,92.5,"GPS: 48.0600 N, -122.7600 W",96,GOOD,NORMAL,0,0,0,2.3,2.3,0.38
165296,SNS-1027,BTC-SEA-5027,SHP-2026-127,2026-08-25 06:33 UTC,2.73,93.4,"GPS: 48.0700 N, -122.7700 W",96,GOOD,NORMAL,0,0,0,2.73,2.73,0.37
165297,SNS-1027,BTC-SEA-5027,SHP-2026-127,2026-08-25 06:48 UTC,1.23,92.7,"GPS: 48.0800 N, -122.7800 W",96,EXCELLENT,NORMAL,0,0,0,1.23,1.23,0.37
165298,SNS-1027,BTC-SEA-5027,SHP-2026-127,2026-08-25 07:03 UTC,1.45,86.9,"GPS: 48.0900 N, -122.7900 W",96,GOOD,NORMAL,0,0,0,1.45,1.45,0.37
165299,SNS-1027,BTC-SEA-5027,SHP-2026-127,2026-08-25 07:18 UTC,2.62,95.5,"GPS: 48.1000 N, -122.8000 W",95,GOOD,NORMAL,0,0,0,2.62,2.62,0.37
165300,SNS-1027,BTC-SEA-5027,SHP-2026-127,2026-08-25 07:33 UTC,1.25,94.2,"GPS: 48.1100 N, -122.8100 W",95,EXCELLENT,NORMAL,0,0,0,1.25,1.25,0.37
165301,SNS-1027,BTC-SEA-5027,SHP-2026-127,2026-08-25 07:48 UTC,2.53,90.5,"GPS: 48.1200 N, -122.8200 W",95,FAIR,NORMAL,0,0,0,2.53,2.53,0.37
165302,SNS-1027,BTC-SEA-5027,SHP-2026-127,2026-08-25 08:03 UTC,0.84,88.1,"GPS: 48.1300 N, -122.8300 W",95,EXCELLENT,NORMAL,0,0,0,0.84,0.84,0.38
165303,SNS-1027,BTC-SEA-5027,SHP-2026-127,2026-08-25 08:18 UTC,1.03,86.2,"GPS: 48.1400 N, -122.8400 W",95,FAIR,NORMAL,0,0,0,1.03,1.03,0.37
165304,SNS-1027,BTC-SEA-5027,SHP-2026-127,2026-08-25 08:33 UTC,1.71,87.7,"GPS: 48.1500 N, -122.8500 W",95,EXCELLENT,NORMAL,0,0,0,1.71,1.71,0.36
165305,SNS-1027,BTC-SEA-5027,SHP-2026-127,2026-08-25 08:48 UTC,1.28,95.9,"GPS: 48.1600 N, -122.8600 W",95,EXCELLENT,NORMAL,0,0,0,1.28,1.28,0.38
165306,SNS-1027,BTC-SEA-5027,SHP-2026-127,2026-08-25 09:03 UTC,2.88,88.7,"GPS: 48.1700 N, -122.8700 W",95,GOOD,NORMAL,0,0,0,2.88,2.88,0.44
165307,SNS-1027,BTC-SEA-5027,SHP-2026-127,2026-08-25 09:18 UTC,1.18,86.8,"GPS: 48.1800 N, -122.8800 W",95,FAIR,NORMAL,0,0,0,1.18,1.18,0.37
165308,SNS-1027,BTC-SEA-5027,SHP-2026-127,2026-08-25 09:33 UTC,3.17,92.0,"GPS: 48.1900 N, -122.8900 W",95,GOOD,NORMAL,0,0,0,3.17,3.17,0.38
165309,SNS-1027,BTC-SEA-5027,SHP-2026-127,2026-08-25 09:48 UTC,3.22,87.1,"GPS: 48.2000 N, -122.9000 W",94,EXCELLENT,NORMAL,0,0,0,3.22,3.22,0.36
165310,SNS-1027,BTC-SEA-5027,SHP-2026-127,2026-08-25 10:03 UTC,3.0,94.8,"GPS: 48.2100 N, -122.9100 W",94,GOOD,NORMAL,0,0,0,3.0,3.0,0.36
165311,SNS-1027,BTC-SEA-5027,SHP-2026-127,2026-08-25 10:18 UTC,2.7,87.6,"GPS: 48.2200 N, -122.9200 W",94,GOOD,NORMAL,0,0,0,2.7,2.7,0.4
165312,SNS-1027,BTC-SEA-5027,SHP-2026-127,2026-08-25 10:33 UTC,1.0,88.5,"GPS: 48.2300 N, -122.9300 W",94,FAIR,NORMAL,0,0,0,1.0,1.0,0.45
165313,SNS-1027,BTC-SEA-5027,SHP-2026-127,2026-08-25 10:48 UTC,1.62,88.8,"GPS: 48.2400 N, -122.9400 W",94,EXCELLENT,NORMAL,0,0,0,1.62,1.62,0.37
165314,SNS-1027,BTC-SEA-5027,SHP-2026-127,2026-08-25 11:03 UTC,1.3,94.1,"GPS: 48.2500 N, -122.9500 W",94,GOOD,NORMAL,0,0,0,1.3,1.3,0.37
165315,SNS-1027,BTC-SEA-5027,SHP-2026-127,2026-08-25 11:18 UTC,2.17,89.3,"GPS: 48.2600 N, -122.9600 W",94,GOOD,NORMAL,0,0,0,2.17,2.17,0.36
165316,SNS-1027,BTC-SEA-5027,SHP-2026-127,2026-08-25 11:33 UTC,3.38,90.5,"GPS: 48.2700 N, -122.9700 W",94,GOOD,NORMAL,0,0,0,3.38,3.38,0.43
165317,SNS-1027,BTC-SEA-5027,SHP-2026-127,2026-08-25 11:48 UTC,2.93,85.5,"GPS: 48.2800 N, -122.9800 W",94,FAIR,NORMAL,0,0,0,2.93,2.93,0.36
165318,SNS-1027,BTC-SEA-5027,SHP-2026-127,2026-08-25 12:03 UTC,3.45,92.6,"GPS: 48.2900 N, -122.9900 W",94,EXCELLENT,NORMAL,0,0,0,3.45,3.45,0.36
165319,SNS-1027,BTC-SEA-5027,SHP-2026-127,2026-08-25 12:18 UTC,3.58,89.7,"GPS: 48.3000 N, -123.0000 W",93,GOOD,NORMAL,0,0,0,3.58,3.58,0.37
165320,SNS-1027,BTC-SEA-5027,SHP-2026-127,2026-08-25 12:33 UTC,1.6,89.1,"GPS: 48.3100 N, -123.0100 W",93,EXCELLENT,NORMAL,0,0,0,1.6,1.6,0.44
165321,SNS-1027,BTC-SEA-5027,SHP-2026-127,2026-08-25 12:48 UTC,3.05,90.8,"GPS: 48.3200 N, -123.0200 W",93,EXCELLENT,NORMAL,0,0,0,3.05,3.05,0.38
165322,SNS-1027,BTC-SEA-5027,SHP-2026-127,2026-08-25 13:03 UTC,1.14,91.0,"GPS: 48.3300 N, -123.0300 W",93,FAIR,NORMAL,0,0,0,1.14,1.14,0.39
165323,SNS-1027,BTC-SEA-5027,SHP-2026-127,2026-08-25 13:18 UTC,0.79,96.0,"GPS: 48.3400 N, -123.0400 W",93,EXCELLENT,NORMAL,0,0,0,0.79,0.79,0.38
165324,SNS-1027,BTC-SEA-5027,SHP-2026-127,2026-08-25 13:33 UTC,1.06,87.2,"GPS: 48.3500 N, -123.0500 W",93,GOOD,NORMAL,0,0,0,1.06,1.06,0.38
165325,SNS-1027,BTC-SEA-5027,SHP-2026-127,2026-08-25 13:48 UTC,0.81,91.3,"GPS: 48.3600 N, -123.0600 W",93,FAIR,NORMAL,0,0,0,0.81,0.81,0.38
165326,SNS-1027,BTC-SEA-5027,SHP-2026-127,2026-08-25 14:03 UTC,1.87,88.7,"GPS: 48.3700 N, -123.0700 W",93,GOOD,NORMAL,0,0,0,1.87,1.87,0.44
165327,SNS-1027,BTC-SEA-5027,SHP-2026-127,2026-08-25 14:18 UTC,3.22,90.0,"GPS: 48.3800 N, -123.0800 W",93,GOOD,NORMAL,0,0,0,3.22,3.22,0.44
165328,SNS-1027,BTC-SEA-5027,SHP-2026-127,2026-08-25 14:33 UTC,3.57,95.7,"GPS: 48.3900 N, -123.0900 W",93,GOOD,NORMAL,0,0,0,3.57,3.57,0.38
165329,SNS-1027,BTC-SEA-5027,SHP-2026-127,2026-08-25 14:48 UTC,1.19,93.0,"GPS: 48.4000 N, -123.1000 W",92,EXCELLENT,NORMAL,0,0,0,1.19,1.19,0.37
165330,SNS-1027,BTC-SEA-5027,SHP-2026-127,2026-08-25 15:03 UTC,3.36,86.5,"GPS: 48.4100 N, -123.1100 W",92,GOOD,NORMAL,0,0,0,3.36,3.36,0.36
165331,SNS-1027,BTC-SEA-5027,SHP-2026-127,2026-08-25 15:18 UTC,-18.38,85.1,"GPS: 48.4200 N, -123.1200 W",92,GOOD,WARNING,0,0,0,-18.38,-18.38,0.47
165332,SNS-1027,BTC-SEA-5027,SHP-2026-127,2026-08-25 15:33 UTC,2.72,90.0,"GPS: 48.4300 N, -123.1300 W",92,FAIR,NORMAL,0,0,0,2.72,2.72,0.36
165333,SNS-1027,BTC-SEA-5027,SHP-2026-127,2026-08-25 15:48 UTC,1.53,95.7,"GPS: 48.4400 N, -123.1400 W",92,GOOD,NORMAL,0,0,0,1.53,1.53,0.37
165334,SNS-1027,BTC-SEA-5027,SHP-2026-127,2026-08-25 16:03 UTC,3.58,85.5,"GPS: 48.4500 N, -123.1500 W",92,EXCELLENT,NORMAL,0,0,0,3.58,3.58,0.36
165335,SNS-1027,BTC-SEA-5027,SHP-2026-127,2026-08-25 16:18 UTC,1.37,90.8,"GPS: 48.4600 N, -123.1600 W",92,EXCELLENT,NORMAL,0,0,0,1.37,1.37,0.37
165336,SNS-1027,BTC-SEA-5027,SHP-2026-127,2026-08-25 16:33 UTC,2.58,89.0,"GPS: 48.4700 N, -123.1700 W",92,EXCELLENT,NORMAL,0,0,0,2.58,2.58,0.37
165337,SNS-1027,BTC-SEA-5027,SHP-2026-127,2026-08-25 16:48 UTC,1.55,90.8,"GPS: 48.4800 N, -123.1800 W",92,FAIR,NORMAL,0,0,0,1.55,1.55,0.37
165338,SNS-1027,BTC-SEA-5027,SHP-2026-127,2026-08-25 17:03 UTC,2.19,92.6,"GPS: 48.4900 N, -123.1900 W",92,EXCELLENT,NORMAL,0,0,0,2.19,2.19,0.39
165339,SNS-1027,BTC-SEA-5027,SHP-2026-127,2026-08-25 17:18 UTC,1.23,90.6,"GPS: 48.5000 N, -123.2000 W",91,FAIR,NORMAL,0,0,0,1.23,1.23,0.38
165340,SNS-1027,BTC-SEA-5027,SHP-2026-127,2026-08-25 17:33 UTC,2.99,95.4,"GPS: 48.5100 N, -123.2100 W",91,FAIR,NORMAL,0,0,0,2.99,2.99,0.38
165341,SNS-1027,BTC-SEA-5027,SHP-2026-127,2026-08-25 17:48 UTC,2.42,88.0,"GPS: 48.5200 N, -123.2200 W",91,FAIR,NORMAL,0,0,0,2.42,2.42,0.36
165342,SNS-1027,BTC-SEA-5027,SHP-2026-127,2026-08-25 18:03 UTC,2.52,89.2,"GPS: 48.5300 N, -123.2300 W",91,FAIR,NORMAL,0,0,0,2.52,2.52,0.36
165343,SNS-1027,BTC-SEA-5027,SHP-2026-127,2026-08-25 18:18 UTC,1.69,90.5,"GPS: 48.5400 N, -123.2400 W",91,EXCELLENT,NORMAL,0,0,0,1.69,1.69,0.37
165344,SNS-1027,BTC-SEA-5027,SHP-2026-127,2026-08-25 18:33 UTC,3.77,92.5,"GPS: 48.5500 N, -123.2500 W",91,FAIR,NORMAL,0,0,0,3.77,3.77,0.42
165345,SNS-1027,BTC-SEA-5027,SHP-2026-127,2026-08-25 18:48 UTC,1.63,86.3,"GPS: 48.5600 N, -123.2600 W",91,EXCELLENT,NORMAL,0,0,0,1.63,1.63,0.37
165346,SNS-1027,BTC-SEA-5027,SHP-2026-127,2026-08-25 19:03 UTC,3.42,93.3,"GPS: 48.5700 N, -123.2700 W",91,EXCELLENT,NORMAL,0,0,0,3.42,3.42,0.37
165347,SNS-1027,BTC-SEA-5027,SHP-2026-127,2026-08-25 19:18 UTC,1.36,86.8,"GPS: 48.5800 N, -123.2800 W",91,FAIR,NORMAL,0,0,0,1.36,1.36,0.38
165348,SNS-1027,BTC-SEA-5027,SHP-2026-127,2026-08-25 19:33 UTC,2.89,95.2,"GPS: 48.5900 N, -123.2900 W",91,FAIR,NORMAL,0,0,0,2.89,2.89,0.37
165349,SNS-1027,BTC-SEA-5027,SHP-2026-127,2026-08-25 19:48 UTC,3.04,88.9,"GPS: 48.6000 N, -123.3000 W",90,EXCELLENT,NORMAL,0,0,0,3.04,3.04,0.37
165350,SNS-1027,BTC-SEA-5027,SHP-2026-127,2026-08-25 20:03 UTC,1.03,92.0,"GPS: 48.6100 N, -123.3100 W",90,FAIR,NORMAL,0,0,0,1.03,1.03,0.4
165351,SNS-1027,BTC-SEA-5027,SHP-2026-127,2026-08-25 20:18 UTC,3.32,91.7,"GPS: 48.6200 N, -123.3200 W",90,FAIR,NORMAL,0,0,0,3.32,3.32,0.38
165352,SNS-1027,BTC-SEA-5027,SHP-2026-127,2026-08-25 20:33 UTC,1.47,87.3,"GPS: 48.6300 N, -123.3300 W",90,FAIR,NORMAL,0,0,0,1.47,1.47,0.37
165353,SNS-1027,BTC-SEA-5027,SHP-2026-127,2026-08-25 20:48 UTC,1.46,87.5,"GPS: 48.6400 N, -123.3400 W",90,FAIR,NORMAL,0,0,0,1.46,1.46,0.38
165354,SNS-1027,BTC-SEA-5027,SHP-2026-127,2026-08-25 21:03 UTC,3.64,88.4,"GPS: 48.6500 N, -123.3500 W",90,EXCELLENT,NORMAL,0,0,0,3.64,3.64,0.39
165355,SNS-1027,BTC-SEA-5027,SHP-2026-127,2026-08-25 21:18 UTC,2.66,93.5,"GPS: 48.6600 N, -123.3600 W",90,FAIR,NORMAL,0,0,0,2.66,2.66,0.4
165356,SNS-1027,BTC-SEA-5027,SHP-2026-127,2026-08-25 21:33 UTC,1.45,92.4,"GPS: 48.6700 N, -123.3700 W",90,EXCELLENT,NORMAL,0,0,0,1.45,1.45,0.38
165357,SNS-1027,BTC-SEA-5027,SHP-2026-127,2026-08-25 21:48 UTC,3.61,93.9,"GPS: 48.6800 N, -123.3800 W",90,EXCELLENT,NORMAL,0,0,0,3.61,3.61,0.38
165358,SNS-1027,BTC-SEA-5027,SHP-2026-127,2026-08-25 22:03 UTC,-21.16,94.2,"GPS: 48.6900 N, -123.3900 W",90,FAIR,WARNING,0,0,0,-21.16,-21.16,0.47
165359,SNS-1027,BTC-SEA-5027,SHP-2026-127,2026-08-25 22:18 UTC,1.58,88.2,"GPS: 48.7000 N, -123.4000 W",89,GOOD,NORMAL,0,0,0,1.58,1.58,0.38
165360,SNS-1027,BTC-SEA-5027,SHP-2026-127,2026-08-25 22:33 UTC,3.24,91.2,"GPS: 48.7100 N, -123.4100 W",89,FAIR,NORMAL,0,0,0,3.24,3.24,0.38
165361,SNS-1027,BTC-SEA-5027,SHP-2026-127,2026-08-25 22:48 UTC,2.02,94.6,"GPS: 48.7200 N, -123.4200 W",89,FAIR,NORMAL,0,0,0,2.02,2.02,0.38
165362,SNS-1027,BTC-SEA-5027,SHP-2026-127,2026-08-25 23:03 UTC,3.75,87.6,"GPS: 48.7300 N, -123.4300 W",89,EXCELLENT,NORMAL,0,0,0,3.75,3.75,0.38
165363,SNS-1027,BTC-SEA-5027,SHP-2026-127,2026-08-25 23:18 UTC,3.41,87.2,"GPS: 48.7400 N, -123.4400 W",89,FAIR,NORMAL,0,0,0,3.41,3.41,0.38
165364,SNS-1027,BTC-SEA-5027,SHP-2026-127,2026-08-25 23:33 UTC,3.14,91.4,"GPS: 48.7500 N, -123.4500 W",89,GOOD,NORMAL,0,0,0,3.14,3.14,0.44
165365,SNS-1027,BTC-SEA-5027,SHP-2026-127,2026-08-25 23:48 UTC,1.11,94.0,"GPS: 48.7600 N, -123.4600 W",89,FAIR,NORMAL,0,0,0,1.11,1.11,0.44
165366,SNS-1027,BTC-SEA-5027,SHP-2026-127,2026-08-26 00:03 UTC,0.88,85.3,"GPS: 48.7700 N, -123.4700 W",89,FAIR,NORMAL,0,0,0,0.88,0.88,0.4
165367,SNS-1027,BTC-SEA-5027,SHP-2026-127,2026-08-26 00:18 UTC,2.13,89.1,"GPS: 48.7800 N, -123.4800 W",89,GOOD,NORMAL,0,0,0,2.13,2.13,0.46
165368,SNS-1027,BTC-SEA-5027,SHP-2026-127,2026-08-26 00:33 UTC,24.27,87.8,"GPS: 48.7900 N, -123.4900 W",89,FAIR,WARNING,0,0,0,24.27,24.27,0.58
165369,SNS-1027,BTC-SEA-5027,SHP-2026-127,2026-08-26 00:48 UTC,2.53,89.8,"GPS: 48.8000 N, -123.5000 W",88,EXCELLENT,NORMAL,0,0,0,2.53,2.53,0.4
165370,SNS-1027,BTC-SEA-5027,SHP-2026-127,2026-08-26 01:03 UTC,31.46,95.8,"GPS: 48.8100 N, -123.5100 W",88,FAIR,WARNING,0,0,0,31.46,31.46,0.56
165371,SNS-1027,BTC-SEA-5027,SHP-2026-127,2026-08-26 01:18 UTC,2.92,85.6,"GPS: 48.8200 N, -123.5200 W",88,GOOD,NORMAL,0,0,0,2.92,2.92,0.39
165372,SNS-1027,BTC-SEA-5027,SHP-2026-127,2026-08-26 01:33 UTC,2.82,95.8,"GPS: 48.8300 N, -123.5300 W",88,EXCELLENT,NORMAL,0,0,0,2.82,2.82,0.39
165373,SNS-1027,BTC-SEA-5027,SHP-2026-127,2026-08-26 01:48 UTC,0.76,95.9,"GPS: 48.8400 N, -123.5400 W",88,FAIR,NORMAL,0,0,0,0.76,0.76,0.41
165374,SNS-1027,BTC-SEA-5027,SHP-2026-127,2026-08-26 02:03 UTC,1.63,95.5,"GPS: 48.8500 N, -123.5500 W",88,FAIR,NORMAL,0,0,0,1.63,1.63,0.39
165375,SNS-1027,BTC-SEA-5027,SHP-2026-127,2026-08-26 02:18 UTC,0.83,94.4,"GPS: 48.8600 N, -123.5600 W",88,GOOD,NORMAL,0,0,0,0.83,0.83,0.4
165376,SNS-1027,BTC-SEA-5027,SHP-2026-127,2026-08-26 02:33 UTC,2.99,95.3,"GPS: 48.8700 N, -123.5700 W",88,FAIR,NORMAL,0,0,0,2.99,2.99,0.4
165377,SNS-1027,BTC-SEA-5027,SHP-2026-127,2026-08-26 02:48 UTC,2.5,86.5,"GPS: 48.8800 N, -123.5800 W",88,EXCELLENT,NORMAL,0,0,0,2.5,2.5,0.39
165378,SNS-1027,BTC-SEA-5027,SHP-2026-127,2026-08-26 03:03 UTC,3.11,85.6,"GPS: 48.8900 N, -123.5900 W",88,EXCELLENT,NORMAL,0,0,0,3.11,3.11,0.39
165379,SNS-1027,BTC-SEA-5027,SHP-2026-127,2026-08-26 03:18 UTC,0.82,92.2,"GPS: 48.9000 N, -123.6000 W",87,GOOD,NORMAL,0,0,0,0.82,0.82,0.45
165380,SNS-1027,BTC-SEA-5027,SHP-2026-127,2026-08-26 03:33 UTC,2.37,87.4,"GPS: 48.9100 N, -123.6100 W",87,FAIR,NORMAL,0,0,0,2.37,2.37,0.49
165381,SNS-1027,BTC-SEA-5027,SHP-2026-127,2026-08-26 03:48 UTC,3.67,87.3,"GPS: 48.9200 N, -123.6200 W",87,GOOD,NORMAL,0,0,0,3.67,3.67,0.45
165382,SNS-1027,BTC-SEA-5027,SHP-2026-127,2026-08-26 04:03 UTC,2.99,86.6,"GPS: 48.9300 N, -123.6300 W",87,EXCELLENT,NORMAL,0,0,0,2.99,2.99,0.44
165383,SNS-1027,BTC-SEA-5027,SHP-2026-127,2026-08-26 04:18 UTC,2.58,90.2,"GPS: 48.9400 N, -123.6400 W",87,FAIR,NORMAL,0,0,0,2.58,2.58,0.47
165384,SNS-1027,BTC-SEA-5027,SHP-2026-127,2026-08-26 04:33 UTC,2.33,93.9,"GPS: 48.9500 N, -123.6500 W",87,FAIR,NORMAL,0,0,0,2.33,2.33,0.44
165385,SNS-1028,BTC-SEA-5028,SHP-2026-128,2026-08-24 20:48 UTC,-18.95,94.6,"GPS: 47.6000 N, -122.3000 W",100,EXCELLENT,NORMAL,0,0,0,-18.95,-18.95,0.5
165386,SNS-1028,BTC-SEA-5028,SHP-2026-128,2026-08-24 21:03 UTC,-20.02,85.9,"GPS: 47.6100 N, -122.3100 W",100,EXCELLENT,NORMAL,0,0,0,-20.02,-20.02,0.43
165387,SNS-1028,BTC-SEA-5028,SHP-2026-128,2026-08-24 21:18 UTC,-21.02,88.2,"GPS: 47.6200 N, -122.3200 W",100,EXCELLENT,NORMAL,0,0,0,-21.02,-21.02,0.45
165388,SNS-1028,BTC-SEA-5028,SHP-2026-128,2026-08-24 21:33 UTC,-19.38,94.8,"GPS: 47.6300 N, -122.3300 W",100,FAIR,NORMAL,0,0,0,-19.38,-19.38,0.42
165389,SNS-1028,BTC-SEA-5028,SHP-2026-128,2026-08-24 21:48 UTC,-20.08,86.7,"GPS: 47.6400 N, -122.3400 W",100,EXCELLENT,NORMAL,0,0,0,-20.08,-20.08,0.46
165390,SNS-1028,BTC-SEA-5028,SHP-2026-128,2026-08-24 22:03 UTC,-19.52,93.3,"GPS: 47.6500 N, -122.3500 W",100,FAIR,NORMAL,0,0,0,-19.52,-19.52,0.43
165391,SNS-1028,BTC-SEA-5028,SHP-2026-128,2026-08-24 22:18 UTC,-18.59,90.9,"GPS: 47.6600 N, -122.3600 W",100,EXCELLENT,NORMAL,0,0,0,-18.59,-18.59,0.47
165392,SNS-1028,BTC-SEA-5028,SHP-2026-128,2026-08-24 22:33 UTC,-20.43,89.7,"GPS: 47.6700 N, -122.3700 W",100,FAIR,NORMAL,0,0,0,-20.43,-20.43,0.46
165393,SNS-1028,BTC-SEA-5028,SHP-2026-128,2026-08-24 22:48 UTC,-21.76,88.9,"GPS: 47.6800 N, -122.3800 W",100,EXCELLENT,NORMAL,0,0,0,-21.76,-21.76,0.5
165394,SNS-1028,BTC-SEA-5028,SHP-2026-128,2026-08-24 23:03 UTC,-21.31,86.6,"GPS: 47.6900 N, -122.3900 W",100,EXCELLENT,NORMAL,0,0,0,-21.31,-21.31,0.44
165395,SNS-1028,BTC-SEA-5028,SHP-2026-128,2026-08-24 23:18 UTC,-21.6,87.2,"GPS: 47.7000 N, -122.4000 W",99,GOOD,NORMAL,0,0,0,-21.6,-21.6,0.42
165396,SNS-1028,BTC-SEA-5028,SHP-2026-128,2026-08-24 23:33 UTC,-18.32,94.8,"GPS: 47.7100 N, -122.4100 W",99,FAIR,NORMAL,0,0,0,-18.32,-18.32,0.49
165397,SNS-1028,BTC-SEA-5028,SHP-2026-128,2026-08-24 23:48 UTC,-19.75,91.0,"GPS: 47.7200 N, -122.4200 W",99,GOOD,NORMAL,0,0,0,-19.75,-19.75,0.39
165398,SNS-1028,BTC-SEA-5028,SHP-2026-128,2026-08-25 00:03 UTC,-21.41,93.1,"GPS: 47.7300 N, -122.4300 W",99,EXCELLENT,NORMAL,0,0,0,-21.41,-21.41,0.41
165399,SNS-1028,BTC-SEA-5028,SHP-2026-128,2026-08-25 00:18 UTC,-21.36,87.0,"GPS: 47.7400 N, -122.4400 W",99,FAIR,NORMAL,0,0,0,-21.36,-21.36,0.41
165400,SNS-1028,BTC-SEA-5028,SHP-2026-128,2026-08-25 00:33 UTC,-20.07,94.9,"GPS: 47.7500 N, -122.4500 W",99,GOOD,NORMAL,0,0,0,-20.07,-20.07,0.45
165401,SNS-1028,BTC-SEA-5028,SHP-2026-128,2026-08-25 00:48 UTC,-21.24,91.5,"GPS: 47.7600 N, -122.4600 W",99,GOOD,NORMAL,0,0,0,-21.24,-21.24,0.41
165402,SNS-1028,BTC-SEA-5028,SHP-2026-128,2026-08-25 01:03 UTC,-21.33,89.5,"GPS: 47.7700 N, -122.4700 W",99,FAIR,NORMAL,0,0,0,-21.33,-21.33,0.41
165403,SNS-1028,BTC-SEA-5028,SHP-2026-128,2026-08-25 01:18 UTC,-21.38,88.6,"GPS: 47.7800 N, -122.4800 W",99,FAIR,NORMAL,0,0,0,-21.38,-21.38,0.4
165404,SNS-1028,BTC-SEA-5028,SHP-2026-128,2026-08-25 01:33 UTC,-18.37,88.4,"GPS: 47.7900 N, -122.4900 W",99,EXCELLENT,NORMAL,0,0,0,-18.37,-18.37,0.48
165405,SNS-1028,BTC-SEA-5028,SHP-2026-128,2026-08-25 01:48 UTC,-19.49,88.6,"GPS: 47.8000 N, -122.5000 W",98,GOOD,NORMAL,0,0,0,-19.49,-19.49,0.39
165406,SNS-1028,BTC-SEA-5028,SHP-2026-128,2026-08-25 02:03 UTC,-20.83,87.7,"GPS: 47.8100 N, -122.5100 W",98,FAIR,NORMAL,0,0,0,-20.83,-20.83,0.4
165407,SNS-1028,BTC-SEA-5028,SHP-2026-128,2026-08-25 02:18 UTC,-18.84,95.0,"GPS: 47.8200 N, -122.5200 W",98,EXCELLENT,NORMAL,0,0,0,-18.84,-18.84,0.39
165408,SNS-1028,BTC-SEA-5028,SHP-2026-128,2026-08-25 02:33 UTC,-20.01,86.9,"GPS: 47.8300 N, -122.5300 W",98,EXCELLENT,NORMAL,0,0,0,-20.01,-20.01,0.39
165409,SNS-1028,BTC-SEA-5028,SHP-2026-128,2026-08-25 02:48 UTC,-19.53,88.1,"GPS: 47.8400 N, -122.5400 W",98,GOOD,NORMAL,0,0,0,-19.53,-19.53,0.41
165410,SNS-1028,BTC-SEA-5028,SHP-2026-128,2026-08-25 03:03 UTC,-20.68,90.2,"GPS: 47.8500 N, -122.5500 W",98,GOOD,NORMAL,0,0,0,-20.68,-20.68,0.4
165411,SNS-1028,BTC-SEA-5028,SHP-2026-128,2026-08-25 03:18 UTC,-20.46,87.9,"GPS: 47.8600 N, -122.5600 W",98,EXCELLENT,NORMAL,0,0,0,-20.46,-20.46,0.39
165412,SNS-1028,BTC-SEA-5028,SHP-2026-128,2026-08-25 03:33 UTC,-21.42,93.6,"GPS: 47.8700 N, -122.5700 W",98,EXCELLENT,NORMAL,0,0,0,-21.42,-21.42,0.45
165413,SNS-1028,BTC-SEA-5028,SHP-2026-128,2026-08-25 03:48 UTC,-20.43,89.7,"GPS: 47.8800 N, -122.5800 W",98,FAIR,NORMAL,0,0,0,-20.43,-20.43,0.45
165414,SNS-1028,BTC-SEA-5028,SHP-2026-128,2026-08-25 04:03 UTC,-21.61,91.4,"GPS: 47.8900 N, -122.5900 W",98,FAIR,NORMAL,0,0,0,-21.61,-21.61,0.44
165415,SNS-1028,BTC-SEA-5028,SHP-2026-128,2026-08-25 04:18 UTC,-20.44,88.5,"GPS: 47.9000 N, -122.6000 W",97,FAIR,NORMAL,0,0,0,-20.44,-20.44,0.38
165416,SNS-1028,BTC-SEA-5028,SHP-2026-128,2026-08-25 04:33 UTC,-20.59,95.6,"GPS: 47.9100 N, -122.6100 W",97,GOOD,NORMAL,0,0,0,-20.59,-20.59,0.38
165417,SNS-1028,BTC-SEA-5028,SHP-2026-128,2026-08-25 04:48 UTC,-37.22,96.0,"GPS: 47.9200 N, -122.6200 W",97,FAIR,WARNING,0,0,0,-37.22,-37.22,0.54
165418,SNS-1028,BTC-SEA-5028,SHP-2026-128,2026-08-25 05:03 UTC,19.83,94.4,"GPS: 47.9300 N, -122.6300 W",97,FAIR,WARNING,0,0,0,19.83,19.83,0.57
165419,SNS-1028,BTC-SEA-5028,SHP-2026-128,2026-08-25 05:18 UTC,-21.1,95.5,"GPS: 47.9400 N, -122.6400 W",97,GOOD,NORMAL,0,0,0,-21.1,-21.1,0.41
165420,SNS-1028,BTC-SEA-5028,SHP-2026-128,2026-08-25 05:33 UTC,-19.98,88.0,"GPS: 47.9500 N, -122.6500 W",97,GOOD,NORMAL,0,0,0,-19.98,-19.98,0.42
165421,SNS-1028,BTC-SEA-5028,SHP-2026-128,2026-08-25 05:48 UTC,-2.57,91.2,"GPS: 47.9600 N, -122.6600 W",97,FAIR,WARNING,0,0,0,-2.57,-2.57,0.38
165422,SNS-1028,BTC-SEA-5028,SHP-2026-128,2026-08-25 06:03 UTC,-21.4,90.7,"GPS: 47.9700 N, -122.6700 W",97,FAIR,NORMAL,0,0,0,-21.4,-21.4,0.39
165423,SNS-1028,BTC-SEA-5028,SHP-2026-128,2026-08-25 06:18 UTC,-19.94,90.7,"GPS: 47.9800 N, -122.6800 W",97,FAIR,NORMAL,0,0,0,-19.94,-19.94,0.4
165424,SNS-1028,BTC-SEA-5028,SHP-2026-128,2026-08-25 06:33 UTC,-20.85,93.4,"GPS: 47.9900 N, -122.6900 W",97,FAIR,NORMAL,0,0,0,-20.85,-20.85,0.38
165425,SNS-1028,BTC-SEA-5028,SHP-2026-128,2026-08-25 06:48 UTC,-20.07,89.6,"GPS: 48.0000 N, -122.7000 W",96,FAIR,NORMAL,0,0,0,-20.07,-20.07,0.38
165426,SNS-1028,BTC-SEA-5028,SHP-2026-128,2026-08-25 07:03 UTC,-20.87,95.8,"GPS: 48.0100 N, -122.7100 W",96,FAIR,NORMAL,0,0,0,-20.87,-20.87,0.38
165427,SNS-1028,BTC-SEA-5028,SHP-2026-128,2026-08-25 07:18 UTC,-18.24,95.8,"GPS: 48.0200 N, -122.7200 W",96,GOOD,NORMAL,0,0,0,-18.24,-18.24,0.46
165428,SNS-1028,BTC-SEA-5028,SHP-2026-128,2026-08-25 07:33 UTC,-20.46,86.6,"GPS: 48.0300 N, -122.7300 W",96,EXCELLENT,NORMAL,0,0,0,-20.46,-20.46,0.39
165429,SNS-1028,BTC-SEA-5028,SHP-2026-128,2026-08-25 07:48 UTC,-20.71,94.6,"GPS: 48.0400 N, -122.7400 W",96,EXCELLENT,NORMAL,0,0,0,-20.71,-20.71,0.38
165430,SNS-1028,BTC-SEA-5028,SHP-2026-128,2026-08-25 08:03 UTC,-20.51,92.9,"GPS: 48.0500 N, -122.7500 W",96,FAIR,NORMAL,0,0,0,-20.51,-20.51,0.39
165431,SNS-1028,BTC-SEA-5028,SHP-2026-128,2026-08-25 08:18 UTC,-21.1,89.2,"GPS: 48.0600 N, -122.7600 W",96,EXCELLENT,NORMAL,0,0,0,-21.1,-21.1,0.38
165432,SNS-1028,BTC-SEA-5028,SHP-2026-128,2026-08-25 08:33 UTC,-19.08,93.9,"GPS: 48.0700 N, -122.7700 W",96,EXCELLENT,NORMAL,0,0,0,-19.08,-19.08,0.45
165433,SNS-1028,BTC-SEA-5028,SHP-2026-128,2026-08-25 08:48 UTC,-18.88,93.5,"GPS: 48.0800 N, -122.7800 W",96,GOOD,NORMAL,0,0,0,-18.88,-18.88,0.41
165434,SNS-1028,BTC-SEA-5028,SHP-2026-128,2026-08-25 09:03 UTC,-20.89,92.4,"GPS: 48.0900 N, -122.7900 W",96,GOOD,NORMAL,0,0,0,-20.89,-20.89,0.38
165435,SNS-1028,BTC-SEA-5028,SHP-2026-128,2026-08-25 09:18 UTC,-9.78,95.5,"GPS: 48.1000 N, -122.8000 W",95,GOOD,WARNING,0,0,0,-9.78,-9.78,0.49
165436,SNS-1028,BTC-SEA-5028,SHP-2026-128,2026-08-25 09:33 UTC,-21.8,89.3,"GPS: 48.1100 N, -122.8100 W",95,GOOD,NORMAL,0,0,0,-21.8,-21.8,0.38
165437,SNS-1028,BTC-SEA-5028,SHP-2026-128,2026-08-25 09:48 UTC,-21.38,87.0,"GPS: 48.1200 N, -122.8200 W",95,GOOD,NORMAL,0,0,0,-21.38,-21.38,0.38
165438,SNS-1028,BTC-SEA-5028,SHP-2026-128,2026-08-25 10:03 UTC,-19.23,92.2,"GPS: 48.1300 N, -122.8300 W",95,EXCELLENT,NORMAL,0,0,0,-19.23,-19.23,0.43
165439,SNS-1028,BTC-SEA-5028,SHP-2026-128,2026-08-25 10:18 UTC,-21.33,94.0,"GPS: 48.1400 N, -122.8400 W",95,FAIR,NORMAL,0,0,0,-21.33,-21.33,0.38
165440,SNS-1028,BTC-SEA-5028,SHP-2026-128,2026-08-25 10:33 UTC,-19.07,88.6,"GPS: 48.1500 N, -122.8500 W",95,EXCELLENT,NORMAL,0,0,0,-19.07,-19.07,0.4
165441,SNS-1028,BTC-SEA-5028,SHP-2026-128,2026-08-25 10:48 UTC,-18.68,91.9,"GPS: 48.1600 N, -122.8600 W",95,EXCELLENT,NORMAL,0,0,0,-18.68,-18.68,0.39
165442,SNS-1028,BTC-SEA-5028,SHP-2026-128,2026-08-25 11:03 UTC,-20.4,94.9,"GPS: 48.1700 N, -122.8700 W",95,EXCELLENT,NORMAL,0,0,0,-20.4,-20.4,0.38
165443,SNS-1028,BTC-SEA-5028,SHP-2026-128,2026-08-25 11:18 UTC,-20.71,95.9,"GPS: 48.1800 N, -122.8800 W",95,GOOD,NORMAL,0,0,0,-20.71,-20.71,0.38
165444,SNS-1028,BTC-SEA-5028,SHP-2026-128,2026-08-25 11:33 UTC,-20.78,89.5,"GPS: 48.1900 N, -122.8900 W",95,FAIR,NORMAL,0,0,0,-20.78,-20.78,0.38
165445,SNS-1028,BTC-SEA-5028,SHP-2026-128,2026-08-25 11:48 UTC,-21.7,93.6,"GPS: 48.2000 N, -122.9000 W",94,GOOD,NORMAL,0,0,0,-21.7,-21.7,0.41
165446,SNS-1028,BTC-SEA-5028,SHP-2026-128,2026-08-25 12:03 UTC,-19.36,85.9,"GPS: 48.2100 N, -122.9100 W",94,FAIR,NORMAL,0,0,0,-19.36,-19.36,0.43
165447,SNS-1028,BTC-SEA-5028,SHP-2026-128,2026-08-25 12:18 UTC,-21.12,89.2,"GPS: 48.2200 N, -122.9200 W",94,GOOD,NORMAL,0,0,0,-21.12,-21.12,0.38
165448,SNS-1028,BTC-SEA-5028,SHP-2026-128,2026-08-25 12:33 UTC,-21.32,91.1,"GPS: 48.2300 N, -122.9300 W",94,EXCELLENT,NORMAL,0,0,0,-21.32,-21.32,0.38
165449,SNS-1028,BTC-SEA-5028,SHP-2026-128,2026-08-25 12:48 UTC,-20.63,86.3,"GPS: 48.2400 N, -122.9400 W",94,EXCELLENT,NORMAL,0,0,0,-20.63,-20.63,0.4
165450,SNS-1028,BTC-SEA-5028,SHP-2026-128,2026-08-25 13:03 UTC,-18.67,86.5,"GPS: 48.2500 N, -122.9500 W",94,GOOD,NORMAL,0,0,0,-18.67,-18.67,0.42
165451,SNS-1028,BTC-SEA-5028,SHP-2026-128,2026-08-25 13:18 UTC,-18.81,96.0,"GPS: 48.2600 N, -122.9600 W",94,FAIR,NORMAL,0,0,0,-18.81,-18.81,0.39
165452,SNS-1028,BTC-SEA-5028,SHP-2026-128,2026-08-25 13:33 UTC,-20.55,92.4,"GPS: 48.2700 N, -122.9700 W",94,FAIR,NORMAL,0,0,0,-20.55,-20.55,0.38
165453,SNS-1028,BTC-SEA-5028,SHP-2026-128,2026-08-25 13:48 UTC,-18.55,93.5,"GPS: 48.2800 N, -122.9800 W",94,GOOD,NORMAL,0,0,0,-18.55,-18.55,0.39
165454,SNS-1028,BTC-SEA-5028,SHP-2026-128,2026-08-25 14:03 UTC,-19.44,93.5,"GPS: 48.2900 N, -122.9900 W",94,FAIR,NORMAL,0,0,0,-19.44,-19.44,0.4
165455,SNS-1028,BTC-SEA-5028,SHP-2026-128,2026-08-25 14:18 UTC,-21.76,89.4,"GPS: 48.3000 N, -123.0000 W",93,EXCELLENT,NORMAL,0,0,0,-21.76,-21.76,0.43
165456,SNS-1028,BTC-SEA-5028,SHP-2026-128,2026-08-25 14:33 UTC,-21.53,91.4,"GPS: 48.3100 N, -123.0100 W",93,FAIR,NORMAL,0,0,0,-21.53,-21.53,0.38
165457,SNS-1028,BTC-SEA-5028,SHP-2026-128,2026-08-25 14:48 UTC,-18.93,91.2,"GPS: 48.3200 N, -123.0200 W",93,FAIR,NORMAL,0,0,0,-18.93,-18.93,0.38
165458,SNS-1028,BTC-SEA-5028,SHP-2026-128,2026-08-25 15:03 UTC,-18.67,95.9,"GPS: 48.3300 N, -123.0300 W",93,EXCELLENT,NORMAL,0,0,0,-18.67,-18.67,0.39
165459,SNS-1028,BTC-SEA-5028,SHP-2026-128,2026-08-25 15:18 UTC,-18.91,87.7,"GPS: 48.3400 N, -123.0400 W",93,GOOD,NORMAL,0,0,0,-18.91,-18.91,0.38
165460,SNS-1028,BTC-SEA-5028,SHP-2026-128,2026-08-25 15:33 UTC,-20.72,88.7,"GPS: 48.3500 N, -123.0500 W",93,EXCELLENT,NORMAL,0,0,0,-20.72,-20.72,0.37
165461,SNS-1028,BTC-SEA-5028,SHP-2026-128,2026-08-25 15:48 UTC,-19.33,88.6,"GPS: 48.3600 N, -123.0600 W",93,FAIR,NORMAL,0,0,0,-19.33,-19.33,0.45
165462,SNS-1028,BTC-SEA-5028,SHP-2026-128,2026-08-25 16:03 UTC,-20.22,91.4,"GPS: 48.3700 N, -123.0700 W",93,FAIR,NORMAL,0,0,0,-20.22,-20.22,0.37
165463,SNS-1028,BTC-SEA-5028,SHP-2026-128,2026-08-25 16:18 UTC,-19.88,88.9,"GPS: 48.3800 N, -123.0800 W",93,FAIR,NORMAL,0,0,0,-19.88,-19.88,0.43
165464,SNS-1028,BTC-SEA-5028,SHP-2026-128,2026-08-25 16:33 UTC,-19.0,91.5,"GPS: 48.3900 N, -123.0900 W",93,FAIR,NORMAL,0,0,0,-19.0,-19.0,0.4
165465,SNS-1028,BTC-SEA-5028,SHP-2026-128,2026-08-25 16:48 UTC,-18.92,91.7,"GPS: 48.4000 N, -123.1000 W",92,FAIR,NORMAL,0,0,0,-18.92,-18.92,0.39
165466,SNS-1028,BTC-SEA-5028,SHP-2026-128,2026-08-25 17:03 UTC,-20.43,95.1,"GPS: 48.4100 N, -123.1100 W",92,EXCELLENT,NORMAL,0,0,0,-20.43,-20.43,0.38
165467,SNS-1028,BTC-SEA-5028,SHP-2026-128,2026-08-25 17:18 UTC,-21.39,95.7,"GPS: 48.4200 N, -123.1200 W",92,GOOD,NORMAL,0,0,0,-21.39,-21.39,0.42
165468,SNS-1028,BTC-SEA-5028,SHP-2026-128,2026-08-25 17:33 UTC,-19.09,86.6,"GPS: 48.4300 N, -123.1300 W",92,EXCELLENT,NORMAL,0,0,0,-19.09,-19.09,0.37
165469,SNS-1028,BTC-SEA-5028,SHP-2026-128,2026-08-25 17:48 UTC,-20.03,93.6,"GPS: 48.4400 N, -123.1400 W",92,FAIR,NORMAL,0,0,0,-20.03,-20.03,0.43
165470,SNS-1028,BTC-SEA-5028,SHP-2026-128,2026-08-25 18:03 UTC,-18.81,90.6,"GPS: 48.4500 N, -123.1500 W",92,EXCELLENT,WARNING,0,0,0,-18.81,-18.81,0.4
165471,SNS-1028,BTC-SEA-5028,SHP-2026-128,2026-08-25 18:18 UTC,-20.19,93.5,"GPS: 48.4600 N, -123.1600 W",92,FAIR,NORMAL,0,0,0,-20.19,-20.19,0.39
165472,SNS-1028,BTC-SEA-5028,SHP-2026-128,2026-08-25 18:33 UTC,-20.91,88.8,"GPS: 48.4700 N, -123.1700 W",92,FAIR,NORMAL,0,0,0,-20.91,-20.91,0.4
165473,SNS-1028,BTC-SEA-5028,SHP-2026-128,2026-08-25 18:48 UTC,-21.38,95.4,"GPS: 48.4800 N, -123.1800 W",92,GOOD,NORMAL,0,0,0,-21.38,-21.38,0.39
165474,SNS-1028,BTC-SEA-5028,SHP-2026-128,2026-08-25 19:03 UTC,-19.18,85.6,"GPS: 48.4900 N, -123.1900 W",92,FAIR,NORMAL,0,0,0,-19.18,-19.18,0.37
165475,SNS-1028,BTC-SEA-5028,SHP-2026-128,2026-08-25 19:18 UTC,-21.32,89.1,"GPS: 48.5000 N, -123.2000 W",91,EXCELLENT,NORMAL,0,0,0,-21.32,-21.32,0.38
165476,SNS-1028,BTC-SEA-5028,SHP-2026-128,2026-08-25 19:33 UTC,-21.35,87.7,"GPS: 48.5100 N, -123.2100 W",91,GOOD,NORMAL,0,0,0,-21.35,-21.35,0.38
165477,SNS-1028,BTC-SEA-5028,SHP-2026-128,2026-08-25 19:48 UTC,-18.65,87.9,"GPS: 48.5200 N, -123.2200 W",91,GOOD,NORMAL,0,0,0,-18.65,-18.65,0.41
165478,SNS-1028,BTC-SEA-5028,SHP-2026-128,2026-08-25 20:03 UTC,-20.38,94.4,"GPS: 48.5300 N, -123.2300 W",91,FAIR,NORMAL,0,0,0,-20.38,-20.38,0.41
165479,SNS-1028,BTC-SEA-5028,SHP-2026-128,2026-08-25 20:18 UTC,-21.51,94.1,"GPS: 48.5400 N, -123.2400 W",91,EXCELLENT,NORMAL,0,0,0,-21.51,-21.51,0.39
165480,SNS-1028,BTC-SEA-5028,SHP-2026-128,2026-08-25 20:33 UTC,-21.5,89.9,"GPS: 48.5500 N, -123.2500 W",91,GOOD,NORMAL,0,0,0,-21.5,-21.5,0.38
165481,SNS-1028,BTC-SEA-5028,SHP-2026-128,2026-08-25 20:48 UTC,-7.58,88.0,"GPS: 48.5600 N, -123.2600 W",91,FAIR,WARNING,0,0,0,-7.58,-7.58,0.47
165482,SNS-1028,BTC-SEA-5028,SHP-2026-128,2026-08-25 21:03 UTC,-18.58,89.0,"GPS: 48.5700 N, -123.2700 W",91,EXCELLENT,NORMAL,0,0,0,-18.58,-18.58,0.43
165483,SNS-1028,BTC-SEA-5028,SHP-2026-128,2026-08-25 21:18 UTC,-18.31,85.7,"GPS: 48.5800 N, -123.2800 W",91,GOOD,NORMAL,0,0,0,-18.31,-18.31,0.43
165484,SNS-1028,BTC-SEA-5028,SHP-2026-128,2026-08-25 21:33 UTC,-21.68,85.3,"GPS: 48.5900 N, -123.2900 W",91,FAIR,NORMAL,0,0,0,-21.68,-21.68,0.39
165485,SNS-1028,BTC-SEA-5028,SHP-2026-128,2026-08-25 21:48 UTC,-21.44,92.4,"GPS: 48.6000 N, -123.3000 W",90,GOOD,NORMAL,0,0,0,-21.44,-21.44,0.39
165486,SNS-1028,BTC-SEA-5028,SHP-2026-128,2026-08-25 22:03 UTC,-21.69,94.3,"GPS: 48.6100 N, -123.3100 W",90,FAIR,NORMAL,0,0,0,-21.69,-21.69,0.39
165487,SNS-1028,BTC-SEA-5028,SHP-2026-128,2026-08-25 22:18 UTC,-21.46,86.5,"GPS: 48.6200 N, -123.3200 W",90,FAIR,NORMAL,0,0,0,-21.46,-21.46,0.4
165488,SNS-1028,BTC-SEA-5028,SHP-2026-128,2026-08-25 22:33 UTC,-20.94,91.3,"GPS: 48.6300 N, -123.3300 W",90,FAIR,NORMAL,0,0,0,-20.94,-20.94,0.46
165489,SNS-1028,BTC-SEA-5028,SHP-2026-128,2026-08-25 22:48 UTC,-20.39,88.2,"GPS: 48.6400 N, -123.3400 W",90,FAIR,NORMAL,0,0,0,-20.39,-20.39,0.45
165490,SNS-1028,BTC-SEA-5028,SHP-2026-128,2026-08-25 23:03 UTC,-18.31,86.7,"GPS: 48.6500 N, -123.3500 W",90,EXCELLENT,NORMAL,0,0,0,-18.31,-18.31,0.47
165491,SNS-1028,BTC-SEA-5028,SHP-2026-128,2026-08-25 23:18 UTC,-19.1,91.7,"GPS: 48.6600 N, -123.3600 W",90,EXCELLENT,NORMAL,0,0,0,-19.1,-19.1,0.38
165492,SNS-1028,BTC-SEA-5028,SHP-2026-128,2026-08-25 23:33 UTC,-19.56,90.4,"GPS: 48.6700 N, -123.3700 W",90,EXCELLENT,NORMAL,0,0,0,-19.56,-19.56,0.43
165493,SNS-1028,BTC-SEA-5028,SHP-2026-128,2026-08-25 23:48 UTC,-19.76,86.6,"GPS: 48.6800 N, -123.3800 W",90,EXCELLENT,NORMAL,0,0,0,-19.76,-19.76,0.39
165494,SNS-1028,BTC-SEA-5028,SHP-2026-128,2026-08-26 00:03 UTC,-20.61,86.8,"GPS: 48.6900 N, -123.3900 W",90,FAIR,NORMAL,0,0,0,-20.61,-20.61,0.41
165495,SNS-1028,BTC-SEA-5028,SHP-2026-128,2026-08-26 00:18 UTC,-20.44,87.9,"GPS: 48.7000 N, -123.4000 W",89,GOOD,NORMAL,0,0,0,-20.44,-20.44,0.39
165496,SNS-1028,BTC-SEA-5028,SHP-2026-128,2026-08-26 00:33 UTC,-19.31,92.7,"GPS: 48.7100 N, -123.4100 W",89,GOOD,NORMAL,0,0,0,-19.31,-19.31,0.41
165497,SNS-1028,BTC-SEA-5028,SHP-2026-128,2026-08-26 00:48 UTC,-20.86,88.3,"GPS: 48.7200 N, -123.4200 W",89,GOOD,NORMAL,0,0,0,-20.86,-20.86,0.4
165498,SNS-1028,BTC-SEA-5028,SHP-2026-128,2026-08-26 01:03 UTC,-20.54,89.2,"GPS: 48.7300 N, -123.4300 W",89,GOOD,NORMAL,0,0,0,-20.54,-20.54,0.4
165499,SNS-1028,BTC-SEA-5028,SHP-2026-128,2026-08-26 01:18 UTC,-21.12,94.8,"GPS: 48.7400 N, -123.4400 W",89,GOOD,NORMAL,0,0,0,-21.12,-21.12,0.4
165500,SNS-1028,BTC-SEA-5028,SHP-2026-128,2026-08-26 01:33 UTC,0.27,86.0,"GPS: 48.7500 N, -123.4500 W",89,FAIR,WARNING,0,0,0,0.27,0.27,0.48
165501,SNS-1028,BTC-SEA-5028,SHP-2026-128,2026-08-26 01:48 UTC,-19.97,88.6,"GPS: 48.7600 N, -123.4600 W",89,GOOD,NORMAL,0,0,0,-19.97,-19.97,0.4
165502,SNS-1028,BTC-SEA-5028,SHP-2026-128,2026-08-26 02:03 UTC,-20.7,90.2,"GPS: 48.7700 N, -123.4700 W",89,EXCELLENT,NORMAL,0,0,0,-20.7,-20.7,0.4
165503,SNS-1028,BTC-SEA-5028,SHP-2026-128,2026-08-26 02:18 UTC,-21.53,87.0,"GPS: 48.7800 N, -123.4800 W",89,FAIR,NORMAL,0,0,0,-21.53,-21.53,0.4
165504,SNS-1028,BTC-SEA-5028,SHP-2026-128,2026-08-26 02:33 UTC,-18.24,92.0,"GPS: 48.7900 N, -123.4900 W",89,GOOD,NORMAL,0,0,0,-18.24,-18.24,0.43
165505,SNS-1028,BTC-SEA-5028,SHP-2026-128,2026-08-26 02:48 UTC,-39.41,92.3,"GPS: 48.8000 N, -123.5000 W",88,FAIR,WARNING,0,0,0,-39.41,-39.41,0.55
165506,SNS-1028,BTC-SEA-5028,SHP-2026-128,2026-08-26 03:03 UTC,-21.36,88.3,"GPS: 48.8100 N, -123.5100 W",88,FAIR,NORMAL,0,0,0,-21.36,-21.36,0.42
165507,SNS-1028,BTC-SEA-5028,SHP-2026-128,2026-08-26 03:18 UTC,-20.72,95.8,"GPS: 48.8200 N, -123.5200 W",88,GOOD,NORMAL,0,0,0,-20.72,-20.72,0.41
165508,SNS-1028,BTC-SEA-5028,SHP-2026-128,2026-08-26 03:33 UTC,-19.28,93.4,"GPS: 48.8300 N, -123.5300 W",88,EXCELLENT,NORMAL,0,0,0,-19.28,-19.28,0.42
165509,SNS-1028,BTC-SEA-5028,SHP-2026-128,2026-08-26 03:48 UTC,-19.29,85.3,"GPS: 48.8400 N, -123.5400 W",88,FAIR,NORMAL,0,0,0,-19.29,-19.29,0.42
165510,SNS-1028,BTC-SEA-5028,SHP-2026-128,2026-08-26 04:03 UTC,-21.65,90.1,"GPS: 48.8500 N, -123.5500 W",88,EXCELLENT,NORMAL,0,0,0,-21.65,-21.65,0.42
165511,SNS-1028,BTC-SEA-5028,SHP-2026-128,2026-08-26 04:18 UTC,-18.81,86.1,"GPS: 48.8600 N, -123.5600 W",88,GOOD,NORMAL,0,0,0,-18.81,-18.81,0.42
165512,SNS-1028,BTC-SEA-5028,SHP-2026-128,2026-08-26 04:33 UTC,-19.31,85.6,"GPS: 48.8700 N, -123.5700 W",88,FAIR,NORMAL,0,0,0,-19.31,-19.31,0.43
165513,SNS-1028,BTC-SEA-5028,SHP-2026-128,2026-08-26 04:48 UTC,-21.66,89.4,"GPS: 48.8800 N, -123.5800 W",88,EXCELLENT,NORMAL,0,0,0,-21.66,-21.66,0.43
165514,SNS-1028,BTC-SEA-5028,SHP-2026-128,2026-08-26 05:03 UTC,-21.57,90.7,"GPS: 48.8900 N, -123.5900 W",88,EXCELLENT,NORMAL,0,0,0,-21.57,-21.57,0.42
165515,SNS-1028,BTC-SEA-5028,SHP-2026-128,2026-08-26 05:18 UTC,-18.47,95.9,"GPS: 48.9000 N, -123.6000 W",87,FAIR,NORMAL,0,0,0,-18.47,-18.47,0.45
165516,SNS-1028,BTC-SEA-5028,SHP-2026-128,2026-08-26 05:33 UTC,-19.41,91.0,"GPS: 48.9100 N, -123.6100 W",87,FAIR,NORMAL,0,0,0,-19.41,-19.41,0.45
165517,SNS-1028,BTC-SEA-5028,SHP-2026-128,2026-08-26 05:48 UTC,-19.72,86.8,"GPS: 48.9200 N, -123.6200 W",87,GOOD,NORMAL,0,0,0,-19.72,-19.72,0.46
165518,SNS-1028,BTC-SEA-5028,SHP-2026-128,2026-08-26 06:03 UTC,-19.38,94.8,"GPS: 48.9300 N, -123.6300 W",87,FAIR,NORMAL,0,0,0,-19.38,-19.38,0.47
165519,SNS-1028,BTC-SEA-5028,SHP-2026-128,2026-08-26 06:18 UTC,-18.94,85.2,"GPS: 48.9400 N, -123.6400 W",87,EXCELLENT,NORMAL,0,0,0,-18.94,-18.94,0.46
165520,SNS-1028,BTC-SEA-5028,SHP-2026-128,2026-08-26 06:33 UTC,-20.57,85.6,"GPS: 48.9500 N, -123.6500 W",87,FAIR,NORMAL,0,0,0,-20.57,-20.57,0.49
165521,SNS-1029,BTC-SEA-5029,SHP-2026-129,2026-08-24 22:48 UTC,-50.26,89.3,"GPS: 47.6000 N, -122.3000 W",100,EXCELLENT,NORMAL,0,0,0,-50.26,-50.26,0.58
165522,SNS-1029,BTC-SEA-5029,SHP-2026-129,2026-08-24 23:03 UTC,-51.71,91.0,"GPS: 47.6100 N, -122.3100 W",100,GOOD,NORMAL,0,0,0,-51.71,-51.71,0.54
165523,SNS-1029,BTC-SEA-5029,SHP-2026-129,2026-08-24 23:18 UTC,-52.88,94.4,"GPS: 47.6200 N, -122.3200 W",100,EXCELLENT,NORMAL,0,0,0,-52.88,-52.88,0.55
165524,SNS-1029,BTC-SEA-5029,SHP-2026-129,2026-08-24 23:33 UTC,-51.34,94.0,"GPS: 47.6300 N, -122.3300 W",100,GOOD,NORMAL,0,0,0,-51.34,-51.34,0.57
165525,SNS-1029,BTC-SEA-5029,SHP-2026-129,2026-08-24 23:48 UTC,-50.39,90.1,"GPS: 47.6400 N, -122.3400 W",100,FAIR,NORMAL,0,0,0,-50.39,-50.39,0.55
165526,SNS-1029,BTC-SEA-5029,SHP-2026-129,2026-08-25 00:03 UTC,-50.94,90.4,"GPS: 47.6500 N, -122.3500 W",100,EXCELLENT,NORMAL,0,0,0,-50.94,-50.94,0.55
165527,SNS-1029,BTC-SEA-5029,SHP-2026-129,2026-08-25 00:18 UTC,-51.94,92.2,"GPS: 47.6600 N, -122.3600 W",100,FAIR,NORMAL,0,0,0,-51.94,-51.94,0.54
165528,SNS-1029,BTC-SEA-5029,SHP-2026-129,2026-08-25 00:33 UTC,-51.65,91.7,"GPS: 47.6700 N, -122.3700 W",100,GOOD,NORMAL,0,0,0,-51.65,-51.65,0.54
165529,SNS-1029,BTC-SEA-5029,SHP-2026-129,2026-08-25 00:48 UTC,-54.22,86.5,"GPS: 47.6800 N, -122.3800 W",100,FAIR,NORMAL,0,0,0,-54.22,-54.22,0.61
165530,SNS-1029,BTC-SEA-5029,SHP-2026-129,2026-08-25 01:03 UTC,-51.54,94.9,"GPS: 47.6900 N, -122.3900 W",100,GOOD,NORMAL,0,0,0,-51.54,-51.54,0.55
165531,SNS-1029,BTC-SEA-5029,SHP-2026-129,2026-08-25 01:18 UTC,-52.68,92.7,"GPS: 47.7000 N, -122.4000 W",99,EXCELLENT,NORMAL,0,0,0,-52.68,-52.68,0.55
165532,SNS-1029,BTC-SEA-5029,SHP-2026-129,2026-08-25 01:33 UTC,-51.57,95.7,"GPS: 47.7100 N, -122.4100 W",99,GOOD,NORMAL,0,0,0,-51.57,-51.57,0.52
165533,SNS-1029,BTC-SEA-5029,SHP-2026-129,2026-08-25 01:48 UTC,-51.85,95.4,"GPS: 47.7200 N, -122.4200 W",99,GOOD,NORMAL,0,0,0,-51.85,-51.85,0.52
165534,SNS-1029,BTC-SEA-5029,SHP-2026-129,2026-08-25 02:03 UTC,-50.5,88.8,"GPS: 47.7300 N, -122.4300 W",99,EXCELLENT,NORMAL,0,0,0,-50.5,-50.5,0.56
165535,SNS-1029,BTC-SEA-5029,SHP-2026-129,2026-08-25 02:18 UTC,-50.36,91.5,"GPS: 47.7400 N, -122.4400 W",99,FAIR,NORMAL,0,0,0,-50.36,-50.36,0.53
165536,SNS-1029,BTC-SEA-5029,SHP-2026-129,2026-08-25 02:33 UTC,-52.0,94.4,"GPS: 47.7500 N, -122.4500 W",99,EXCELLENT,NORMAL,0,0,0,-52.0,-52.0,0.52
165537,SNS-1029,BTC-SEA-5029,SHP-2026-129,2026-08-25 02:48 UTC,-53.42,85.6,"GPS: 47.7600 N, -122.4600 W",99,GOOD,NORMAL,0,0,0,-53.42,-53.42,0.56
165538,SNS-1029,BTC-SEA-5029,SHP-2026-129,2026-08-25 03:03 UTC,-52.74,88.3,"GPS: 47.7700 N, -122.4700 W",99,FAIR,NORMAL,0,0,0,-52.74,-52.74,0.52
165539,SNS-1029,BTC-SEA-5029,SHP-2026-129,2026-08-25 03:18 UTC,-51.53,85.2,"GPS: 47.7800 N, -122.4800 W",99,FAIR,NORMAL,0,0,0,-51.53,-51.53,0.53
165540,SNS-1029,BTC-SEA-5029,SHP-2026-129,2026-08-25 03:33 UTC,-54.03,95.2,"GPS: 47.7900 N, -122.4900 W",99,GOOD,NORMAL,0,0,0,-54.03,-54.03,0.55
165541,SNS-1029,BTC-SEA-5029,SHP-2026-129,2026-08-25 03:48 UTC,-52.94,88.8,"GPS: 47.8000 N, -122.5000 W",98,FAIR,NORMAL,0,0,0,-52.94,-52.94,0.57
165542,SNS-1029,BTC-SEA-5029,SHP-2026-129,2026-08-25 04:03 UTC,-52.76,91.4,"GPS: 47.8100 N, -122.5100 W",98,EXCELLENT,NORMAL,0,0,0,-52.76,-52.76,0.55
165543,SNS-1029,BTC-SEA-5029,SHP-2026-129,2026-08-25 04:18 UTC,-52.16,90.1,"GPS: 47.8200 N, -122.5200 W",98,GOOD,NORMAL,0,0,0,-52.16,-52.16,0.52
165544,SNS-1029,BTC-SEA-5029,SHP-2026-129,2026-08-25 04:33 UTC,-51.4,91.9,"GPS: 47.8300 N, -122.5300 W",98,FAIR,NORMAL,0,0,0,-51.4,-51.4,0.53
165545,SNS-1029,BTC-SEA-5029,SHP-2026-129,2026-08-25 04:48 UTC,-52.14,89.3,"GPS: 47.8400 N, -122.5400 W",98,FAIR,NORMAL,0,0,0,-52.14,-52.14,0.53
165546,SNS-1029,BTC-SEA-5029,SHP-2026-129,2026-08-25 05:03 UTC,-54.27,85.8,"GPS: 47.8500 N, -122.5500 W",98,GOOD,NORMAL,0,0,0,-54.27,-54.27,0.57
165547,SNS-1029,BTC-SEA-5029,SHP-2026-129,2026-08-25 05:18 UTC,-52.66,86.0,"GPS: 47.8600 N, -122.5600 W",98,GOOD,NORMAL,0,0,0,-52.66,-52.66,0.55
165548,SNS-1029,BTC-SEA-5029,SHP-2026-129,2026-08-25 05:33 UTC,-52.05,94.5,"GPS: 47.8700 N, -122.5700 W",98,GOOD,NORMAL,0,0,0,-52.05,-52.05,0.52
165549,SNS-1029,BTC-SEA-5029,SHP-2026-129,2026-08-25 05:48 UTC,-53.3,88.8,"GPS: 47.8800 N, -122.5800 W",98,EXCELLENT,NORMAL,0,0,0,-53.3,-53.3,0.53
165550,SNS-1029,BTC-SEA-5029,SHP-2026-129,2026-08-25 06:03 UTC,-53.68,85.1,"GPS: 47.8900 N, -122.5900 W",98,FAIR,NORMAL,0,0,0,-53.68,-53.68,0.52
165551,SNS-1029,BTC-SEA-5029,SHP-2026-129,2026-08-25 06:18 UTC,-52.78,92.5,"GPS: 47.9000 N, -122.6000 W",97,GOOD,NORMAL,0,0,0,-52.78,-52.78,0.54
165552,SNS-1029,BTC-SEA-5029,SHP-2026-129,2026-08-25 06:33 UTC,-52.03,88.3,"GPS: 47.9100 N, -122.6100 W",97,FAIR,NORMAL,0,0,0,-52.03,-52.03,0.51
165553,SNS-1029,BTC-SEA-5029,SHP-2026-129,2026-08-25 06:48 UTC,-52.81,87.1,"GPS: 47.9200 N, -122.6200 W",97,EXCELLENT,NORMAL,0,0,0,-52.81,-52.81,0.54
165554,SNS-1029,BTC-SEA-5029,SHP-2026-129,2026-08-25 07:03 UTC,-53.64,92.0,"GPS: 47.9300 N, -122.6300 W",97,EXCELLENT,NORMAL,0,0,0,-53.64,-53.64,0.52
165555,SNS-1029,BTC-SEA-5029,SHP-2026-129,2026-08-25 07:18 UTC,-53.93,90.3,"GPS: 47.9400 N, -122.6400 W",97,GOOD,NORMAL,0,0,0,-53.93,-53.93,0.54
165556,SNS-1029,BTC-SEA-5029,SHP-2026-129,2026-08-25 07:33 UTC,-54.25,87.3,"GPS: 47.9500 N, -122.6500 W",97,FAIR,NORMAL,0,0,0,-54.25,-54.25,0.53
165557,SNS-1029,BTC-SEA-5029,SHP-2026-129,2026-08-25 07:48 UTC,-52.62,87.3,"GPS: 47.9600 N, -122.6600 W",97,GOOD,NORMAL,0,0,0,-52.62,-52.62,0.53
165558,SNS-1029,BTC-SEA-5029,SHP-2026-129,2026-08-25 08:03 UTC,-52.02,91.0,"GPS: 47.9700 N, -122.6700 W",97,FAIR,NORMAL,0,0,0,-52.02,-52.02,0.52
165559,SNS-1029,BTC-SEA-5029,SHP-2026-129,2026-08-25 08:18 UTC,-54.64,89.3,"GPS: 47.9800 N, -122.6800 W",97,EXCELLENT,NORMAL,0,0,0,-54.64,-54.64,0.54
165560,SNS-1029,BTC-SEA-5029,SHP-2026-129,2026-08-25 08:33 UTC,25.51,89.7,"GPS: 47.9900 N, -122.6900 W",97,FAIR,WARNING,0,0,0,25.51,25.51,0.59
165561,SNS-1029,BTC-SEA-5029,SHP-2026-129,2026-08-25 08:48 UTC,-54.48,85.9,"GPS: 48.0000 N, -122.7000 W",96,GOOD,NORMAL,0,0,0,-54.48,-54.48,0.53
165562,SNS-1029,BTC-SEA-5029,SHP-2026-129,2026-08-25 09:03 UTC,-53.78,90.0,"GPS: 48.0100 N, -122.7100 W",96,EXCELLENT,NORMAL,0,0,0,-53.78,-53.78,0.52
165563,SNS-1029,BTC-SEA-5029,SHP-2026-129,2026-08-25 09:18 UTC,-51.93,88.0,"GPS: 48.0200 N, -122.7200 W",96,FAIR,NORMAL,0,0,0,-51.93,-51.93,0.51
165564,SNS-1029,BTC-SEA-5029,SHP-2026-129,2026-08-25 09:33 UTC,9.12,85.3,"GPS: 48.0300 N, -122.7300 W",96,EXCELLENT,WARNING,0,0,0,9.12,9.12,0.42
165565,SNS-1029,BTC-SEA-5029,SHP-2026-129,2026-08-25 09:48 UTC,-50.43,93.4,"GPS: 48.0400 N, -122.7400 W",96,GOOD,NORMAL,0,0,0,-50.43,-50.43,0.51
165566,SNS-1029,BTC-SEA-5029,SHP-2026-129,2026-08-25 10:03 UTC,18.24,88.0,"GPS: 48.0500 N, -122.7500 W",96,GOOD,WARNING,0,0,0,18.24,18.24,0.5
165567,SNS-1029,BTC-SEA-5029,SHP-2026-129,2026-08-25 10:18 UTC,-53.14,93.4,"GPS: 48.0600 N, -122.7600 W",96,FAIR,NORMAL,0,0,0,-53.14,-53.14,0.51
165568,SNS-1029,BTC-SEA-5029,SHP-2026-129,2026-08-25 10:33 UTC,-50.82,85.8,"GPS: 48.0700 N, -122.7700 W",96,EXCELLENT,NORMAL,0,0,0,-50.82,-50.82,0.51
165569,SNS-1029,BTC-SEA-5029,SHP-2026-129,2026-08-25 10:48 UTC,-54.73,91.4,"GPS: 48.0800 N, -122.7800 W",96,GOOD,NORMAL,0,0,0,-54.73,-54.73,0.52
165570,SNS-1029,BTC-SEA-5029,SHP-2026-129,2026-08-25 11:03 UTC,-51.62,85.9,"GPS: 48.0900 N, -122.7900 W",96,EXCELLENT,NORMAL,0,0,0,-51.62,-51.62,0.5
165571,SNS-1029,BTC-SEA-5029,SHP-2026-129,2026-08-25 11:18 UTC,-54.24,87.3,"GPS: 48.1000 N, -122.8000 W",95,GOOD,NORMAL,0,0,0,-54.24,-54.24,0.51
165572,SNS-1029,BTC-SEA-5029,SHP-2026-129,2026-08-25 11:33 UTC,-52.73,89.0,"GPS: 48.1100 N, -122.8100 W",95,GOOD,NORMAL,0,0,0,-52.73,-52.73,0.54
165573,SNS-1029,BTC-SEA-5029,SHP-2026-129,2026-08-25 11:48 UTC,-51.72,87.1,"GPS: 48.1200 N, -122.8200 W",95,EXCELLENT,NORMAL,0,0,0,-51.72,-51.72,0.5
165574,SNS-1029,BTC-SEA-5029,SHP-2026-129,2026-08-25 12:03 UTC,-52.83,90.5,"GPS: 48.1300 N, -122.8300 W",95,FAIR,NORMAL,0,0,0,-52.83,-52.83,0.53
165575,SNS-1029,BTC-SEA-5029,SHP-2026-129,2026-08-25 12:18 UTC,-51.4,89.7,"GPS: 48.1400 N, -122.8400 W",95,EXCELLENT,NORMAL,0,0,0,-51.4,-51.4,0.5
165576,SNS-1029,BTC-SEA-5029,SHP-2026-129,2026-08-25 12:33 UTC,-52.82,85.8,"GPS: 48.1500 N, -122.8500 W",95,GOOD,NORMAL,0,0,0,-52.82,-52.82,0.5
165577,SNS-1029,BTC-SEA-5029,SHP-2026-129,2026-08-25 12:48 UTC,-52.2,93.0,"GPS: 48.1600 N, -122.8600 W",95,FAIR,NORMAL,0,0,0,-52.2,-52.2,0.56
165578,SNS-1029,BTC-SEA-5029,SHP-2026-129,2026-08-25 13:03 UTC,-51.55,85.3,"GPS: 48.1700 N, -122.8700 W",95,GOOD,NORMAL,0,0,0,-51.55,-51.55,0.49
165579,SNS-1029,BTC-SEA-5029,SHP-2026-129,2026-08-25 13:18 UTC,-52.56,91.9,"GPS: 48.1800 N, -122.8800 W",95,GOOD,NORMAL,0,0,0,-52.56,-52.56,0.5
165580,SNS-1029,BTC-SEA-5029,SHP-2026-129,2026-08-25 13:33 UTC,-52.3,90.3,"GPS: 48.1900 N, -122.8900 W",95,FAIR,NORMAL,0,0,0,-52.3,-52.3,0.55
165581,SNS-1029,BTC-SEA-5029,SHP-2026-129,2026-08-25 13:48 UTC,-51.25,91.4,"GPS: 48.2000 N, -122.9000 W",94,EXCELLENT,NORMAL,0,0,0,-51.25,-51.25,0.52
165582,SNS-1029,BTC-SEA-5029,SHP-2026-129,2026-08-25 14:03 UTC,-54.27,95.9,"GPS: 48.2100 N, -122.9100 W",94,FAIR,NORMAL,0,0,0,-54.27,-54.27,0.56
165583,SNS-1029,BTC-SEA-5029,SHP-2026-129,2026-08-25 14:18 UTC,-51.37,93.9,"GPS: 48.2200 N, -122.9200 W",94,FAIR,NORMAL,0,0,0,-51.37,-51.37,0.5
165584,SNS-1029,BTC-SEA-5029,SHP-2026-129,2026-08-25 14:33 UTC,-52.29,88.7,"GPS: 48.2300 N, -122.9300 W",94,FAIR,NORMAL,0,0,0,-52.29,-52.29,0.56
165585,SNS-1029,BTC-SEA-5029,SHP-2026-129,2026-08-25 14:48 UTC,-53.9,88.2,"GPS: 48.2400 N, -122.9400 W",94,GOOD,NORMAL,0,0,0,-53.9,-53.9,0.51
165586,SNS-1029,BTC-SEA-5029,SHP-2026-129,2026-08-25 15:03 UTC,-52.76,95.0,"GPS: 48.2500 N, -122.9500 W",94,FAIR,NORMAL,0,0,0,-52.76,-52.76,0.53
165587,SNS-1029,BTC-SEA-5029,SHP-2026-129,2026-08-25 15:18 UTC,-51.52,94.6,"GPS: 48.2600 N, -122.9600 W",94,FAIR,NORMAL,0,0,0,-51.52,-51.52,0.49
165588,SNS-1029,BTC-SEA-5029,SHP-2026-129,2026-08-25 15:33 UTC,-52.49,91.7,"GPS: 48.2700 N, -122.9700 W",94,FAIR,NORMAL,0,0,0,-52.49,-52.49,0.53
165589,SNS-1029,BTC-SEA-5029,SHP-2026-129,2026-08-25 15:48 UTC,-53.53,94.6,"GPS: 48.2800 N, -122.9800 W",94,EXCELLENT,NORMAL,0,0,0,-53.53,-53.53,0.51
165590,SNS-1029,BTC-SEA-5029,SHP-2026-129,2026-08-25 16:03 UTC,-54.5,86.4,"GPS: 48.2900 N, -122.9900 W",94,GOOD,NORMAL,0,0,0,-54.5,-54.5,0.54
165591,SNS-1029,BTC-SEA-5029,SHP-2026-129,2026-08-25 16:18 UTC,-54.41,87.5,"GPS: 48.3000 N, -123.0000 W",93,FAIR,NORMAL,0,0,0,-54.41,-54.41,0.52
165592,SNS-1029,BTC-SEA-5029,SHP-2026-129,2026-08-25 16:33 UTC,-52.8,91.7,"GPS: 48.3100 N, -123.0100 W",93,GOOD,NORMAL,0,0,0,-52.8,-52.8,0.5
165593,SNS-1029,BTC-SEA-5029,SHP-2026-129,2026-08-25 16:48 UTC,-53.1,88.8,"GPS: 48.3200 N, -123.0200 W",93,FAIR,NORMAL,0,0,0,-53.1,-53.1,0.51
165594,SNS-1029,BTC-SEA-5029,SHP-2026-129,2026-08-25 17:03 UTC,-52.1,91.1,"GPS: 48.3300 N, -123.0300 W",93,FAIR,NORMAL,0,0,0,-52.1,-52.1,0.51
165595,SNS-1029,BTC-SEA-5029,SHP-2026-129,2026-08-25 17:18 UTC,6.07,93.4,"GPS: 48.3400 N, -123.0400 W",93,GOOD,WARNING,0,0,0,6.07,6.07,0.49
165596,SNS-1029,BTC-SEA-5029,SHP-2026-129,2026-08-25 17:33 UTC,-12.29,92.3,"GPS: 48.3500 N, -123.0500 W",93,GOOD,WARNING,0,0,0,-12.29,-12.29,0.41
165597,SNS-1029,BTC-SEA-5029,SHP-2026-129,2026-08-25 17:48 UTC,-50.84,92.8,"GPS: 48.3600 N, -123.0600 W",93,FAIR,NORMAL,0,0,0,-50.84,-50.84,0.5
165598,SNS-1029,BTC-SEA-5029,SHP-2026-129,2026-08-25 18:03 UTC,-54.38,88.9,"GPS: 48.3700 N, -123.0700 W",93,GOOD,NORMAL,0,0,0,-54.38,-54.38,0.52
165599,SNS-1029,BTC-SEA-5029,SHP-2026-129,2026-08-25 18:18 UTC,-50.34,93.5,"GPS: 48.3800 N, -123.0800 W",93,FAIR,NORMAL,0,0,0,-50.34,-50.34,0.5
165600,SNS-1029,BTC-SEA-5029,SHP-2026-129,2026-08-25 18:33 UTC,-54.34,86.5,"GPS: 48.3900 N, -123.0900 W",93,EXCELLENT,NORMAL,0,0,0,-54.34,-54.34,0.51
165601,SNS-1029,BTC-SEA-5029,SHP-2026-129,2026-08-25 18:48 UTC,-50.21,95.2,"GPS: 48.4000 N, -123.1000 W",92,GOOD,NORMAL,0,0,0,-50.21,-50.21,0.5
165602,SNS-1029,BTC-SEA-5029,SHP-2026-129,2026-08-25 19:03 UTC,-51.42,93.3,"GPS: 48.4100 N, -123.1100 W",92,FAIR,NORMAL,0,0,0,-51.42,-51.42,0.5
165603,SNS-1029,BTC-SEA-5029,SHP-2026-129,2026-08-25 19:18 UTC,-52.89,88.7,"GPS: 48.4200 N, -123.1200 W",92,FAIR,NORMAL,0,0,0,-52.89,-52.89,0.5
165604,SNS-1029,BTC-SEA-5029,SHP-2026-129,2026-08-25 19:33 UTC,-53.88,93.4,"GPS: 48.4300 N, -123.1300 W",92,GOOD,NORMAL,0,0,0,-53.88,-53.88,0.52
165605,SNS-1029,BTC-SEA-5029,SHP-2026-129,2026-08-25 19:48 UTC,-54.32,86.8,"GPS: 48.4400 N, -123.1400 W",92,GOOD,NORMAL,0,0,0,-54.32,-54.32,0.51
165606,SNS-1029,BTC-SEA-5029,SHP-2026-129,2026-08-25 20:03 UTC,-53.67,86.4,"GPS: 48.4500 N, -123.1500 W",92,FAIR,NORMAL,0,0,0,-53.67,-53.67,0.52
165607,SNS-1029,BTC-SEA-5029,SHP-2026-129,2026-08-25 20:18 UTC,-50.54,91.4,"GPS: 48.4600 N, -123.1600 W",92,FAIR,NORMAL,0,0,0,-50.54,-50.54,0.54
165608,SNS-1029,BTC-SEA-5029,SHP-2026-129,2026-08-25 20:33 UTC,-54.44,89.0,"GPS: 48.4700 N, -123.1700 W",92,EXCELLENT,NORMAL,0,0,0,-54.44,-54.44,0.52
165609,SNS-1029,BTC-SEA-5029,SHP-2026-129,2026-08-25 20:48 UTC,-51.88,90.7,"GPS: 48.4800 N, -123.1800 W",92,FAIR,NORMAL,0,0,0,-51.88,-51.88,0.5
165610,SNS-1029,BTC-SEA-5029,SHP-2026-129,2026-08-25 21:03 UTC,-52.72,88.4,"GPS: 48.4900 N, -123.1900 W",92,EXCELLENT,NORMAL,0,0,0,-52.72,-52.72,0.53
165611,SNS-1029,BTC-SEA-5029,SHP-2026-129,2026-08-25 21:18 UTC,-54.3,89.4,"GPS: 48.5000 N, -123.2000 W",91,GOOD,NORMAL,0,0,0,-54.3,-54.3,0.52
165612,SNS-1029,BTC-SEA-5029,SHP-2026-129,2026-08-25 21:33 UTC,-52.52,88.9,"GPS: 48.5100 N, -123.2100 W",91,FAIR,NORMAL,0,0,0,-52.52,-52.52,0.51
165613,SNS-1029,BTC-SEA-5029,SHP-2026-129,2026-08-25 21:48 UTC,-54.4,90.3,"GPS: 48.5200 N, -123.2200 W",91,GOOD,NORMAL,0,0,0,-54.4,-54.4,0.52
165614,SNS-1029,BTC-SEA-5029,SHP-2026-129,2026-08-25 22:03 UTC,-50.45,93.7,"GPS: 48.5300 N, -123.2300 W",91,GOOD,NORMAL,0,0,0,-50.45,-50.45,0.54
165615,SNS-1029,BTC-SEA-5029,SHP-2026-129,2026-08-25 22:18 UTC,-50.46,85.1,"GPS: 48.5400 N, -123.2400 W",91,FAIR,NORMAL,0,0,0,-50.46,-50.46,0.51
165616,SNS-1029,BTC-SEA-5029,SHP-2026-129,2026-08-25 22:33 UTC,-51.76,85.6,"GPS: 48.5500 N, -123.2500 W",91,GOOD,NORMAL,0,0,0,-51.76,-51.76,0.52
165617,SNS-1029,BTC-SEA-5029,SHP-2026-129,2026-08-25 22:48 UTC,-53.65,88.7,"GPS: 48.5600 N, -123.2600 W",91,GOOD,NORMAL,0,0,0,-53.65,-53.65,0.52
165618,SNS-1029,BTC-SEA-5029,SHP-2026-129,2026-08-25 23:03 UTC,-54.44,91.2,"GPS: 48.5700 N, -123.2700 W",91,GOOD,NORMAL,0,0,0,-54.44,-54.44,0.53
165619,SNS-1029,BTC-SEA-5029,SHP-2026-129,2026-08-25 23:18 UTC,-53.78,92.8,"GPS: 48.5800 N, -123.2800 W",91,GOOD,NORMAL,0,0,0,-53.78,-53.78,0.51
165620,SNS-1029,BTC-SEA-5029,SHP-2026-129,2026-08-25 23:33 UTC,-54.28,94.8,"GPS: 48.5900 N, -123.2900 W",91,EXCELLENT,NORMAL,0,0,0,-54.28,-54.28,0.52
165621,SNS-1029,BTC-SEA-5029,SHP-2026-129,2026-08-25 23:48 UTC,-50.64,95.1,"GPS: 48.6000 N, -123.3000 W",90,GOOD,NORMAL,0,0,0,-50.64,-50.64,0.55
165622,SNS-1029,BTC-SEA-5029,SHP-2026-129,2026-08-26 00:03 UTC,-52.68,94.0,"GPS: 48.6100 N, -123.3100 W",90,FAIR,NORMAL,0,0,0,-52.68,-52.68,0.5
165623,SNS-1029,BTC-SEA-5029,SHP-2026-129,2026-08-26 00:18 UTC,-53.58,88.2,"GPS: 48.6200 N, -123.3200 W",90,FAIR,NORMAL,0,0,0,-53.58,-53.58,0.51
165624,SNS-1029,BTC-SEA-5029,SHP-2026-129,2026-08-26 00:33 UTC,-53.17,91.8,"GPS: 48.6300 N, -123.3300 W",90,GOOD,NORMAL,0,0,0,-53.17,-53.17,0.52
165625,SNS-1029,BTC-SEA-5029,SHP-2026-129,2026-08-26 00:48 UTC,-54.48,87.2,"GPS: 48.6400 N, -123.3400 W",90,GOOD,NORMAL,0,0,0,-54.48,-54.48,0.53
165626,SNS-1029,BTC-SEA-5029,SHP-2026-129,2026-08-26 01:03 UTC,-51.98,85.6,"GPS: 48.6500 N, -123.3500 W",90,FAIR,NORMAL,0,0,0,-51.98,-51.98,0.52
165627,SNS-1029,BTC-SEA-5029,SHP-2026-129,2026-08-26 01:18 UTC,-53.5,94.9,"GPS: 48.6600 N, -123.3600 W",90,EXCELLENT,NORMAL,0,0,0,-53.5,-53.5,0.53
165628,SNS-1029,BTC-SEA-5029,SHP-2026-129,2026-08-26 01:33 UTC,-52.08,94.5,"GPS: 48.6700 N, -123.3700 W",90,EXCELLENT,NORMAL,0,0,0,-52.08,-52.08,0.51
165629,SNS-1029,BTC-SEA-5029,SHP-2026-129,2026-08-26 01:48 UTC,-51.2,92.1,"GPS: 48.6800 N, -123.3800 W",90,GOOD,NORMAL,0,0,0,-51.2,-51.2,0.51
165630,SNS-1029,BTC-SEA-5029,SHP-2026-129,2026-08-26 02:03 UTC,-51.17,86.0,"GPS: 48.6900 N, -123.3900 W",90,GOOD,NORMAL,0,0,0,-51.17,-51.17,0.5
165631,SNS-1029,BTC-SEA-5029,SHP-2026-129,2026-08-26 02:18 UTC,-53.96,87.7,"GPS: 48.7000 N, -123.4000 W",89,GOOD,NORMAL,0,0,0,-53.96,-53.96,0.53
165632,SNS-1029,BTC-SEA-5029,SHP-2026-129,2026-08-26 02:33 UTC,-50.39,90.8,"GPS: 48.7100 N, -123.4100 W",89,EXCELLENT,NORMAL,0,0,0,-50.39,-50.39,0.52
165633,SNS-1029,BTC-SEA-5029,SHP-2026-129,2026-08-26 02:48 UTC,-22.16,95.4,"GPS: 48.7200 N, -123.4200 W",89,GOOD,WARNING,0,0,0,-22.16,-22.16,0.49
165634,SNS-1029,BTC-SEA-5029,SHP-2026-129,2026-08-26 03:03 UTC,-52.11,93.0,"GPS: 48.7300 N, -123.4300 W",89,FAIR,NORMAL,0,0,0,-52.11,-52.11,0.52
165635,SNS-1029,BTC-SEA-5029,SHP-2026-129,2026-08-26 03:18 UTC,-51.97,92.5,"GPS: 48.7400 N, -123.4400 W",89,GOOD,NORMAL,0,0,0,-51.97,-51.97,0.52
165636,SNS-1029,BTC-SEA-5029,SHP-2026-129,2026-08-26 03:33 UTC,-51.6,93.0,"GPS: 48.7500 N, -123.4500 W",89,EXCELLENT,NORMAL,0,0,0,-51.6,-51.6,0.51
165637,SNS-1029,BTC-SEA-5029,SHP-2026-129,2026-08-26 03:48 UTC,-51.59,85.7,"GPS: 48.7600 N, -123.4600 W",89,GOOD,NORMAL,0,0,0,-51.59,-51.59,0.51
165638,SNS-1029,BTC-SEA-5029,SHP-2026-129,2026-08-26 04:03 UTC,-53.57,92.6,"GPS: 48.7700 N, -123.4700 W",89,FAIR,NORMAL,0,0,0,-53.57,-53.57,0.56
165639,SNS-1029,BTC-SEA-5029,SHP-2026-129,2026-08-26 04:18 UTC,-50.83,91.4,"GPS: 48.7800 N, -123.4800 W",89,FAIR,NORMAL,0,0,0,-50.83,-50.83,0.52
165640,SNS-1029,BTC-SEA-5029,SHP-2026-129,2026-08-26 04:33 UTC,-54.22,88.3,"GPS: 48.7900 N, -123.4900 W",89,FAIR,NORMAL,0,0,0,-54.22,-54.22,0.54
165641,SNS-1029,BTC-SEA-5029,SHP-2026-129,2026-08-26 04:48 UTC,-52.58,85.8,"GPS: 48.8000 N, -123.5000 W",88,FAIR,NORMAL,0,0,0,-52.58,-52.58,0.57
165642,SNS-1029,BTC-SEA-5029,SHP-2026-129,2026-08-26 05:03 UTC,-51.79,89.2,"GPS: 48.8100 N, -123.5100 W",88,FAIR,NORMAL,0,0,0,-51.79,-51.79,0.53
165643,SNS-1029,BTC-SEA-5029,SHP-2026-129,2026-08-26 05:18 UTC,-50.82,93.0,"GPS: 48.8200 N, -123.5200 W",88,FAIR,NORMAL,0,0,0,-50.82,-50.82,0.53
165644,SNS-1029,BTC-SEA-5029,SHP-2026-129,2026-08-26 05:33 UTC,-53.95,91.3,"GPS: 48.8300 N, -123.5300 W",88,GOOD,NORMAL,0,0,0,-53.95,-53.95,0.54
165645,SNS-1029,BTC-SEA-5029,SHP-2026-129,2026-08-26 05:48 UTC,-52.77,87.3,"GPS: 48.8400 N, -123.5400 W",88,FAIR,NORMAL,0,0,0,-52.77,-52.77,0.53
165646,SNS-1029,BTC-SEA-5029,SHP-2026-129,2026-08-26 06:03 UTC,-52.98,87.9,"GPS: 48.8500 N, -123.5500 W",88,EXCELLENT,NORMAL,0,0,0,-52.98,-52.98,0.54
165647,SNS-1029,BTC-SEA-5029,SHP-2026-129,2026-08-26 06:18 UTC,-50.82,92.1,"GPS: 48.8600 N, -123.5600 W",88,EXCELLENT,NORMAL,0,0,0,-50.82,-50.82,0.53
165648,SNS-1029,BTC-SEA-5029,SHP-2026-129,2026-08-26 06:33 UTC,-51.5,94.5,"GPS: 48.8700 N, -123.5700 W",88,EXCELLENT,NORMAL,0,0,0,-51.5,-51.5,0.53
165649,SNS-1029,BTC-SEA-5029,SHP-2026-129,2026-08-26 06:48 UTC,-51.72,92.3,"GPS: 48.8800 N, -123.5800 W",88,GOOD,NORMAL,0,0,0,-51.72,-51.72,0.54
165650,SNS-1029,BTC-SEA-5029,SHP-2026-129,2026-08-26 07:03 UTC,-53.16,93.4,"GPS: 48.8900 N, -123.5900 W",88,FAIR,NORMAL,0,0,0,-53.16,-53.16,0.54
165651,SNS-1029,BTC-SEA-5029,SHP-2026-129,2026-08-26 07:18 UTC,-53.54,88.9,"GPS: 48.9000 N, -123.6000 W",87,GOOD,NORMAL,0,0,0,-53.54,-53.54,0.57
165652,SNS-1029,BTC-SEA-5029,SHP-2026-129,2026-08-26 07:33 UTC,-54.26,95.2,"GPS: 48.9100 N, -123.6100 W",87,EXCELLENT,NORMAL,0,0,0,-54.26,-54.26,0.57
165653,SNS-1029,BTC-SEA-5029,SHP-2026-129,2026-08-26 07:48 UTC,-52.09,88.5,"GPS: 48.9200 N, -123.6200 W",87,GOOD,NORMAL,0,0,0,-52.09,-52.09,0.55
165654,SNS-1029,BTC-SEA-5029,SHP-2026-129,2026-08-26 08:03 UTC,-51.24,90.5,"GPS: 48.9300 N, -123.6300 W",87,FAIR,NORMAL,0,0,0,-51.24,-51.24,0.56
165655,SNS-1029,BTC-SEA-5029,SHP-2026-129,2026-08-26 08:18 UTC,-52.63,90.1,"GPS: 48.9400 N, -123.6400 W",87,EXCELLENT,NORMAL,0,0,0,-52.63,-52.63,0.58
165656,SNS-1029,BTC-SEA-5029,SHP-2026-129,2026-08-26 08:33 UTC,-52.14,87.7,"GPS: 48.9500 N, -123.6500 W",87,FAIR,NORMAL,0,0,0,-52.14,-52.14,0.56
165657,SNS-1030,BTC-SEA-5030,SHP-2026-130,2026-08-25 00:48 UTC,-21.61,87.3,"GPS: 47.6000 N, -122.3000 W",100,FAIR,NORMAL,0,0,0,-21.61,-21.61,0.5
165658,SNS-1030,BTC-SEA-5030,SHP-2026-130,2026-08-25 01:03 UTC,-20.37,85.7,"GPS: 47.6100 N, -122.3100 W",100,FAIR,NORMAL,0,0,0,-20.37,-20.37,0.44
165659,SNS-1030,BTC-SEA-5030,SHP-2026-130,2026-08-25 01:18 UTC,-22.98,93.8,"GPS: 47.6200 N, -122.3200 W",100,GOOD,NORMAL,0,0,0,-22.98,-22.98,0.47
165660,SNS-1030,BTC-SEA-5030,SHP-2026-130,2026-08-25 01:33 UTC,-19.64,87.2,"GPS: 47.6300 N, -122.3300 W",100,EXCELLENT,NORMAL,0,0,0,-19.64,-19.64,0.44
165661,SNS-1030,BTC-SEA-5030,SHP-2026-130,2026-08-25 01:48 UTC,-20.93,85.3,"GPS: 47.6400 N, -122.3400 W",100,FAIR,NORMAL,0,0,0,-20.93,-20.93,0.48
165662,SNS-1030,BTC-SEA-5030,SHP-2026-130,2026-08-25 02:03 UTC,-22.66,94.0,"GPS: 47.6500 N, -122.3500 W",100,EXCELLENT,NORMAL,0,0,0,-22.66,-22.66,0.47
165663,SNS-1030,BTC-SEA-5030,SHP-2026-130,2026-08-25 02:18 UTC,-21.99,88.9,"GPS: 47.6600 N, -122.3600 W",100,GOOD,NORMAL,0,0,0,-21.99,-21.99,0.47
165664,SNS-1030,BTC-SEA-5030,SHP-2026-130,2026-08-25 02:33 UTC,-19.06,92.5,"GPS: 47.6700 N, -122.3700 W",100,EXCELLENT,NORMAL,0,0,0,-19.06,-19.06,0.46
165665,SNS-1030,BTC-SEA-5030,SHP-2026-130,2026-08-25 02:48 UTC,-22.18,86.1,"GPS: 47.6800 N, -122.3800 W",100,GOOD,NORMAL,0,0,0,-22.18,-22.18,0.44
165666,SNS-1030,BTC-SEA-5030,SHP-2026-130,2026-08-25 03:03 UTC,-18.62,85.6,"GPS: 47.6900 N, -122.3900 W",100,FAIR,NORMAL,0,0,0,-18.62,-18.62,0.46
165667,SNS-1030,BTC-SEA-5030,SHP-2026-130,2026-08-25 03:18 UTC,-18.95,87.6,"GPS: 47.7000 N, -122.4000 W",99,EXCELLENT,NORMAL,0,0,0,-18.95,-18.95,0.41
165668,SNS-1030,BTC-SEA-5030,SHP-2026-130,2026-08-25 03:33 UTC,-23.3,87.4,"GPS: 47.7100 N, -122.4100 W",99,GOOD,NORMAL,0,0,0,-23.3,-23.3,0.47
165669,SNS-1030,BTC-SEA-5030,SHP-2026-130,2026-08-25 03:48 UTC,-21.52,95.1,"GPS: 47.7200 N, -122.4200 W",99,GOOD,NORMAL,0,0,0,-21.52,-21.52,0.42
165670,SNS-1030,BTC-SEA-5030,SHP-2026-130,2026-08-25 04:03 UTC,-20.57,92.7,"GPS: 47.7300 N, -122.4300 W",99,EXCELLENT,NORMAL,0,0,0,-20.57,-20.57,0.47
165671,SNS-1030,BTC-SEA-5030,SHP-2026-130,2026-08-25 04:18 UTC,-23.38,91.3,"GPS: 47.7400 N, -122.4400 W",99,FAIR,NORMAL,0,0,0,-23.38,-23.38,0.44
165672,SNS-1030,BTC-SEA-5030,SHP-2026-130,2026-08-25 04:33 UTC,-19.66,90.7,"GPS: 47.7500 N, -122.4500 W",99,EXCELLENT,NORMAL,0,0,0,-19.66,-19.66,0.44
165673,SNS-1030,BTC-SEA-5030,SHP-2026-130,2026-08-25 04:48 UTC,-31.89,93.9,"GPS: 47.7600 N, -122.4600 W",99,GOOD,WARNING,0,0,0,-31.89,-31.89,0.54
165674,SNS-1030,BTC-SEA-5030,SHP-2026-130,2026-08-25 05:03 UTC,-21.86,95.9,"GPS: 47.7700 N, -122.4700 W",99,GOOD,NORMAL,0,0,0,-21.86,-21.86,0.43
165675,SNS-1030,BTC-SEA-5030,SHP-2026-130,2026-08-25 05:18 UTC,-18.43,92.1,"GPS: 47.7800 N, -122.4800 W",99,FAIR,NORMAL,0,0,0,-18.43,-18.43,0.42
165676,SNS-1030,BTC-SEA-5030,SHP-2026-130,2026-08-25 05:33 UTC,-20.9,94.2,"GPS: 47.7900 N, -122.4900 W",99,EXCELLENT,NORMAL,0,0,0,-20.9,-20.9,0.42
165677,SNS-1030,BTC-SEA-5030,SHP-2026-130,2026-08-25 05:48 UTC,-18.99,89.1,"GPS: 47.8000 N, -122.5000 W",98,EXCELLENT,NORMAL,0,0,0,-18.99,-18.99,0.4
165678,SNS-1030,BTC-SEA-5030,SHP-2026-130,2026-08-25 06:03 UTC,-18.9,95.0,"GPS: 47.8100 N, -122.5100 W",98,EXCELLENT,NORMAL,0,0,0,-18.9,-18.9,0.4
165679,SNS-1030,BTC-SEA-5030,SHP-2026-130,2026-08-25 06:18 UTC,-21.51,94.1,"GPS: 47.8200 N, -122.5200 W",98,EXCELLENT,NORMAL,0,0,0,-21.51,-21.51,0.44
165680,SNS-1030,BTC-SEA-5030,SHP-2026-130,2026-08-25 06:33 UTC,-22.81,90.7,"GPS: 47.8300 N, -122.5300 W",98,EXCELLENT,NORMAL,0,0,0,-22.81,-22.81,0.45
165681,SNS-1030,BTC-SEA-5030,SHP-2026-130,2026-08-25 06:48 UTC,-18.54,87.6,"GPS: 47.8400 N, -122.5400 W",98,FAIR,NORMAL,0,0,0,-18.54,-18.54,0.41
165682,SNS-1030,BTC-SEA-5030,SHP-2026-130,2026-08-25 07:03 UTC,-1.11,91.2,"GPS: 47.8500 N, -122.5500 W",98,FAIR,WARNING,0,0,0,-1.11,-1.11,0.48
165683,SNS-1030,BTC-SEA-5030,SHP-2026-130,2026-08-25 07:18 UTC,-20.92,86.6,"GPS: 47.8600 N, -122.5600 W",98,FAIR,NORMAL,0,0,0,-20.92,-20.92,0.4
165684,SNS-1030,BTC-SEA-5030,SHP-2026-130,2026-08-25 07:33 UTC,-19.89,85.2,"GPS: 47.8700 N, -122.5700 W",98,EXCELLENT,NORMAL,0,0,0,-19.89,-19.89,0.4
165685,SNS-1030,BTC-SEA-5030,SHP-2026-130,2026-08-25 07:48 UTC,-21.52,86.7,"GPS: 47.8800 N, -122.5800 W",98,FAIR,NORMAL,0,0,0,-21.52,-21.52,0.41
165686,SNS-1030,BTC-SEA-5030,SHP-2026-130,2026-08-25 08:03 UTC,10.99,92.9,"GPS: 47.8900 N, -122.5900 W",98,GOOD,WARNING,0,0,0,10.99,10.99,0.5
165687,SNS-1030,BTC-SEA-5030,SHP-2026-130,2026-08-25 08:18 UTC,12.51,87.3,"GPS: 47.9000 N, -122.6000 W",97,FAIR,WARNING,0,0,0,12.51,12.51,0.48
165688,SNS-1030,BTC-SEA-5030,SHP-2026-130,2026-08-25 08:33 UTC,-19.08,86.6,"GPS: 47.9100 N, -122.6100 W",97,GOOD,NORMAL,0,0,0,-19.08,-19.08,0.39
165689,SNS-1030,BTC-SEA-5030,SHP-2026-130,2026-08-25 08:48 UTC,-19.11,91.4,"GPS: 47.9200 N, -122.6200 W",97,EXCELLENT,NORMAL,0,0,0,-19.11,-19.11,0.39
165690,SNS-1030,BTC-SEA-5030,SHP-2026-130,2026-08-25 09:03 UTC,-19.37,95.5,"GPS: 47.9300 N, -122.6300 W",97,EXCELLENT,NORMAL,0,0,0,-19.37,-19.37,0.38
165691,SNS-1030,BTC-SEA-5030,SHP-2026-130,2026-08-25 09:18 UTC,-18.79,90.6,"GPS: 47.9400 N, -122.6400 W",97,GOOD,NORMAL,0,0,0,-18.79,-18.79,0.4
165692,SNS-1030,BTC-SEA-5030,SHP-2026-130,2026-08-25 09:33 UTC,-22.87,86.7,"GPS: 47.9500 N, -122.6500 W",97,EXCELLENT,NORMAL,0,0,0,-22.87,-22.87,0.49
165693,SNS-1030,BTC-SEA-5030,SHP-2026-130,2026-08-25 09:48 UTC,-18.55,85.2,"GPS: 47.9600 N, -122.6600 W",97,FAIR,NORMAL,0,0,0,-18.55,-18.55,0.39
165694,SNS-1030,BTC-SEA-5030,SHP-2026-130,2026-08-25 10:03 UTC,-23.35,88.4,"GPS: 47.9700 N, -122.6700 W",97,EXCELLENT,NORMAL,0,0,0,-23.35,-23.35,0.43
165695,SNS-1030,BTC-SEA-5030,SHP-2026-130,2026-08-25 10:18 UTC,-21.48,92.8,"GPS: 47.9800 N, -122.6800 W",97,EXCELLENT,NORMAL,0,0,0,-21.48,-21.48,0.42
165696,SNS-1030,BTC-SEA-5030,SHP-2026-130,2026-08-25 10:33 UTC,-20.82,90.8,"GPS: 47.9900 N, -122.6900 W",97,GOOD,NORMAL,0,0,0,-20.82,-20.82,0.41
165697,SNS-1030,BTC-SEA-5030,SHP-2026-130,2026-08-25 10:48 UTC,-19.13,87.7,"GPS: 48.0000 N, -122.7000 W",96,GOOD,NORMAL,0,0,0,-19.13,-19.13,0.38
165698,SNS-1030,BTC-SEA-5030,SHP-2026-130,2026-08-25 11:03 UTC,-22.37,92.2,"GPS: 48.0100 N, -122.7100 W",96,GOOD,NORMAL,0,0,0,-22.37,-22.37,0.4
165699,SNS-1030,BTC-SEA-5030,SHP-2026-130,2026-08-25 11:18 UTC,-19.69,92.1,"GPS: 48.0200 N, -122.7200 W",96,GOOD,NORMAL,0,0,0,-19.69,-19.69,0.38
165700,SNS-1030,BTC-SEA-5030,SHP-2026-130,2026-08-25 11:33 UTC,-19.02,89.0,"GPS: 48.0300 N, -122.7300 W",96,EXCELLENT,NORMAL,0,0,0,-19.02,-19.02,0.38
165701,SNS-1030,BTC-SEA-5030,SHP-2026-130,2026-08-25 11:48 UTC,-21.02,91.9,"GPS: 48.0400 N, -122.7400 W",96,GOOD,NORMAL,0,0,0,-21.02,-21.02,0.38
165702,SNS-1030,BTC-SEA-5030,SHP-2026-130,2026-08-25 12:03 UTC,-20.96,87.7,"GPS: 48.0500 N, -122.7500 W",96,EXCELLENT,NORMAL,0,0,0,-20.96,-20.96,0.41
165703,SNS-1030,BTC-SEA-5030,SHP-2026-130,2026-08-25 12:18 UTC,-21.31,85.9,"GPS: 48.0600 N, -122.7600 W",96,FAIR,NORMAL,0,0,0,-21.31,-21.31,0.39
165704,SNS-1030,BTC-SEA-5030,SHP-2026-130,2026-08-25 12:33 UTC,-22.39,90.6,"GPS: 48.0700 N, -122.7700 W",96,FAIR,NORMAL,0,0,0,-22.39,-22.39,0.42
165705,SNS-1030,BTC-SEA-5030,SHP-2026-130,2026-08-25 12:48 UTC,-22.43,92.0,"GPS: 48.0800 N, -122.7800 W",96,GOOD,NORMAL,0,0,0,-22.43,-22.43,0.42
165706,SNS-1030,BTC-SEA-5030,SHP-2026-130,2026-08-25 13:03 UTC,-22.57,89.8,"GPS: 48.0900 N, -122.7900 W",96,GOOD,NORMAL,0,0,0,-22.57,-22.57,0.41
165707,SNS-1030,BTC-SEA-5030,SHP-2026-130,2026-08-25 13:18 UTC,-22.43,92.3,"GPS: 48.1000 N, -122.8000 W",95,GOOD,NORMAL,0,0,0,-22.43,-22.43,0.4
165708,SNS-1030,BTC-SEA-5030,SHP-2026-130,2026-08-25 13:33 UTC,-21.52,93.6,"GPS: 48.1100 N, -122.8100 W",95,FAIR,NORMAL,0,0,0,-21.52,-21.52,0.47
165709,SNS-1030,BTC-SEA-5030,SHP-2026-130,2026-08-25 13:48 UTC,-18.99,95.7,"GPS: 48.1200 N, -122.8200 W",95,FAIR,NORMAL,0,0,0,-18.99,-18.99,0.46
165710,SNS-1030,BTC-SEA-5030,SHP-2026-130,2026-08-25 14:03 UTC,-21.08,89.9,"GPS: 48.1300 N, -122.8300 W",95,FAIR,NORMAL,0,0,0,-21.08,-21.08,0.42
165711,SNS-1030,BTC-SEA-5030,SHP-2026-130,2026-08-25 14:18 UTC,-20.23,94.0,"GPS: 48.1400 N, -122.8400 W",95,EXCELLENT,NORMAL,0,0,0,-20.23,-20.23,0.37
165712,SNS-1030,BTC-SEA-5030,SHP-2026-130,2026-08-25 14:33 UTC,24.66,92.7,"GPS: 48.1500 N, -122.8500 W",95,GOOD,WARNING,0,0,0,24.66,24.66,0.58
165713,SNS-1030,BTC-SEA-5030,SHP-2026-130,2026-08-25 14:48 UTC,-22.38,91.1,"GPS: 48.1600 N, -122.8600 W",95,EXCELLENT,NORMAL,0,0,0,-22.38,-22.38,0.39
165714,SNS-1030,BTC-SEA-5030,SHP-2026-130,2026-08-25 15:03 UTC,-22.72,89.3,"GPS: 48.1700 N, -122.8700 W",95,FAIR,NORMAL,0,0,0,-22.72,-22.72,0.4
165715,SNS-1030,BTC-SEA-5030,SHP-2026-130,2026-08-25 15:18 UTC,-22.14,96.0,"GPS: 48.1800 N, -122.8800 W",95,GOOD,NORMAL,0,0,0,-22.14,-22.14,0.39
165716,SNS-1030,BTC-SEA-5030,SHP-2026-130,2026-08-25 15:33 UTC,-22.74,89.0,"GPS: 48.1900 N, -122.8900 W",95,EXCELLENT,NORMAL,0,0,0,-22.74,-22.74,0.4
165717,SNS-1030,BTC-SEA-5030,SHP-2026-130,2026-08-25 15:48 UTC,-19.49,89.6,"GPS: 48.2000 N, -122.9000 W",94,FAIR,NORMAL,0,0,0,-19.49,-19.49,0.46
165718,SNS-1030,BTC-SEA-5030,SHP-2026-130,2026-08-25 16:03 UTC,-21.48,90.5,"GPS: 48.2100 N, -122.9100 W",94,EXCELLENT,NORMAL,0,0,0,-21.48,-21.48,0.42
165719,SNS-1030,BTC-SEA-5030,SHP-2026-130,2026-08-25 16:18 UTC,-23.78,95.2,"GPS: 48.2200 N, -122.9200 W",94,EXCELLENT,NORMAL,0,0,0,-23.78,-23.78,0.44
165720,SNS-1030,BTC-SEA-5030,SHP-2026-130,2026-08-25 16:33 UTC,-19.58,92.0,"GPS: 48.2300 N, -122.9300 W",94,GOOD,NORMAL,0,0,0,-19.58,-19.58,0.38
165721,SNS-1030,BTC-SEA-5030,SHP-2026-130,2026-08-25 16:48 UTC,-20.98,92.8,"GPS: 48.2400 N, -122.9400 W",94,EXCELLENT,NORMAL,0,0,0,-20.98,-20.98,0.44
165722,SNS-1030,BTC-SEA-5030,SHP-2026-130,2026-08-25 17:03 UTC,-18.73,86.5,"GPS: 48.2500 N, -122.9500 W",94,EXCELLENT,NORMAL,0,0,0,-18.73,-18.73,0.4
165723,SNS-1030,BTC-SEA-5030,SHP-2026-130,2026-08-25 17:18 UTC,-20.25,85.5,"GPS: 48.2600 N, -122.9600 W",94,EXCELLENT,NORMAL,0,0,0,-20.25,-20.25,0.4
165724,SNS-1030,BTC-SEA-5030,SHP-2026-130,2026-08-25 17:33 UTC,-23.74,91.6,"GPS: 48.2700 N, -122.9700 W",94,EXCELLENT,NORMAL,0,0,0,-23.74,-23.74,0.47
165725,SNS-1030,BTC-SEA-5030,SHP-2026-130,2026-08-25 17:48 UTC,-23.44,91.4,"GPS: 48.2800 N, -122.9800 W",94,EXCELLENT,NORMAL,0,0,0,-23.44,-23.44,0.41
165726,SNS-1030,BTC-SEA-5030,SHP-2026-130,2026-08-25 18:03 UTC,-23.28,87.5,"GPS: 48.2900 N, -122.9900 W",94,GOOD,NORMAL,0,0,0,-23.28,-23.28,0.4
165727,SNS-1030,BTC-SEA-5030,SHP-2026-130,2026-08-25 18:18 UTC,-20.39,94.2,"GPS: 48.3000 N, -123.0000 W",93,GOOD,NORMAL,0,0,0,-20.39,-20.39,0.38
165728,SNS-1030,BTC-SEA-5030,SHP-2026-130,2026-08-25 18:33 UTC,-23.39,93.8,"GPS: 48.3100 N, -123.0100 W",93,EXCELLENT,NORMAL,0,0,0,-23.39,-23.39,0.42
165729,SNS-1030,BTC-SEA-5030,SHP-2026-130,2026-08-25 18:48 UTC,-20.19,95.8,"GPS: 48.3200 N, -123.0200 W",93,GOOD,NORMAL,0,0,0,-20.19,-20.19,0.4
165730,SNS-1030,BTC-SEA-5030,SHP-2026-130,2026-08-25 19:03 UTC,-18.47,88.5,"GPS: 48.3300 N, -123.0300 W",93,FAIR,NORMAL,0,0,0,-18.47,-18.47,0.41
165731,SNS-1030,BTC-SEA-5030,SHP-2026-130,2026-08-25 19:18 UTC,-18.59,89.1,"GPS: 48.3400 N, -123.0400 W",93,EXCELLENT,NORMAL,0,0,0,-18.59,-18.59,0.38
165732,SNS-1030,BTC-SEA-5030,SHP-2026-130,2026-08-25 19:33 UTC,-20.83,89.5,"GPS: 48.3500 N, -123.0500 W",93,FAIR,NORMAL,0,0,0,-20.83,-20.83,0.4
165733,SNS-1030,BTC-SEA-5030,SHP-2026-130,2026-08-25 19:48 UTC,-19.3,92.9,"GPS: 48.3600 N, -123.0600 W",93,GOOD,NORMAL,0,0,0,-19.3,-19.3,0.42
165734,SNS-1030,BTC-SEA-5030,SHP-2026-130,2026-08-25 20:03 UTC,-18.29,88.0,"GPS: 48.3700 N, -123.0700 W",93,FAIR,NORMAL,0,0,0,-18.29,-18.29,0.39
165735,SNS-1030,BTC-SEA-5030,SHP-2026-130,2026-08-25 20:18 UTC,-20.42,94.9,"GPS: 48.3800 N, -123.0800 W",93,FAIR,NORMAL,0,0,0,-20.42,-20.42,0.38
165736,SNS-1030,BTC-SEA-5030,SHP-2026-130,2026-08-25 20:33 UTC,-18.28,95.5,"GPS: 48.3900 N, -123.0900 W",93,GOOD,NORMAL,0,0,0,-18.28,-18.28,0.39
165737,SNS-1030,BTC-SEA-5030,SHP-2026-130,2026-08-25 20:48 UTC,-22.37,91.0,"GPS: 48.4000 N, -123.1000 W",92,EXCELLENT,NORMAL,0,0,0,-22.37,-22.37,0.45
165738,SNS-1030,BTC-SEA-5030,SHP-2026-130,2026-08-25 21:03 UTC,-23.14,95.8,"GPS: 48.4100 N, -123.1100 W",92,GOOD,NORMAL,0,0,0,-23.14,-23.14,0.42
165739,SNS-1030,BTC-SEA-5030,SHP-2026-130,2026-08-25 21:18 UTC,-23.14,91.5,"GPS: 48.4200 N, -123.1200 W",92,EXCELLENT,NORMAL,0,0,0,-23.14,-23.14,0.4
165740,SNS-1030,BTC-SEA-5030,SHP-2026-130,2026-08-25 21:33 UTC,-21.46,93.3,"GPS: 48.4300 N, -123.1300 W",92,FAIR,NORMAL,0,0,0,-21.46,-21.46,0.43
165741,SNS-1030,BTC-SEA-5030,SHP-2026-130,2026-08-25 21:48 UTC,-20.33,88.0,"GPS: 48.4400 N, -123.1400 W",92,FAIR,NORMAL,0,0,0,-20.33,-20.33,0.42
165742,SNS-1030,BTC-SEA-5030,SHP-2026-130,2026-08-25 22:03 UTC,-23.4,90.7,"GPS: 48.4500 N, -123.1500 W",92,GOOD,NORMAL,0,0,0,-23.4,-23.4,0.4
165743,SNS-1030,BTC-SEA-5030,SHP-2026-130,2026-08-25 22:18 UTC,-19.84,90.1,"GPS: 48.4600 N, -123.1600 W",92,FAIR,NORMAL,0,0,0,-19.84,-19.84,0.39
165744,SNS-1030,BTC-SEA-5030,SHP-2026-130,2026-08-25 22:33 UTC,-23.48,89.7,"GPS: 48.4700 N, -123.1700 W",92,EXCELLENT,NORMAL,0,0,0,-23.48,-23.48,0.41
165745,SNS-1030,BTC-SEA-5030,SHP-2026-130,2026-08-25 22:48 UTC,-22.96,95.9,"GPS: 48.4800 N, -123.1800 W",92,GOOD,NORMAL,0,0,0,-22.96,-22.96,0.4
165746,SNS-1030,BTC-SEA-5030,SHP-2026-130,2026-08-25 23:03 UTC,-19.05,87.0,"GPS: 48.4900 N, -123.1900 W",92,FAIR,NORMAL,0,0,0,-19.05,-19.05,0.41
165747,SNS-1030,BTC-SEA-5030,SHP-2026-130,2026-08-25 23:18 UTC,-19.26,92.9,"GPS: 48.5000 N, -123.2000 W",91,GOOD,NORMAL,0,0,0,-19.26,-19.26,0.38
165748,SNS-1030,BTC-SEA-5030,SHP-2026-130,2026-08-25 23:33 UTC,-19.61,89.5,"GPS: 48.5100 N, -123.2100 W",91,EXCELLENT,NORMAL,0,0,0,-19.61,-19.61,0.37
165749,SNS-1030,BTC-SEA-5030,SHP-2026-130,2026-08-25 23:48 UTC,-20.53,94.0,"GPS: 48.5200 N, -123.2200 W",91,FAIR,NORMAL,0,0,0,-20.53,-20.53,0.41
165750,SNS-1030,BTC-SEA-5030,SHP-2026-130,2026-08-26 00:03 UTC,-22.62,91.5,"GPS: 48.5300 N, -123.2300 W",91,GOOD,NORMAL,0,0,0,-22.62,-22.62,0.47
165751,SNS-1030,BTC-SEA-5030,SHP-2026-130,2026-08-26 00:18 UTC,-21.79,85.8,"GPS: 48.5400 N, -123.2400 W",91,FAIR,NORMAL,0,0,0,-21.79,-21.79,0.39
165752,SNS-1030,BTC-SEA-5030,SHP-2026-130,2026-08-26 00:33 UTC,-18.27,88.9,"GPS: 48.5500 N, -123.2500 W",91,FAIR,NORMAL,0,0,0,-18.27,-18.27,0.42
165753,SNS-1030,BTC-SEA-5030,SHP-2026-130,2026-08-26 00:48 UTC,-22.89,92.9,"GPS: 48.5600 N, -123.2600 W",91,GOOD,NORMAL,0,0,0,-22.89,-22.89,0.41
165754,SNS-1030,BTC-SEA-5030,SHP-2026-130,2026-08-26 01:03 UTC,-20.35,92.2,"GPS: 48.5700 N, -123.2700 W",91,FAIR,NORMAL,0,0,0,-20.35,-20.35,0.38
165755,SNS-1030,BTC-SEA-5030,SHP-2026-130,2026-08-26 01:18 UTC,-23.42,87.3,"GPS: 48.5800 N, -123.2800 W",91,FAIR,NORMAL,0,0,0,-23.42,-23.42,0.41
165756,SNS-1030,BTC-SEA-5030,SHP-2026-130,2026-08-26 01:33 UTC,-21.14,94.2,"GPS: 48.5900 N, -123.2900 W",91,GOOD,NORMAL,0,0,0,-21.14,-21.14,0.44
165757,SNS-1030,BTC-SEA-5030,SHP-2026-130,2026-08-26 01:48 UTC,-18.91,85.9,"GPS: 48.6000 N, -123.3000 W",90,GOOD,NORMAL,0,0,0,-18.91,-18.91,0.42
165758,SNS-1030,BTC-SEA-5030,SHP-2026-130,2026-08-26 02:03 UTC,-18.29,86.8,"GPS: 48.6100 N, -123.3100 W",90,FAIR,NORMAL,0,0,0,-18.29,-18.29,0.39
165759,SNS-1030,BTC-SEA-5030,SHP-2026-130,2026-08-26 02:18 UTC,-18.62,92.4,"GPS: 48.6200 N, -123.3200 W",90,GOOD,NORMAL,0,0,0,-18.62,-18.62,0.39
165760,SNS-1030,BTC-SEA-5030,SHP-2026-130,2026-08-26 02:33 UTC,-22.27,88.6,"GPS: 48.6300 N, -123.3300 W",90,EXCELLENT,NORMAL,0,0,0,-22.27,-22.27,0.44
165761,SNS-1030,BTC-SEA-5030,SHP-2026-130,2026-08-26 02:48 UTC,-18.39,86.2,"GPS: 48.6400 N, -123.3400 W",90,GOOD,NORMAL,0,0,0,-18.39,-18.39,0.39
165762,SNS-1030,BTC-SEA-5030,SHP-2026-130,2026-08-26 03:03 UTC,-20.14,87.7,"GPS: 48.6500 N, -123.3500 W",90,FAIR,NORMAL,0,0,0,-20.14,-20.14,0.39
165763,SNS-1030,BTC-SEA-5030,SHP-2026-130,2026-08-26 03:18 UTC,-21.09,90.5,"GPS: 48.6600 N, -123.3600 W",90,EXCELLENT,NORMAL,0,0,0,-21.09,-21.09,0.39
165764,SNS-1030,BTC-SEA-5030,SHP-2026-130,2026-08-26 03:33 UTC,-23.19,87.2,"GPS: 48.6700 N, -123.3700 W",90,FAIR,NORMAL,0,0,0,-23.19,-23.19,0.43
165765,SNS-1030,BTC-SEA-5030,SHP-2026-130,2026-08-26 03:48 UTC,-22.95,95.5,"GPS: 48.6800 N, -123.3800 W",90,EXCELLENT,NORMAL,0,0,0,-22.95,-22.95,0.41
165766,SNS-1030,BTC-SEA-5030,SHP-2026-130,2026-08-26 04:03 UTC,-19.64,92.5,"GPS: 48.6900 N, -123.3900 W",90,EXCELLENT,NORMAL,0,0,0,-19.64,-19.64,0.39
165767,SNS-1030,BTC-SEA-5030,SHP-2026-130,2026-08-26 04:18 UTC,-22.16,88.2,"GPS: 48.7000 N, -123.4000 W",89,FAIR,NORMAL,0,0,0,-22.16,-22.16,0.42
165768,SNS-1030,BTC-SEA-5030,SHP-2026-130,2026-08-26 04:33 UTC,-21.59,86.7,"GPS: 48.7100 N, -123.4100 W",89,GOOD,NORMAL,0,0,0,-21.59,-21.59,0.42
165769,SNS-1030,BTC-SEA-5030,SHP-2026-130,2026-08-26 04:48 UTC,-19.0,92.7,"GPS: 48.7200 N, -123.4200 W",89,GOOD,NORMAL,0,0,0,-19.0,-19.0,0.42
165770,SNS-1030,BTC-SEA-5030,SHP-2026-130,2026-08-26 05:03 UTC,-19.56,94.3,"GPS: 48.7300 N, -123.4300 W",89,FAIR,NORMAL,0,0,0,-19.56,-19.56,0.4
165771,SNS-1030,BTC-SEA-5030,SHP-2026-130,2026-08-26 05:18 UTC,-22.14,89.3,"GPS: 48.7400 N, -123.4400 W",89,GOOD,NORMAL,0,0,0,-22.14,-22.14,0.41
165772,SNS-1030,BTC-SEA-5030,SHP-2026-130,2026-08-26 05:33 UTC,-23.66,86.3,"GPS: 48.7500 N, -123.4500 W",89,FAIR,WARNING,0,0,0,-23.66,-23.66,0.46
165773,SNS-1030,BTC-SEA-5030,SHP-2026-130,2026-08-26 05:48 UTC,-18.68,91.7,"GPS: 48.7600 N, -123.4600 W",89,EXCELLENT,NORMAL,0,0,0,-18.68,-18.68,0.4
165774,SNS-1030,BTC-SEA-5030,SHP-2026-130,2026-08-26 06:03 UTC,-21.85,89.6,"GPS: 48.7700 N, -123.4700 W",89,FAIR,NORMAL,0,0,0,-21.85,-21.85,0.41
165775,SNS-1030,BTC-SEA-5030,SHP-2026-130,2026-08-26 06:18 UTC,-19.52,87.2,"GPS: 48.7800 N, -123.4800 W",89,FAIR,NORMAL,0,0,0,-19.52,-19.52,0.39
165776,SNS-1030,BTC-SEA-5030,SHP-2026-130,2026-08-26 06:33 UTC,-7.76,92.9,"GPS: 48.7900 N, -123.4900 W",89,GOOD,WARNING,0,0,0,-7.76,-7.76,0.47
165777,SNS-1030,BTC-SEA-5030,SHP-2026-130,2026-08-26 06:48 UTC,-18.43,94.6,"GPS: 48.8000 N, -123.5000 W",88,GOOD,NORMAL,0,0,0,-18.43,-18.43,0.46
165778,SNS-1030,BTC-SEA-5030,SHP-2026-130,2026-08-26 07:03 UTC,-18.56,92.5,"GPS: 48.8100 N, -123.5100 W",88,FAIR,NORMAL,0,0,0,-18.56,-18.56,0.45
165779,SNS-1030,BTC-SEA-5030,SHP-2026-130,2026-08-26 07:18 UTC,-19.8,89.4,"GPS: 48.8200 N, -123.5200 W",88,GOOD,NORMAL,0,0,0,-19.8,-19.8,0.41
165780,SNS-1030,BTC-SEA-5030,SHP-2026-130,2026-08-26 07:33 UTC,-20.99,91.3,"GPS: 48.8300 N, -123.5300 W",88,GOOD,NORMAL,0,0,0,-20.99,-20.99,0.41
165781,SNS-1030,BTC-SEA-5030,SHP-2026-130,2026-08-26 07:48 UTC,-20.69,86.5,"GPS: 48.8400 N, -123.5400 W",88,EXCELLENT,NORMAL,0,0,0,-20.69,-20.69,0.41
165782,SNS-1030,BTC-SEA-5030,SHP-2026-130,2026-08-26 08:03 UTC,-18.57,91.1,"GPS: 48.8500 N, -123.5500 W",88,EXCELLENT,NORMAL,0,0,0,-18.57,-18.57,0.42
165783,SNS-1030,BTC-SEA-5030,SHP-2026-130,2026-08-26 08:18 UTC,-20.51,87.7,"GPS: 48.8600 N, -123.5600 W",88,EXCELLENT,NORMAL,0,0,0,-20.51,-20.51,0.41
165784,SNS-1030,BTC-SEA-5030,SHP-2026-130,2026-08-26 08:33 UTC,-19.11,91.8,"GPS: 48.8700 N, -123.5700 W",88,FAIR,NORMAL,0,0,0,-19.11,-19.11,0.41
165785,SNS-1030,BTC-SEA-5030,SHP-2026-130,2026-08-26 08:48 UTC,-21.8,94.2,"GPS: 48.8800 N, -123.5800 W",88,FAIR,NORMAL,0,0,0,-21.8,-21.8,0.44
165786,SNS-1030,BTC-SEA-5030,SHP-2026-130,2026-08-26 09:03 UTC,-22.12,90.5,"GPS: 48.8900 N, -123.5900 W",88,FAIR,NORMAL,0,0,0,-22.12,-22.12,0.43
165787,SNS-1030,BTC-SEA-5030,SHP-2026-130,2026-08-26 09:18 UTC,-19.06,86.6,"GPS: 48.9000 N, -123.6000 W",87,EXCELLENT,NORMAL,0,0,0,-19.06,-19.06,0.45
165788,SNS-1030,BTC-SEA-5030,SHP-2026-130,2026-08-26 09:33 UTC,-19.39,90.6,"GPS: 48.9100 N, -123.6100 W",87,EXCELLENT,NORMAL,0,0,0,-19.39,-19.39,0.45
165789,SNS-1030,BTC-SEA-5030,SHP-2026-130,2026-08-26 09:48 UTC,-18.66,94.5,"GPS: 48.9200 N, -123.6200 W",87,EXCELLENT,NORMAL,0,0,0,-18.66,-18.66,0.45
165790,SNS-1030,BTC-SEA-5030,SHP-2026-130,2026-08-26 10:03 UTC,-19.83,95.2,"GPS: 48.9300 N, -123.6300 W",87,EXCELLENT,NORMAL,0,0,0,-19.83,-19.83,0.51
165791,SNS-1030,BTC-SEA-5030,SHP-2026-130,2026-08-26 10:18 UTC,-21.2,90.3,"GPS: 48.9400 N, -123.6400 W",87,GOOD,NORMAL,0,0,0,-21.2,-21.2,0.5
165792,SNS-1030,BTC-SEA-5030,SHP-2026-130,2026-08-26 10:33 UTC,-21.24,93.3,"GPS: 48.9500 N, -123.6500 W",87,EXCELLENT,NORMAL,0,0,0,-21.24,-21.24,0.45
165793,SNS-1031,BTC-SEA-5031,SHP-2026-131,2026-08-25 02:48 UTC,1.94,90.7,"GPS: 47.6000 N, -122.3000 W",100,FAIR,NORMAL,0,0,0,1.94,1.94,0.49
165794,SNS-1031,BTC-SEA-5031,SHP-2026-131,2026-08-25 03:03 UTC,0.74,95.8,"GPS: 47.6100 N, -122.3100 W",100,GOOD,NORMAL,0,0,0,0.74,0.74,0.42
165795,SNS-1031,BTC-SEA-5031,SHP-2026-131,2026-08-25 03:18 UTC,2.64,92.4,"GPS: 47.6200 N, -122.3200 W",100,GOOD,NORMAL,0,0,0,2.64,2.64,0.42
165796,SNS-1031,BTC-SEA-5031,SHP-2026-131,2026-08-25 03:33 UTC,,,"GPS: 47.6300 N, -122.3300 W",100,DISCONNECTED,WARNING,1,0,1,2.03,2.64,0.41
165797,SNS-1031,BTC-SEA-5031,SHP-2026-131,2026-08-25 03:48 UTC,3.74,95.3,"GPS: 47.6400 N, -122.3400 W",100,EXCELLENT,NORMAL,0,0,0,3.74,3.74,0.44
165798,SNS-1031,BTC-SEA-5031,SHP-2026-131,2026-08-25 04:03 UTC,2.27,94.4,"GPS: 47.6500 N, -122.3500 W",100,EXCELLENT,NORMAL,0,0,0,2.27,2.27,0.46
165799,SNS-1031,BTC-SEA-5031,SHP-2026-131,2026-08-25 04:18 UTC,1.42,88.1,"GPS: 47.6600 N, -122.3600 W",100,FAIR,NORMAL,0,0,0,1.42,1.42,0.46
165800,SNS-1031,BTC-SEA-5031,SHP-2026-131,2026-08-25 04:33 UTC,2.76,93.1,"GPS: 47.6700 N, -122.3700 W",100,FAIR,NORMAL,0,0,0,2.76,2.76,0.44
165801,SNS-1031,BTC-SEA-5031,SHP-2026-131,2026-08-25 04:48 UTC,1.43,90.7,"GPS: 47.6800 N, -122.3800 W",100,FAIR,NORMAL,0,0,0,1.43,1.43,0.43
165802,SNS-1031,BTC-SEA-5031,SHP-2026-131,2026-08-25 05:03 UTC,,,"GPS: 47.6900 N, -122.3900 W",100,DISCONNECTED,WARNING,1,0,1,2.49,1.43,0.42
165803,SNS-1031,BTC-SEA-5031,SHP-2026-131,2026-08-25 05:18 UTC,2.77,85.9,"GPS: 47.7000 N, -122.4000 W",99,EXCELLENT,NORMAL,0,0,0,2.77,2.77,0.4
165804,SNS-1031,BTC-SEA-5031,SHP-2026-131,2026-08-25 05:33 UTC,1.65,95.4,"GPS: 47.7100 N, -122.4100 W",99,GOOD,NORMAL,0,0,0,1.65,1.65,0.39
165805,SNS-1031,BTC-SEA-5031,SHP-2026-131,2026-08-25 05:48 UTC,1.68,92.0,"GPS: 47.7200 N, -122.4200 W",99,GOOD,NORMAL,0,0,0,1.68,1.68,0.43
165806,SNS-1031,BTC-SEA-5031,SHP-2026-131,2026-08-25 06:03 UTC,,,"GPS: 47.7300 N, -122.4300 W",99,DISCONNECTED,WARNING,1,0,1,1.36,1.68,0.41
165807,SNS-1031,BTC-SEA-5031,SHP-2026-131,2026-08-25 06:18 UTC,0.83,85.9,"GPS: 47.7400 N, -122.4400 W",99,EXCELLENT,NORMAL,0,0,0,0.83,0.83,0.43
165808,SNS-1031,BTC-SEA-5031,SHP-2026-131,2026-08-25 06:33 UTC,3.67,87.4,"GPS: 47.7500 N, -122.4500 W",99,GOOD,NORMAL,0,0,0,3.67,3.67,0.47
165809,SNS-1031,BTC-SEA-5031,SHP-2026-131,2026-08-25 06:48 UTC,2.86,92.2,"GPS: 47.7600 N, -122.4600 W",99,GOOD,NORMAL,0,0,0,2.86,2.86,0.39
165810,SNS-1031,BTC-SEA-5031,SHP-2026-131,2026-08-25 07:03 UTC,,,"GPS: 47.7700 N, -122.4700 W",99,DISCONNECTED,WARNING,1,0,1,3.13,2.86,0.39
165811,SNS-1031,BTC-SEA-5031,SHP-2026-131,2026-08-25 07:18 UTC,1.08,88.6,"GPS: 47.7800 N, -122.4800 W",99,GOOD,NORMAL,0,0,0,1.08,1.08,0.4
165812,SNS-1031,BTC-SEA-5031,SHP-2026-131,2026-08-25 07:33 UTC,3.15,88.2,"GPS: 47.7900 N, -122.4900 W",99,FAIR,NORMAL,0,0,0,3.15,3.15,0.39
165813,SNS-1031,BTC-SEA-5031,SHP-2026-131,2026-08-25 07:48 UTC,1.07,91.9,"GPS: 47.8000 N, -122.5000 W",98,GOOD,NORMAL,0,0,0,1.07,1.07,0.39
165814,SNS-1031,BTC-SEA-5031,SHP-2026-131,2026-08-25 08:03 UTC,3.77,88.6,"GPS: 47.8100 N, -122.5100 W",98,GOOD,NORMAL,0,0,0,3.77,3.77,0.39
165815,SNS-1031,BTC-SEA-5031,SHP-2026-131,2026-08-25 08:18 UTC,2.65,88.4,"GPS: 47.8200 N, -122.5200 W",98,GOOD,NORMAL,0,0,0,2.65,2.65,0.39
165816,SNS-1031,BTC-SEA-5031,SHP-2026-131,2026-08-25 08:33 UTC,3.68,85.9,"GPS: 47.8300 N, -122.5300 W",98,EXCELLENT,NORMAL,0,0,0,3.68,3.68,0.38
165817,SNS-1031,BTC-SEA-5031,SHP-2026-131,2026-08-25 08:48 UTC,3.75,95.1,"GPS: 47.8400 N, -122.5400 W",98,GOOD,NORMAL,0,0,0,3.75,3.75,0.38
165818,SNS-1031,BTC-SEA-5031,SHP-2026-131,2026-08-25 09:03 UTC,10.94,92.8,"GPS: 47.8500 N, -122.5500 W",98,EXCELLENT,WARNING,0,0,0,10.94,10.94,0.54
165819,SNS-1031,BTC-SEA-5031,SHP-2026-131,2026-08-25 09:18 UTC,2.34,90.9,"GPS: 47.8600 N, -122.5600 W",98,FAIR,NORMAL,0,0,0,2.34,2.34,0.38
165820,SNS-1031,BTC-SEA-5031,SHP-2026-131,2026-08-25 09:33 UTC,2.18,85.8,"GPS: 47.8700 N, -122.5700 W",98,GOOD,NORMAL,0,0,0,2.18,2.18,0.37
165821,SNS-1031,BTC-SEA-5031,SHP-2026-131,2026-08-25 09:48 UTC,1.15,95.5,"GPS: 47.8800 N, -122.5800 W",98,GOOD,NORMAL,0,0,0,1.15,1.15,0.38
165822,SNS-1031,BTC-SEA-5031,SHP-2026-131,2026-08-25 10:03 UTC,2.9,88.7,"GPS: 47.8900 N, -122.5900 W",98,EXCELLENT,NORMAL,0,0,0,2.9,2.9,0.39
165823,SNS-1031,BTC-SEA-5031,SHP-2026-131,2026-08-25 10:18 UTC,1.76,86.1,"GPS: 47.9000 N, -122.6000 W",97,EXCELLENT,NORMAL,0,0,0,1.76,1.76,0.37
165824,SNS-1031,BTC-SEA-5031,SHP-2026-131,2026-08-25 10:33 UTC,1.75,89.4,"GPS: 47.9100 N, -122.6100 W",97,FAIR,NORMAL,0,0,0,1.75,1.75,0.38
165825,SNS-1031,BTC-SEA-5031,SHP-2026-131,2026-08-25 10:48 UTC,,,"GPS: 47.9200 N, -122.6200 W",97,DISCONNECTED,WARNING,1,0,1,0.95,1.75,0.4
165826,SNS-1031,BTC-SEA-5031,SHP-2026-131,2026-08-25 11:03 UTC,7.55,89.0,"GPS: 47.9300 N, -122.6300 W",97,FAIR,WARNING,0,0,0,7.55,7.55,0.51
165827,SNS-1031,BTC-SEA-5031,SHP-2026-131,2026-08-25 11:18 UTC,2.25,90.8,"GPS: 47.9400 N, -122.6400 W",97,FAIR,NORMAL,0,0,0,2.25,2.25,0.37
165828,SNS-1031,BTC-SEA-5031,SHP-2026-131,2026-08-25 11:33 UTC,1.15,95.3,"GPS: 47.9500 N, -122.6500 W",97,EXCELLENT,NORMAL,0,0,0,1.15,1.15,0.37
165829,SNS-1031,BTC-SEA-5031,SHP-2026-131,2026-08-25 11:48 UTC,,,"GPS: 47.9600 N, -122.6600 W",97,DISCONNECTED,WARNING,1,0,1,2.31,1.15,0.37
165830,SNS-1031,BTC-SEA-5031,SHP-2026-131,2026-08-25 12:03 UTC,3.7,91.4,"GPS: 47.9700 N, -122.6700 W",97,EXCELLENT,NORMAL,0,0,0,3.7,3.7,0.4
165831,SNS-1031,BTC-SEA-5031,SHP-2026-131,2026-08-25 12:18 UTC,2.42,92.4,"GPS: 47.9800 N, -122.6800 W",97,GOOD,NORMAL,0,0,0,2.42,2.42,0.38
165832,SNS-1031,BTC-SEA-5031,SHP-2026-131,2026-08-25 12:33 UTC,2.62,87.6,"GPS: 47.9900 N, -122.6900 W",97,GOOD,NORMAL,0,0,0,2.62,2.62,0.37
165833,SNS-1031,BTC-SEA-5031,SHP-2026-131,2026-08-25 12:48 UTC,1.47,90.4,"GPS: 48.0000 N, -122.7000 W",96,GOOD,NORMAL,0,0,0,1.47,1.47,0.37
165834,SNS-1031,BTC-SEA-5031,SHP-2026-131,2026-08-25 13:03 UTC,2.28,90.2,"GPS: 48.0100 N, -122.7100 W",96,GOOD,NORMAL,0,0,0,2.28,2.28,0.38
165835,SNS-1031,BTC-SEA-5031,SHP-2026-131,2026-08-25 13:18 UTC,2.76,95.3,"GPS: 48.0200 N, -122.7200 W",96,GOOD,NORMAL,0,0,0,2.76,2.76,0.37
165836,SNS-1031,BTC-SEA-5031,SHP-2026-131,2026-08-25 13:33 UTC,,,"GPS: 48.0300 N, -122.7300 W",96,DISCONNECTED,WARNING,1,0,1,3.34,2.76,0.37
165837,SNS-1031,BTC-SEA-5031,SHP-2026-131,2026-08-25 13:48 UTC,2.18,89.8,"GPS: 48.0400 N, -122.7400 W",96,EXCELLENT,NORMAL,0,0,0,2.18,2.18,0.39
165838,SNS-1031,BTC-SEA-5031,SHP-2026-131,2026-08-25 14:03 UTC,0.87,89.3,"GPS: 48.0500 N, -122.7500 W",96,GOOD,NORMAL,0,0,0,0.87,0.87,0.45
165839,SNS-1031,BTC-SEA-5031,SHP-2026-131,2026-08-25 14:18 UTC,0.8,94.5,"GPS: 48.0600 N, -122.7600 W",96,GOOD,NORMAL,0,0,0,0.8,0.8,0.39
165840,SNS-1031,BTC-SEA-5031,SHP-2026-131,2026-08-25 14:33 UTC,1.5,94.6,"GPS: 48.0700 N, -122.7700 W",96,EXCELLENT,NORMAL,0,0,0,1.5,1.5,0.41
165841,SNS-1031,BTC-SEA-5031,SHP-2026-131,2026-08-25 14:48 UTC,3.53,92.5,"GPS: 48.0800 N, -122.7800 W",96,EXCELLENT,NORMAL,0,0,0,3.53,3.53,0.43
165842,SNS-1031,BTC-SEA-5031,SHP-2026-131,2026-08-25 15:03 UTC,2.3,89.4,"GPS: 48.0900 N, -122.7900 W",96,FAIR,NORMAL,0,0,0,2.3,2.3,0.36
165843,SNS-1031,BTC-SEA-5031,SHP-2026-131,2026-08-25 15:18 UTC,1.33,93.9,"GPS: 48.1000 N, -122.8000 W",95,GOOD,NORMAL,0,0,0,1.33,1.33,0.37
165844,SNS-1031,BTC-SEA-5031,SHP-2026-131,2026-08-25 15:33 UTC,1.97,85.4,"GPS: 48.1100 N, -122.8100 W",95,FAIR,NORMAL,0,0,0,1.97,1.97,0.39
165845,SNS-1031,BTC-SEA-5031,SHP-2026-131,2026-08-25 15:48 UTC,2.3,86.5,"GPS: 48.1200 N, -122.8200 W",95,EXCELLENT,NORMAL,0,0,0,2.3,2.3,0.42
165846,SNS-1031,BTC-SEA-5031,SHP-2026-131,2026-08-25 16:03 UTC,2.3,92.8,"GPS: 48.1300 N, -122.8300 W",95,EXCELLENT,NORMAL,0,0,0,2.3,2.3,0.36
165847,SNS-1031,BTC-SEA-5031,SHP-2026-131,2026-08-25 16:18 UTC,1.88,85.2,"GPS: 48.1400 N, -122.8400 W",95,EXCELLENT,NORMAL,0,0,0,1.88,1.88,0.39
165848,SNS-1031,BTC-SEA-5031,SHP-2026-131,2026-08-25 16:33 UTC,2.16,92.7,"GPS: 48.1500 N, -122.8500 W",95,EXCELLENT,NORMAL,0,0,0,2.16,2.16,0.39
165849,SNS-1031,BTC-SEA-5031,SHP-2026-131,2026-08-25 16:48 UTC,3.06,86.0,"GPS: 48.1600 N, -122.8600 W",95,GOOD,NORMAL,0,0,0,3.06,3.06,0.45
165850,SNS-1031,BTC-SEA-5031,SHP-2026-131,2026-08-25 17:03 UTC,2.64,93.6,"GPS: 48.1700 N, -122.8700 W",95,GOOD,NORMAL,0,0,0,2.64,2.64,0.36
165851,SNS-1031,BTC-SEA-5031,SHP-2026-131,2026-08-25 17:18 UTC,2.84,86.3,"GPS: 48.1800 N, -122.8800 W",95,EXCELLENT,NORMAL,0,0,0,2.84,2.84,0.36
165852,SNS-1031,BTC-SEA-5031,SHP-2026-131,2026-08-25 17:33 UTC,1.9,91.0,"GPS: 48.1900 N, -122.8900 W",95,FAIR,NORMAL,0,0,0,1.9,1.9,0.39
165853,SNS-1031,BTC-SEA-5031,SHP-2026-131,2026-08-25 17:48 UTC,,,"GPS: 48.2000 N, -122.9000 W",94,DISCONNECTED,WARNING,1,0,1,3.77,1.9,0.37
165854,SNS-1031,BTC-SEA-5031,SHP-2026-131,2026-08-25 18:03 UTC,3.07,86.2,"GPS: 48.2100 N, -122.9100 W",94,GOOD,NORMAL,0,0,0,3.07,3.07,0.37
165855,SNS-1031,BTC-SEA-5031,SHP-2026-131,2026-08-25 18:18 UTC,3.39,91.3,"GPS: 48.2200 N, -122.9200 W",94,GOOD,NORMAL,0,0,0,3.39,3.39,0.37
165856,SNS-1031,BTC-SEA-5031,SHP-2026-131,2026-08-25 18:33 UTC,2.95,91.9,"GPS: 48.2300 N, -122.9300 W",94,GOOD,NORMAL,0,0,0,2.95,2.95,0.35
165857,SNS-1031,BTC-SEA-5031,SHP-2026-131,2026-08-25 18:48 UTC,1.94,95.1,"GPS: 48.2400 N, -122.9400 W",94,FAIR,NORMAL,0,0,0,1.94,1.94,0.37
165858,SNS-1031,BTC-SEA-5031,SHP-2026-131,2026-08-25 19:03 UTC,3.39,93.0,"GPS: 48.2500 N, -122.9500 W",94,GOOD,NORMAL,0,0,0,3.39,3.39,0.37
165859,SNS-1031,BTC-SEA-5031,SHP-2026-131,2026-08-25 19:18 UTC,2.68,95.1,"GPS: 48.2600 N, -122.9600 W",94,GOOD,NORMAL,0,0,0,2.68,2.68,0.36
165860,SNS-1031,BTC-SEA-5031,SHP-2026-131,2026-08-25 19:33 UTC,2.58,85.3,"GPS: 48.2700 N, -122.9700 W",94,GOOD,NORMAL,0,0,0,2.58,2.58,0.36
165861,SNS-1031,BTC-SEA-5031,SHP-2026-131,2026-08-25 19:48 UTC,3.78,89.1,"GPS: 48.2800 N, -122.9800 W",94,EXCELLENT,NORMAL,0,0,0,3.78,3.78,0.38
165862,SNS-1031,BTC-SEA-5031,SHP-2026-131,2026-08-25 20:03 UTC,2.22,92.8,"GPS: 48.2900 N, -122.9900 W",94,EXCELLENT,NORMAL,0,0,0,2.22,2.22,0.37
165863,SNS-1031,BTC-SEA-5031,SHP-2026-131,2026-08-25 20:18 UTC,1.33,87.1,"GPS: 48.3000 N, -123.0000 W",93,FAIR,NORMAL,0,0,0,1.33,1.33,0.4
165864,SNS-1031,BTC-SEA-5031,SHP-2026-131,2026-08-25 20:33 UTC,2.99,87.4,"GPS: 48.3100 N, -123.0100 W",93,GOOD,NORMAL,0,0,0,2.99,2.99,0.36
165865,SNS-1031,BTC-SEA-5031,SHP-2026-131,2026-08-25 20:48 UTC,3.61,90.4,"GPS: 48.3200 N, -123.0200 W",93,FAIR,NORMAL,0,0,0,3.61,3.61,0.37
165866,SNS-1031,BTC-SEA-5031,SHP-2026-131,2026-08-25 21:03 UTC,1.32,86.5,"GPS: 48.3300 N, -123.0300 W",93,GOOD,NORMAL,0,0,0,1.32,1.32,0.37
165867,SNS-1031,BTC-SEA-5031,SHP-2026-131,2026-08-25 21:18 UTC,,,"GPS: 48.3400 N, -123.0400 W",93,DISCONNECTED,WARNING,1,0,1,2.3,1.32,0.38
165868,SNS-1031,BTC-SEA-5031,SHP-2026-131,2026-08-25 21:33 UTC,3.26,86.3,"GPS: 48.3500 N, -123.0500 W",93,GOOD,NORMAL,0,0,0,3.26,3.26,0.37
165869,SNS-1031,BTC-SEA-5031,SHP-2026-131,2026-08-25 21:48 UTC,2.85,92.7,"GPS: 48.3600 N, -123.0600 W",93,EXCELLENT,NORMAL,0,0,0,2.85,2.85,0.36
165870,SNS-1031,BTC-SEA-5031,SHP-2026-131,2026-08-25 22:03 UTC,,,"GPS: 48.3700 N, -123.0700 W",93,DISCONNECTED,WARNING,1,0,1,3.43,2.85,0.36
165871,SNS-1031,BTC-SEA-5031,SHP-2026-131,2026-08-25 22:18 UTC,3.11,85.2,"GPS: 48.3800 N, -123.0800 W",93,GOOD,NORMAL,0,0,0,3.11,3.11,0.36
165872,SNS-1031,BTC-SEA-5031,SHP-2026-131,2026-08-25 22:33 UTC,3.12,93.0,"GPS: 48.3900 N, -123.0900 W",93,EXCELLENT,NORMAL,0,0,0,3.12,3.12,0.36
165873,SNS-1031,BTC-SEA-5031,SHP-2026-131,2026-08-25 22:48 UTC,2.16,94.8,"GPS: 48.4000 N, -123.1000 W",92,GOOD,NORMAL,0,0,0,2.16,2.16,0.44
165874,SNS-1031,BTC-SEA-5031,SHP-2026-131,2026-08-25 23:03 UTC,,,"GPS: 48.4100 N, -123.1100 W",92,DISCONNECTED,WARNING,1,0,1,1.29,2.16,0.38
165875,SNS-1031,BTC-SEA-5031,SHP-2026-131,2026-08-25 23:18 UTC,1.21,88.5,"GPS: 48.4200 N, -123.1200 W",92,GOOD,NORMAL,0,0,0,1.21,1.21,0.42
165876,SNS-1031,BTC-SEA-5031,SHP-2026-131,2026-08-25 23:33 UTC,2.42,89.5,"GPS: 48.4300 N, -123.1300 W",92,FAIR,NORMAL,0,0,0,2.42,2.42,0.37
165877,SNS-1031,BTC-SEA-5031,SHP-2026-131,2026-08-25 23:48 UTC,,,"GPS: 48.4400 N, -123.1400 W",92,DISCONNECTED,WARNING,1,0,1,2.75,2.42,0.36
165878,SNS-1031,BTC-SEA-5031,SHP-2026-131,2026-08-26 00:03 UTC,2.26,93.4,"GPS: 48.4500 N, -123.1500 W",92,GOOD,NORMAL,0,0,0,2.26,2.26,0.36
165879,SNS-1031,BTC-SEA-5031,SHP-2026-131,2026-08-26 00:18 UTC,,,"GPS: 48.4600 N, -123.1600 W",92,DISCONNECTED,WARNING,1,0,1,2.72,2.26,0.37
165880,SNS-1031,BTC-SEA-5031,SHP-2026-131,2026-08-26 00:33 UTC,1.86,92.0,"GPS: 48.4700 N, -123.1700 W",92,EXCELLENT,NORMAL,0,0,0,1.86,1.86,0.44
165881,SNS-1031,BTC-SEA-5031,SHP-2026-131,2026-08-26 00:48 UTC,1.69,93.2,"GPS: 48.4800 N, -123.1800 W",92,FAIR,NORMAL,0,0,0,1.69,1.69,0.4
165882,SNS-1031,BTC-SEA-5031,SHP-2026-131,2026-08-26 01:03 UTC,,,"GPS: 48.4900 N, -123.1900 W",92,DISCONNECTED,WARNING,1,0,1,1.88,1.69,0.37
165883,SNS-1031,BTC-SEA-5031,SHP-2026-131,2026-08-26 01:18 UTC,2.39,90.6,"GPS: 48.5000 N, -123.2000 W",91,FAIR,NORMAL,0,0,0,2.39,2.39,0.39
165884,SNS-1031,BTC-SEA-5031,SHP-2026-131,2026-08-26 01:33 UTC,,,"GPS: 48.5100 N, -123.2100 W",91,DISCONNECTED,WARNING,1,0,1,1.78,2.39,0.38
165885,SNS-1031,BTC-SEA-5031,SHP-2026-131,2026-08-26 01:48 UTC,2.81,90.8,"GPS: 48.5200 N, -123.2200 W",91,FAIR,NORMAL,0,0,0,2.81,2.81,0.38
165886,SNS-1031,BTC-SEA-5031,SHP-2026-131,2026-08-26 02:03 UTC,1.83,95.7,"GPS: 48.5300 N, -123.2300 W",91,GOOD,NORMAL,0,0,0,1.83,1.83,0.37
165887,SNS-1031,BTC-SEA-5031,SHP-2026-131,2026-08-26 02:18 UTC,1.59,92.4,"GPS: 48.5400 N, -123.2400 W",91,GOOD,NORMAL,0,0,0,1.59,1.59,0.39
165888,SNS-1031,BTC-SEA-5031,SHP-2026-131,2026-08-26 02:33 UTC,3.07,91.1,"GPS: 48.5500 N, -123.2500 W",91,GOOD,NORMAL,0,0,0,3.07,3.07,0.38
165889,SNS-1031,BTC-SEA-5031,SHP-2026-131,2026-08-26 02:48 UTC,,,"GPS: 48.5600 N, -123.2600 W",91,DISCONNECTED,WARNING,1,0,1,1.67,3.07,0.37
165890,SNS-1031,BTC-SEA-5031,SHP-2026-131,2026-08-26 03:03 UTC,1.94,93.4,"GPS: 48.5700 N, -123.2700 W",91,FAIR,NORMAL,0,0,0,1.94,1.94,0.37
165891,SNS-1031,BTC-SEA-5031,SHP-2026-131,2026-08-26 03:18 UTC,2.58,87.2,"GPS: 48.5800 N, -123.2800 W",91,EXCELLENT,NORMAL,0,0,0,2.58,2.58,0.39
165892,SNS-1031,BTC-SEA-5031,SHP-2026-131,2026-08-26 03:33 UTC,1.45,88.1,"GPS: 48.5900 N, -123.2900 W",91,GOOD,NORMAL,0,0,0,1.45,1.45,0.41
165893,SNS-1031,BTC-SEA-5031,SHP-2026-131,2026-08-26 03:48 UTC,1.71,89.2,"GPS: 48.6000 N, -123.3000 W",90,EXCELLENT,NORMAL,0,0,0,1.71,1.71,0.37
165894,SNS-1031,BTC-SEA-5031,SHP-2026-131,2026-08-26 04:03 UTC,3.52,86.0,"GPS: 48.6100 N, -123.3100 W",90,GOOD,NORMAL,0,0,0,3.52,3.52,0.45
165895,SNS-1031,BTC-SEA-5031,SHP-2026-131,2026-08-26 04:18 UTC,2.93,91.0,"GPS: 48.6200 N, -123.3200 W",90,EXCELLENT,NORMAL,0,0,0,2.93,2.93,0.37
165896,SNS-1031,BTC-SEA-5031,SHP-2026-131,2026-08-26 04:33 UTC,,,"GPS: 48.6300 N, -123.3300 W",90,DISCONNECTED,WARNING,1,0,1,3.15,2.93,0.37
165897,SNS-1031,BTC-SEA-5031,SHP-2026-131,2026-08-26 04:48 UTC,0.91,92.2,"GPS: 48.6400 N, -123.3400 W",90,GOOD,NORMAL,0,0,0,0.91,0.91,0.43
165898,SNS-1031,BTC-SEA-5031,SHP-2026-131,2026-08-26 05:03 UTC,2.94,95.4,"GPS: 48.6500 N, -123.3500 W",90,GOOD,NORMAL,0,0,0,2.94,2.94,0.38
165899,SNS-1031,BTC-SEA-5031,SHP-2026-131,2026-08-26 05:18 UTC,,,"GPS: 48.6600 N, -123.3600 W",90,DISCONNECTED,WARNING,1,0,1,3.06,2.94,0.37
165900,SNS-1031,BTC-SEA-5031,SHP-2026-131,2026-08-26 05:33 UTC,1.44,89.2,"GPS: 48.6700 N, -123.3700 W",90,EXCELLENT,NORMAL,0,0,0,1.44,1.44,0.38
165901,SNS-1031,BTC-SEA-5031,SHP-2026-131,2026-08-26 05:48 UTC,1.26,93.0,"GPS: 48.6800 N, -123.3800 W",90,EXCELLENT,NORMAL,0,0,0,1.26,1.26,0.38
165902,SNS-1031,BTC-SEA-5031,SHP-2026-131,2026-08-26 06:03 UTC,2.39,94.7,"GPS: 48.6900 N, -123.3900 W",90,EXCELLENT,NORMAL,0,0,0,2.39,2.39,0.38
165903,SNS-1031,BTC-SEA-5031,SHP-2026-131,2026-08-26 06:18 UTC,1.17,85.7,"GPS: 48.7000 N, -123.4000 W",89,EXCELLENT,NORMAL,0,0,0,1.17,1.17,0.38
165904,SNS-1031,BTC-SEA-5031,SHP-2026-131,2026-08-26 06:33 UTC,,,"GPS: 48.7100 N, -123.4100 W",89,DISCONNECTED,WARNING,1,0,1,2.61,1.17,0.39
165905,SNS-1031,BTC-SEA-5031,SHP-2026-131,2026-08-26 06:48 UTC,2.73,92.5,"GPS: 48.7200 N, -123.4200 W",89,FAIR,NORMAL,0,0,0,2.73,2.73,0.41
165906,SNS-1031,BTC-SEA-5031,SHP-2026-131,2026-08-26 07:03 UTC,3.7,95.3,"GPS: 48.7300 N, -123.4300 W",89,EXCELLENT,NORMAL,0,0,0,3.7,3.7,0.42
165907,SNS-1031,BTC-SEA-5031,SHP-2026-131,2026-08-26 07:18 UTC,3.5,94.2,"GPS: 48.7400 N, -123.4400 W",89,FAIR,NORMAL,0,0,0,3.5,3.5,0.38
165908,SNS-1031,BTC-SEA-5031,SHP-2026-131,2026-08-26 07:33 UTC,,,"GPS: 48.7500 N, -123.4500 W",89,DISCONNECTED,WARNING,1,0,1,1.53,3.5,0.38
165909,SNS-1031,BTC-SEA-5031,SHP-2026-131,2026-08-26 07:48 UTC,3.64,86.5,"GPS: 48.7600 N, -123.4600 W",89,EXCELLENT,NORMAL,0,0,0,3.64,3.64,0.38
165910,SNS-1031,BTC-SEA-5031,SHP-2026-131,2026-08-26 08:03 UTC,1.29,91.7,"GPS: 48.7700 N, -123.4700 W",89,FAIR,NORMAL,0,0,0,1.29,1.29,0.47
165911,SNS-1031,BTC-SEA-5031,SHP-2026-131,2026-08-26 08:18 UTC,1.59,93.1,"GPS: 48.7800 N, -123.4800 W",89,EXCELLENT,NORMAL,0,0,0,1.59,1.59,0.39
165912,SNS-1031,BTC-SEA-5031,SHP-2026-131,2026-08-26 08:33 UTC,1.26,91.3,"GPS: 48.7900 N, -123.4900 W",89,FAIR,NORMAL,0,0,0,1.26,1.26,0.38
165913,SNS-1031,BTC-SEA-5031,SHP-2026-131,2026-08-26 08:48 UTC,2.2,95.1,"GPS: 48.8000 N, -123.5000 W",88,EXCELLENT,NORMAL,0,0,0,2.2,2.2,0.42
165914,SNS-1031,BTC-SEA-5031,SHP-2026-131,2026-08-26 09:03 UTC,0.91,88.3,"GPS: 48.8100 N, -123.5100 W",88,FAIR,NORMAL,0,0,0,0.91,0.91,0.42
165915,SNS-1031,BTC-SEA-5031,SHP-2026-131,2026-08-26 09:18 UTC,1.23,95.1,"GPS: 48.8200 N, -123.5200 W",88,EXCELLENT,NORMAL,0,0,0,1.23,1.23,0.4
165916,SNS-1031,BTC-SEA-5031,SHP-2026-131,2026-08-26 09:33 UTC,,,"GPS: 48.8300 N, -123.5300 W",88,DISCONNECTED,WARNING,1,0,1,3.41,1.23,0.42
165917,SNS-1031,BTC-SEA-5031,SHP-2026-131,2026-08-26 09:48 UTC,3.57,94.9,"GPS: 48.8400 N, -123.5400 W",88,FAIR,NORMAL,0,0,0,3.57,3.57,0.47
165918,SNS-1031,BTC-SEA-5031,SHP-2026-131,2026-08-26 10:03 UTC,3.64,88.3,"GPS: 48.8500 N, -123.5500 W",88,FAIR,NORMAL,0,0,0,3.64,3.64,0.41
165919,SNS-1031,BTC-SEA-5031,SHP-2026-131,2026-08-26 10:18 UTC,2.51,87.1,"GPS: 48.8600 N, -123.5600 W",88,EXCELLENT,NORMAL,0,0,0,2.51,2.51,0.44
165920,SNS-1031,BTC-SEA-5031,SHP-2026-131,2026-08-26 10:33 UTC,,,"GPS: 48.8700 N, -123.5700 W",88,DISCONNECTED,WARNING,1,0,1,0.93,2.51,0.42
165921,SNS-1031,BTC-SEA-5031,SHP-2026-131,2026-08-26 10:48 UTC,2.22,86.8,"GPS: 48.8800 N, -123.5800 W",88,FAIR,NORMAL,0,0,0,2.22,2.22,0.4
165922,SNS-1031,BTC-SEA-5031,SHP-2026-131,2026-08-26 11:03 UTC,1.57,88.3,"GPS: 48.8900 N, -123.5900 W",88,FAIR,NORMAL,0,0,0,1.57,1.57,0.41
165923,SNS-1031,BTC-SEA-5031,SHP-2026-131,2026-08-26 11:18 UTC,2.21,90.2,"GPS: 48.9000 N, -123.6000 W",87,FAIR,NORMAL,0,0,0,2.21,2.21,0.49
165924,SNS-1031,BTC-SEA-5031,SHP-2026-131,2026-08-26 11:33 UTC,3.52,90.3,"GPS: 48.9100 N, -123.6100 W",87,FAIR,NORMAL,0,0,0,3.52,3.52,0.5
165925,SNS-1031,BTC-SEA-5031,SHP-2026-131,2026-08-26 11:48 UTC,1.82,88.2,"GPS: 48.9200 N, -123.6200 W",87,EXCELLENT,NORMAL,0,0,0,1.82,1.82,0.44
165926,SNS-1031,BTC-SEA-5031,SHP-2026-131,2026-08-26 12:03 UTC,0.98,94.0,"GPS: 48.9300 N, -123.6300 W",87,EXCELLENT,NORMAL,0,0,0,0.98,0.98,0.45
165927,SNS-1031,BTC-SEA-5031,SHP-2026-131,2026-08-26 12:18 UTC,,,"GPS: 48.9400 N, -123.6400 W",87,DISCONNECTED,WARNING,1,0,1,2.91,0.98,0.44
165928,SNS-1031,BTC-SEA-5031,SHP-2026-131,2026-08-26 12:33 UTC,2.79,88.3,"GPS: 48.9500 N, -123.6500 W",87,GOOD,NORMAL,0,0,0,2.79,2.79,0.44
165929,SNS-1032,BTC-SEA-5032,SHP-2026-132,2026-08-25 04:48 UTC,2.67,86.5,"GPS: 47.6000 N, -122.3000 W",100,EXCELLENT,NORMAL,0,0,0,2.67,2.67,0.49
165930,SNS-1032,BTC-SEA-5032,SHP-2026-132,2026-08-25 05:03 UTC,3.79,95.1,"GPS: 47.6100 N, -122.3100 W",100,EXCELLENT,NORMAL,0,0,0,3.79,3.79,0.42
165931,SNS-1032,BTC-SEA-5032,SHP-2026-132,2026-08-25 05:18 UTC,0.86,89.3,"GPS: 47.6200 N, -122.3200 W",100,GOOD,NORMAL,0,0,0,0.86,0.86,0.44
165932,SNS-1032,BTC-SEA-5032,SHP-2026-132,2026-08-25 05:33 UTC,1.96,90.6,"GPS: 47.6300 N, -122.3300 W",100,GOOD,NORMAL,0,0,0,1.96,1.96,0.43
165933,SNS-1032,BTC-SEA-5032,SHP-2026-132,2026-08-25 05:48 UTC,2.47,87.7,"GPS: 47.6400 N, -122.3400 W",100,EXCELLENT,NORMAL,0,0,0,2.47,2.47,0.46
165934,SNS-1032,BTC-SEA-5032,SHP-2026-132,2026-08-25 06:03 UTC,3.55,87.2,"GPS: 47.6500 N, -122.3500 W",100,EXCELLENT,NORMAL,0,0,0,3.55,3.55,0.42
165935,SNS-1032,BTC-SEA-5032,SHP-2026-132,2026-08-25 06:18 UTC,3.5,92.4,"GPS: 47.6600 N, -122.3600 W",100,FAIR,NORMAL,0,0,0,3.5,3.5,0.42
165936,SNS-1032,BTC-SEA-5032,SHP-2026-132,2026-08-25 06:33 UTC,2.4,87.0,"GPS: 47.6700 N, -122.3700 W",100,EXCELLENT,NORMAL,0,0,0,2.4,2.4,0.41
165937,SNS-1032,BTC-SEA-5032,SHP-2026-132,2026-08-25 06:48 UTC,1.1,89.1,"GPS: 47.6800 N, -122.3800 W",100,EXCELLENT,NORMAL,0,0,0,1.1,1.1,0.49
165938,SNS-1032,BTC-SEA-5032,SHP-2026-132,2026-08-25 07:03 UTC,2.67,88.2,"GPS: 47.6900 N, -122.3900 W",100,FAIR,NORMAL,0,0,0,2.67,2.67,0.48
165939,SNS-1032,BTC-SEA-5032,SHP-2026-132,2026-08-25 07:18 UTC,3.17,89.6,"GPS: 47.7000 N, -122.4000 W",99,GOOD,NORMAL,0,0,0,3.17,3.17,0.39
165940,SNS-1032,BTC-SEA-5032,SHP-2026-132,2026-08-25 07:33 UTC,3.24,94.3,"GPS: 47.7100 N, -122.4100 W",99,FAIR,NORMAL,0,0,0,3.24,3.24,0.39
165941,SNS-1032,BTC-SEA-5032,SHP-2026-132,2026-08-25 07:48 UTC,0.76,89.0,"GPS: 47.7200 N, -122.4200 W",99,FAIR,NORMAL,0,0,0,0.76,0.76,0.42
165942,SNS-1032,BTC-SEA-5032,SHP-2026-132,2026-08-25 08:03 UTC,2.64,89.0,"GPS: 47.7300 N, -122.4300 W",99,EXCELLENT,NORMAL,0,0,0,2.64,2.64,0.43
165943,SNS-1032,BTC-SEA-5032,SHP-2026-132,2026-08-25 08:18 UTC,3.15,86.1,"GPS: 47.7400 N, -122.4400 W",99,FAIR,NORMAL,0,0,0,3.15,3.15,0.39
165944,SNS-1032,BTC-SEA-5032,SHP-2026-132,2026-08-25 08:33 UTC,1.77,92.4,"GPS: 47.7500 N, -122.4500 W",99,FAIR,NORMAL,0,0,0,1.77,1.77,0.39
165945,SNS-1032,BTC-SEA-5032,SHP-2026-132,2026-08-25 08:48 UTC,2.82,94.7,"GPS: 47.7600 N, -122.4600 W",99,EXCELLENT,NORMAL,0,0,0,2.82,2.82,0.39
165946,SNS-1032,BTC-SEA-5032,SHP-2026-132,2026-08-25 09:03 UTC,1.66,88.7,"GPS: 47.7700 N, -122.4700 W",99,EXCELLENT,NORMAL,0,0,0,1.66,1.66,0.4
165947,SNS-1032,BTC-SEA-5032,SHP-2026-132,2026-08-25 09:18 UTC,3.78,87.3,"GPS: 47.7800 N, -122.4800 W",99,GOOD,NORMAL,0,0,0,3.78,3.78,0.42
165948,SNS-1032,BTC-SEA-5032,SHP-2026-132,2026-08-25 09:33 UTC,3.46,91.9,"GPS: 47.7900 N, -122.4900 W",99,GOOD,NORMAL,0,0,0,3.46,3.46,0.39
165949,SNS-1032,BTC-SEA-5032,SHP-2026-132,2026-08-25 09:48 UTC,3.01,86.6,"GPS: 47.8000 N, -122.5000 W",98,EXCELLENT,NORMAL,0,0,0,3.01,3.01,0.43
165950,SNS-1032,BTC-SEA-5032,SHP-2026-132,2026-08-25 10:03 UTC,2.94,88.7,"GPS: 47.8100 N, -122.5100 W",98,GOOD,NORMAL,0,0,0,2.94,2.94,0.43
165951,SNS-1032,BTC-SEA-5032,SHP-2026-132,2026-08-25 10:18 UTC,2.24,88.9,"GPS: 47.8200 N, -122.5200 W",98,EXCELLENT,NORMAL,0,0,0,2.24,2.24,0.43
165952,SNS-1032,BTC-SEA-5032,SHP-2026-132,2026-08-25 10:33 UTC,1.11,94.7,"GPS: 47.8300 N, -122.5300 W",98,GOOD,NORMAL,0,0,0,1.11,1.11,0.45
165953,SNS-1032,BTC-SEA-5032,SHP-2026-132,2026-08-25 10:48 UTC,1.99,92.7,"GPS: 47.8400 N, -122.5400 W",98,EXCELLENT,NORMAL,0,0,0,1.99,1.99,0.38
165954,SNS-1032,BTC-SEA-5032,SHP-2026-132,2026-08-25 11:03 UTC,3.05,95.6,"GPS: 47.8500 N, -122.5500 W",98,GOOD,NORMAL,0,0,0,3.05,3.05,0.38
165955,SNS-1032,BTC-SEA-5032,SHP-2026-132,2026-08-25 11:18 UTC,1.56,92.7,"GPS: 47.8600 N, -122.5600 W",98,GOOD,NORMAL,0,0,0,1.56,1.56,0.38
165956,SNS-1032,BTC-SEA-5032,SHP-2026-132,2026-08-25 11:33 UTC,1.08,89.8,"GPS: 47.8700 N, -122.5700 W",98,GOOD,NORMAL,0,0,0,1.08,1.08,0.39
165957,SNS-1032,BTC-SEA-5032,SHP-2026-132,2026-08-25 11:48 UTC,2.36,88.4,"GPS: 47.8800 N, -122.5800 W",98,FAIR,NORMAL,0,0,0,2.36,2.36,0.37
165958,SNS-1032,BTC-SEA-5032,SHP-2026-132,2026-08-25 12:03 UTC,2.65,86.3,"GPS: 47.8900 N, -122.5900 W",98,GOOD,NORMAL,0,0,0,2.65,2.65,0.37
165959,SNS-1032,BTC-SEA-5032,SHP-2026-132,2026-08-25 12:18 UTC,2.15,89.1,"GPS: 47.9000 N, -122.6000 W",97,GOOD,NORMAL,0,0,0,2.15,2.15,0.37
165960,SNS-1032,BTC-SEA-5032,SHP-2026-132,2026-08-25 12:33 UTC,3.59,91.6,"GPS: 47.9100 N, -122.6100 W",97,GOOD,WARNING,0,0,0,3.59,3.59,0.41
165961,SNS-1032,BTC-SEA-5032,SHP-2026-132,2026-08-25 12:48 UTC,2.42,89.3,"GPS: 47.9200 N, -122.6200 W",97,EXCELLENT,NORMAL,0,0,0,2.42,2.42,0.37
165962,SNS-1032,BTC-SEA-5032,SHP-2026-132,2026-08-25 13:03 UTC,3.74,91.1,"GPS: 47.9300 N, -122.6300 W",97,FAIR,NORMAL,0,0,0,3.74,3.74,0.39
165963,SNS-1032,BTC-SEA-5032,SHP-2026-132,2026-08-25 13:18 UTC,2.22,93.9,"GPS: 47.9400 N, -122.6400 W",97,GOOD,NORMAL,0,0,0,2.22,2.22,0.36
165964,SNS-1032,BTC-SEA-5032,SHP-2026-132,2026-08-25 13:33 UTC,1.4,92.6,"GPS: 47.9500 N, -122.6500 W",97,GOOD,NORMAL,0,0,0,1.4,1.4,0.4
165965,SNS-1032,BTC-SEA-5032,SHP-2026-132,2026-08-25 13:48 UTC,2.06,92.2,"GPS: 47.9600 N, -122.6600 W",97,GOOD,NORMAL,0,0,0,2.06,2.06,0.37
165966,SNS-1032,BTC-SEA-5032,SHP-2026-132,2026-08-25 14:03 UTC,2.59,86.5,"GPS: 47.9700 N, -122.6700 W",97,EXCELLENT,NORMAL,0,0,0,2.59,2.59,0.39
165967,SNS-1032,BTC-SEA-5032,SHP-2026-132,2026-08-25 14:18 UTC,3.22,88.4,"GPS: 47.9800 N, -122.6800 W",97,GOOD,NORMAL,0,0,0,3.22,3.22,0.41
165968,SNS-1032,BTC-SEA-5032,SHP-2026-132,2026-08-25 14:33 UTC,-16.56,88.1,"GPS: 47.9900 N, -122.6900 W",97,EXCELLENT,WARNING,0,0,0,-16.56,-16.56,0.49
165969,SNS-1032,BTC-SEA-5032,SHP-2026-132,2026-08-25 14:48 UTC,2.69,92.1,"GPS: 48.0000 N, -122.7000 W",96,FAIR,NORMAL,0,0,0,2.69,2.69,0.36
165970,SNS-1032,BTC-SEA-5032,SHP-2026-132,2026-08-25 15:03 UTC,3.35,92.9,"GPS: 48.0100 N, -122.7100 W",96,GOOD,NORMAL,0,0,0,3.35,3.35,0.36
165971,SNS-1032,BTC-SEA-5032,SHP-2026-132,2026-08-25 15:18 UTC,3.12,87.7,"GPS: 48.0200 N, -122.7200 W",96,GOOD,NORMAL,0,0,0,3.12,3.12,0.36
165972,SNS-1032,BTC-SEA-5032,SHP-2026-132,2026-08-25 15:33 UTC,2.26,92.4,"GPS: 48.0300 N, -122.7300 W",96,FAIR,NORMAL,0,0,0,2.26,2.26,0.36
165973,SNS-1032,BTC-SEA-5032,SHP-2026-132,2026-08-25 15:48 UTC,2.9,95.3,"GPS: 48.0400 N, -122.7400 W",96,EXCELLENT,NORMAL,0,0,0,2.9,2.9,0.41
165974,SNS-1032,BTC-SEA-5032,SHP-2026-132,2026-08-25 16:03 UTC,1.87,95.7,"GPS: 48.0500 N, -122.7500 W",96,FAIR,NORMAL,0,0,0,1.87,1.87,0.4
165975,SNS-1032,BTC-SEA-5032,SHP-2026-132,2026-08-25 16:18 UTC,3.76,89.2,"GPS: 48.0600 N, -122.7600 W",96,FAIR,NORMAL,0,0,0,3.76,3.76,0.41
165976,SNS-1032,BTC-SEA-5032,SHP-2026-132,2026-08-25 16:33 UTC,1.59,92.6,"GPS: 48.0700 N, -122.7700 W",96,GOOD,NORMAL,0,0,0,1.59,1.59,0.37
165977,SNS-1032,BTC-SEA-5032,SHP-2026-132,2026-08-25 16:48 UTC,3.17,95.3,"GPS: 48.0800 N, -122.7800 W",96,EXCELLENT,NORMAL,0,0,0,3.17,3.17,0.36
165978,SNS-1032,BTC-SEA-5032,SHP-2026-132,2026-08-25 17:03 UTC,1.26,93.6,"GPS: 48.0900 N, -122.7900 W",96,EXCELLENT,NORMAL,0,0,0,1.26,1.26,0.37
165979,SNS-1032,BTC-SEA-5032,SHP-2026-132,2026-08-25 17:18 UTC,1.38,94.4,"GPS: 48.1000 N, -122.8000 W",95,FAIR,NORMAL,0,0,0,1.38,1.38,0.37
165980,SNS-1032,BTC-SEA-5032,SHP-2026-132,2026-08-25 17:33 UTC,-12.06,93.5,"GPS: 48.1100 N, -122.8100 W",95,FAIR,WARNING,0,0,0,-12.06,-12.06,0.49
165981,SNS-1032,BTC-SEA-5032,SHP-2026-132,2026-08-25 17:48 UTC,3.4,93.1,"GPS: 48.1200 N, -122.8200 W",95,FAIR,NORMAL,0,0,0,3.4,3.4,0.36
165982,SNS-1032,BTC-SEA-5032,SHP-2026-132,2026-08-25 18:03 UTC,2.56,88.5,"GPS: 48.1300 N, -122.8300 W",95,GOOD,NORMAL,0,0,0,2.56,2.56,0.35
165983,SNS-1032,BTC-SEA-5032,SHP-2026-132,2026-08-25 18:18 UTC,3.62,94.2,"GPS: 48.1400 N, -122.8400 W",95,EXCELLENT,NORMAL,0,0,0,3.62,3.62,0.36
165984,SNS-1032,BTC-SEA-5032,SHP-2026-132,2026-08-25 18:33 UTC,1.79,94.6,"GPS: 48.1500 N, -122.8500 W",95,GOOD,NORMAL,0,0,0,1.79,1.79,0.37
165985,SNS-1032,BTC-SEA-5032,SHP-2026-132,2026-08-25 18:48 UTC,3.28,87.3,"GPS: 48.1600 N, -122.8600 W",95,FAIR,NORMAL,0,0,0,3.28,3.28,0.36
165986,SNS-1032,BTC-SEA-5032,SHP-2026-132,2026-08-25 19:03 UTC,2.08,92.9,"GPS: 48.1700 N, -122.8700 W",95,EXCELLENT,NORMAL,0,0,0,2.08,2.08,0.36
165987,SNS-1032,BTC-SEA-5032,SHP-2026-132,2026-08-25 19:18 UTC,1.64,85.4,"GPS: 48.1800 N, -122.8800 W",95,EXCELLENT,NORMAL,0,0,0,1.64,1.64,0.36
165988,SNS-1032,BTC-SEA-5032,SHP-2026-132,2026-08-25 19:33 UTC,3.55,89.0,"GPS: 48.1900 N, -122.8900 W",95,EXCELLENT,NORMAL,0,0,0,3.55,3.55,0.38
165989,SNS-1032,BTC-SEA-5032,SHP-2026-132,2026-08-25 19:48 UTC,3.74,89.4,"GPS: 48.2000 N, -122.9000 W",94,GOOD,NORMAL,0,0,0,3.74,3.74,0.37
165990,SNS-1032,BTC-SEA-5032,SHP-2026-132,2026-08-25 20:03 UTC,2.87,85.6,"GPS: 48.2100 N, -122.9100 W",94,FAIR,NORMAL,0,0,0,2.87,2.87,0.39
165991,SNS-1032,BTC-SEA-5032,SHP-2026-132,2026-08-25 20:18 UTC,1.7,87.8,"GPS: 48.2200 N, -122.9200 W",94,FAIR,NORMAL,0,0,0,1.7,1.7,0.37
165992,SNS-1032,BTC-SEA-5032,SHP-2026-132,2026-08-25 20:33 UTC,3.78,92.8,"GPS: 48.2300 N, -122.9300 W",94,FAIR,NORMAL,0,0,0,3.78,3.78,0.37
165993,SNS-1032,BTC-SEA-5032,SHP-2026-132,2026-08-25 20:48 UTC,1.41,86.9,"GPS: 48.2400 N, -122.9400 W",94,GOOD,NORMAL,0,0,0,1.41,1.41,0.38
165994,SNS-1032,BTC-SEA-5032,SHP-2026-132,2026-08-25 21:03 UTC,3.25,87.0,"GPS: 48.2500 N, -122.9500 W",94,FAIR,NORMAL,0,0,0,3.25,3.25,0.36
165995,SNS-1032,BTC-SEA-5032,SHP-2026-132,2026-08-25 21:18 UTC,-12.89,93.1,"GPS: 48.2600 N, -122.9600 W",94,GOOD,WARNING,0,0,0,-12.89,-12.89,0.49
165996,SNS-1032,BTC-SEA-5032,SHP-2026-132,2026-08-25 21:33 UTC,3.68,94.3,"GPS: 48.2700 N, -122.9700 W",94,EXCELLENT,NORMAL,0,0,0,3.68,3.68,0.36
165997,SNS-1032,BTC-SEA-5032,SHP-2026-132,2026-08-25 21:48 UTC,2.67,95.7,"GPS: 48.2800 N, -122.9800 W",94,FAIR,NORMAL,0,0,0,2.67,2.67,0.35
165998,SNS-1032,BTC-SEA-5032,SHP-2026-132,2026-08-25 22:03 UTC,3.55,92.5,"GPS: 48.2900 N, -122.9900 W",94,FAIR,NORMAL,0,0,0,3.55,3.55,0.36
165999,SNS-1032,BTC-SEA-5032,SHP-2026-132,2026-08-25 22:18 UTC,1.41,86.1,"GPS: 48.3000 N, -123.0000 W",93,EXCELLENT,NORMAL,0,0,0,1.41,1.41,0.38
166000,SNS-1032,BTC-SEA-5032,SHP-2026-132,2026-08-25 22:33 UTC,1.86,86.8,"GPS: 48.3100 N, -123.0100 W",93,EXCELLENT,NORMAL,0,0,0,1.86,1.86,0.36
166001,SNS-1032,BTC-SEA-5032,SHP-2026-132,2026-08-25 22:48 UTC,2.77,86.6,"GPS: 48.3200 N, -123.0200 W",93,FAIR,NORMAL,0,0,0,2.77,2.77,0.36
166002,SNS-1032,BTC-SEA-5032,SHP-2026-132,2026-08-25 23:03 UTC,2.38,87.4,"GPS: 48.3300 N, -123.0300 W",93,EXCELLENT,NORMAL,0,0,0,2.38,2.38,0.42
166003,SNS-1032,BTC-SEA-5032,SHP-2026-132,2026-08-25 23:18 UTC,2.15,89.6,"GPS: 48.3400 N, -123.0400 W",93,FAIR,NORMAL,0,0,0,2.15,2.15,0.39
166004,SNS-1032,BTC-SEA-5032,SHP-2026-132,2026-08-25 23:33 UTC,1.14,88.1,"GPS: 48.3500 N, -123.0500 W",93,EXCELLENT,NORMAL,0,0,0,1.14,1.14,0.43
166005,SNS-1032,BTC-SEA-5032,SHP-2026-132,2026-08-25 23:48 UTC,1.84,86.6,"GPS: 48.3600 N, -123.0600 W",93,GOOD,NORMAL,0,0,0,1.84,1.84,0.36
166006,SNS-1032,BTC-SEA-5032,SHP-2026-132,2026-08-26 00:03 UTC,3.07,91.4,"GPS: 48.3700 N, -123.0700 W",93,EXCELLENT,NORMAL,0,0,0,3.07,3.07,0.4
166007,SNS-1032,BTC-SEA-5032,SHP-2026-132,2026-08-26 00:18 UTC,2.19,85.4,"GPS: 48.3800 N, -123.0800 W",93,FAIR,NORMAL,0,0,0,2.19,2.19,0.38
166008,SNS-1032,BTC-SEA-5032,SHP-2026-132,2026-08-26 00:33 UTC,1.11,95.9,"GPS: 48.3900 N, -123.0900 W",93,FAIR,NORMAL,0,0,0,1.11,1.11,0.37
166009,SNS-1032,BTC-SEA-5032,SHP-2026-132,2026-08-26 00:48 UTC,1.36,93.5,"GPS: 48.4000 N, -123.1000 W",92,GOOD,NORMAL,0,0,0,1.36,1.36,0.37
166010,SNS-1032,BTC-SEA-5032,SHP-2026-132,2026-08-26 01:03 UTC,2.81,92.8,"GPS: 48.4100 N, -123.1100 W",92,EXCELLENT,NORMAL,0,0,0,2.81,2.81,0.36
166011,SNS-1032,BTC-SEA-5032,SHP-2026-132,2026-08-26 01:18 UTC,1.5,91.7,"GPS: 48.4200 N, -123.1200 W",92,EXCELLENT,NORMAL,0,0,0,1.5,1.5,0.36
166012,SNS-1032,BTC-SEA-5032,SHP-2026-132,2026-08-26 01:33 UTC,1.92,95.3,"GPS: 48.4300 N, -123.1300 W",92,EXCELLENT,NORMAL,0,0,0,1.92,1.92,0.37
166013,SNS-1032,BTC-SEA-5032,SHP-2026-132,2026-08-26 01:48 UTC,1.56,89.3,"GPS: 48.4400 N, -123.1400 W",92,EXCELLENT,NORMAL,0,0,0,1.56,1.56,0.36
166014,SNS-1032,BTC-SEA-5032,SHP-2026-132,2026-08-26 02:03 UTC,0.79,86.9,"GPS: 48.4500 N, -123.1500 W",92,EXCELLENT,NORMAL,0,0,0,0.79,0.79,0.4
166015,SNS-1032,BTC-SEA-5032,SHP-2026-132,2026-08-26 02:18 UTC,-5.17,90.6,"GPS: 48.4600 N, -123.1600 W",92,EXCELLENT,WARNING,0,0,0,-5.17,-5.17,0.47
166016,SNS-1032,BTC-SEA-5032,SHP-2026-132,2026-08-26 02:33 UTC,0.85,94.8,"GPS: 48.4700 N, -123.1700 W",92,GOOD,NORMAL,0,0,0,0.85,0.85,0.39
166017,SNS-1032,BTC-SEA-5032,SHP-2026-132,2026-08-26 02:48 UTC,2.8,90.5,"GPS: 48.4800 N, -123.1800 W",92,FAIR,NORMAL,0,0,0,2.8,2.8,0.36
166018,SNS-1032,BTC-SEA-5032,SHP-2026-132,2026-08-26 03:03 UTC,1.92,90.8,"GPS: 48.4900 N, -123.1900 W",92,EXCELLENT,NORMAL,0,0,0,1.92,1.92,0.36
166019,SNS-1032,BTC-SEA-5032,SHP-2026-132,2026-08-26 03:18 UTC,2.24,92.5,"GPS: 48.5000 N, -123.2000 W",91,FAIR,NORMAL,0,0,0,2.24,2.24,0.36
166020,SNS-1032,BTC-SEA-5032,SHP-2026-132,2026-08-26 03:33 UTC,1.49,87.6,"GPS: 48.5100 N, -123.2100 W",91,FAIR,NORMAL,0,0,0,1.49,1.49,0.37
166021,SNS-1032,BTC-SEA-5032,SHP-2026-132,2026-08-26 03:48 UTC,0.94,86.3,"GPS: 48.5200 N, -123.2200 W",91,GOOD,NORMAL,0,0,0,0.94,0.94,0.41
166022,SNS-1032,BTC-SEA-5032,SHP-2026-132,2026-08-26 04:03 UTC,0.85,90.7,"GPS: 48.5300 N, -123.2300 W",91,FAIR,NORMAL,0,0,0,0.85,0.85,0.38
166023,SNS-1032,BTC-SEA-5032,SHP-2026-132,2026-08-26 04:18 UTC,3.23,95.2,"GPS: 48.5400 N, -123.2400 W",91,EXCELLENT,NORMAL,0,0,0,3.23,3.23,0.44
166024,SNS-1032,BTC-SEA-5032,SHP-2026-132,2026-08-26 04:33 UTC,1.24,91.9,"GPS: 48.5500 N, -123.2500 W",91,GOOD,NORMAL,0,0,0,1.24,1.24,0.38
166025,SNS-1032,BTC-SEA-5032,SHP-2026-132,2026-08-26 04:48 UTC,2.48,89.4,"GPS: 48.5600 N, -123.2600 W",91,EXCELLENT,NORMAL,0,0,0,2.48,2.48,0.37
166026,SNS-1032,BTC-SEA-5032,SHP-2026-132,2026-08-26 05:03 UTC,2.93,87.2,"GPS: 48.5700 N, -123.2700 W",91,FAIR,NORMAL,0,0,0,2.93,2.93,0.36
166027,SNS-1032,BTC-SEA-5032,SHP-2026-132,2026-08-26 05:18 UTC,2.47,94.6,"GPS: 48.5800 N, -123.2800 W",91,GOOD,NORMAL,0,0,0,2.47,2.47,0.44
166028,SNS-1032,BTC-SEA-5032,SHP-2026-132,2026-08-26 05:33 UTC,1.57,87.9,"GPS: 48.5900 N, -123.2900 W",91,GOOD,NORMAL,0,0,0,1.57,1.57,0.37
166029,SNS-1032,BTC-SEA-5032,SHP-2026-132,2026-08-26 05:48 UTC,3.73,91.3,"GPS: 48.6000 N, -123.3000 W",90,EXCELLENT,NORMAL,0,0,0,3.73,3.73,0.42
166030,SNS-1032,BTC-SEA-5032,SHP-2026-132,2026-08-26 06:03 UTC,1.85,85.3,"GPS: 48.6100 N, -123.3100 W",90,FAIR,NORMAL,0,0,0,1.85,1.85,0.37
166031,SNS-1032,BTC-SEA-5032,SHP-2026-132,2026-08-26 06:18 UTC,1.46,90.4,"GPS: 48.6200 N, -123.3200 W",90,EXCELLENT,NORMAL,0,0,0,1.46,1.46,0.38
166032,SNS-1032,BTC-SEA-5032,SHP-2026-132,2026-08-26 06:33 UTC,2.75,86.5,"GPS: 48.6300 N, -123.3300 W",90,EXCELLENT,NORMAL,0,0,0,2.75,2.75,0.37
166033,SNS-1032,BTC-SEA-5032,SHP-2026-132,2026-08-26 06:48 UTC,3.34,91.9,"GPS: 48.6400 N, -123.3400 W",90,EXCELLENT,NORMAL,0,0,0,3.34,3.34,0.37
166034,SNS-1032,BTC-SEA-5032,SHP-2026-132,2026-08-26 07:03 UTC,2.2,94.6,"GPS: 48.6500 N, -123.3500 W",90,FAIR,NORMAL,0,0,0,2.2,2.2,0.39
166035,SNS-1032,BTC-SEA-5032,SHP-2026-132,2026-08-26 07:18 UTC,2.4,91.3,"GPS: 48.6600 N, -123.3600 W",90,EXCELLENT,NORMAL,0,0,0,2.4,2.4,0.41
166036,SNS-1032,BTC-SEA-5032,SHP-2026-132,2026-08-26 07:33 UTC,1.75,90.2,"GPS: 48.6700 N, -123.3700 W",90,GOOD,NORMAL,0,0,0,1.75,1.75,0.4
166037,SNS-1032,BTC-SEA-5032,SHP-2026-132,2026-08-26 07:48 UTC,1.83,88.4,"GPS: 48.6800 N, -123.3800 W",90,EXCELLENT,NORMAL,0,0,0,1.83,1.83,0.37
166038,SNS-1032,BTC-SEA-5032,SHP-2026-132,2026-08-26 08:03 UTC,1.54,85.5,"GPS: 48.6900 N, -123.3900 W",90,GOOD,NORMAL,0,0,0,1.54,1.54,0.39
166039,SNS-1032,BTC-SEA-5032,SHP-2026-132,2026-08-26 08:18 UTC,1.99,85.3,"GPS: 48.7000 N, -123.4000 W",89,GOOD,NORMAL,0,0,0,1.99,1.99,0.39
166040,SNS-1032,BTC-SEA-5032,SHP-2026-132,2026-08-26 08:33 UTC,0.9,95.0,"GPS: 48.7100 N, -123.4100 W",89,FAIR,NORMAL,0,0,0,0.9,0.9,0.45
166041,SNS-1032,BTC-SEA-5032,SHP-2026-132,2026-08-26 08:48 UTC,-13.88,85.2,"GPS: 48.7200 N, -123.4200 W",89,EXCELLENT,WARNING,0,0,0,-13.88,-13.88,0.5
166042,SNS-1032,BTC-SEA-5032,SHP-2026-132,2026-08-26 09:03 UTC,3.18,95.0,"GPS: 48.7300 N, -123.4300 W",89,FAIR,NORMAL,0,0,0,3.18,3.18,0.38
166043,SNS-1032,BTC-SEA-5032,SHP-2026-132,2026-08-26 09:18 UTC,2.85,94.7,"GPS: 48.7400 N, -123.4400 W",89,FAIR,NORMAL,0,0,0,2.85,2.85,0.38
166044,SNS-1032,BTC-SEA-5032,SHP-2026-132,2026-08-26 09:33 UTC,3.17,91.8,"GPS: 48.7500 N, -123.4500 W",89,FAIR,NORMAL,0,0,0,3.17,3.17,0.38
166045,SNS-1032,BTC-SEA-5032,SHP-2026-132,2026-08-26 09:48 UTC,1.56,88.2,"GPS: 48.7600 N, -123.4600 W",89,GOOD,NORMAL,0,0,0,1.56,1.56,0.39
166046,SNS-1032,BTC-SEA-5032,SHP-2026-132,2026-08-26 10:03 UTC,1.09,95.1,"GPS: 48.7700 N, -123.4700 W",89,GOOD,NORMAL,0,0,0,1.09,1.09,0.42
166047,SNS-1032,BTC-SEA-5032,SHP-2026-132,2026-08-26 10:18 UTC,0.79,86.4,"GPS: 48.7800 N, -123.4800 W",89,FAIR,NORMAL,0,0,0,0.79,0.79,0.4
166048,SNS-1032,BTC-SEA-5032,SHP-2026-132,2026-08-26 10:33 UTC,3.14,92.5,"GPS: 48.7900 N, -123.4900 W",89,EXCELLENT,NORMAL,0,0,0,3.14,3.14,0.39
166049,SNS-1032,BTC-SEA-5032,SHP-2026-132,2026-08-26 10:48 UTC,3.25,87.6,"GPS: 48.8000 N, -123.5000 W",88,FAIR,NORMAL,0,0,0,3.25,3.25,0.4
166050,SNS-1032,BTC-SEA-5032,SHP-2026-132,2026-08-26 11:03 UTC,1.4,90.3,"GPS: 48.8100 N, -123.5100 W",88,EXCELLENT,NORMAL,0,0,0,1.4,1.4,0.4
166051,SNS-1032,BTC-SEA-5032,SHP-2026-132,2026-08-26 11:18 UTC,1.59,87.0,"GPS: 48.8200 N, -123.5200 W",88,EXCELLENT,NORMAL,0,0,0,1.59,1.59,0.4
166052,SNS-1032,BTC-SEA-5032,SHP-2026-132,2026-08-26 11:33 UTC,3.21,95.3,"GPS: 48.8300 N, -123.5300 W",88,GOOD,NORMAL,0,0,0,3.21,3.21,0.39
166053,SNS-1032,BTC-SEA-5032,SHP-2026-132,2026-08-26 11:48 UTC,1.31,85.8,"GPS: 48.8400 N, -123.5400 W",88,EXCELLENT,NORMAL,0,0,0,1.31,1.31,0.39
166054,SNS-1032,BTC-SEA-5032,SHP-2026-132,2026-08-26 12:03 UTC,1.7,88.2,"GPS: 48.8500 N, -123.5500 W",88,EXCELLENT,NORMAL,0,0,0,1.7,1.7,0.43
166055,SNS-1032,BTC-SEA-5032,SHP-2026-132,2026-08-26 12:18 UTC,3.52,88.4,"GPS: 48.8600 N, -123.5600 W",88,EXCELLENT,NORMAL,0,0,0,3.52,3.52,0.42
166056,SNS-1032,BTC-SEA-5032,SHP-2026-132,2026-08-26 12:33 UTC,0.91,91.5,"GPS: 48.8700 N, -123.5700 W",88,GOOD,NORMAL,0,0,0,0.91,0.91,0.41
166057,SNS-1032,BTC-SEA-5032,SHP-2026-132,2026-08-26 12:48 UTC,3.19,92.5,"GPS: 48.8800 N, -123.5800 W",88,GOOD,NORMAL,0,0,0,3.19,3.19,0.39
166058,SNS-1032,BTC-SEA-5032,SHP-2026-132,2026-08-26 13:03 UTC,1.68,90.2,"GPS: 48.8900 N, -123.5900 W",88,FAIR,NORMAL,0,0,0,1.68,1.68,0.39
166059,SNS-1032,BTC-SEA-5032,SHP-2026-132,2026-08-26 13:18 UTC,1.51,91.0,"GPS: 48.9000 N, -123.6000 W",87,FAIR,NORMAL,0,0,0,1.51,1.51,0.44
166060,SNS-1032,BTC-SEA-5032,SHP-2026-132,2026-08-26 13:33 UTC,1.1,86.8,"GPS: 48.9100 N, -123.6100 W",87,FAIR,NORMAL,0,0,0,1.1,1.1,0.45
166061,SNS-1032,BTC-SEA-5032,SHP-2026-132,2026-08-26 13:48 UTC,1.19,91.8,"GPS: 48.9200 N, -123.6200 W",87,GOOD,NORMAL,0,0,0,1.19,1.19,0.45
166062,SNS-1032,BTC-SEA-5032,SHP-2026-132,2026-08-26 14:03 UTC,1.05,90.8,"GPS: 48.9300 N, -123.6300 W",87,EXCELLENT,NORMAL,0,0,0,1.05,1.05,0.44
166063,SNS-1032,BTC-SEA-5032,SHP-2026-132,2026-08-26 14:18 UTC,2.47,89.8,"GPS: 48.9400 N, -123.6400 W",87,FAIR,NORMAL,0,0,0,2.47,2.47,0.5
166064,SNS-1032,BTC-SEA-5032,SHP-2026-132,2026-08-26 14:33 UTC,1.3,92.6,"GPS: 48.9500 N, -123.6500 W",87,GOOD,NORMAL,0,0,0,1.3,1.3,0.47
166065,SNS-1033,BTC-SEA-5033,SHP-2026-133,2026-08-25 06:48 UTC,3.24,90.6,"GPS: 47.6000 N, -122.3000 W",100,GOOD,NORMAL,0,0,0,3.24,3.24,0.49
166066,SNS-1033,BTC-SEA-5033,SHP-2026-133,2026-08-25 07:03 UTC,3.97,91.0,"GPS: 47.6100 N, -122.3100 W",100,GOOD,NORMAL,0,0,0,3.97,3.97,0.42
166067,SNS-1033,BTC-SEA-5033,SHP-2026-133,2026-08-25 07:18 UTC,4.84,88.2,"GPS: 47.6200 N, -122.3200 W",100,FAIR,NORMAL,0,0,0,4.84,4.84,0.44
166068,SNS-1033,BTC-SEA-5033,SHP-2026-133,2026-08-25 07:33 UTC,2.56,89.7,"GPS: 47.6300 N, -122.3300 W",100,EXCELLENT,NORMAL,0,0,0,2.56,2.56,0.43
166069,SNS-1033,BTC-SEA-5033,SHP-2026-133,2026-08-25 07:48 UTC,2.4,85.6,"GPS: 47.6400 N, -122.3400 W",100,EXCELLENT,NORMAL,0,0,0,2.4,2.4,0.43
166070,SNS-1033,BTC-SEA-5033,SHP-2026-133,2026-08-25 08:03 UTC,4.85,88.8,"GPS: 47.6500 N, -122.3500 W",100,FAIR,NORMAL,0,0,0,4.85,4.85,0.44
166071,SNS-1033,BTC-SEA-5033,SHP-2026-133,2026-08-25 08:18 UTC,4.42,93.6,"GPS: 47.6600 N, -122.3600 W",100,EXCELLENT,NORMAL,0,0,0,4.42,4.42,0.43
166072,SNS-1033,BTC-SEA-5033,SHP-2026-133,2026-08-25 08:33 UTC,5.77,89.0,"GPS: 47.6700 N, -122.3700 W",100,GOOD,NORMAL,0,0,0,5.77,5.77,0.45
166073,SNS-1033,BTC-SEA-5033,SHP-2026-133,2026-08-25 08:48 UTC,3.66,92.7,"GPS: 47.6800 N, -122.3800 W",100,GOOD,NORMAL,0,0,0,3.66,3.66,0.41
166074,SNS-1033,BTC-SEA-5033,SHP-2026-133,2026-08-25 09:03 UTC,2.47,89.6,"GPS: 47.6900 N, -122.3900 W",100,GOOD,NORMAL,0,0,0,2.47,2.47,0.47
166075,SNS-1033,BTC-SEA-5033,SHP-2026-133,2026-08-25 09:18 UTC,2.8,88.4,"GPS: 47.7000 N, -122.4000 W",99,GOOD,NORMAL,0,0,0,2.8,2.8,0.38
166076,SNS-1033,BTC-SEA-5033,SHP-2026-133,2026-08-25 09:33 UTC,2.45,85.7,"GPS: 47.7100 N, -122.4100 W",99,EXCELLENT,NORMAL,0,0,0,2.45,2.45,0.39
166077,SNS-1033,BTC-SEA-5033,SHP-2026-133,2026-08-25 09:48 UTC,5.73,85.4,"GPS: 47.7200 N, -122.4200 W",99,EXCELLENT,NORMAL,0,0,0,5.73,5.73,0.49
166078,SNS-1033,BTC-SEA-5033,SHP-2026-133,2026-08-25 10:03 UTC,5.7,90.7,"GPS: 47.7300 N, -122.4300 W",99,FAIR,NORMAL,0,0,0,5.7,5.7,0.42
166079,SNS-1033,BTC-SEA-5033,SHP-2026-133,2026-08-25 10:18 UTC,2.27,88.7,"GPS: 47.7400 N, -122.4400 W",99,GOOD,NORMAL,0,0,0,2.27,2.27,0.39
166080,SNS-1033,BTC-SEA-5033,SHP-2026-133,2026-08-25 10:33 UTC,4.91,86.2,"GPS: 47.7500 N, -122.4500 W",99,FAIR,NORMAL,0,0,0,4.91,4.91,0.41
166081,SNS-1033,BTC-SEA-5033,SHP-2026-133,2026-08-25 10:48 UTC,2.96,85.4,"GPS: 47.7600 N, -122.4600 W",99,EXCELLENT,NORMAL,0,0,0,2.96,2.96,0.39
166082,SNS-1033,BTC-SEA-5033,SHP-2026-133,2026-08-25 11:03 UTC,4.68,88.1,"GPS: 47.7700 N, -122.4700 W",99,FAIR,NORMAL,0,0,0,4.68,4.68,0.41
166083,SNS-1033,BTC-SEA-5033,SHP-2026-133,2026-08-25 11:18 UTC,4.48,88.3,"GPS: 47.7800 N, -122.4800 W",99,FAIR,NORMAL,0,0,0,4.48,4.48,0.41
166084,SNS-1033,BTC-SEA-5033,SHP-2026-133,2026-08-25 11:33 UTC,2.41,85.9,"GPS: 47.7900 N, -122.4900 W",99,EXCELLENT,NORMAL,0,0,0,2.41,2.41,0.43
166085,SNS-1033,BTC-SEA-5033,SHP-2026-133,2026-08-25 11:48 UTC,19.69,86.7,"GPS: 47.8000 N, -122.5000 W",98,FAIR,WARNING,0,0,0,19.69,19.69,0.58
166086,SNS-1033,BTC-SEA-5033,SHP-2026-133,2026-08-25 12:03 UTC,5.15,92.9,"GPS: 47.8100 N, -122.5100 W",98,FAIR,NORMAL,0,0,0,5.15,5.15,0.41
166087,SNS-1033,BTC-SEA-5033,SHP-2026-133,2026-08-25 12:18 UTC,3.9,93.5,"GPS: 47.8200 N, -122.5200 W",98,GOOD,NORMAL,0,0,0,3.9,3.9,0.38
166088,SNS-1033,BTC-SEA-5033,SHP-2026-133,2026-08-25 12:33 UTC,5.73,93.6,"GPS: 47.8300 N, -122.5300 W",98,FAIR,NORMAL,0,0,0,5.73,5.73,0.42
166089,SNS-1033,BTC-SEA-5033,SHP-2026-133,2026-08-25 12:48 UTC,5.12,91.0,"GPS: 47.8400 N, -122.5400 W",98,FAIR,NORMAL,0,0,0,5.12,5.12,0.4
166090,SNS-1033,BTC-SEA-5033,SHP-2026-133,2026-08-25 13:03 UTC,4.75,86.6,"GPS: 47.8500 N, -122.5500 W",98,GOOD,NORMAL,0,0,0,4.75,4.75,0.41
166091,SNS-1033,BTC-SEA-5033,SHP-2026-133,2026-08-25 13:18 UTC,2.51,89.2,"GPS: 47.8600 N, -122.5600 W",98,FAIR,NORMAL,0,0,0,2.51,2.51,0.44
166092,SNS-1033,BTC-SEA-5033,SHP-2026-133,2026-08-25 13:33 UTC,3.54,90.1,"GPS: 47.8700 N, -122.5700 W",98,GOOD,NORMAL,0,0,0,3.54,3.54,0.38
166093,SNS-1033,BTC-SEA-5033,SHP-2026-133,2026-08-25 13:48 UTC,2.94,85.9,"GPS: 47.8800 N, -122.5800 W",98,GOOD,NORMAL,0,0,0,2.94,2.94,0.37
166094,SNS-1033,BTC-SEA-5033,SHP-2026-133,2026-08-25 14:03 UTC,3.62,92.8,"GPS: 47.8900 N, -122.5900 W",98,GOOD,NORMAL,0,0,0,3.62,3.62,0.4
166095,SNS-1033,BTC-SEA-5033,SHP-2026-133,2026-08-25 14:18 UTC,4.72,92.8,"GPS: 47.9000 N, -122.6000 W",97,EXCELLENT,NORMAL,0,0,0,4.72,4.72,0.45
166096,SNS-1033,BTC-SEA-5033,SHP-2026-133,2026-08-25 14:33 UTC,2.76,91.2,"GPS: 47.9100 N, -122.6100 W",97,FAIR,NORMAL,0,0,0,2.76,2.76,0.38
166097,SNS-1033,BTC-SEA-5033,SHP-2026-133,2026-08-25 14:48 UTC,3.76,92.2,"GPS: 47.9200 N, -122.6200 W",97,EXCELLENT,NORMAL,0,0,0,3.76,3.76,0.39
166098,SNS-1033,BTC-SEA-5033,SHP-2026-133,2026-08-25 15:03 UTC,-30.46,88.5,"GPS: 47.9300 N, -122.6300 W",97,FAIR,WARNING,0,0,0,-30.46,-30.46,0.53
166099,SNS-1033,BTC-SEA-5033,SHP-2026-133,2026-08-25 15:18 UTC,2.51,95.2,"GPS: 47.9400 N, -122.6400 W",97,FAIR,NORMAL,0,0,0,2.51,2.51,0.37
166100,SNS-1033,BTC-SEA-5033,SHP-2026-133,2026-08-25 15:33 UTC,4.13,88.4,"GPS: 47.9500 N, -122.6500 W",97,GOOD,NORMAL,0,0,0,4.13,4.13,0.38
166101,SNS-1033,BTC-SEA-5033,SHP-2026-133,2026-08-25 15:48 UTC,4.87,85.8,"GPS: 47.9600 N, -122.6600 W",97,FAIR,NORMAL,0,0,0,4.87,4.87,0.4
166102,SNS-1033,BTC-SEA-5033,SHP-2026-133,2026-08-25 16:03 UTC,5.18,95.8,"GPS: 47.9700 N, -122.6700 W",97,FAIR,NORMAL,0,0,0,5.18,5.18,0.4
166103,SNS-1033,BTC-SEA-5033,SHP-2026-133,2026-08-25 16:18 UTC,5.02,85.3,"GPS: 47.9800 N, -122.6800 W",97,EXCELLENT,NORMAL,0,0,0,5.02,5.02,0.41
166104,SNS-1033,BTC-SEA-5033,SHP-2026-133,2026-08-25 16:33 UTC,2.66,87.0,"GPS: 47.9900 N, -122.6900 W",97,EXCELLENT,NORMAL,0,0,0,2.66,2.66,0.45
166105,SNS-1033,BTC-SEA-5033,SHP-2026-133,2026-08-25 16:48 UTC,5.45,89.4,"GPS: 48.0000 N, -122.7000 W",96,GOOD,NORMAL,0,0,0,5.45,5.45,0.4
166106,SNS-1033,BTC-SEA-5033,SHP-2026-133,2026-08-25 17:03 UTC,3.31,93.6,"GPS: 48.0100 N, -122.7100 W",96,GOOD,NORMAL,0,0,0,3.31,3.31,0.37
166107,SNS-1033,BTC-SEA-5033,SHP-2026-133,2026-08-25 17:18 UTC,2.32,93.6,"GPS: 48.0200 N, -122.7200 W",96,FAIR,NORMAL,0,0,0,2.32,2.32,0.37
166108,SNS-1033,BTC-SEA-5033,SHP-2026-133,2026-08-25 17:33 UTC,3.99,93.0,"GPS: 48.0300 N, -122.7300 W",96,GOOD,NORMAL,0,0,0,3.99,3.99,0.37
166109,SNS-1033,BTC-SEA-5033,SHP-2026-133,2026-08-25 17:48 UTC,2.25,85.5,"GPS: 48.0400 N, -122.7400 W",96,GOOD,NORMAL,0,0,0,2.25,2.25,0.37
166110,SNS-1033,BTC-SEA-5033,SHP-2026-133,2026-08-25 18:03 UTC,2.3,89.6,"GPS: 48.0500 N, -122.7500 W",96,GOOD,NORMAL,0,0,0,2.3,2.3,0.37
166111,SNS-1033,BTC-SEA-5033,SHP-2026-133,2026-08-25 18:18 UTC,3.89,95.8,"GPS: 48.0600 N, -122.7600 W",96,EXCELLENT,NORMAL,0,0,0,3.89,3.89,0.38
166112,SNS-1033,BTC-SEA-5033,SHP-2026-133,2026-08-25 18:33 UTC,5.25,86.6,"GPS: 48.0700 N, -122.7700 W",96,FAIR,NORMAL,0,0,0,5.25,5.25,0.42
166113,SNS-1033,BTC-SEA-5033,SHP-2026-133,2026-08-25 18:48 UTC,2.47,93.0,"GPS: 48.0800 N, -122.7800 W",96,FAIR,NORMAL,0,0,0,2.47,2.47,0.36
166114,SNS-1033,BTC-SEA-5033,SHP-2026-133,2026-08-25 19:03 UTC,3.9,94.1,"GPS: 48.0900 N, -122.7900 W",96,EXCELLENT,NORMAL,0,0,0,3.9,3.9,0.38
166115,SNS-1033,BTC-SEA-5033,SHP-2026-133,2026-08-25 19:18 UTC,4.87,93.2,"GPS: 48.1000 N, -122.8000 W",95,EXCELLENT,NORMAL,0,0,0,4.87,4.87,0.38
166116,SNS-1033,BTC-SEA-5033,SHP-2026-133,2026-08-25 19:33 UTC,4.04,88.4,"GPS: 48.1100 N, -122.8100 W",95,EXCELLENT,NORMAL,0,0,0,4.04,4.04,0.42
166117,SNS-1033,BTC-SEA-5033,SHP-2026-133,2026-08-25 19:48 UTC,5.74,88.7,"GPS: 48.1200 N, -122.8200 W",95,GOOD,NORMAL,0,0,0,5.74,5.74,0.41
166118,SNS-1033,BTC-SEA-5033,SHP-2026-133,2026-08-25 20:03 UTC,5.26,87.6,"GPS: 48.1300 N, -122.8300 W",95,GOOD,NORMAL,0,0,0,5.26,5.26,0.39
166119,SNS-1033,BTC-SEA-5033,SHP-2026-133,2026-08-25 20:18 UTC,5.07,88.3,"GPS: 48.1400 N, -122.8400 W",95,FAIR,NORMAL,0,0,0,5.07,5.07,0.42
166120,SNS-1033,BTC-SEA-5033,SHP-2026-133,2026-08-25 20:33 UTC,10.63,86.9,"GPS: 48.1500 N, -122.8500 W",95,GOOD,CRITICAL,0,0,0,10.63,10.63,0.5
166121,SNS-1033,BTC-SEA-5033,SHP-2026-133,2026-08-25 20:48 UTC,12.84,89.1,"GPS: 48.1600 N, -122.8600 W",95,EXCELLENT,CRITICAL,0,0,0,12.84,12.84,0.48
166122,SNS-1033,BTC-SEA-5033,SHP-2026-133,2026-08-25 21:03 UTC,10.16,94.5,"GPS: 48.1700 N, -122.8700 W",95,EXCELLENT,CRITICAL,0,0,0,10.16,10.16,0.44
166123,SNS-1033,BTC-SEA-5033,SHP-2026-133,2026-08-25 21:18 UTC,11.97,95.0,"GPS: 48.1800 N, -122.8800 W",95,GOOD,CRITICAL,0,0,0,11.97,11.97,0.45
166124,SNS-1033,BTC-SEA-5033,SHP-2026-133,2026-08-25 21:33 UTC,9.07,92.3,"GPS: 48.1900 N, -122.8900 W",95,GOOD,CRITICAL,0,0,0,9.07,9.07,0.43
166125,SNS-1033,BTC-SEA-5033,SHP-2026-133,2026-08-25 21:48 UTC,11.49,89.2,"GPS: 48.2000 N, -122.9000 W",94,FAIR,CRITICAL,0,0,0,11.49,11.49,0.46
166126,SNS-1033,BTC-SEA-5033,SHP-2026-133,2026-08-25 22:03 UTC,10.59,88.8,"GPS: 48.2100 N, -122.9100 W",94,GOOD,CRITICAL,0,0,0,10.59,10.59,0.47
166127,SNS-1033,BTC-SEA-5033,SHP-2026-133,2026-08-25 22:18 UTC,9.16,95.0,"GPS: 48.2200 N, -122.9200 W",94,EXCELLENT,CRITICAL,0,0,0,9.16,9.16,0.43
166128,SNS-1033,BTC-SEA-5033,SHP-2026-133,2026-08-25 22:33 UTC,12.45,87.5,"GPS: 48.2300 N, -122.9300 W",94,EXCELLENT,CRITICAL,0,0,0,12.45,12.45,0.47
166129,SNS-1033,BTC-SEA-5033,SHP-2026-133,2026-08-25 22:48 UTC,11.86,89.9,"GPS: 48.2400 N, -122.9400 W",94,FAIR,CRITICAL,0,0,0,11.86,11.86,0.45
166130,SNS-1033,BTC-SEA-5033,SHP-2026-133,2026-08-25 23:03 UTC,12.81,94.6,"GPS: 48.2500 N, -122.9500 W",94,GOOD,CRITICAL,0,0,0,12.81,12.81,0.46
166131,SNS-1033,BTC-SEA-5033,SHP-2026-133,2026-08-25 23:18 UTC,10.12,91.7,"GPS: 48.2600 N, -122.9600 W",94,GOOD,CRITICAL,0,0,0,10.12,10.12,0.44
166132,SNS-1033,BTC-SEA-5033,SHP-2026-133,2026-08-25 23:33 UTC,12.38,90.9,"GPS: 48.2700 N, -122.9700 W",94,EXCELLENT,CRITICAL,0,0,0,12.38,12.38,0.47
166133,SNS-1033,BTC-SEA-5033,SHP-2026-133,2026-08-25 23:48 UTC,11.79,91.6,"GPS: 48.2800 N, -122.9800 W",94,EXCELLENT,CRITICAL,0,0,0,11.79,11.79,0.52
166134,SNS-1033,BTC-SEA-5033,SHP-2026-133,2026-08-26 00:03 UTC,11.42,86.5,"GPS: 48.2900 N, -122.9900 W",94,FAIR,CRITICAL,0,0,0,11.42,11.42,0.46
166135,SNS-1033,BTC-SEA-5033,SHP-2026-133,2026-08-26 00:18 UTC,12.99,86.4,"GPS: 48.3000 N, -123.0000 W",93,EXCELLENT,CRITICAL,0,0,0,12.99,12.99,0.46
166136,SNS-1033,BTC-SEA-5033,SHP-2026-133,2026-08-26 00:33 UTC,12.57,87.3,"GPS: 48.3100 N, -123.0100 W",93,EXCELLENT,CRITICAL,0,0,0,12.57,12.57,0.47
166137,SNS-1033,BTC-SEA-5033,SHP-2026-133,2026-08-26 00:48 UTC,10.11,86.9,"GPS: 48.3200 N, -123.0200 W",93,EXCELLENT,CRITICAL,0,0,0,10.11,10.11,0.48
166138,SNS-1033,BTC-SEA-5033,SHP-2026-133,2026-08-26 01:03 UTC,11.02,90.1,"GPS: 48.3300 N, -123.0300 W",93,FAIR,CRITICAL,0,0,0,11.02,11.02,0.45
166139,SNS-1033,BTC-SEA-5033,SHP-2026-133,2026-08-26 01:18 UTC,12.94,92.5,"GPS: 48.3400 N, -123.0400 W",93,FAIR,CRITICAL,0,0,0,12.94,12.94,0.46
166140,SNS-1033,BTC-SEA-5033,SHP-2026-133,2026-08-26 01:33 UTC,11.01,88.1,"GPS: 48.3500 N, -123.0500 W",93,FAIR,CRITICAL,0,0,0,11.01,11.01,0.45
166141,SNS-1033,BTC-SEA-5033,SHP-2026-133,2026-08-26 01:48 UTC,9.94,87.0,"GPS: 48.3600 N, -123.0600 W",93,GOOD,CRITICAL,0,0,0,9.94,9.94,0.43
166142,SNS-1033,BTC-SEA-5033,SHP-2026-133,2026-08-26 02:03 UTC,10.75,87.4,"GPS: 48.3700 N, -123.0700 W",93,EXCELLENT,CRITICAL,0,0,0,10.75,10.75,0.45
166143,SNS-1033,BTC-SEA-5033,SHP-2026-133,2026-08-26 02:18 UTC,12.1,93.0,"GPS: 48.3800 N, -123.0800 W",93,FAIR,CRITICAL,0,0,0,12.1,12.1,0.46
166144,SNS-1033,BTC-SEA-5033,SHP-2026-133,2026-08-26 02:33 UTC,11.01,89.6,"GPS: 48.3900 N, -123.0900 W",93,FAIR,CRITICAL,0,0,0,11.01,11.01,0.48
166145,SNS-1033,BTC-SEA-5033,SHP-2026-133,2026-08-26 02:48 UTC,12.15,85.2,"GPS: 48.4000 N, -123.1000 W",92,FAIR,CRITICAL,0,0,0,12.15,12.15,0.46
166146,SNS-1033,BTC-SEA-5033,SHP-2026-133,2026-08-26 03:03 UTC,11.38,85.5,"GPS: 48.4100 N, -123.1100 W",92,FAIR,CRITICAL,0,0,0,11.38,11.38,0.48
166147,SNS-1033,BTC-SEA-5033,SHP-2026-133,2026-08-26 03:18 UTC,10.13,88.1,"GPS: 48.4200 N, -123.1200 W",92,GOOD,CRITICAL,0,0,0,10.13,10.13,0.48
166148,SNS-1033,BTC-SEA-5033,SHP-2026-133,2026-08-26 03:33 UTC,8.73,95.5,"GPS: 48.4300 N, -123.1300 W",92,GOOD,CRITICAL,0,0,0,8.73,8.73,0.47
166149,SNS-1033,BTC-SEA-5033,SHP-2026-133,2026-08-26 03:48 UTC,8.86,88.6,"GPS: 48.4400 N, -123.1400 W",92,GOOD,CRITICAL,0,0,0,8.86,8.86,0.41
166150,SNS-1033,BTC-SEA-5033,SHP-2026-133,2026-08-26 04:03 UTC,9.65,86.7,"GPS: 48.4500 N, -123.1500 W",92,GOOD,CRITICAL,0,0,0,9.65,9.65,0.46
166151,SNS-1033,BTC-SEA-5033,SHP-2026-133,2026-08-26 04:18 UTC,10.4,88.7,"GPS: 48.4600 N, -123.1600 W",92,GOOD,CRITICAL,0,0,0,10.4,10.4,0.44
166152,SNS-1033,BTC-SEA-5033,SHP-2026-133,2026-08-26 04:33 UTC,9.44,85.3,"GPS: 48.4700 N, -123.1700 W",92,EXCELLENT,CRITICAL,0,0,0,9.44,9.44,0.47
166153,SNS-1033,BTC-SEA-5033,SHP-2026-133,2026-08-26 04:48 UTC,12.68,91.8,"GPS: 48.4800 N, -123.1800 W",92,FAIR,CRITICAL,0,0,0,12.68,12.68,0.52
166154,SNS-1033,BTC-SEA-5033,SHP-2026-133,2026-08-26 05:03 UTC,5.27,90.5,"GPS: 48.4900 N, -123.1900 W",92,GOOD,NORMAL,0,0,0,5.27,5.27,0.45
166155,SNS-1033,BTC-SEA-5033,SHP-2026-133,2026-08-26 05:18 UTC,2.97,91.2,"GPS: 48.5000 N, -123.2000 W",91,EXCELLENT,NORMAL,0,0,0,2.97,2.97,0.4
166156,SNS-1033,BTC-SEA-5033,SHP-2026-133,2026-08-26 05:33 UTC,4.31,89.1,"GPS: 48.5100 N, -123.2100 W",91,FAIR,NORMAL,0,0,0,4.31,4.31,0.38
166157,SNS-1033,BTC-SEA-5033,SHP-2026-133,2026-08-26 05:48 UTC,5.08,86.9,"GPS: 48.5200 N, -123.2200 W",91,GOOD,NORMAL,0,0,0,5.08,5.08,0.39
166158,SNS-1033,BTC-SEA-5033,SHP-2026-133,2026-08-26 06:03 UTC,5.34,93.6,"GPS: 48.5300 N, -123.2300 W",91,GOOD,NORMAL,0,0,0,5.34,5.34,0.38
166159,SNS-1033,BTC-SEA-5033,SHP-2026-133,2026-08-26 06:18 UTC,2.74,90.8,"GPS: 48.5400 N, -123.2400 W",91,EXCELLENT,NORMAL,0,0,0,2.74,2.74,0.38
166160,SNS-1033,BTC-SEA-5033,SHP-2026-133,2026-08-26 06:33 UTC,2.66,90.5,"GPS: 48.5500 N, -123.2500 W",91,GOOD,NORMAL,0,0,0,2.66,2.66,0.38
166161,SNS-1033,BTC-SEA-5033,SHP-2026-133,2026-08-26 06:48 UTC,4.71,93.0,"GPS: 48.5600 N, -123.2600 W",91,FAIR,NORMAL,0,0,0,4.71,4.71,0.37
166162,SNS-1033,BTC-SEA-5033,SHP-2026-133,2026-08-26 07:03 UTC,4.97,93.0,"GPS: 48.5700 N, -123.2700 W",91,GOOD,NORMAL,0,0,0,4.97,4.97,0.39
166163,SNS-1033,BTC-SEA-5033,SHP-2026-133,2026-08-26 07:18 UTC,4.68,91.4,"GPS: 48.5800 N, -123.2800 W",91,FAIR,NORMAL,0,0,0,4.68,4.68,0.38
166164,SNS-1033,BTC-SEA-5033,SHP-2026-133,2026-08-26 07:33 UTC,3.94,93.5,"GPS: 48.5900 N, -123.2900 W",91,FAIR,NORMAL,0,0,0,3.94,3.94,0.38
166165,SNS-1033,BTC-SEA-5033,SHP-2026-133,2026-08-26 07:48 UTC,3.54,89.8,"GPS: 48.6000 N, -123.3000 W",90,EXCELLENT,NORMAL,0,0,0,3.54,3.54,0.42
166166,SNS-1033,BTC-SEA-5033,SHP-2026-133,2026-08-26 08:03 UTC,4.47,87.1,"GPS: 48.6100 N, -123.3100 W",90,FAIR,NORMAL,0,0,0,4.47,4.47,0.39
166167,SNS-1033,BTC-SEA-5033,SHP-2026-133,2026-08-26 08:18 UTC,4.31,94.5,"GPS: 48.6200 N, -123.3200 W",90,EXCELLENT,NORMAL,0,0,0,4.31,4.31,0.39
166168,SNS-1033,BTC-SEA-5033,SHP-2026-133,2026-08-26 08:33 UTC,3.19,85.1,"GPS: 48.6300 N, -123.3300 W",90,EXCELLENT,NORMAL,0,0,0,3.19,3.19,0.41
166169,SNS-1033,BTC-SEA-5033,SHP-2026-133,2026-08-26 08:48 UTC,4.13,91.7,"GPS: 48.6400 N, -123.3400 W",90,EXCELLENT,NORMAL,0,0,0,4.13,4.13,0.38
166170,SNS-1033,BTC-SEA-5033,SHP-2026-133,2026-08-26 09:03 UTC,5.14,90.4,"GPS: 48.6500 N, -123.3500 W",90,GOOD,NORMAL,0,0,0,5.14,5.14,0.41
166171,SNS-1033,BTC-SEA-5033,SHP-2026-133,2026-08-26 09:18 UTC,2.68,89.3,"GPS: 48.6600 N, -123.3600 W",90,FAIR,NORMAL,0,0,0,2.68,2.68,0.39
166172,SNS-1033,BTC-SEA-5033,SHP-2026-133,2026-08-26 09:33 UTC,3.66,87.8,"GPS: 48.6700 N, -123.3700 W",90,GOOD,NORMAL,0,0,0,3.66,3.66,0.42
166173,SNS-1033,BTC-SEA-5033,SHP-2026-133,2026-08-26 09:48 UTC,4.43,93.4,"GPS: 48.6800 N, -123.3800 W",90,FAIR,NORMAL,0,0,0,4.43,4.43,0.38
166174,SNS-1033,BTC-SEA-5033,SHP-2026-133,2026-08-26 10:03 UTC,5.77,95.9,"GPS: 48.6900 N, -123.3900 W",90,GOOD,NORMAL,0,0,0,5.77,5.77,0.41
166175,SNS-1033,BTC-SEA-5033,SHP-2026-133,2026-08-26 10:18 UTC,2.51,94.8,"GPS: 48.7000 N, -123.4000 W",89,FAIR,NORMAL,0,0,0,2.51,2.51,0.39
166176,SNS-1033,BTC-SEA-5033,SHP-2026-133,2026-08-26 10:33 UTC,4.24,94.7,"GPS: 48.7100 N, -123.4100 W",89,EXCELLENT,NORMAL,0,0,0,4.24,4.24,0.45
166177,SNS-1033,BTC-SEA-5033,SHP-2026-133,2026-08-26 10:48 UTC,5.14,94.2,"GPS: 48.7200 N, -123.4200 W",89,GOOD,NORMAL,0,0,0,5.14,5.14,0.4
166178,SNS-1033,BTC-SEA-5033,SHP-2026-133,2026-08-26 11:03 UTC,2.86,85.7,"GPS: 48.7300 N, -123.4300 W",89,EXCELLENT,NORMAL,0,0,0,2.86,2.86,0.38
166179,SNS-1033,BTC-SEA-5033,SHP-2026-133,2026-08-26 11:18 UTC,5.0,92.1,"GPS: 48.7400 N, -123.4400 W",89,GOOD,NORMAL,0,0,0,5.0,5.0,0.4
166180,SNS-1033,BTC-SEA-5033,SHP-2026-133,2026-08-26 11:33 UTC,4.14,85.5,"GPS: 48.7500 N, -123.4500 W",89,FAIR,NORMAL,0,0,0,4.14,4.14,0.43
166181,SNS-1033,BTC-SEA-5033,SHP-2026-133,2026-08-26 11:48 UTC,5.32,95.6,"GPS: 48.7600 N, -123.4600 W",89,EXCELLENT,NORMAL,0,0,0,5.32,5.32,0.4
166182,SNS-1033,BTC-SEA-5033,SHP-2026-133,2026-08-26 12:03 UTC,3.12,87.2,"GPS: 48.7700 N, -123.4700 W",89,FAIR,NORMAL,0,0,0,3.12,3.12,0.38
166183,SNS-1033,BTC-SEA-5033,SHP-2026-133,2026-08-26 12:18 UTC,5.3,90.5,"GPS: 48.7800 N, -123.4800 W",89,GOOD,NORMAL,0,0,0,5.3,5.3,0.4
166184,SNS-1033,BTC-SEA-5033,SHP-2026-133,2026-08-26 12:33 UTC,5.74,90.7,"GPS: 48.7900 N, -123.4900 W",89,EXCELLENT,NORMAL,0,0,0,5.74,5.74,0.42
166185,SNS-1033,BTC-SEA-5033,SHP-2026-133,2026-08-26 12:48 UTC,2.81,85.8,"GPS: 48.8000 N, -123.5000 W",88,EXCELLENT,NORMAL,0,0,0,2.81,2.81,0.41
166186,SNS-1033,BTC-SEA-5033,SHP-2026-133,2026-08-26 13:03 UTC,2.89,92.1,"GPS: 48.8100 N, -123.5100 W",88,GOOD,NORMAL,0,0,0,2.89,2.89,0.39
166187,SNS-1033,BTC-SEA-5033,SHP-2026-133,2026-08-26 13:18 UTC,2.36,94.9,"GPS: 48.8200 N, -123.5200 W",88,EXCELLENT,NORMAL,0,0,0,2.36,2.36,0.4
166188,SNS-1033,BTC-SEA-5033,SHP-2026-133,2026-08-26 13:33 UTC,3.21,88.2,"GPS: 48.8300 N, -123.5300 W",88,GOOD,NORMAL,0,0,0,3.21,3.21,0.44
166189,SNS-1033,BTC-SEA-5033,SHP-2026-133,2026-08-26 13:48 UTC,2.96,95.9,"GPS: 48.8400 N, -123.5400 W",88,EXCELLENT,NORMAL,0,0,0,2.96,2.96,0.4
166190,SNS-1033,BTC-SEA-5033,SHP-2026-133,2026-08-26 14:03 UTC,2.82,91.7,"GPS: 48.8500 N, -123.5500 W",88,GOOD,NORMAL,0,0,0,2.82,2.82,0.44
166191,SNS-1033,BTC-SEA-5033,SHP-2026-133,2026-08-26 14:18 UTC,3.95,92.4,"GPS: 48.8600 N, -123.5600 W",88,GOOD,NORMAL,0,0,0,3.95,3.95,0.47
166192,SNS-1033,BTC-SEA-5033,SHP-2026-133,2026-08-26 14:33 UTC,2.38,86.6,"GPS: 48.8700 N, -123.5700 W",88,GOOD,NORMAL,0,0,0,2.38,2.38,0.41
166193,SNS-1033,BTC-SEA-5033,SHP-2026-133,2026-08-26 14:48 UTC,5.08,94.8,"GPS: 48.8800 N, -123.5800 W",88,FAIR,NORMAL,0,0,0,5.08,5.08,0.48
166194,SNS-1033,BTC-SEA-5033,SHP-2026-133,2026-08-26 15:03 UTC,4.84,93.8,"GPS: 48.8900 N, -123.5900 W",88,EXCELLENT,NORMAL,0,0,0,4.84,4.84,0.41
166195,SNS-1033,BTC-SEA-5033,SHP-2026-133,2026-08-26 15:18 UTC,5.71,87.6,"GPS: 48.9000 N, -123.6000 W",87,EXCELLENT,NORMAL,0,0,0,5.71,5.71,0.47
166196,SNS-1033,BTC-SEA-5033,SHP-2026-133,2026-08-26 15:33 UTC,3.03,91.8,"GPS: 48.9100 N, -123.6100 W",87,EXCELLENT,NORMAL,0,0,0,3.03,3.03,0.43
166197,SNS-1033,BTC-SEA-5033,SHP-2026-133,2026-08-26 15:48 UTC,4.79,94.5,"GPS: 48.9200 N, -123.6200 W",87,FAIR,NORMAL,0,0,0,4.79,4.79,0.5
166198,SNS-1033,BTC-SEA-5033,SHP-2026-133,2026-08-26 16:03 UTC,3.7,89.8,"GPS: 48.9300 N, -123.6300 W",87,EXCELLENT,NORMAL,0,0,0,3.7,3.7,0.44
166199,SNS-1033,BTC-SEA-5033,SHP-2026-133,2026-08-26 16:18 UTC,2.99,90.0,"GPS: 48.9400 N, -123.6400 W",87,EXCELLENT,NORMAL,0,0,0,2.99,2.99,0.43
166200,SNS-1033,BTC-SEA-5033,SHP-2026-133,2026-08-26 16:33 UTC,3.09,94.9,"GPS: 48.9500 N, -123.6500 W",87,GOOD,NORMAL,0,0,0,3.09,3.09,0.44
166201,SNS-1001,BTC-SEA-5001,SHP-2026-101,2026-08-29 13:24:22,-19.4,85.0,Portland Marine Terminal (OR),95,STRONG,NORMAL,0,0,0,-19.4,-19.4,0.7
166202,SNS-1001,BTC-SEA-5001,SHP-2026-101,2026-08-29 13:56:49,-19.4,85.0,Portland Marine Terminal (OR),95,STRONG,NORMAL,0,0,0,-19.4,-19.4,0.7
166203,SNS-1001,BTC-SEA-5001,SHP-2026-101,2026-08-29 13:59:55,-19.4,85.0,Portland Marine Terminal (OR),95,STRONG,NORMAL,0,0,0,-19.4,-19.4,0.7
166204,SNS-1001,BTC-SEA-5001,SHP-2026-101,2026-08-29 14:00:03,-19.4,85.0,Portland Marine Terminal (OR),95,STRONG,NORMAL,0,0,0,-19.4,-19.4,0.7
166205,SNS-1001,BTC-SEA-5001,SHP-2026-101,2026-08-29 14:18:41,-19.4,85.0,Portland Marine Terminal (OR),95,STRONG,NORMAL,0,0,0,-19.4,-19.4,0.7
166206,SNS-DEMO-999,BTC-DEMO-999,SHP-DEMO-2026-999,2026-08-30 06:45:37,1.5,85.0,Portland Marine Cold Terminal,95,STRONG,NORMAL,0,0,0,1.5,1.5,0.1
166207,SNS-DEMO-999,BTC-DEMO-999,SHP-DEMO-2026-999,2026-08-30 06:46:26,1.5,85.0,Portland Marine Cold Terminal,95,STRONG,NORMAL,0,0,0,1.5,1.5,0.1
166208,SNS-DEMO-999,BTC-DEMO-999,SHP-DEMO-2026-999,2026-08-30 06:50:40,1.5,85.0,Portland Marine Cold Terminal,95,STRONG,NORMAL,0,0,0,1.5,1.5,0.1
166209,SNS-DEMO-999,BTC-DEMO-999,SHP-DEMO-2026-999,2026-08-30 06:58:33,1.5,85.0,Portland Marine Cold Terminal,95,STRONG,NORMAL,0,0,0,1.5,1.5,0.1
